
######## BOARD qa (delay 0.25) ########
[init] 게시판=qa(질의응답)  DB=C:\todo_manual_dashboard\law_dashboard_work\data\olta_qa.db
[init] 이미 받은 글=37,674건
[resume] 프런티어 페이지 1252부터 시작(상단 37,674건 재방문 생략)
[init] 게시판 총 51,609건 / 약 1,721페이지
[page 1252 완료] 누적 신규 0건  (이 게시판 저장 총 37,674건)
[page 1253 완료] 누적 신규 0건  (이 게시판 저장 총 37,674건)
[page 1254 완료] 누적 신규 0건  (이 게시판 저장 총 37,674건)
[page 1255 완료] 누적 신규 0건  (이 게시판 저장 총 37,674건)
[page 1256 완료] 누적 신규 0건  (이 게시판 저장 총 37,674건)
[page 1257 완료] 누적 신규 0건  (이 게시판 저장 총 37,674건)
[page 1258 완료] 누적 신규 0건  (이 게시판 저장 총 37,674건)
[page 1259 완료] 누적 신규 0건  (이 게시판 저장 총 37,674건)
[page 1260 완료] 누적 신규 0건  (이 게시판 저장 총 37,674건)
  + [1] ntt=26590 (13799) [취득세] 법인이 주택 취득시 / 답변3
  + [2] ntt=26588 (13798) [지방세징수법] 피상속인 체납으로 인한 상속인 압류 방법 문의 / 답변3
  + [3] ntt=26587 (13797) [취득세] 직계존비속간 거래 대물변제 / 답변1
  + [4] ntt=26586 (13796) [취득세] 사망 당일 차량 소유권이전 및 자진말소 폐차... / 답변1
  + [5] ntt=26585 (13795) [지방세기본법] 저장조 관련 취득세 / 답변1
  + [6] ntt=26584 (13794) [취득세] 존치기간 1년 이상 가설건축물에 따른 지목변경 적법 여부. / 답변3
  + [7] ntt=26583 (13793) [취득세] 농협에서 자치단체에 무상 임대 준 건물를 자치단체가 증축. / 답변0
  + [8] ntt=26579 (13792) [지방세기본법] 증축시 옹벽 및 휀스설치 취득세 과표산입 여부 / 답변1
  + [9] ntt=26578 (13791) [지방세징수법] 채권(예금)압류 가능 여부 / 답변5
  + [10] ntt=26575 (13790) [재산세] 채비지(보류지)의 채비지대장 등재방식에 의한 신탁 및 수. / 답변0
  + [11] ntt=26574 (13789) [등록면허세] 등록면허세(면허) 신고분 납기 관련 문의 / 답변1
  + [12] ntt=26572 (13788) [취득세] 구조변경건 문의 드립니다 / 답변0
  + [13] ntt=26571 (13787) [주민세] 법인균등분 부과대상 여부(사업소 개념) / 답변1
  + [14] ntt=26568 (13786) [취득세] 잔금미지급을 이유로 취득세 환급 신청 사례 문의드립니다.. / 답변1
  + [15] ntt=26566 (13785) [세외수입] 자동차공매 / 답변3
  + [16] ntt=26565 (13784) [취득세] 장애인의 차량 취득세 감면 질문입니다. / 답변2
  + [17] ntt=26564 (13783) [취득세] 사고차 법인장부가 인정시 필요서류 어떻게 확인하시나요? / 답변3
  + [18] ntt=26560 (13782) [재산세] 사망자 과오납금 환급 여부 문의드립니다. / 답변2
  + [19] ntt=26559 (13781) [취득세] 한 필지위에 주택건물이 두 개 있을 때, 주택부속토지만 . / 답변3
  + [20] ntt=26557 (13780) [지방세징수법] 세외수입 체납자 예금잔액조회 회신 여부 / 답변8
[page 1261 완료] 누적 신규 20건  (이 게시판 저장 총 37,694건)
  + [21] ntt=26556 (13779) [재산세] 임대주택 감면 재산세 추징관련 의견을 알려주세요 / 답변2
  + [22] ntt=26552 (13778) [지방소득세] 국적 상실자 양도소득세 납부지 / 답변3
  + [23] ntt=26551 (13777) [지방세징수법] 티머니 참고자료 및 연락처 / 답변0
  + [24] ntt=26550 (13776) [지방세징수법] 공매대행 의뢰 시 사망자 정보 제공 가능여부 / 답변1
  + [25] ntt=26547 (13775) [취득세] 상속1가구1주택 공동상속 / 답변4
  + [26] ntt=26546 (13774) [취득세] 차량구조변경 관련 문의 / 답변1
  + [27] ntt=26545 (13773) [취득세] 농업회사법인이 취득한 임야에 대한 취득세 / 답변1
  + [28] ntt=26544 (13772) [취득세] 장애인 차량 취득세 감면 추징(제작자에게 반품) / 답변2
  + [29] ntt=26534 (13771) [취득세] 생애최초 주택 구입 감면 상속 받은 주택 관련해서 질문있. / 답변4
  + [30] ntt=26533 (13770) [세외수입] 다른 행정청에서 실시한 청문절차가 의견제출절차를 대신할 . / 답변2
  + [31] ntt=26532 (13769) [지방세징수법] 체납처분면탈죄에 대하여 문의드립니다. / 답변4
  + [32] ntt=26531 (13768) [기타] 환급안내문 내용 필수 기재사항 중~~ / 답변2
  + [33] ntt=26530 (13767) [취득세] 분양권 취득 후 주택 취득 관련 질문입니다. / 답변1
  + [34] ntt=26529 (13766) [재산세] 시가표준액 계산 시 건물 신축가격기준액 문의입니다. / 답변2
  + [35] ntt=26527 (13765) [취득세] 지입(현물출자) 차량 취득세 납부시기 질문드립니다. / 답변6
  + [36] ntt=26526 (13764) [지방세징수법] 급여압류 관련하여 번호, 주소지가 모두 애매한 경우 / 답변3
  + [37] ntt=26525 (13763) [기타] 경매배당금 수납 전 납세자의 납부 / 답변2
  + [38] ntt=26522 (13762) [취득세] 주택세율 중과규정 - 가족의 범위 문의드립니다. / 답변1
  + [39] ntt=26521 (13761) [취득세] 법인 기숙사용도로 주택취득시 / 답변1
  + [40] ntt=26520 (13760) [취득세] 7월 10일 이전 계약한 증빙자료로 제출한 금액이 계약금. / 답변1
  + [41] ntt=26519 (13759) [취득세] 협의가 안 된 상속 취득세 질문입니다. / 답변3
  + [42] ntt=26518 (13758) [지방세징수법] 채권 압류 효력발생 시기 / 답변4
  + [43] ntt=26517 (13757) [세외수입] 질서위반행위규제법 적용과 관련한 상속인에 대해 체납처분의. / 답변1
  + [44] ntt=26516 (13756) [지방세징수법] 주민등록상 주소에 실제 거주하지 않은 납세자 관련 질문 / 답변3
  + [45] ntt=26514 (13755) [지방세징수법] 제2차납세의무자 지정의 적법 여부 / 답변2
  + [46] ntt=26512 (13754) [취득세] 감정평가법인 평가금액 사용 여부 / 답변6
  + [47] ntt=26510 (13753) [등록면허세] 대위 등기자에게 환급 가능? / 답변3
  + [48] ntt=26508 (13752) [취득세] 전기차 충전소 영업자에 대하여 대도시법인 중과대상 제외업. / 답변0
  + [49] ntt=26506 (13751) [재산세] 도시개발사업에 제공하는 토지 / 답변0
  + [50] ntt=26505 (13750) [등록면허세] 건축신고에 대한 면허세 질문입니다. / 답변2
[page 1262 완료] 누적 신규 50건  (이 게시판 저장 총 37,724건)
  + [51] ntt=26504 (13749) [재산세] 국토관리사무소의 재산세 과세대장 발급요청 관련해서 문의 . / 답변1
  + [52] ntt=26503 (13748) [등록면허세] 등록면허세 도로점용허가 및 공사시공자 변경요 / 답변0
  + [53] ntt=26502 (13747) [취득세] 자경농민 취득세 감면 후 합유 / 답변3
  + [54] ntt=26501 (13746) [등록면허세] 등록면허세 계절영업관련이요 / 답변0
  + [55] ntt=26500 (13745) [취득세] 1세대 4주택 시 주택수 포함여부 / 답변1
  + [56] ntt=26499 (13744) [취득세] 14년이 지난 미등기 매매계약서로 취득세 납부가 가능한가. / 답변1
  + [57] ntt=26497 (13743) [취득세] 차량 장애인감면 소유권이전 추징여부... / 답변4
  + [58] ntt=26495 (13742) [지방세징수법] 가압류권자 배당금을 압류 후 추심 방법? / 답변2
  + [59] ntt=26494 (13741) [지방세징수법] E-호조 체납채주압류는 어떻게 쓰나요? / 답변1
  + [60] ntt=26493 (13740) [취득세] 국가유공자 자동차 취득세 감면 문의 / 답변8
  + [61] ntt=26491 (13739) [기타] 납세자 휴대폰번호 / 답변5
  + [62] ntt=26490 (13738) [취득세] 지하수 개발, 이용의 신고 취득세 질문입니다 / 답변3
  + [63] ntt=26489 (13737) [재산세] 유흥주점 중과문의 / 답변1
  + [64] ntt=26488 (13736) [주민세] 태양광발전소 주민세(개인균등), 주민세 대장정비방법 질의 / 답변3
  + [65] ntt=26487 (13735) [재산세] 토지대장상 면적이 지적재조사 재측량  등 사유로 변경된 . / 답변1
  + [66] ntt=26486 (13734) [주민세] 주민세 재산분 주차장 관련질문드립니다. / 답변2
  + [67] ntt=26485 (13733) [취득세] 개인이 지목변경 했을때 과표산정 문의 / 답변3
  + [68] ntt=26484 (13732) [등록면허세] 차량 관련 법인 주소변경시 등록면허세 문의 / 답변4
  + [69] ntt=26483 (13731) [취득세] 침수차 지분이전 유권해석입니다. (지분이전에 대한 취득세. / 답변4
  + [70] ntt=26482 (13730) [취득세] 생애 최초 신혼부부 감면후 해당 주택이 분양권으로 전환된. / 답변1
  + [71] ntt=26481 (13729) [주민세] 우리사주조합  또는 사내근로복지기금 등의 주민세(법인균등. / 답변0
  + [72] ntt=26478 (13728) [취득세] 개인이 지목변경 했을때 과표산정 문의 / 답변2
  + [73] ntt=26477 (13727) [지방세징수법] 지방세범칙사건에 대해여 문의드립니다. / 답변3
  + [74] ntt=26476 (13726) [취득세] 지목변경 과표 문의 / 답변1
  + [75] ntt=26475 (13725) [지방세징수법] 경·공매 배당순위에서 순환배분(안분흡수배당) 관련 문의드. / 답변5
  + [76] ntt=26474 (13724) [취득세] 차량 시가표준액 조회하는 싸이트 아시나요? / 답변3
    [retry 1/3] ReadTimeout
  + [77] ntt=26470 (13723) [취득세] 장애인 감면 차량 감면 문의 / 답변9
  + [78] ntt=26468 (13722) [주민세] 체류기간이 만료된 외국인에게 주민세 개인균등분을 부과해야. / 답변0
  + [79] ntt=26465 (13721) [취득세] 침수로 인해 차량 대체취득시 기존 차량 가액 질의 / 답변8
  + [80] ntt=26462 (13720) [취득세] 부과취소 및 환급 문의 / 답변2
[page 1263 완료] 누적 신규 80건  (이 게시판 저장 총 37,754건)
  + [81] ntt=26461 (13719) [등록면허세] 위험물취급소 / 답변0
  + [82] ntt=26460 (13718) [지방소득세] 지방소득세 환급가산금 / 답변1
  + [83] ntt=26459 (13717) [주민세] 법인균등분 / 답변0
  + [84] ntt=26457 (13716) [취득세] 사망자에 대한 추징사항일 경우 부과징수 문의 / 답변0
  + [85] ntt=26456 (13715) [재산세] 신탁 해지 미등기 토지 납세의무자 / 답변0
  + [86] ntt=26455 (13714) [취득세] 생애최초 주택 구입시 취득세 감면 질문입니다. / 답변2
  + [87] ntt=26453 (13713) [취득세] 선박 승계취득시 납세지 / 답변0
  + [88] ntt=26452 (13712) [기타] 전자고지 신청 / 답변2
  + [89] ntt=26451 (13711) [등록면허세] 법인 상호변경 차량등록세 문의 / 답변5
  + [90] ntt=26450 (13710) [취득세] 과점주주 간주취득에 대한 취득세 질문입니다. / 답변2
  + [91] ntt=26449 (13709) [재산세] 별장 중과 관련 문의드립니다. / 답변1
  + [92] ntt=26448 (13708) [취득세] 생애최초 주택구입 감면시 다가구주택 / 답변1
  + [93] ntt=26446 (13707) [재산세] 단기임대사업자 재산세 추징 / 답변0
  + [94] ntt=26445 (13706) [기타] 자동이체 / 답변1
  + [95] ntt=26444 (13705) [등록면허세] 혹시 하나은행 등록면허세 경정청구 받으신 시군 있으실까요. / 답변8
  + [96] ntt=26443 (13704) [주민세] 주민세(법인균등) 관련 문의드립니다. / 답변1
  + [97] ntt=26442 (13703) [취득세] 장애인 차량 대체취득 / 답변5
  + [98] ntt=26441 (13702) [취득세] 과점주주의 관련 부과 문의 / 답변4
  + [99] ntt=26439 (13701) [주민세] 주민세 법인균등분 과세요건 상의 문의 / 답변1
  + [100] ntt=26438 (13700) [재산세] 산업단지 감면 문의입니다. / 답변0
  + [101] ntt=26437 (13699) [지방세징수법] 채권 압류의 대상 추출 시(특히 예금이나 급여압류시) / 답변2
  + [102] ntt=26436 (13698) [지방세징수법] 공매  배분대금 배분 / 답변3
  + [103] ntt=26435 (13697) [취득세] 차량침수 감면 문의 드립니다. / 답변2
  + [104] ntt=26434 (13696) [취득세] 공시된 주택가격이 1억원 이하인 주택취득 문의 / 답변2
  + [105] ntt=26433 (13695) [취득세] 과점주주 주식취득에 대한 취득세 질문입니다. / 답변3
  + [106] ntt=26432 (13694) [지방세징수법] 회생절차중 체납처분 취소결정시 압류해제 여부 / 답변1
  + [107] ntt=26431 (13693) [취득세] 부담부증여시 과세표준 문의 / 답변2
  + [108] ntt=26430 (13692) [재산세] 합유를 공유로 변경시 분리과세 적용 / 답변0
  + [109] ntt=26428 (13691) [등록면허세] 건설기계 용도변경에 따른 번호변경 / 답변2
  + [110] ntt=26426 (13690) [지방소득세] 지방소득세 분할납부 / 답변2
[page 1264 완료] 누적 신규 110건  (이 게시판 저장 총 37,784건)
    [retry 1/3] ReadTimeout
    [hard-timeout 2/3] 15s 초과 -> 재시도(스레드 포기)
  + [111] ntt=26425 (13689) [취득세] 상속으로 단독이전한 주택이 있어도 생애최초 감면 적용이 . / 답변1
  + [112] ntt=26424 (13688) [취득세] 상속 수시분 부과후 취득세 신고시 수시분 환급 / 답변0
  + [113] ntt=26423 (13687) [등록면허세] 도로점용 면허세 관련 문의 드립니다. / 답변0
  + [114] ntt=26421 (13686) [주민세] 법인균등 주민세 관련 질의드립니다... / 답변2
  + [115] ntt=26420 (13685) [기타] 고지서의 형태를 임의로 수정해도 되나요??? / 답변3
  + [116] ntt=26419 (13684) [취득세] 생애최초, 신혼부부생애최초 감면관련(매매:직계존비속 거래. / 답변2
  + [117] ntt=26417 (13683) [취득세] 농업회사법인은 자경농민처럼 인근지역 그런 요건 없나요? / 답변2
  + [118] ntt=26413 (13682) [취득세] 장애인 차량 취득세 1년이내 세대분리 / 답변6
  + [119] ntt=26409 (13681) [취득세] 임대주택사업자간 임대주택 매매전후 임대사업자 등록말소하였. / 답변1
  + [120] ntt=26407 (13680) [지방세징수법] 선순위 근저당권이 설정된 부동산에 대한 압류의 해제 여부. / 답변4
  + [121] ntt=26406 (13679) [취득세] 감면차량 대체취득 후 재취득 어떻게 안내하고 계신가요? / 답변8
  + [122] ntt=26405 (13678) [취득세] 자경농민 감면 관련 감 건조장이 농산물 선별처리시설에 해. / 답변0
  + [123] ntt=26403 (13677) [재산세] 종교단체 토지분 재산세 합산배제 신청 문의 입니다. / 답변0
  + [124] ntt=26402 (13676) [등록면허세] 창업보육센터  등록세 중과배제 / 답변0
  + [125] ntt=26400 (13675) [취득세] 과점주주의 취득세에 대해 질문있습니다. / 답변1
  + [126] ntt=26399 (13674) [취득세] 감정평가액으로 취득가액 신고시 첨부 서류 / 답변2
  + [127] ntt=26397 (13673) [지방세징수법] “압류당시에 그 원인이 확정되어 있고 그 발생이 확실하다. / 답변2
  + [128] ntt=26395 (13672) [취득세] 과밀억제권역 내의 법인의 취득세 문의 / 답변2
  + [129] ntt=26394 (13671) [지방세징수법] 지방세범칙사건 문의2) 범칙사건조사 공무원에 관하여 문의. / 답변4
  + [130] ntt=26393 (13670) [기타] 위수탁 지입차 세금계산서 명의 문의 / 답변0
  + [131] ntt=26391 (13669) [지방세징수법] 지방세범칙사건 공무원에 대하여 문의드립니다. / 답변2
  + [132] ntt=26390 (13668) [취득세] 지식산업센터 분양입주자 감면 후 사망 / 답변1
  + [133] ntt=26389 (13667) [자동차세] 자동차세에서 공동명의자 중 1명이 사망하였을 때 상속인 . / 답변4
  + [134] ntt=26388 (13666) [재산세] 납세의무자 변경 / 답변1
  + [135] ntt=26387 (13665) [취득세] 취득세를 누구에게 부과하는게 맞을까요? / 답변7
  + [136] ntt=26386 (13664) [세외수입] 과태료 체납 자동차 번호판 영치 / 답변4
  + [137] ntt=26383 (13663) [지방소득세] 법인 외국납부세액 관련 법인지방소득세 환급 요약 부탁드립. / 답변1
  + [138] ntt=26381 (13662) [주민세] 주민세 개인사업장분 관련 / 답변2
  + [139] ntt=26377 (13661) [기타] 원단위 절하 시 남은 금액 / 답변2
  + [140] ntt=26376 (13660) [취득세] 과점주주 특수관계인 해당여부 / 답변1
[page 1265 완료] 누적 신규 140건  (이 게시판 저장 총 37,814건)
  + [141] ntt=26375 (13659) [취득세] 취득세 신고접수 팩스로도 가능한가요?? / 답변9
  + [142] ntt=26374 (13658) [지방세징수법] 채권 압류 후 추심지급청구를 유보할 수 있는지 / 답변0
  + [143] ntt=26371 (13657) [취득세] 침수차량 대체취득에 의한 감면 문의요~~ / 답변4
  + [144] ntt=26368 (13656) [재산세] 지방세프로그램에서 공유면적과 공용면적의 차이가 뭘까요? / 답변1
  + [145] ntt=26367 (13655) [지방세징수법] 회생 채권 신고시 신탁한 부동산의 재산세 체납을 포함하여. / 답변1
  + [146] ntt=26366 (13654) [취득세] 비조정지역 주상복합 교환 세율 문의 / 답변1
  + [147] ntt=26364 (13653) [취득세] 사용승인 전 등기되어 등기소 통지온 경우 등록면허세(등록. / 답변3
  + [148] ntt=26362 (13652) [취득세] 주택을 펜션으로 사용시 취득세 부과기준 문의 / 답변1
  + [149] ntt=26360 (13651) [취득세] 개인과 법인간 부동산거래 계약을 해제한 경우 공정증서를 . / 답변4
  + [150] ntt=26358 (13650) [자동차세] 국가유공자 차량관련 질의 / 답변3
  + [151] ntt=26357 (13649) [재산세] 철탑 및 선로가 지나가는 지역 재산세 감면 문의 / 답변1
    [retry 1/3] ReadTimeout
    [retry 2/3] ConnectTimeout
  + [152] ntt=26354 (13648) [재산세] 화물자동차 운송사업의 차고용 토지(별도합산) / 답변0
  + [153] ntt=26352 (13647) [취득세] 생애 최초 무허가 주택 소유 문의 드립니다 / 답변0
  + [154] ntt=26349 (13646) [취득세] 생애최초 감면(외국인이 취득) / 답변1
  + [155] ntt=26348 (13645) [취득세] 침수차량 경매로 취득시 과표적용 / 답변4
  + [156] ntt=26347 (13644) [취득세] 대수선 납세의무 / 답변1
  + [157] ntt=26346 (13643) [지방소득세] 지방소득세 과오납 / 답변1
  + [158] ntt=26345 (13642) [취득세] 부동산 관련 시행령이나 시행규칙들이 / 답변1
  + [159] ntt=26341 (13641) [재산세] 경매낙찰된 후에 등기되기 전 재산세 부과 문의 / 답변2
  + [160] ntt=26338 (13640) [취득세] 신축 아파트 분양권 잔금 10%내외 남기고 전매하는 경우 / 답변1
  + [161] ntt=26334 (13639) [취득세] 이륜차 년식 적용 찾았습니다... / 답변11
  + [162] ntt=26326 (13638) [주민세] 주민세 개인균등문 30세미만 / 답변4
  + [163] ntt=26318 (13637) [주민세] 전자고지 신청자 처리 / 답변3
  + [164] ntt=26317 (13636) [등록면허세] 어선임차 면허세 / 답변1
  + [165] ntt=26316 (13635) [주민세] 개정되는 개인사업자,법인균등, 재산할 주민세에 대하여 의. / 답변1
  + [166] ntt=26315 (13634) [자동차세] 자동차세 수시부과 관련입니다. / 답변2
  + [167] ntt=26313 (13633) [지방소득세] 지방소득세 신고제도에 대하여 문의드립니다. / 답변4
  + [168] ntt=26312 (13632) [기타] 지방세 범칙사건에 관하여 문의드립니다... / 답변3
  + [169] ntt=26309 (13631) [취득세] 과세관청 부과 착오 시에도 5년이 지나면 경정청구가 안되. / 답변3
  + [170] ntt=26307 (13630) [취득세] 생애최초 취득세 감면시 지분 취득시 문의 / 답변5
[page 1266 완료] 누적 신규 170건  (이 게시판 저장 총 37,844건)
  + [171] ntt=26306 (13629) [취득세] 취득세(주택가격포함) 부과 방법 질문합니다 / 답변2
    [retry 1/3] ReadTimeout
    [retry 2/3] ConnectTimeout
  + [172] ntt=26305 (13628) [취득세] 이혼이 부득이한 사유 해당여부(다자녀 감면차량) / 답변3
  + [173] ntt=26304 (13627) [취득세] 국가유공자(또는 장애인)이 전기차를 구입해서 국가유공자(. / 답변7
  + [174] ntt=26303 (13626) [취득세] 이륜차 년식 구분... / 답변3
  + [175] ntt=26302 (13625) [재산세] 공매 낙찰 이후 소유권 이전 관련 재산세 문의드립니다. / 답변1
  + [176] ntt=26301 (13624) [재산세] 유흥주점 중과여부 / 답변1
  + [177] ntt=26300 (13623) [재산세] 공매 낙찰 이후 소유권 이전 관련 재산세 문의드립니다. / 답변0
  + [178] ntt=26294 (13622) [등록면허세] 주민합의체 자율주택정비사업 사업시행계획인가 건축허가 면허. / 답변0
  + [179] ntt=26293 (13621) [취득세] 장애인 차량 감면취득후 장애 등급 변경시 / 답변4
  + [180] ntt=26291 (13620) [재산세] 재산세 도시지역분 시군구별 현황을 알고 싶어 질문드립니다. / 답변0
  + [181] ntt=26289 (13619) [지방세징수법] '코로나19'로 인한 (납부기한 연장, 징수유예 등) 지. / 답변3
  + [182] ntt=26285 (13618) [취득세] 종교목적으로 사용하고 있는지 여부 / 답변2
  + [183] ntt=26284 (13617) [취득세] 취득세 관련 1세대의 기준 요건 문의 드립니다. / 답변3
  + [184] ntt=26280 (13616) [취득세] 다자녀 차량 감면 문의합니다. / 답변1
  + [185] ntt=26279 (13615) [등록면허세] 공매낙찰로 인한 말소 면허세 질문입니다. / 답변1
  + [186] ntt=26278 (13614) [취득세] 지방세법시행령 제28조의2 규정 해석 / 답변1
  + [187] ntt=26277 (13613) [취득세] 불법건축물 대수선 과세면적 / 답변0
  + [188] ntt=26275 (13612) [재산세] 산업단지 토지 위탁자,수탁자 / 답변0
  + [189] ntt=26274 (13611) [취득세] 차량 구조변경 취득세 문의드립니다. / 답변1
  + [190] ntt=26271 (13610) [취득세] 생애최초 주택구입 시, 취득세 감면 여부 문의드립니다. / 답변2
  + [191] ntt=26270 (13609) [재산세] 고지유예 후 징수유예 가능여부 / 답변2
  + [192] ntt=26269 (13608) [등록면허세] 창업중소기업에 대한 등록면허세 감면 / 답변0
  + [193] ntt=26268 (13607) [등록면허세] 통신판매업 간이과세자 문의 / 답변3
  + [194] ntt=26264 (13606) [취득세] 임대사업자 관련 추징 문의 드립니다 / 답변2
  + [195] ntt=26261 (13605) [취득세] 법인의 부동산 유상취득시 계정원장 반드시 받으시나요?? / 답변4
  + [196] ntt=26260 (13604) [등록면허세] 개발행위 및 농지전용 / 답변0
  + [197] ntt=26259 (13603) [주민세] 균등분 사회복지시설 해당여부 / 답변1
  + [198] ntt=26256 (13602) [등록면허세] 법인 설립시 등록면허세 납세의무자 / 답변1
  + [199] ntt=26255 (13601) [취득세] 농어촌주택 판단시.. / 답변2
  + [200] ntt=26252 (13600) [취득세] 과점주주 특수관계자 해당여부 / 답변1
[page 1267 완료] 누적 신규 200건  (이 게시판 저장 총 37,874건)
  + [201] ntt=26251 (13599) [취득세] 생애최초 주택구입 취득세 감면에 대한 문의사항입니다. / 답변3
  + [202] ntt=26250 (13598) [취득세] 개정된 지방세법 취득세 30세미만 소득증빙 관련 / 답변2
  + [203] ntt=26248 (13597) [취득세] 대위등기 환급 / 답변1
  + [204] ntt=26247 (13596) [재산세] 소유권이전 확정판결에 대한 문의 / 답변0
  + [205] ntt=26244 (13595) [취득세] 2011년 개정 전 분양받은 아파트 대지권 등록세 부과 . / 답변1
  + [206] ntt=26243 (13594) [취득세] 귀농인 감면후 사업자등록이 확인 되었을 경우 추징 하는 . / 답변2
  + [207] ntt=26241 (13593) [취득세] 지특법 제31조제1항(임대주택 등에 대한 감면) / 답변0
  + [208] ntt=26240 (13592) [주민세] 주민세(법인균등) 관련 문의드립니다. / 답변3
  + [209] ntt=26237 (13591) [재산세] 지방공사가 토지개발사업용(주택공급x, 산업단지x) 토지는. / 답변1
  + [210] ntt=26236 (13590) [기타] 지방세환급금 지급보류(신탁관련) / 답변0
  + [211] ntt=26234 (13589) [취득세] 중과대상 제외 주택수 / 답변1
  + [212] ntt=26233 (13588) [취득세] 다주택자. 법인 취득세 중과 운영요령 관련 내용 문의(무. / 답변1
  + [213] ntt=26232 (13587) [취득세] 생애최초 주택 감면 문의~ / 답변1
  + [214] ntt=26231 (13586) [취득세] 차량 상속 취득세 추징 관련 문의 드립니다 / 답변1
  + [215] ntt=26230 (13585) [취득세] 생애최초 주택구입관련 (형제자매가 세대원일 경우) / 답변2
    [retry 1/3] ReadTimeout
  + [216] ntt=26229 (13584) [주민세] 주민세(균등분) 관련 문의 / 답변1
  + [217] ntt=26228 (13583) [재산세] 6월1일 기준 공동주택가격 / 답변0
  + [218] ntt=26227 (13582) [주민세] 개인사업분 주민세 인터넷 오픈마켓 물적시설무 해당 문의 / 답변1
  + [219] ntt=26226 (13581) [취득세] 지방세법11조4항의 경우 질문있습니다 / 답변3
  + [220] ntt=26222 (13580) [등록면허세] 노래방의 대표자 명의변경 / 답변1
  + [221] ntt=26221 (13579) [재산세] 9월 토지분 재산세 관련 문의 / 답변4
  + [222] ntt=26217 (13578) [취득세] 한 주택에 대해 무주택자의 주택상속과 생애최초 주택구입 . / 답변5
  + [223] ntt=26216 (13577) [자동차세] 사망전 차량 매도후 수시분 자동차세 납세의무자 / 답변2
  + [224] ntt=26215 (13576) [취득세] 지하수 개발관련 취득세 (신탁재산관련) / 답변0
  + [225] ntt=26214 (13575) [취득세] 부동산 매매 거래계약 해제 후 다시 계약하는 경우 질문입. / 답변0
  + [226] ntt=26213 (13574) [지방소득세] 지방소득세 납기연장 / 답변3
  + [227] ntt=26212 (13573) [지방소득세] 악성민원전화. / 답변6
  + [228] ntt=26211 (13572) [취득세] 토지분 취득세 신고를 건축물 취득세 신고로 착각하여 신고. / 답변1
  + [229] ntt=26210 (13571) [취득세] 자경농민 감면 요건 / 답변2
  + [230] ntt=26209 (13570) [취득세] 다자녀감면 차량 환급 여부 / 답변4
[page 1268 완료] 누적 신규 230건  (이 게시판 저장 총 37,904건)
  + [231] ntt=26207 (13569) [취득세] 어르신 유치원 이 노인복지시설에 해당하는지.. / 답변3
  + [232] ntt=26204 (13568) [기타] 비과세 감면신청 반려통지, 혹은 결정시 적부심 이의신청 . / 답변2
  + [233] ntt=26203 (13567) [주민세] 신설법인이지만 종업원은 그대로 승계했을 경우 중소기업 감. / 답변0
  + [234] ntt=26202 (13566) [취득세] 법인 주택세율 , 대도시중과 / 답변0
    [retry 1/3] ReadTimeout
    [retry 2/3] ConnectTimeout
  + [235] ntt=26201 (13565) [취득세] 생애 최초 감면 해당 여부 / 답변3
  + [236] ntt=26200 (13564) [주민세] 주민세 균등분 - 군인관련 / 답변2
  + [237] ntt=26199 (13563) [취득세] 법인의 부동산 취득신고후 미등기상태에서 60일 이내 계약. / 답변7
  + [238] ntt=26198 (13562) [취득세] 화물차량 트레일러 차량 종류변경에 따른 취득세 성립여부 . / 답변5
  + [239] ntt=26197 (13561) [취득세] 생애최초 감면 시 이전에 원시취득으로 주택을 보유한 경우. / 답변2
  + [240] ntt=26196 (13560) [취득세] 임대주택 취득세 추징시 추징사유를? / 답변1
  + [241] ntt=26194 (13559) [취득세] 생애최초감면 해당여부(직계존속 증여 합의해제) / 답변2
  + [242] ntt=26192 (13558) [주민세] 주민세 균등분 - 외국인 관련... / 답변2
  + [243] ntt=26190 (13557) [자동차세] 사실상 소멸 멸실로 인정하는 자동차 기준 문의 / 답변2
  + [244] ntt=26189 (13556) [취득세] 과점주주 미신고건 추징시 취득일 / 답변1
  + [245] ntt=26187 (13555) [취득세] 임대주택사업자 관련 질문있습니다~! / 답변2
  + [246] ntt=26186 (13554) [취득세] 사실상 영업 하지 않는 유흥주점으로 볼 수 있는지를 따질. / 답변2
  + [247] ntt=26183 (13553) [재산세] 염해 태양광 세율변경 / 답변1
  + [248] ntt=26181 (13552) [주민세] 주민세  법인균등분관련이요 / 답변1
  + [249] ntt=26179 (13551) [자동차세] 자동차세 장애감면 적용일 / 답변3
  + [250] ntt=26178 (13550) [취득세] 생애최초 부담부증여시 취득세 / 답변2
  + [251] ntt=26177 (13549) [재산세] 부동산특별조치법 관련 담당부서에서 각필지 납세자 자료 요. / 답변1
  + [252] ntt=26175 (13548) [취득세] 침수되어 폐차한 상품용차량에 대한 취득세 추징 여부 / 답변3
  + [253] ntt=26174 (13547) [세외수입] 과태료 체납법인 재산의 압류 이후 법인해산등기 관련, 대. / 답변3
  + [254] ntt=26173 (13546) [세외수입] 과태료 체납자 재산의 압류와 소멸시효 관련 문의드립니다. / 답변4
  + [255] ntt=26172 (13545) [세외수입] 두 개의 질서위반행위에 대한 과태료의 부과방법 관련 문의. / 답변2
  + [256] ntt=26171 (13544) [기타] 2020년 찾아가는 지방세 직무교육 교재 / 답변2
  + [257] ntt=26167 (13543) [취득세] 취득세 재신고 / 답변3
  + [258] ntt=26166 (13542) [세외수입] 행정처분과 과태료처분의 병과 여부에 대해 문의 드립니다. / 답변3
  + [259] ntt=26165 (13541) [세외수입] 법인 대표자의 가담행위와 대표자에 대한 과태료 부과관련 . / 답변3
  + [260] ntt=26164 (13540) [취득세] 생애최초 주택구입 취득세 감면 관련 / 답변3
[page 1269 완료] 누적 신규 260건  (이 게시판 저장 총 37,934건)
    [retry 1/3] ReadTimeout
    [retry 2/3] ConnectTimeout
  + [261] ntt=26162 (13539) [주민세] 단위과세 사업장 법인균등분 주민세 / 답변1
  + [262] ntt=26159 (13538) [세외수입] 세외수입 체납자 예금계좌 잔고조회 / 답변4
  + [263] ntt=26157 (13537) [재산세] 산업단지 시행자 감면 관련 / 답변0
  + [264] ntt=26155 (13536) [취득세] 2012년도 사망 건물 상속 취득시 / 답변1
  + [265] ntt=26154 (13535) [주민세] 주민세 발송지 관련 문의입니다 / 답변1
  + [266] ntt=26153 (13534) [주민세] 개인균등분과 개인사업장분 주민세 소재지가 동일한 경우 납. / 답변2
  + [267] ntt=26151 (13533) [기타] 전자고지 신청 2017년 4월 1일 자로 신청되어있는분들. / 답변5
  + [268] ntt=26145 (13532) [취득세] 주택을 3인이 합유한 상태에서 1명이 탈퇴하고 나가는 경. / 답변2
  + [269] ntt=26143 (13531) [재산세] 지방세특례제한법 제31조의 공공임대주택의 임대의무기간을 . / 답변0
  + [270] ntt=26142 (13530) [취득세] 자경농민 감면 소득금액 기준 관련하여 질의드립니다. / 답변2
  + [271] ntt=26141 (13529) [취득세] 증여취득시 중과제외 판단 / 답변0
  + [272] ntt=26140 (13528) [지방세기본법] 이의신청 기각 후 심판청구 진행중 청구 취지가 변경된 경. / 답변0
  + [273] ntt=26139 (13527) [취득세] 공시가격 1억미만 저가주택 취득시 궁금한점 / 답변3
  + [274] ntt=26138 (13526) [취득세] 국가유공자 농지취득 시 취득세 감면 서류 뭘 받아야 할까. / 답변2
  + [275] ntt=26137 (13525) [주민세] 개인사업자 균등분 면세점 / 답변3
  + [276] ntt=26136 (13524) [취득세] 가등기 후 소유자 사망-> 상속 취득세 납세 의무? / 답변2
  + [277] ntt=26135 (13523) [취득세] 재건축 필지의 증여계약해제 관련 등기 여부 확인 / 답변1
  + [278] ntt=26134 (13522) [취득세] 법인주택 취득세 문의(필요서류) / 답변1
  + [279] ntt=26133 (13521) [세외수입] 옥외광고물 등 관리법상 과태료 관련 질서법 적용 여부 및. / 답변3
  + [280] ntt=26132 (13520) [취득세] 차량(취득세) 장애인감면 신청관련문의 드립니다 / 답변3
  + [281] ntt=26131 (13519) [기타] 2020년 세입전망 및 2021년 세수 추계 / 답변1
    [retry 1/3] ReadTimeout
  + [282] ntt=26130 (13518) [취득세] 임대사업자 감면(지특법 제31조) / 답변0
  + [283] ntt=26129 (13517) [세외수입] 소송비용 독촉 / 답변2
  + [284] ntt=26128 (13516) [취득세] 생애최초감면 문의 / 답변2
  + [285] ntt=26127 (13515) [취득세] 생애최초 취득세 감면 적용 시 소득금액 요건 문의 / 답변5
  + [286] ntt=26126 (13514) [재산세] 지특법 제76조 제2항과 지특법 제85조의2 제1항 제4. / 답변0
  + [287] ntt=26125 (13513) [취득세] 증축취득세 / 답변1
  + [288] ntt=26121 (13512) [자동차세] 11인승 차량이 구조변경을 통해 10인승 이하가 된 경우 / 답변2
  + [289] ntt=26120 (13511) [주민세] 사망자에 대한 주민세 / 답변3
  + [290] ntt=26119 (13510) [취득세] 자동차 구입 후 구조변경에 따른 취득세 납부의무 문의 / 답변3
[page 1270 완료] 누적 신규 290건  (이 게시판 저장 총 37,964건)
  + [291] ntt=26118 (13509) [취득세] 법인의 농지취득 관련입니다. / 답변2
  + [292] ntt=26117 (13508) [주민세] 사망자에 대한 주민세 / 답변3
  + [293] ntt=26116 (13507) [취득세] 차량  취득세 감면 사유 변동 후 대체취득 / 답변4
  + [294] ntt=26115 (13506) [취득세] 생애최초 주택구입 감면 시 부속토지만 취득 시에도 감면 . / 답변2
  + [295] ntt=26114 (13505) [취득세] 부동산 감면분 추징시 이자상당가산액 납부기한 시점은? / 답변1
  + [296] ntt=26113 (13504) [지방소득세] 개인지방소득세 환급지 문의요 / 답변3
  + [297] ntt=26110 (13503) [취득세] 중과  대상 주택(저가주택) 소규모주택정비법에 따른 사업. / 답변2
  + [298] ntt=26109 (13502) [주민세] 현장사무실 주민세 / 답변1
  + [299] ntt=26107 (13501) [지방세징수법] 공매에서 매수인의 제한(징수법77조)중 체납자가 법인인 . / 답변1
  + [300] ntt=26106 (13500) [주민세] 주민세 개인사업관련하여 질문합니다 / 답변3
  + [301] ntt=26105 (13499) [지방소득세] 지방소득세(양도소득세분) 비과세인지 여부 / 답변1
  + [302] ntt=26104 (13498) [등록면허세] 국공립 어린이집 설치 위한 증축 신고 / 답변0
  + [303] ntt=26103 (13497) [지방소득세] 문중으로 납세자를 변경해서 개인지방소득세 부과 / 답변3
    [retry 1/3] ReadTimeout
    [retry 2/3] ConnectTimeout
  + [304] ntt=26102 (13496) [취득세] 농어촌공사 환매조건으로 사서 취득세 감면받은 땅을 1년이. / 답변1
  + [305] ntt=26100 (13495) [취득세] 지목변경 취득세 면세점 관련 질문입니다. / 답변3
  + [306] ntt=26099 (13494) [재산세] 도시개발사업 실시계획인가 관련 문의드립니다. / 답변2
  + [307] ntt=26098 (13493) [등록면허세] 임대사업자 면허세 질문입니다. / 답변2
  + [308] ntt=26097 (13492) [주민세] 주민세 법인균등분 자본금 또는 출자금 문의(대학교 수익사. / 답변0
  + [309] ntt=26094 (13491) [지방세징수법] 교부청구 / 답변4
  + [310] ntt=26092 (13490) [취득세] 소유권이전청구권가등기 후 대출 이자를 취득세 과표에 포함. / 답변0
  + [311] ntt=26090 (13489) [취득세] 증축 후 신고기한이 지나 소유권보존으로 등록세 납부대상인. / 답변0
  + [312] ntt=26089 (13488) [취득세] 침수차량 대체취득 관련 / 답변3
  + [313] ntt=26087 (13487) [자동차세] 장애인 자동차세 질문입니다 / 답변3
  + [314] ntt=26086 (13486) [취득세] 2주택자가 같은 날 종전 주택 1호를 팔고 신규로 1호를. / 답변3
  + [315] ntt=26084 (13485) [취득세] 이번에 개정된 지방세법 관련하여 주택수 산정 방법 질의입. / 답변1
  + [316] ntt=26082 (13484) [취득세] 골프회원권 취득세 환급가능 여부 문의 / 답변0
  + [317] ntt=26081 (13483) [세외수입] 법인에 대한 과태료 부과와 법인 대표자의 책임과 관련하여. / 답변3
  + [318] ntt=26080 (13482) [취득세] 담보신탁된 의료법인의 취득세 감면 / 답변1
  + [319] ntt=26079 (13481) [취득세] 연부취득 문의 / 답변1
  + [320] ntt=26078 (13480) [취득세] 변경된 취득세 관련 몇가지 궁금한 점 / 답변2
[page 1271 완료] 누적 신규 320건  (이 게시판 저장 총 37,994건)
  + [321] ntt=26077 (13479) [취득세] 주택 취득세 중과 경과규정 적용 여부 / 답변1
  + [322] ntt=26076 (13478) [주민세] 현장사무실 주민세 / 답변3
  + [323] ntt=26075 (13477) [취득세] 등본상 주소지와 다른 곳에 위치한 전업농어가주택 인정 여. / 답변2
  + [324] ntt=26074 (13476) [세외수입] 과태료의 가중부과시 위반행위 횟수의 기산점 판단 등 관련. / 답변2
  + [325] ntt=26073 (13475) [세외수입] 수개의 질서위반행위 관련 문의드립니다. / 답변3
  + [326] ntt=26072 (13474) [주민세] 세대주는 출국 세대원은 국내 거주 중인  주민세 과세 / 답변1
  + [327] ntt=26071 (13473) [재산세] 무허가 축사 양성화 관련입니다. / 답변0
  + [328] ntt=26070 (13472) [기타] 지방세환급금 충당 관련 질의 / 답변2
  + [329] ntt=26069 (13471) [취득세] 주택수 중과 / 답변2
  + [330] ntt=26067 (13470) [취득세] 차량취득세 대체취득(장애, 유공, 다자녀) / 답변5
  + [331] ntt=26066 (13469) [세외수입] 「질서위반행위규제법」제11조에 따른 개인의 법적 의미에 . / 답변2
  + [332] ntt=26064 (13468) [지방소득세] 특별징수분 연말정산 환급금 지급지관련 / 답변2
  + [333] ntt=26063 (13467) [취득세] 주택 유상 취득시 다주택 중과세 적용할 때 이전에 상속 . / 답변1
  + [334] ntt=26062 (13466) [재산세] 집합건물 소유권 지상권 재산세 과세대장 입력문의 / 답변0
  + [335] ntt=26061 (13465) [지방소득세] 특별징수분 연말정산 환급금 지급지관련 / 답변1
  + [336] ntt=26060 (13464) [주민세] 외국인 개인균등 / 답변2
  + [337] ntt=26058 (13463) [주민세] 농협관련 주민세 법인균등분 문의합니다. / 답변0
  + [338] ntt=26055 (13462) [지방소득세] 종합소득세 심사청구 / 답변2
  + [339] ntt=26054 (13461) [취득세] 매매상사 이전 차량 반품시 취득세감면(장애인) 추징여부 / 답변5
  + [340] ntt=26052 (13460) [취득세] 구조변경 후 소유권이 이전되었을 경우 / 답변0
  + [341] ntt=26051 (13459) [재산세] 견본주택(가설건축물)  멸실후 6개월 미경과시 별도합산여. / 답변3
  + [342] ntt=26036 (13458) [주민세] 주민세 개인사업장 자영어민 관련이요 / 답변2
  + [343] ntt=26033 (13457) [주민세] 주민세(균등분) 문의 / 답변0
  + [344] ntt=26031 (13456) [취득세] 침수피해 차량 초과액 산출 계산 어떻게 해야 맞는건가요? / 답변4
  + [345] ntt=26030 (13455) [취득세] 생애최초 무주택1가구 판단 관련 문의 / 답변3
  + [346] ntt=26029 (13454) [취득세] 침수차량 천재지변 감면 적용시 실무상 애매한 부분들 어떻. / 답변2
  + [347] ntt=26028 (13453) [기타] 의용소방대 국등비과세 여부 문의 / 답변3
  + [348] ntt=26027 (13452) [취득세] 농어가주택 취득.. 이것도 생애최초주택취득인지 / 답변3
  + [349] ntt=26025 (13451) [기타] 지하자원  지역자원시설세 거두고 있는 곳 계신가요? / 답변0
  + [350] ntt=26024 (13450) [취득세] 비가림 시설의 구조 / 답변0
[page 1272 완료] 누적 신규 350건  (이 게시판 저장 총 38,024건)
  + [351] ntt=26023 (13449) [취득세] 창업중소기업 감면 / 답변3
  + [352] ntt=26022 (13448) [취득세] 농촌지역에서 주택을 취득하는데  3주택자 중과 해야 하나. / 답변1
  + [353] ntt=26021 (13447) [취득세] 조합원 대지지분 증가시 취득세율 / 답변1
  + [354] ntt=26018 (13446) [취득세] 주택과 상가가 섞여 있는 건물의 매매시 / 답변3
    [retry 1/3] ReadTimeout
  + [355] ntt=26016 (13445) [취득세] 개정된  주택 취득세율 적용 관련 문의 / 답변3
  + [356] ntt=26015 (13444) [자동차세] 장애인과 공동명의로 감면받은 차량관련, 감면대상 적용여부. / 답변6
  + [357] ntt=26014 (13443) [취득세] 차량 구조변경관련 문의 드립니다 / 답변1
  + [358] ntt=26013 (13442) [취득세] 시각4급 차량 취득세 / 답변5
  + [359] ntt=26012 (13441) [취득세] 주택재개발조합에 수용된 자의 대체취득 감면 여부 / 답변5
  + [360] ntt=26011 (13440) [자동차세] 장애인용 자동차에 대한 대체취득시 자동차세 감면적용 여부. / 답변3
  + [361] ntt=26010 (13439) [주민세] 법인균등분 주민세 / 답변2
  + [362] ntt=26009 (13438) [취득세] 침수차량 천재지변 대체취득 감면 문의 / 답변5
  + [363] ntt=26006 (13437) [재산세] 생활형 숙박시설 주택재산세율 적용여부 / 답변1
  + [364] ntt=26002 (13436) [취득세] 잔금지급일이 아주 먼미래일경우 ? / 답변9
  + [365] ntt=26001 (13435) [재산세] 지식산업센터 재산세 감면 / 답변1
  + [366] ntt=26000 (13434) [취득세] 연부취득 취득세 문의 / 답변1
    [retry 1/3] ReadTimeout
  + [367] ntt=25999 (13433) [재산세] 재산세 소유자 및 환급관련 문의드립니다! / 답변2
  + [368] ntt=25998 (13432) [취득세] 공동명의로 부동산 취득시 산업단지 감면이 100% 가능한. / 답변0
  + [369] ntt=25997 (13431) [취득세] 침수차량 취득세 부과 (공동명의자간 소유지분율 변경) / 답변1
  + [370] ntt=25991 (13430) [취득세] 주택 수 합산 및 중과 제외 주택 / 답변1
  + [371] ntt=25990 (13429) [주민세] 하나의 구내에 위치한 농협 자재창고, 비료창고 등 주민세. / 답변2
  + [372] ntt=25989 (13428) [재산세] 산업단지 재산세 감면 / 답변1
  + [373] ntt=25988 (13427) [주민세] 군 의무복무자 주민세 균등분 비과세(급!!)ㅡㅠㅜㅠ / 답변1
  + [374] ntt=25987 (13426) [취득세] 군지역입니다. (비 조정지역) 저가주택 (주택가격 1억원. / 답변2
  + [375] ntt=25985 (13425) [주민세] 예규판례찾기-창고 관련(주민세) / 답변4
  + [376] ntt=25984 (13424) [세외수입] 이행강제금과 질서위반행위에 대한 과태료에 대해 법적용 여. / 답변1
  + [377] ntt=25982 (13423) [취득세] 생애 최초 주택구입(주민등록상 28세 독거남) / 답변5
  + [378] ntt=25981 (13422) [취득세] 상수도원인자부담금의 무효판결로 인한 취득세 환급여부 / 답변1
  + [379] ntt=25980 (13421) [취득세] 개정된 다주택 관련 문의입니다.(농어촌주택 등) / 답변2
  + [380] ntt=25979 (13420) [취득세] 질문드립니다 / 답변0
[page 1273 완료] 누적 신규 380건  (이 게시판 저장 총 38,054건)
  + [381] ntt=25976 (13419) [취득세] 특수관계인 여부(아버지 회사 A와 아들회사 B) / 답변4
  + [382] ntt=25975 (13418) [세외수입] 2차납세의무자 지정 및 징수 / 답변3
  + [383] ntt=25973 (13417) [재산세] 합유관련 재산세 수시부과 문의드립니다. / 답변1
  + [384] ntt=25972 (13416) [취득세] 전시용차량을 취득시 차량취득세 장애인감면(정신지체) 가능. / 답변3
  + [385] ntt=25971 (13415) [자동차세] 주사님들 세대분리 추징을 어떻게 하고 계시나요.., / 답변9
  + [386] ntt=25970 (13414) [취득세] 차량 취득세 (금융리스) / 답변3
  + [387] ntt=25967 (13413) [취득세] 침수차량 대체취득 감면 관련하여 문의드립니다. / 답변4
  + [388] ntt=25966 (13412) [취득세] 주택가격 1억 이하 주택을 7.10 이전 계약했을 경우.. / 답변2
  + [389] ntt=25965 (13411) [재산세] 재산세 과세기준일 이후 사망자 과세 관련 / 답변2
  + [390] ntt=25964 (13410) [등록면허세] 건설기계 등록면허세 / 답변1
  + [391] ntt=25963 (13409) [취득세] 근린생활시설 집합건물 승강기 재설치시 취득세 납세의무자 . / 답변3
  + [392] ntt=25962 (13408) [취득세] 동거인이 주택 취득시 / 답변2
  + [393] ntt=25961 (13407) [세외수입] 폐지세목 세입처리 / 답변1
  + [394] ntt=25959 (13406) [주민세] 군의관 개인균등분 주민세 / 답변2
  + [395] ntt=25958 (13405) [취득세] 지방세법시행령 28조의3(세대의 기준) 2항2호에서 궁금. / 답변2
  + [396] ntt=25957 (13404) [주민세] 주민세 개인균등분 국가유공자 감면 / 답변1
  + [397] ntt=25956 (13403) [취득세] 이혼 , 하이브리드 차량 취득세 감면 이중적용 / 답변6
  + [398] ntt=25955 (13402) [지방세징수법] 압류관련 문의드립니다. / 답변6
  + [399] ntt=25954 (13401) [취득세] 분양권 보유중 잔금지급후 입주시 취득세 세율 / 답변6
  + [400] ntt=25953 (13400) [취득세] 취득세 추징 가능 여부 문의 / 답변2
  + [401] ntt=25952 (13399) [주민세] 개인균등분 30세미만 / 답변1
  + [402] ntt=25951 (13398) [등록면허세] 과밀억제권역 내 법인설립시 중과제외업종 / 답변0
  + [403] ntt=25950 (13397) [재산세] 농어촌 주택개량에 대한 감면 문의드립니다.(재산세) / 답변3
  + [404] ntt=25949 (13396) [재산세] 공부와 현황이 다른 공동주택 재산세 과표 문의 / 답변1
  + [405] ntt=25948 (13395) [취득세] 법인의 사원용 주택관련 / 답변2
  + [406] ntt=25947 (13394) [취득세] 합자회사신흥수도건설 지분금 상속관련 문의입니다. / 답변0
  + [407] ntt=25946 (13393) [주민세] 외국인 주민세 문의 / 답변1
  + [408] ntt=25945 (13392) [등록면허세] 차량 번호변경 / 답변1
  + [409] ntt=25944 (13391) [취득세] 지목이 도로인 토지 위에 불법건축물이 설치된 경우 납세자. / 답변0
  + [410] ntt=25942 (13390) [주민세] 주간보호센터 법인균등 주민세 비과세 / 답변0
[page 1274 완료] 누적 신규 410건  (이 게시판 저장 총 38,084건)
  + [411] ntt=25940 (13389) [재산세] 산업단지 조성공사 시행되고 있는 토지 관련 / 답변0
  + [412] ntt=25936 (13388) [주민세] 납기개시일에 대한 문의 / 답변1
  + [413] ntt=25935 (13387) [취득세] 생애 최초주택 구입(아파트 신축에 의한 취득) / 답변5
  + [414] ntt=25934 (13386) [기타] 행정질서법의 고의.과실에 따른 면책사유 등 / 답변2
  + [415] ntt=25932 (13385) [취득세] 장애인 감면 대상 차량의 구조변경 취득세 부과 문의 / 답변2
  + [416] ntt=25929 (13384) [취득세] 분양권 취득시 적용세율 / 답변4
  + [417] ntt=25927 (13383) [지방세징수법] 신탁재산에 대한 재산세가 체납된 경우 체납처분의 범위? / 답변0
  + [418] ntt=25926 (13382) [세외수입] 대통령령으로 정하는 법률에 따른 징계란 무엇인지 문의드립. / 답변1
  + [419] ntt=25923 (13381) [세외수입] 질서위반행위규제법과 도로교통법의 관계 관련 문의드립니다. / 답변3
  + [420] ntt=25922 (13380) [취득세] 일시적 2주택 , 비조정대상지역도 해당되는지? (주택세율. / 답변2
  + [421] ntt=25921 (13379) [기타] 지역자원시설세 특정 자원분 지하수  쓰는 모든 목욕탕에 . / 답변1
  + [422] ntt=25920 (13378) [취득세] 공시가격 1억이하 주택 수 산정 제외 / 답변3
  + [423] ntt=25918 (13377) [취득세] 창업중소기업 지점 설치 / 답변0
  + [424] ntt=25916 (13376) [취득세] 개정 취득세 관련 적용 의견 문의 / 답변3
  + [425] ntt=25915 (13375) [재산세] 교육시설 재산세 감면 여부 / 답변3
  + [426] ntt=25913 (13374) [기타] 경매배당금 수납 전 납세자의 납부,,, / 답변5
  + [427] ntt=25912 (13373) [등록면허세] 폐업 / 답변3
  + [428] ntt=25911 (13372) [기타] 지방세환급대상자 개명에 관하여... / 답변2
  + [429] ntt=25910 (13371) [취득세] 자경농민 감면 / 답변3
  + [430] ntt=25909 (13370) [취득세] 법인 주택 취득세(현물출자) / 답변1
  + [431] ntt=25908 (13369) [취득세] 이번 부동산 개정법령 중 다주택자 중과 운영요령 관련입니. / 답변3
  + [432] ntt=25907 (13368) [세외수입] 체납금액 분납자에 대한 차량압류 유예관련 질문 / 답변5
  + [433] ntt=25906 (13367) [재산세] 연면적과 면적 / 답변2
  + [434] ntt=25904 (13366) [주민세] 개인균등분 문의(사망자) / 답변1
  + [435] ntt=25903 (13365) [재산세] 상속인지정 / 답변3
  + [436] ntt=25900 (13364) [취득세] 법인의 주택 취득세율 문의드립니다. / 답변4
  + [437] ntt=25899 (13363) [취득세] 지목변경시 취득일 질의 / 답변2
  + [438] ntt=25897 (13362) [재산세] 목장용지 위 축사 관리대장 입력 / 답변0
  + [439] ntt=25896 (13361) [지방세징수법] 체납관련 문의 / 답변0
  + [440] ntt=25894 (13360) [재산세] 문중토지 관련해서 문의드립니다 / 답변1
[page 1275 완료] 누적 신규 440건  (이 게시판 저장 총 38,114건)
  + [441] ntt=25893 (13359) [재산세] 지식산업센터감면 / 답변1
  + [442] ntt=25892 (13358) [세외수입] 세외수입 체납자 중 공무원에 대한 체납처분 관련 / 답변2
  + [443] ntt=25891 (13357) [등록면허세] 어업권 이전인가 과세여부 / 답변0
  + [444] ntt=25890 (13356) [취득세] 이번에 개정된 생애최초 주택구입시 적용기간  및 취득당시. / 답변2
  + [445] ntt=25889 (13355) [취득세] 국가유공자 부동산 대부금 관련 / 답변4
  + [446] ntt=25888 (13354) [재산세] 산업용건축물 증축 토지분 감면 / 답변0
  + [447] ntt=25887 (13353) [취득세] 상속 1가구 감면 환급 문의 드립니다 / 답변1
  + [448] ntt=25886 (13352) [취득세] 중과 제외 대상인 농어촌주택이란? / 답변4
  + [449] ntt=25885 (13351) [세외수입] 세외수입 체납처분 관련 문의드립니다 / 답변0
  + [450] ntt=25883 (13350) [취득세] 소유한 농지가 없는데 자경농민 감면이 가능할까요?? / 답변1
  + [451] ntt=25882 (13349) [등록면허세] 등록면허세(면허) 관련 질의 드립니다. / 답변1
  + [452] ntt=25881 (13348) [기타] 법인지방소득세 감면을 조례로 정할수 있나요? / 답변1
  + [453] ntt=25880 (13347) [자동차세] 자동차세 연납 관련 / 답변2
  + [454] ntt=25878 (13346) [취득세] 지방세특례제한법 36조의3 생애최초 주택구입에 대한 취득. / 답변2
  + [455] ntt=25877 (13345) [지방세징수법] 회생 결정 시  체납을 회생채권으로 신고한 경우 압류가 . / 답변3
    [retry 1/3] ReadTimeout
  + [456] ntt=25872 (13344) [취득세] 상속취득세 과세예고서를 보내려고 합니다 / 답변2
  + [457] ntt=25865 (13343) [재산세] 합유 임야 재산세 종합합산 문의 / 답변2
  + [458] ntt=25864 (13342) [취득세] 트럭캠퍼....차량 구조변경 취득세 과세대상일까요? / 답변0
  + [459] ntt=25863 (13341) [취득세] 창업중소기업 감면 문의 / 답변1
  + [460] ntt=25861 (13340) [재산세] 목장용지 도시지역분. / 답변1
  + [461] ntt=25860 (13339) [취득세] 지특법 58조의2 산업센터등에 대한 감면에 대해 질문있습. / 답변0
  + [462] ntt=25859 (13338) [재산세] 개발사업에 제공되는 토지 재산세 토지형태 문의 / 답변0
  + [463] ntt=25858 (13337) [취득세] 목장용지위에 있는 주택을 매매하는 경우 / 답변2
  + [464] ntt=25857 (13336) [주민세] 지자체 축제위원회 등 법인균등분 과세대상 여부 / 답변1
  + [465] ntt=25856 (13335) [재산세] 지특법 제22조 2항 [사회복지법인 등에 대한 감면] 관. / 답변1
  + [466] ntt=25855 (13334) [지방소득세] 지방소득세 양도소득분 합산과세에 대해 문의드립니다. / 답변1
  + [467] ntt=25853 (13333) [주민세] 만65세이상 주민세 면제 / 답변7
  + [468] ntt=25852 (13332) [취득세] 천재지변 등으로 인한 대체취득 관련 감면 문의 / 답변4
  + [469] ntt=25851 (13331) [취득세] 국가유공자 차량 감면 질의합니다. / 답변2
  + [470] ntt=25850 (13330) [주민세] 조달청 용역 계약서 작성한 기숙사에 대한 재산분 납세의무. / 답변0
[page 1276 완료] 누적 신규 470건  (이 게시판 저장 총 38,144건)
  + [471] ntt=25849 (13329) [취득세] 창업중소기업 감면 최초사용일자 문의 / 답변1
  + [472] ntt=25848 (13328) [취득세] 과밀억제권역내 공장 신축 취득세 중과 여부 / 답변1
  + [473] ntt=25847 (13327) [취득세] 유상거래 취득세 신고후 60일이 지나 거래계약해제를 한 . / 답변2
  + [474] ntt=25846 (13326) [취득세] 공장의 지방이전 감면 필요서류 / 답변0
  + [475] ntt=25843 (13325) [지방세징수법] 밍크코트가 압류금지재산에 해당되는지 여부 / 답변7
    [retry 1/3] ReadTimeout
  + [476] ntt=25841 (13324) [취득세] 장애인 공채관련입니다. / 답변5
  + [477] ntt=25840 (13323) [취득세] 지특법 73조 토지수용대체취득 시 부재부동산 소유자 판단. / 답변2
  + [478] ntt=25839 (13322) [등록면허세] 사업시행자(법인) 합병시 면허세 문의 / 답변2
  + [479] ntt=25838 (13321) [기타] 부동산 대책 관련 지방세시스템 이용 방법 문의합니다. / 답변1
  + [480] ntt=25836 (13320) [취득세] 취득세 공유물 분할 질문 있습니다 / 답변1
  + [481] ntt=25835 (13319) [취득세] 지목변경 취득세 부과여부 문의드립니다. / 답변1
  + [482] ntt=25834 (13318) [취득세] 에너지 절약형 친환경주택 감면 / 답변1
  + [483] ntt=25833 (13317) [재산세] 산업단지 추징 후 다시 감면 / 답변1
  + [484] ntt=25831 (13316) [세외수입] 세외수입 상계처리 / 답변2
  + [485] ntt=25829 (13315) [세외수입] 과징금에 대한 법적용 여부 관련 문의드립니다. / 답변4
  + [486] ntt=25828 (13314) [세외수입] 렌터카 운전자에 대해 과태료가 부과되는 경우 질서위반행위. / 답변3
  + [487] ntt=25827 (13313) [세외수입] 담배꽁초 무단투기행위 등 질서위반행위규제법의 적용범위 관. / 답변3
  + [488] ntt=25825 (13312) [취득세] 법인 매매상사 추징...하지만... / 답변3
  + [489] ntt=25820 (13311) [지방세징수법] 배분요구 종기일 이후 납세의무 성립된 지방세채권 배당가능. / 답변4
  + [490] ntt=25819 (13310) [취득세] 취득세 납부 후 등기하지 아니한 토지에 대위등기자가 다시. / 답변1
  + [491] ntt=25818 (13309) [취득세] 차량 취득세 구조변경건 / 답변1
  + [492] ntt=25817 (13308) [취득세] 사실상 지목변경관련 취득문의 / 답변3
  + [493] ntt=25816 (13307) [재산세] 주된상속자 지정후 상속등기난 경우 / 답변1
  + [494] ntt=25815 (13306) [자동차세] 현재 폭우피해를 입은 차량 관련해서 조심스레 질문드립니다. / 답변3
  + [495] ntt=25814 (13305) [취득세] 임대주택 추징 관련  적용 법조문 문의 / 답변0
  + [496] ntt=25813 (13304) [취득세] 30세미만 자녀의 주택수 계산 / 답변0
  + [497] ntt=25812 (13303) [지방세징수법] 신탁계약서상 신탁재산에 분양대금이 포함되 있다면 통장압류. / 답변1
  + [498] ntt=25811 (13302) [취득세] 공유물분할 화해권고 결정에 따라 일부 번지만 공유물분할 . / 답변0
  + [499] ntt=25809 (13301) [취득세] 납부한지 60일 경과한 취득세 환급 가능 여부 / 답변1
  + [500] ntt=25808 (13300) [취득세] 산업단지 조성을 위한 토지 취득시 문의 감면 / 답변1
[page 1277 완료] 누적 신규 500건  (이 게시판 저장 총 38,174건)
  + [501] ntt=25806 (13299) [기타] 외국인 환급 / 답변1
  + [502] ntt=25804 (13298) [취득세] 부동산특별조치법 / 답변1
  + [503] ntt=25802 (13297) [지방세징수법] 유한회사 체납액에 대한 체납처분 / 답변3
  + [504] ntt=25801 (13296) [취득세] 노인복지시설 감면과 관련 공유물 분할로 인한 취득도 감면. / 답변1
  + [505] ntt=25800 (13295) [자동차세] 한가정에 중증 장애인 2명인 경우 장애 감면은...? / 답변4
  + [506] ntt=25799 (13294) [취득세] 징수유예 등 / 답변1
  + [507] ntt=25797 (13293) [기타] 호우 수해 피해 / 답변0
  + [508] ntt=25796 (13292) [취득세] 침수차량 대체취득시 지분율 변동하여 취득시.. / 답변3
  + [509] ntt=25794 (13291) [취득세] 지입차량 관련 질의 / 답변2
  + [510] ntt=25793 (13290) [주민세] 상가주차관리인 전수조사 문의 / 답변0
  + [511] ntt=25782 (13289) [취득세] 지적재조사에따른 토지면적 증가 / 답변3
  + [512] ntt=25780 (13288) [취득세] 개인소유자 토지 지목변경시 노인복지시설 감면 가능여부 / 답변3
  + [513] ntt=25779 (13287) [취득세] 부담부증여 직계존비속간의 전세금 인정여부 질의드립니다. / 답변2
  + [514] ntt=25778 (13286) [취득세] 분양권이전에 따른 취득세 / 답변1
  + [515] ntt=25776 (13285) [취득세] 차량구조변경 취득세 관련 문의입니다 / 답변2
  + [516] ntt=25775 (13284) [재산세] 재산세를 5년 초과분까지 환급 문제ㅠ / 답변7
    [retry 1/3] ReadTimeout
  + [517] ntt=25758 (13283) [취득세] 산사태로 인한 차량 취득세관련입니다. / 답변8
  + [518] ntt=25757 (13282) [등록면허세] 위탹택스  신고 납부 후 환급처리 관련 / 답변2
  + [519] ntt=25756 (13281) [취득세] 직계존비속간 거래시 / 답변3
  + [520] ntt=25755 (13280) [취득세] 지목변경 지가산정 부서 문의 / 답변2
  + [521] ntt=25754 (13279) [재산세] 직전연도 재산세 상당액 적용 / 답변3
  + [522] ntt=25753 (13278) [취득세] 차량(취득세) 추징시 가산세 문의드립니다. / 답변3
  + [523] ntt=25751 (13277) [취득세] 차량 구조변경 취득세 문의드립니다. / 답변2
  + [524] ntt=25748 (13276) [등록면허세] 식당의 대표자가 한 명에서 두명으로 바뀌면 면허세 부과해. / 답변1
  + [525] ntt=25747 (13275) [취득세] 1세대 4주택 농특세 부과여부 / 답변2
  + [526] ntt=25745 (13274) [취득세] 등기 완료 된 건에 대한 누락된 필지 취득세 부과? / 답변1
  + [527] ntt=25744 (13273) [재산세] 문화재에 대한 감면 관련입니다. / 답변4
  + [528] ntt=25743 (13272) [취득세] 자경농민으로서 농지를 직접 경작하지 아니한 경우에 해당 . / 답변3
  + [529] ntt=25742 (13271) [취득세] 농업법인이 지목변경으로 감면받은 취득세 추징 가능여부 / 답변1
  + [530] ntt=25740 (13270) [재산세] 재산세 주택분 계산 / 답변1
[page 1278 완료] 누적 신규 530건  (이 게시판 저장 총 38,204건)
  + [531] ntt=25736 (13269) [취득세] 상품용 차량 2년내 미매각 관련 / 답변3
  + [532] ntt=25735 (13268) [취득세] 직계존비속간 유상거래 증빙서류 문의드립니다. / 답변2
  + [533] ntt=25734 (13267) [취득세] 다자녀 감면이후 1년의 보유기간 내에 또 다른 신차를 취. / 답변4
  + [534] ntt=25733 (13266) [취득세] 1가구1주택 상속취득 감면 질의 / 답변1
  + [535] ntt=25731 (13265) [자동차세] 한정승인받은 자동차세 문의입니다. / 답변4
  + [536] ntt=25729 (13264) [등록면허세] 주소이전 / 답변1
  + [537] ntt=25728 (13263) [취득세] 매매용 차량 감면관련하여 문의드립니다. / 답변3
  + [538] ntt=25727 (13262) [등록면허세] 어선 전입전출 / 답변1
    [retry 1/3] ReadTimeout
  + [539] ntt=25726 (13261) [취득세] 차량구조변경관련문의 드립니다 / 답변3
  + [540] ntt=25724 (13260) [취득세] 지특법 11조 1항 관련하여 질문이 있습니다.(농업회사법. / 답변3
  + [541] ntt=25723 (13259) [재산세] 착공신고후 건축중인 토지 세율 / 답변3
  + [542] ntt=25718 (13258) [취득세] 차량 법인전환 현물출자시 필요서류 문의드립니다 / 답변2
  + [543] ntt=25717 (13257) [기타] 지방세 제증명 및 부동산특별조치법 / 답변5
  + [544] ntt=25713 (13256) [취득세] 리스, 렌트 자동차 취득세 / 답변1
  + [545] ntt=25704 (13255) [취득세] 수상레저기구(모터보트) 과세표준 타 시군구 사례 문의드립. / 답변3
  + [546] ntt=25703 (13254) [취득세] 매매상(상품용 차량)  2년내 미매각 시점 판단 문의 / 답변2
  + [547] ntt=25699 (13253) [취득세] 공유물 분할시 초과 부분(유상취득인정 부분) / 답변0
  + [548] ntt=25696 (13252) [기타] 공시송달관련 문의드립니다. / 답변5
  + [549] ntt=25695 (13251) [지방세징수법] 공시송달관련 문의드립니다..[4213] 자료추출시.. / 답변1
  + [550] ntt=25692 (13250) [등록면허세] 통신판매업 간이과세자(2020.7.29.자 신고대상 제외. / 답변3
  + [551] ntt=25691 (13249) [지방세징수법] 사망자 차량 공매 문의 / 답변6
  + [552] ntt=25689 (13248) [취득세] 농어촌주택의 개념 / 답변3
  + [553] ntt=25688 (13247) [지방세징수법] 골프장의 체납액 승계 여부 / 답변2
  + [554] ntt=25687 (13246) [취득세] 대출후행조건으로 발생하는 비용의 경우 취득세 과표에 삽입. / 답변0
  + [555] ntt=25686 (13245) [지방세징수법] 징수유예 중에 '체납액의 징수유예' 기산일 / 답변6
  + [556] ntt=25685 (13244) [취득세] 유공자 대체취득 관련 문의드립니다... / 답변3
  + [557] ntt=25683 (13243) [재산세] 취득세 신고납부 후 과세기준일(6.1)이 지난후 등기등록. / 답변1
  + [558] ntt=25682 (13242) [재산세] 재산세 도시지역분 과세에 대해서 질문드립니다. / 답변3
  + [559] ntt=25681 (13241) [기타] 다른 자치단체에서는 이런일이 없나요. / 답변13
  + [560] ntt=25679 (13240) [세외수입] 자동차 관련 과태료 체납자에 대한 자동차 등록번호판의 영. / 답변3
[page 1279 완료] 누적 신규 560건  (이 게시판 저장 총 38,234건)
  + [561] ntt=25678 (13239) [취득세] 상품용 차량 2년내 미매각 추징 관련 문의입니다 / 답변2
  + [562] ntt=25677 (13238) [지방소득세] 지방소득세(특별징수) 회생개시 이후 수시부과로 인한 후속. / 답변1
  + [563] ntt=25676 (13237) [주민세] 법인균등주민세 국공립어린이집 과세 여부에 대하여.. / 답변1
  + [564] ntt=25675 (13236) [취득세] 710부동산대책관련 '비 조정지역'  2주택 (1~3프로. / 답변1
  + [565] ntt=25674 (13235) [재산세] 산업단지 감면 관련(지특법제78조 제4항) / 답변1
  + [566] ntt=25671 (13234) [재산세] 재산세 관련 문의입니다.. / 답변2
  + [567] ntt=25650 (13233) [주민세] 한국폴리텍대학의 학생들 기숙사를 과세제외 해야하는지? / 답변2
  + [568] ntt=25647 (13232) [기타] 행안부 질의 방법 / 답변2
    [retry 1/3] ReadTimeout
    [retry 2/3] ConnectTimeout
  + [569] ntt=25643 (13231) [취득세] 상속취득세 관련 문의드립니다 / 답변2
  + [570] ntt=25641 (13230) [재산세] 재산세 가감율 관련 / 답변1
  + [571] ntt=25640 (13229) [자동차세] 명의변경(단독->공동 또는 공동->단독으로) 시 자동차세. / 답변4
  + [572] ntt=25639 (13228) [주민세] 주민세(균등분) 과세제외 중 30세미만의 사람 관련 / 답변5
  + [573] ntt=25638 (13227) [지방세징수법] 지방세 범칙행위 등에 대한 처벌 및 처벌절차에서「조세범처. / 답변3
  + [574] ntt=25637 (13226) [취득세] 자경농민 아들 감면여부 문의 / 답변1
  + [575] ntt=25633 (13225) [취득세] 취득세 신축건물 과표문의 / 답변4
  + [576] ntt=25631 (13224) [지방소득세] 세무서 통보가 잘못된 경우 / 답변2
  + [577] ntt=25629 (13223) [취득세] 유치원 감면 추징 / 답변3
  + [578] ntt=25627 (13222) [취득세] 지방세 신고불성실 가산세 관련 문의드립니다. / 답변3
  + [579] ntt=25626 (13221) [재산세] 농어촌공사 재산세 감면 문의 / 답변1
  + [580] ntt=25624 (13220) [취득세] 토지 수용과 관련 문의 드립니다 / 답변2
    [retry 1/3] ReadTimeout
    [retry 2/3] ConnectTimeout
  + [581] ntt=25623 (13219) [등록면허세] 위택스 대행신고 등록세 감액 문의합니다. / 답변1
  + [582] ntt=25622 (13218) [취득세] 증여 취득세 납부후  원인무효(판결)되었다고 환급? / 답변1
  + [583] ntt=25621 (13217) [취득세] 상속 시가표준액 / 답변1
  + [584] ntt=25620 (13216) [지방소득세] 특별징수 환급 / 답변3
  + [585] ntt=25618 (13215) [취득세] 7.10대책 관련 분양권 문의드립니다.. / 답변1
  + [586] ntt=25616 (13214) [재산세] 납세의무자 및 취득일 / 답변2
  + [587] ntt=25614 (13213) [취득세] 자경농민 감면 자녀 문의 / 답변3
  + [588] ntt=25613 (13212) [취득세] 지방세법9조 비과세 / 답변1
  + [589] ntt=25612 (13211) [재산세] 농어촌공사 감면토지외.. 농지 토지형태 / 답변1
  + [590] ntt=25611 (13210) [기타] 국세통보에 의한 환급가산금 / 답변0
[page 1280 완료] 누적 신규 590건  (이 게시판 저장 총 38,264건)
  + [591] ntt=25610 (13209) [지방세징수법] 한정상속 관련 질문 / 답변4
  + [592] ntt=25609 (13208) [취득세] 임대주택사업에 대한 감면(지특법 제31조) 적용 방법 문. / 답변1
  + [593] ntt=25608 (13207) [취득세] 자동차 취득세 질문 있습니다. / 답변3
  + [594] ntt=25607 (13206) [기타] 이메일고지발송 / 답변4
  + [595] ntt=25606 (13205) [취득세] 취득세 과세표준 좀 구해주세요.... / 답변2
  + [596] ntt=25604 (13204) [자동차세] 자동차세 수시분 부과 문의합니다. / 답변2
  + [597] ntt=25603 (13203) [지방세징수법] 독촉장 공시송달시 가산금 등울 부과 해야 하나요 / 답변2
  + [598] ntt=25598 (13202) [주민세] 국외근로자 관련 문의드립니다. / 답변0
  + [599] ntt=25596 (13201) [취득세] 다주택자 관련 질문입니다. / 답변0
  + [600] ntt=25595 (13200) [자동차세] 주민번호가 변경됐을 경우 / 답변2
  + [601] ntt=25594 (13199) [재산세] 농어촌공사 농업생산기반시설 재산세 감면문의 / 답변0
  + [602] ntt=25593 (13198) [취득세] 침수차량 대체취득의 경우 종전 차량의 가액..? / 답변4
  + [603] ntt=25592 (13197) [지방세징수법] 체납액 결손처분시 법정요건 관련 문의드립니다^^ / 답변4
  + [604] ntt=25591 (13196) [취득세] 농지세율  및 자경농민 감면 적용 질의 / 답변3
  + [605] ntt=25590 (13195) [주민세] 농업법인 / 답변1
  + [606] ntt=25588 (13194) [세외수입] 세외수입 체납 징수 관련 문의드립니다. / 답변1
  + [607] ntt=25585 (13193) [지방세징수법] 소멸시효 중단사유인 ‘승인’으로 보아 지방세 징수권의 소. / 답변6
  + [608] ntt=25583 (13192) [취득세] 차량 천재지변 대체취득시 지분율 변경 / 답변2
  + [609] ntt=25582 (13191) [취득세] 차량 취득세 추징문의 (보유기간 1년 판단 시점) / 답변2
  + [610] ntt=25581 (13190) [기타] 지방세 환급의 시효에 관한 문의입니다. / 답변2
  + [611] ntt=25579 (13189) [등록면허세] 용도변경 등록면허세(면허) 문의 / 답변0
  + [612] ntt=25574 (13188) [주민세] 외국인 과세 여부 / 답변1
  + [613] ntt=25573 (13187) [기타] 전자고지 도달여부 / 답변3
  + [614] ntt=25572 (13186) [재산세] 농협의 평생교육 시설 재산세 관련 / 답변1
  + [615] ntt=25570 (13185) [지방세징수법] 배당순위 / 답변3
  + [616] ntt=25568 (13184) [등록면허세] 통신판매업 간이과세자 부과 관련 / 답변3
  + [617] ntt=25567 (13183) [취득세] 침수차량 대체취득 관련 취득시기와 감면적용시기에 대한 질. / 답변0
  + [618] ntt=25565 (13182) [지방세징수법] 지방세환급금 및 국세환급금 독촉기한전 압류 문의드립니다. / 답변1
  + [619] ntt=25563 (13181) [기타] 지방세기본법제26조 납기연장 / 답변4
    [retry 1/3] ReadTimeout
    [retry 2/3] ConnectTimeout
  + [620] ntt=25561 (13180) [지방세징수법] 우선변제청구권이 있는 채권자 배당관련 문의드립니다^^ / 답변3
[page 1281 완료] 누적 신규 620건  (이 게시판 저장 총 38,294건)
  + [621] ntt=25560 (13179) [지방세징수법] 신탁이익금 압류 / 답변2
  + [622] ntt=25559 (13178) [취득세] 분양권 증여시, 계약일자는 언제로 보는 걸까요? / 답변0
  + [623] ntt=25558 (13177) [지방소득세] 법인지방소득세 가산세 기준금액 문의 / 답변3
  + [624] ntt=25557 (13176) [기타] 유체동산 압류물건에 대한 강제집행 시 집행 여부 관련 문. / 답변4
  + [625] ntt=25556 (13175) [지방세징수법] 참가압류의 요건과 절차 문의 / 답변4
  + [626] ntt=25555 (13174) [지방소득세] 결정자료 납부불성실 / 답변1
  + [627] ntt=25554 (13173) [자동차세] 한정승인 관련 질의 / 답변1
  + [628] ntt=25552 (13172) [지방세징수법] 신탁재산 압류의 범위(지방세법 제119조의2 해석) / 답변5
  + [629] ntt=25548 (13171) [기타] 징수포상금 종합소득세 과세와 관련하여 조세심판 청구 사유. / 답변0
  + [630] ntt=25547 (13170) [기타] 납부기한 연장 관련 / 답변1
  + [631] ntt=25546 (13169) [재산세] 환지지역 재산세 납세의무자 / 답변1
  + [632] ntt=25544 (13168) [주민세] 주민세 재산분 부과 관련 문의드립니다. / 답변2
  + [633] ntt=25540 (13167) [재산세] 주택개량감면  토지를 사후에 취득해도 토지도 감면 적용여. / 답변0
  + [634] ntt=25538 (13166) [지방세징수법] 개인회생 중이면 압류를 풀어주는 건가요? / 답변3
  + [635] ntt=25537 (13165) [취득세] 상속인이 여러명일 경우 지분별로 각각 부과하는 지자체 있. / 답변4
  + [636] ntt=25534 (13164) [취득세] 이행강제금 취득세 과표에 포함되는지 여부 / 답변2
  + [637] ntt=25533 (13163) [주민세] 법인균등분 주민세 사업소 판단기준, 부과기준 / 답변0
  + [638] ntt=25531 (13162) [지방세징수법] 결손처분 후, 통지 등 절차적 요건 미준수시 경매절차 배. / 답변4
  + [639] ntt=25530 (13161) [취득세] 직계존비속 유상거래 입증관련 질문있어요. / 답변0
  + [640] ntt=25529 (13160) [기타] 납부기한 연장 신청이 가능한지요? / 답변0
  + [641] ntt=25528 (13159) [재산세] 비닐하우스 재산세(건축물) 과세하고 계신가요? / 답변0
  + [642] ntt=25527 (13158) [취득세] 장애인의 차량 취득세 추징 문의합니다. / 답변1
  + [643] ntt=25526 (13157) [재산세] 견본주택 재산세? / 답변1
  + [644] ntt=25525 (13156) [취득세] 분양계약 후 일부 지분이전시 주택수 관련 세율 적용(증여. / 답변0
  + [645] ntt=25523 (13155) [취득세] 종교단체가 개수했을 때 감면 비율 관련 문의입니다. / 답변0
  + [646] ntt=25522 (13154) [자동차세] 장애인 자동차세 질문입니다 / 답변2
  + [647] ntt=25520 (13153) [취득세] 차량 취득세 계약해제(1%이전)로 인한 등록면허세 환급관. / 답변1
  + [648] ntt=25519 (13152) [취득세] 전업농어가 주택 취득 문의합니다. / 답변2
    [retry 1/3] ReadTimeout
    [retry 2/3] ConnectTimeout
    [retry 3/3] ConnectTimeout
  + [649] ntt=25517 (13150) [기타] 지방세 시스템 사용시... / 답변4
[page 1282 완료] 누적 신규 649건  (이 게시판 저장 총 38,323건)
  + [650] ntt=25516 (13149) [취득세] 법인의 자사주를  기존 과점주주가 취득시  간주취득세 과. / 답변1
  + [651] ntt=25504 (13148) [취득세] 장애인 대체감면에 의한 환급문의드립니다. / 답변1
  + [652] ntt=25503 (13147) [취득세] 영농조합법인 취득세 추징 / 답변0
  + [653] ntt=25493 (13146) [취득세] 장애인 감면 후 전손처리 시 / 답변1
  + [654] ntt=25489 (13145) [지방세징수법] 공탁금의 압류금지재산 해당여부에 대해 문의드립니다^^ / 답변4
  + [655] ntt=25488 (13144) [지방소득세] 지방소득세 납세지? / 답변2
    [retry 1/3] ReadTimeout
  + [656] ntt=25475 (13143) [지방세징수법] 제목 : 「지방세징수법」 제63조 제1항 제3호의 규정에. / 답변9
  + [657] ntt=25473 (13142) [지방세징수법] 공탁금 시효관련 문의드립니다. / 답변3
  + [658] ntt=25466 (13141) [재산세] 가설건축물 관련 문의드립니다. / 답변5
  + [659] ntt=25463 (13140) [취득세] 자경농민감면 농지원부에 아들도 감면 가능한가요? / 답변1
  + [660] ntt=25462 (13139) [주민세] 주민세 재산분 비과세 면적 제외시 공용 안분 여부? / 답변0
  + [661] ntt=25461 (13138) [재산세] 폐가  건물용도 관련입니다. / 답변3
  + [662] ntt=25460 (13137) [기타] 지방세심의위원회 서면심의 수당 지급여부 / 답변3
  + [663] ntt=25459 (13136) [주민세] 주민세 개인균등분 기숙사 질문좀 드릴게요 / 답변1
  + [664] ntt=25458 (13135) [취득세] 매매상사 취득세 추징관련문의드려요(폐차말소) / 답변4
  + [665] ntt=25457 (13134) [취득세] 법정지분상속시 가족관계증명서중 사망인이 있을 경우. / 답변1
  + [666] ntt=25456 (13133) [재산세] 종교단체의 템플스테이 재산세 감면여부 / 답변1
  + [667] ntt=25452 (13132) [자동차세] 자동차세 상속한정승인 관련 문의드립니다. / 답변3
    [retry 1/3] ReadTimeout
  + [668] ntt=25451 (13131) [취득세] 추징기준일 / 답변2
  + [669] ntt=25450 (13130) [세외수입] 도로점용로 환급관련 문의드립니다. / 답변1
  + [670] ntt=25449 (13129) [지방소득세] 다른 지자체도 그런가요? / 답변3
  + [671] ntt=25448 (13128) [등록면허세] 건축주 변경시 면허세 부과 관련 / 답변0
  + [672] ntt=25447 (13127) [취득세] 직계존비속 보증금 부담부증여 인정여부 질의입니다. / 답변0
  + [673] ntt=25445 (13126) [지방세징수법] 채권 압류 후에 공탁이 된 경우 공탁금에 대한 압류가 필. / 답변6
  + [674] ntt=25444 (13125) [재산세] 지역자원시설세 3배 중과(종합병원) / 답변0
  + [675] ntt=25443 (13124) [재산세] 신탁재산 압류(지방세법 제119조의2 단서 해석) / 답변0
  + [676] ntt=25442 (13123) [취득세] 법인의 물적분할 시 과세표준(손상차손 차감 여부) / 답변1
  + [677] ntt=25439 (13122) [지방세징수법] 재판 승소 금액 압류가 심급재판에도 효력이 있는지 / 답변3
  + [678] ntt=25438 (13121) [취득세] 미등록차량 구조변경 취득세 세율 관련 / 답변1
  + [679] ntt=25437 (13120) [자동차세] 직권상속된 자동차세의 부과대상을 실제 운행자에게 부과하는. / 답변2
[page 1283 완료] 누적 신규 679건  (이 게시판 저장 총 38,353건)
  + [680] ntt=25436 (13119) [취득세] 주택과표미산정시 과표적용 요령 / 답변0
  + [681] ntt=25435 (13118) [지방소득세] 법인지방소득세 외국납부세액공제 관련 / 답변0
  + [682] ntt=25432 (13117) [취득세] 장애 공동명의 감면차량  추징여부 / 답변2
  + [683] ntt=25431 (13116) [취득세] 2012 년에 사망하신 분의 농지는 세율이??.. / 답변4
  + [684] ntt=25430 (13115) [자동차세] 사망자 자동차세 수시분 부과 / 답변2
  + [685] ntt=25429 (13114) [재산세] 가설 건축물 납세의무자 / 답변3
  + [686] ntt=25428 (13113) [취득세] 장애인 구조변경 차량취득세 문의 / 답변1
  + [687] ntt=25427 (13112) [취득세] 직계존비속간의 거래시 매매로 과세할 수 있는지 문의드립니. / 답변1
  + [688] ntt=25425 (13111) [기타] 과세자료를 조사하기 위한 열람수수료 관련하여 문의드립니다. / 답변3
  + [689] ntt=25423 (13110) [자동차세] 자동차세 비과세 시작일 문의합니다 ^^ / 답변2
  + [690] ntt=25422 (13109) [취득세] 법정 지분 상속 취득세 질문있습니다. / 답변1
  + [691] ntt=25421 (13108) [재산세] 신탁재산의 분납과 관련하여 문의드립니다. / 답변1
  + [692] ntt=25418 (13107) [재산세] 신탁재산의 압류(지방세법 제119조의2 단서 해석) / 답변0
  + [693] ntt=25417 (13106) [등록면허세] 임대사업자 등록면허세(면허) 문의 / 답변1
  + [694] ntt=25416 (13105) [취득세] 화물자동차운송사업자인 법인도 지입차주가 가능한지요 / 답변1
  + [695] ntt=25415 (13104) [지방세징수법] 고수님들 의견듣고 싶습니다.(묘지압류관련) / 답변8
  + [696] ntt=25414 (13103) [주민세] 햇빛가리개 천막 면적 재산분 과세대상 여부 / 답변1
  + [697] ntt=25413 (13102) [지방세징수법] 압류금지재산에 대한 추심의 효력 / 답변4
  + [698] ntt=25412 (13101) [지방세징수법] 국세환급금 추심관련 질문드립니다. / 답변4
  + [699] ntt=25411 (13100) [기타] 회생절차개시결정시  법인세에 대한 체납처분은 중지되는지 . / 답변2
  + [700] ntt=25407 (13099) [주민세] 무인주차장 관련 / 답변1
  + [701] ntt=25406 (13098) [재산세] 주택가격 산정 / 답변1
  + [702] ntt=25405 (13097) [기타] 국가유공자 등급 확인 문의드립니다. / 답변2
  + [703] ntt=25403 (13096) [취득세] 지입차 취득세 문의합니다. / 답변1
  + [704] ntt=25400 (13095) [기타] 자동이체 신청 / 답변1
  + [705] ntt=25397 (13094) [취득세] 공유물분할 관련하여 문의드립니다. / 답변1
  + [706] ntt=25395 (13093) [재산세] 재산세(토지) 1512에서 과세자료 정비시에... / 답변3
  + [707] ntt=25394 (13092) [등록면허세] 가설건축물 축조 1회성 과세? / 답변2
  + [708] ntt=25393 (13091) [지방세징수법] 체납자가 분납을 하면 시효중단 효과가 있나요? / 답변4
  + [709] ntt=25391 (13090) [취득세] 장애인차량감면 / 답변3
[page 1284 완료] 누적 신규 709건  (이 게시판 저장 총 38,383건)
  + [710] ntt=25387 (13089) [지방세징수법] 징수포상금 미지급 고발 / 답변7
  + [711] ntt=25383 (13088) [취득세] 기존차량(감면받은차량) 타인에게 이전후 다시  원래대로 . / 답변2
  + [712] ntt=25381 (13087) [기타] 납세자 사망 후 타인이 실수로 미납세금을 납부해버린 경우. / 답변2
  + [713] ntt=25380 (13086) [재산세] 지난연도 과세대상 변경 / 답변2
  + [714] ntt=25379 (13085) [재산세] 장기일반민간 임대주택 / 답변1
  + [715] ntt=25378 (13084) [주민세] 법인균등분 및 개인사업자균등분 휴업문의 / 답변0
  + [716] ntt=25375 (13083) [주민세] 외국인 주민세 개인균등분  한주소지에 여러명이 있을 경우. / 답변2
  + [717] ntt=25372 (13082) [지방세징수법] 차량공매 진행관련 질의 하나 올립니다. / 답변6
  + [718] ntt=25371 (13081) [지방세징수법] 예금압류 추심금액 없을 때 / 답변5
  + [719] ntt=25370 (13080) [취득세] 특수관계 내부거래 해당여부 / 답변1
  + [720] ntt=25368 (13079) [주민세] 주민세 재산분 휴업문의 / 답변1
  + [721] ntt=25367 (13078) [등록면허세] 용도변경 면허세 / 답변3
  + [722] ntt=25366 (13077) [재산세] 재산세 분납신청 후 체납시 / 답변2
  + [723] ntt=25365 (13076) [주민세] 주민세 재산분 과세대상 문의입니다. / 답변0
  + [724] ntt=25364 (13075) [재산세] 지역자원시설세 3배 중과 / 답변3
  + [725] ntt=25363 (13074) [기타] 각 기초자치단체 감면 조례 에서 문화재 감면  문의입니다. / 답변1
  + [726] ntt=25362 (13073) [주민세] 개인균등분 주민세 과세대상 질의 / 답변1
  + [727] ntt=25361 (13072) [취득세] 자경농민 추징대상 여부(지적재조사로 토지대장이 폐쇄된 경. / 답변1
  + [728] ntt=25360 (13071) [자동차세] 사실상 멸실 차량 인정가능 여부 - 연구용으로 사용되는 . / 답변1
  + [729] ntt=25359 (13070) [재산세] 재산세 분납시 분납 금액 / 답변4
  + [730] ntt=25356 (13069) [지방세징수법] 상속인의 취득세 체납시 체납처분 방법 문의 / 답변4
  + [731] ntt=25355 (13068) [취득세] 지점 해당 여부 문의 / 답변1
  + [732] ntt=25354 (13067) [취득세] 명의신탁해지로 인한 취득신고시 / 답변1
  + [733] ntt=25350 (13066) [취득세] 같은 주소지에 세대분리 1세대 4주택 주택수 계산법 문의 / 답변1
  + [734] ntt=25346 (13065) [취득세] 임대주택을 등록하고 취득세 감면받은후 4년(민간단기)이내. / 답변2
  + [735] ntt=25345 (13064) [취득세] 공장 취득세 질문 / 답변2
  + [736] ntt=25344 (13063) [취득세] 상속취득세 무허가 건물 환급 관련해서  질의 드립니다 / 답변2
  + [737] ntt=25343 (13062) [취득세] 근저당권자의 채무인수 미승낙시 취득세 납세의무 성립 여부. / 답변1
  + [738] ntt=25340 (13061) [세외수입] 개인사업자 체납처분 관련 문의드려요 / 답변1
  + [739] ntt=25339 (13060) [재산세] 농어촌 주택개량으로 감면 중 농어촌 민박으로 사용 / 답변2
[page 1285 완료] 누적 신규 739건  (이 게시판 저장 총 38,413건)
  + [740] ntt=25338 (13059) [지방소득세] 지방소득세(종합) 기납부세액 관련 문의 / 답변3
  + [741] ntt=25337 (13058) [지방세징수법] 개인회생 중인 자의 자동차가 압류되었을 때, 압류를 풀어. / 답변1
  + [742] ntt=25336 (13057) [재산세] 종중에게 부과되는 재산세 과세물건 열람 / 답변2
  + [743] ntt=25335 (13056) [지방세징수법] 비상장주식 압류에 대한 질문 / 답변3
  + [744] ntt=25333 (13055) [주민세] 하숙집도 주민세 재산분 과세대상에 속할까요..? / 답변1
  + [745] ntt=25331 (13054) [취득세] 회원권 취득자료 제공 범위 문의 / 답변1
  + [746] ntt=25330 (13053) [취득세] 00마을 양로회 모정 신축감면? / 답변0
  + [747] ntt=25329 (13052) [자동차세] 폐업법인 과점주주에게 부과된 자동차세 / 답변1
  + [748] ntt=25328 (13051) [등록면허세] 영업용 건설기계 신규등록시 대여회사 기재 등록면허세 과세. / 답변5
  + [749] ntt=25327 (13050) [취득세] 신규 이륜차 취득세 관련 문의 드립니다. / 답변8
  + [750] ntt=25326 (13049) [취득세] 유상승계 차량 취득일 문의 / 답변5
  + [751] ntt=25325 (13048) [취득세] 부담부 증여 신고납부 및 등기경료후 일반 증여로 수정신고 / 답변0
  + [752] ntt=25323 (13047) [취득세] 지방세법 제10조제6항(취득가격중 90/100)인정 문의 / 답변2
  + [753] ntt=25322 (13046) [재산세] [재산세] 창업중소기업감면과 창업"벤처"중소기업감면 / 답변1
  + [754] ntt=25321 (13045) [취득세] 자동차 구조변경 간주취득? / 답변4
  + [755] ntt=25317 (13044) [취득세] 장애인차량 취득세 감면 질의드립니다. / 답변3
  + [756] ntt=25316 (13043) [자동차세] 차량 수출 말소 등록을 안 하고 지나친 경우 / 답변3
  + [757] ntt=25315 (13042) [취득세] 공유권분할 관련 질문입니다 / 답변0
  + [758] ntt=25314 (13041) [자동차세] 차량 수출 말소 등록을 안 하고 지나친 경우 / 답변1
  + [759] ntt=25313 (13040) [재산세] 다가구주택 임대사업자 건축물대장 호별 분리 기준일? / 답변2
  + [760] ntt=25312 (13039) [취득세] 자동차매매업자끼리 상품용 차량 매매 이대로 둬도 괜찬은가. / 답변9
  + [761] ntt=25310 (13038) [재산세] 토지 일부 현황 도로 비과세 / 답변1
  + [762] ntt=25308 (13037) [재산세] 대학교 기숙사에 대한 재산세 감면에 대하여 질의합니다. / 답변0
  + [763] ntt=25306 (13036) [주민세] 주민세(재산분) 부과관련입니다.(정수장) / 답변0
  + [764] ntt=25305 (13035) [취득세] 1세대 4주택에 대해서 질문 있습니다. / 답변2
  + [765] ntt=25303 (13034) [취득세] 하이브리드 차량 상속 / 답변6
  + [766] ntt=25302 (13033) [취득세] 창업중소기업 감면 / 답변1
  + [767] ntt=25299 (13032) [취득세] 묘지 공시지가 없는 경우 과표 어떻게 정하나요? / 답변3
  + [768] ntt=25298 (13031) [취득세] 법인 경매 취득시 첨부서류 문의 / 답변1
  + [769] ntt=25297 (13030) [취득세] 미등기 건물 취득세 부과 여부 문의드립니다. / 답변3
[page 1286 완료] 누적 신규 769건  (이 게시판 저장 총 38,443건)
  + [770] ntt=25296 (13029) [취득세] 임대사업자 등록후 감면받은 임대주택을 임대물건 말소후 일. / 답변2
  + [771] ntt=25295 (13028) [재산세] 착공 중단된 것으로 보이는 토지에 대해 종합합산 처리하려. / 답변2
  + [772] ntt=25293 (13027) [취득세] 어린이집 감면면 추징여부 / 답변2
  + [773] ntt=25292 (13026) [취득세] 명의신탁해지에 대한 취득세 부과문의 / 답변4
  + [774] ntt=25291 (13025) [주민세] 지자체와 위탁계약한 육아종합지원센터 주민세(재산분) 비과. / 답변0
  + [775] ntt=25290 (13024) [등록면허세] 통신판매업자 등록면허세(면허)  문의 / 답변1
  + [776] ntt=25289 (13023) [재산세] 재산세 대장상 납세의무자를 유언공증에 의하여 바꿀수 있을. / 답변1
  + [777] ntt=25287 (13022) [주민세] 주민세 재산분 인적자원이 없는 창고 과세여부 / 답변0
  + [778] ntt=25286 (13021) [취득세] 부담부 증여 시 수증인 소득증빙 / 답변2
  + [779] ntt=25285 (13020) [재산세] 병원 기숙사 관련 / 답변0
  + [780] ntt=25284 (13019) [주민세] 주민세(재산분) 면제대상의 신고의무 여부 / 답변0
  + [781] ntt=25283 (13018) [등록면허세] 등록면허세 환급 관련 문의드립니다. / 답변1
  + [782] ntt=25282 (13017) [취득세] 취득세 상속 (등기부등본상 소유자와 재산세 납부자 다른경. / 답변4
  + [783] ntt=25281 (13016) [재산세] 미등기건물 납세의무자 변경시 서류문의드립니다. / 답변2
  + [784] ntt=25277 (13015) [등록면허세] 법인 사업장 / 답변0
  + [785] ntt=25276 (13014) [기타] 지방세환급금 양도 관련(사망자 재산세 오납부/청사내부기관. / 답변3
  + [786] ntt=25274 (13013) [자동차세] 멸실사실인정 관련 문의 / 답변3
  + [787] ntt=25272 (13012) [재산세] 철도공사 소유토지 미집행감면 / 답변0
  + [788] ntt=25270 (13011) [지방세징수법] 공매 배분 시 미 압류된 교부청구 건 배분 여부 / 답변4
  + [789] ntt=25267 (13010) [재산세] 유통업무설비 내 공원부지 / 답변0
  + [790] ntt=25266 (13009) [재산세] 지방농수산물공사 소유 시설물에 대한 감면적용 문의입니다. / 답변1
  + [791] ntt=25264 (13008) [자동차세] 장애인, 국가유공자 등 / 답변3
  + [792] ntt=25263 (13007) [재산세] 세 부담의 상한 / 답변2
  + [793] ntt=25262 (13006) [재산세] 납부기한 연장 관련입니다. / 답변2
  + [794] ntt=25261 (13005) [취득세] 인지세  포함 여부 / 답변2
  + [795] ntt=25260 (13004) [재산세] 임대사업자 재산세 감면 질문입니다. / 답변0
  + [796] ntt=25258 (13003) [지방세징수법] 당해세 지번 분할 한 것 질문드려요 / 답변2
  + [797] ntt=25257 (13002) [취득세] 부담부증여 질의 / 답변3
  + [798] ntt=25255 (13001) [재산세] 산업단지내의 일부 미사용 토지에 대한 재산세 과세대상 구. / 답변3
  + [799] ntt=25252 (13000) [취득세] 인입비는 취득세 과세대상인가요? / 답변3
[page 1287 완료] 누적 신규 799건  (이 게시판 저장 총 38,473건)
  + [800] ntt=25251 (12999) [취득세] 경차의 구조변경관련 문의? / 답변2
  + [801] ntt=25250 (12998) [취득세] 장애인감면 공동명의 / 답변3
  + [802] ntt=25248 (12997) [취득세] 기계장비의 구조변경 문의? / 답변4
  + [803] ntt=25247 (12996) [취득세] 과소신고 가산세 부과후 경정된 경우 가산세 전액환부 가능. / 답변1
  + [804] ntt=25246 (12995) [취득세] 농업회사법인 감면 질문입니다.(19년11월설립) / 답변3
  + [805] ntt=25245 (12994) [취득세] 부담부  취득 / 답변2
  + [806] ntt=25244 (12993) [등록면허세] 등록세, 동일 등기소의 지점폐쇄후 본점주소지 이전시 문의 / 답변0
  + [807] ntt=25243 (12992) [주민세] 인테리어 공사중일 때 주민세 재산분 과세대상인가요? / 답변2
  + [808] ntt=25239 (12991) [지방세징수법] 공탁금 압류 경합 시 배분 순위 / 답변6
    [retry 1/3] ReadTimeout
  + [809] ntt=25238 (12990) [재산세] 종합토지세 세액계산 관련 질의 남깁니다. / 답변2
  + [810] ntt=25237 (12989) [취득세] 이륜자동차 신고가액 불인정에 대한 법적 근거는 존재하는가. / 답변16
  + [811] ntt=25236 (12988) [등록면허세] 총포소지허가 면허세 질문드립니다. / 답변1
  + [812] ntt=25234 (12987) [재산세] 과세기준일 이후 착공신고 별도합산 적용여부 / 답변2
  + [813] ntt=25233 (12986) [취득세] 본인소유&경락 / 답변3
  + [814] ntt=25232 (12985) [재산세] 건축물 시가표준액 수시조정 / 답변3
  + [815] ntt=25231 (12984) [취득세] 곤충사육업(동애등애)이 영농에 들어가는지 여부 / 답변2
  + [816] ntt=25230 (12983) [취득세] 축산업협동조합 고유목적 감면 신청시 필요서류 문의 / 답변0
  + [817] ntt=25229 (12982) [주민세] 주민세(균등분) 과세대상 여부 질의 / 답변1
  + [818] ntt=25228 (12981) [취득세] 창업중소기업 감면 추징 문의 / 답변3
  + [819] ntt=25227 (12980) [취득세] 감면 자동차 새차 구입후 소유권 이전 (게시판 문의) / 답변6
  + [820] ntt=25225 (12979) [재산세] 재산세(토지) 분리과세 여부 / 답변3
  + [821] ntt=25224 (12978) [취득세] 차량 취득세 신고서류 보관기간... / 답변6
  + [822] ntt=25223 (12977) [세외수입] 차량 과태료 관련 문의 / 답변2
  + [823] ntt=25220 (12976) [취득세] 영업용/비영업용 차량잔가율 적용 어떻게 하시나요? / 답변6
  + [824] ntt=25219 (12975) [재산세] 국적상실자에 대한 재산세 부과 시 납세번호 설정 문의 / 답변1
  + [825] ntt=25217 (12974) [재산세] 주택 구분 / 답변1
  + [826] ntt=25216 (12973) [취득세] 임대사업자 관련 질문 드립니다. / 답변3
  + [827] ntt=25215 (12972) [세외수입] 국세 환급금 압류 및 추심 관련 / 답변2
  + [828] ntt=25214 (12971) [등록면허세] 어선등록 및 선적증서교부 / 답변0
  + [829] ntt=25213 (12970) [주민세] 주민세(개인균등분) / 답변3
[page 1288 완료] 누적 신규 829건  (이 게시판 저장 총 38,503건)
  + [830] ntt=25212 (12969) [지방세징수법] 출자자의 제2차 납세의무 관련 특수관계 문의 / 답변4
  + [831] ntt=25211 (12968) [재산세] 법원의 조정조서로써 재산세 납세의무자 변경가능한지요. / 답변1
  + [832] ntt=25210 (12967) [취득세] 다수의 감면을 적용받을 수 있는데 감면 요건 중 한가지를. / 답변2
  + [833] ntt=25209 (12966) [취득세] 농어촌민박업 1가구 4주택 세율 적용여부 / 답변2
  + [834] ntt=25207 (12965) [재산세] 일반건축물 시가표준액이 시가보다 높다고 이의제기할 경우 . / 답변3
  + [835] ntt=25206 (12964) [재산세] 미등기건물 재산세 납세의무자 문의 / 답변1
  + [836] ntt=25204 (12963) [재산세] 납기연장 관련 입니다. / 답변1
  + [837] ntt=25202 (12962) [취득세] 비영리단체 및 종교단체 등 차량 등록시 취득세 납세자... / 답변5
  + [838] ntt=25201 (12961) [기타] 지방세 환급가산금 기산일 / 답변2
  + [839] ntt=25199 (12960) [취득세] 개발행위 지목변경 관련 질의입니다. / 답변1
  + [840] ntt=25197 (12959) [취득세] 신축건물 인테리어 시기 / 답변2
  + [841] ntt=25195 (12958) [주민세] 아파트입주자대표회의가 주민세(법인균등) 과세대상인지? / 답변0
  + [842] ntt=25194 (12957) [재산세] 재산세(토지)미상속부동산 직권등재 / 답변2
  + [843] ntt=25193 (12956) [취득세] 상속개시 후 경매 이전된 부동산에 대한 상속인의 (구)등. / 답변1
  + [844] ntt=25192 (12955) [재산세] (재질의) 상속 한정승인 후 재산세 납세자에서 벗어나려면 / 답변1
  + [845] ntt=25191 (12954) [취득세] 이륜자동차 과표문의 / 답변4
  + [846] ntt=25190 (12953) [지방세징수법] 범칙사건조사 고발관련 과태료의 금상당액 상한규정 적용 여. / 답변3
  + [847] ntt=25189 (12952) [자동차세] 장애인사후감면신청 / 답변1
  + [848] ntt=25188 (12951) [재산세] 제조업소 근린생활시설이 건축 중인 경우 / 답변1
  + [849] ntt=25186 (12950) [주민세] 납부기한연장에 대해서 문의드립니다. / 답변1
  + [850] ntt=25185 (12949) [취득세] 차량 구조변경에 따른 차종변경 문의 / 답변1
  + [851] ntt=25183 (12948) [취득세] 부동산 유상거래의 취득세 신고 납부시 가족 관계 증명서 . / 답변4
  + [852] ntt=25181 (12947) [취득세] 토지개발사업으로 인한 토지 취득일 기준 / 답변0
  + [853] ntt=25180 (12946) [지방세징수법] 급여채권 압류제한 금액 기준 / 답변5
  + [854] ntt=25175 (12945) [취득세] 임대사업자 임대의무기간 내 매각에 해당되는 사례인지 문의. / 답변5
  + [855] ntt=25173 (12944) [지방세징수법] 교회건물이 유예기간내 매각되어 추징한 경우 매각대금 추적 / 답변5
  + [856] ntt=25170 (12943) [자동차세] 장애인 감면 자동차세 대체취득 문의 / 답변3
  + [857] ntt=25169 (12942) [등록면허세] 동산에 대한 담보권 등기시 납세지? / 답변4
  + [858] ntt=25168 (12941) [취득세] 4주택 여부(현황 상 사무실) / 답변3
  + [859] ntt=25166 (12940) [재산세] 재산세 관련 질문입니다. / 답변1
[page 1289 완료] 누적 신규 859건  (이 게시판 저장 총 38,533건)
  + [860] ntt=25165 (12939) [취득세] 20년 세법개정안 자료 라네요~~~ / 답변9
  + [861] ntt=25163 (12938) [취득세] 오늘 세법 개정안 발표예정이라는데 어찌 준비하고 계신지요. / 답변3
  + [862] ntt=25162 (12937) [취득세] 장애인 차량취득세 감면에서요 / 답변6
  + [863] ntt=25160 (12936) [취득세] 기업물적분할에 따른 감면후 폐업시 추징 / 답변2
  + [864] ntt=25159 (12935) [지방세징수법] 차량공매시 징수촉탁 수수료 문의 / 답변4
  + [865] ntt=25158 (12934) [취득세] 건축물 대장과 재산세대장이 다를 경우 취득세 부과를 어떤. / 답변4
  + [866] ntt=25156 (12933) [지방소득세] 개인지방소득세 가산세 / 답변1
  + [867] ntt=25155 (12932) [지방세징수법] 출자자의 2차 납세의무자 지정 제척기한 / 답변2
  + [868] ntt=25154 (12931) [주민세] 주민세(재산분) 과세대상 질문입니다 / 답변2
  + [869] ntt=25153 (12930) [재산세] 문중 관련 고지서 발송지 관리 어떻게 하고 계신가요? / 답변2
  + [870] ntt=25151 (12929) [주민세] 주민세(법인균등분)과세대상 여부문의 / 답변4
  + [871] ntt=25149 (12928) [취득세] 구조변경 과세대상 맞나요 ? / 답변2
  + [872] ntt=25146 (12927) [등록면허세] 통신판매업 간이과세자 면허세 질문 / 답변2
  + [873] ntt=25145 (12926) [취득세] 최소납부제 아리송해요 / 답변3
  + [874] ntt=25144 (12925) [주민세] 재산분 주민세 과세대상 / 답변3
  + [875] ntt=25141 (12924) [취득세] 집합투자증권 판매 수수료 취득가격 포함 제외 / 답변1
  + [876] ntt=25139 (12923) [취득세] 지목변경 감면문의 / 답변2
  + [877] ntt=25138 (12922) [취득세] 시험연구용 차량 취득세 관련입니다. / 답변2
  + [878] ntt=25137 (12921) [주민세] 주민세(재산분) 오염물질 배출사업소 중과 관련 질의 드려. / 답변3
  + [879] ntt=25136 (12920) [주민세] 주민세(재산분) 문의드립니다_ 상주인원 없는 사업소 / 답변0
  + [880] ntt=25135 (12919) [재산세] 거소지 신청 / 답변7
  + [881] ntt=25134 (12918) [등록면허세] 통신판매업 간이과세자 면허세 질문 / 답변1
  + [882] ntt=25132 (12917) [등록면허세] 통신판매업 간이과세자 면허세 질문 / 답변0
  + [883] ntt=25131 (12916) [등록면허세] 통신판매업 간이과세자 면허세 질문 / 답변1
  + [884] ntt=25130 (12915) [취득세] 화물차에 얹어쓰는 캠퍼도 구조변경 취득세 대상인지.. / 답변0
  + [885] ntt=25127 (12914) [재산세] 재산세(건축물분) 분납시 지역자원시설세는 분납이 안되는 . / 답변3
  + [886] ntt=25126 (12913) [재산세] 무허가 건축물 용도가 불분명할 경우 / 답변1
  + [887] ntt=25125 (12912) [취득세] 차량 구조변경 취득세 관련 / 답변3
  + [888] ntt=25124 (12911) [취득세] 임대사업자 토지 취득세 감면 / 답변1
  + [889] ntt=25122 (12910) [지방세징수법] 제2차 납세의무 지정은 언제까지? / 답변2
[page 1290 완료] 누적 신규 889건  (이 게시판 저장 총 38,563건)
  + [890] ntt=25120 (12909) [취득세] 전업농어가주택 농특세 비과세 / 답변1
  + [891] ntt=25119 (12908) [재산세] 신탁재산 관련 문의드립니다. / 답변0
  + [892] ntt=25118 (12907) [재산세] 재산세(건물) / 답변0
  + [893] ntt=25117 (12906) [주민세] 주민세 재산분( 실제 가동하는 오물처리시설 및 공해방지시. / 답변1
  + [894] ntt=25116 (12905) [취득세] 천재지변등 대체취득분 추징배제규정 / 답변3
  + [895] ntt=25115 (12904) [주민세] 1년이상 계속하여 휴업하고 있는 자 / 답변1
  + [896] ntt=25114 (12903) [취득세] 임대주택 감면 최초분양 관련 / 답변4
  + [897] ntt=25113 (12902) [지방소득세] 지방소득세 특별징수분 국세청통보자료 대사작업 관련해 문의. / 답변1
  + [898] ntt=25112 (12901) [주민세] 주민세 재산분..하나 더 여쭙습니다..ㅠㅜ / 답변2
  + [899] ntt=25111 (12900) [자동차세] 장애인 사후감면신청 관련 / 답변1
  + [900] ntt=25110 (12899) [주민세] 하수처리장 -재산분 주민세 / 답변3
  + [901] ntt=25109 (12898) [재산세] 주택 재고지 과세표준액 / 답변2
  + [902] ntt=25108 (12897) [취득세] 주택 3채를 동시에 상속받으면 1가구 1주택 적용 가능한. / 답변3
  + [903] ntt=25107 (12896) [취득세] 상속자경농민감면  농촌진흥지역 계산시 궁굼한점 질의합니다 / 답변3
  + [904] ntt=25106 (12895) [지방소득세] 지방소득세 특별징수 가산세에 대해 간단한 문의 드립니다. / 답변1
  + [905] ntt=25105 (12894) [재산세] 사실상 빈집일 경우에도 주택으로 과세가 가능한지 / 답변2
  + [906] ntt=25103 (12893) [취득세] 당초 50조 종교단체 감면 받았으나 이후 20조에 따른 . / 답변3
  + [907] ntt=25102 (12892) [취득세] 태양광발전시설 부지 취득시 과표 계산 문의 / 답변1
  + [908] ntt=25101 (12891) [취득세] 기신고한 가설건축물을 일반건축신고했을 때 취득세 / 답변1
  + [909] ntt=25100 (12890) [재산세] 상속재산 파산선고 받은 자의 재산세 납세의무 / 답변2
  + [910] ntt=25096 (12889) [지방소득세] 세무서에서 추징하는 경우 / 답변1
  + [911] ntt=25095 (12888) [등록면허세] 지방세법 예규 26-1 이거 이상하다고 생각되지 않나요? / 답변6
  + [912] ntt=25094 (12887) [등록면허세] 면허분 등록면허세 관련입니다 / 답변1
  + [913] ntt=25093 (12886) [기타] 취득과표와 양도소득세 관련.. / 답변2
  + [914] ntt=25092 (12885) [세외수입] 관허사업의 제한 / 답변0
  + [915] ntt=25091 (12884) [취득세] 어린이집 감면 관련 의견부탁드립니다. / 답변3
  + [916] ntt=25090 (12883) [취득세] 차량취득세 세대분리 추징 / 답변5
  + [917] ntt=25089 (12882) [취득세] 직계존비속 간 거래 임차보증금 인수 / 답변3
  + [918] ntt=25086 (12881) [취득세] 납세자(법인,개인)  취득세 미신고시 과표 / 답변4
  + [919] ntt=25084 (12880) [지방세징수법] 급여압류 관련... / 답변3
[page 1291 완료] 누적 신규 919건  (이 게시판 저장 총 38,593건)
  + [920] ntt=25083 (12879) [지방세징수법] 파산선고 관련 문의 / 답변2
  + [921] ntt=25082 (12878) [주민세] 재산분 재문의? / 답변0
  + [922] ntt=25081 (12877) [취득세] 차량 취득세 면세점 적용방법 / 답변13
    [retry 1/3] ReadTimeout
    [retry 2/3] ConnectTimeout
    [retry 3/3] ConnectTimeout
  + [923] ntt=25079 (12875) [지방세징수법] 신탁재산의 압류해지시 위탁자의 체납이 있다면? / 답변1
  + [924] ntt=25078 (12874) [재산세] 외국인투자기업 감면관련 문의입니다. / 답변0
  + [925] ntt=25077 (12873) [기타] 환급관련해서 / 답변3
  + [926] ntt=25076 (12872) [취득세] 토지수용 감면 관련 문의입니다. / 답변2
  + [927] ntt=25075 (12871) [지방세징수법] 가택수색 법적 근거는 무엇인가요? / 답변2
  + [928] ntt=25074 (12870) [재산세] 납기연장 관련입니다. / 답변3
  + [929] ntt=25071 (12869) [지방소득세] 특별징수분 지방소득세 환급가산금 문의 / 답변2
  + [930] ntt=25070 (12868) [지방소득세] 미환류법인세에 대한 법인지방소득세 가산세 감면 적용 여부 / 답변0
  + [931] ntt=25069 (12867) [취득세] 공동 -1인 상속분할협의 됐을때 / 답변2
  + [932] ntt=25068 (12866) [주민세] 재산분 문의 / 답변1
  + [933] ntt=25067 (12865) [취득세] 철거중인 건축물 주택적용 기준시점 / 답변1
  + [934] ntt=25066 (12864) [취득세] 다가구주택 필로티 부분 시가표준액 감사율 적용 / 답변5
  + [935] ntt=25065 (12863) [취득세] 원시취득(주택) 개인 과세표준 적용 문의(신고가액 VS . / 답변5
  + [936] ntt=25064 (12862) [주민세] 주민세 과세여부  강당~ / 답변1
  + [937] ntt=25059 (12861) [취득세] 농특세 비과세 문의합니다(토지면적 7배 이상) / 답변5
  + [938] ntt=25058 (12860) [주민세] 옥외크레인 및 실내 크레인 과세면적 포함 여부. / 답변1
  + [939] ntt=25056 (12859) [취득세] 등록세 관련입니다. / 답변4
  + [940] ntt=25055 (12858) [취득세] 태양광 설치시 취득세 과세여부 문의 / 답변1
  + [941] ntt=25054 (12857) [지방세징수법] 예금압류는 추심 후 추심이 안 될 경우에 바로 해제해야 . / 답변4
  + [942] ntt=25053 (12856) [재산세] 어린이집 감면 적용 / 답변1
  + [943] ntt=25050 (12855) [지방세징수법] 국민신문고관련(법인의 체납액 열람요청) / 답변2
  + [944] ntt=25049 (12854) [재산세] 건축물대장 없는 등기 된 건축물 / 답변3
  + [945] ntt=25047 (12853) [취득세] 저녹스 보일러 취득세 과세 대상? / 답변2
  + [946] ntt=25046 (12852) [주민세] 주민세(법인균등) 문의 / 답변1
  + [947] ntt=25045 (12851) [취득세] 창업중소기업 감면(종전의 사업에 사용되던 자산을 매입하여. / 답변2
  + [948] ntt=25044 (12850) [재산세] 마을회.. / 답변3
[page 1292 완료] 누적 신규 948건  (이 게시판 저장 총 38,622건)
  + [949] ntt=25043 (12849) [자동차세] 도난차량 비과세에 대한 해석 문의 / 답변1
  + [950] ntt=25040 (12848) [지방세징수법] 매출채권 압류 중에 경합인 건에 대해.. / 답변2
  + [951] ntt=25038 (12847) [등록면허세] 차량의 저당권에 대한 등록면허세 과세관청은? / 답변6
  + [952] ntt=25037 (12846) [재산세] 주택담보노후연금보증 재산세 감면  개시일자 / 답변2
  + [953] ntt=25036 (12845) [취득세] 농업회사법인에 대한 감면 문의드립니다. / 답변4
  + [954] ntt=25035 (12844) [주민세] 6월 개업 개인사업장 주민세 재산분 과세여부 / 답변1
  + [955] ntt=25031 (12843) [등록면허세] 중과지역에서 102호에 본점설립 후에 103호를 추가한다. / 답변4
  + [956] ntt=25029 (12842) [지방세징수법] 예금 추심 불가 사유 / 답변5
  + [957] ntt=25027 (12841) [주민세] 주민세(재산분) 과세대상 여부 문의 / 답변1
  + [958] ntt=25026 (12840) [지방세징수법] 회생법인 압류 / 답변3
  + [959] ntt=25025 (12839) [취득세] 제3자가 유증으로 인한 취득세 신고납부 후 포기할 경우 . / 답변1
  + [960] ntt=25024 (12838) [자동차세] 세대분리 차량에 대해 자동차세를 징수하는 데 대한 근거 / 답변3
  + [961] ntt=25023 (12837) [지방소득세] 환급 주소지관련 / 답변1
  + [962] ntt=25022 (12836) [기타] 과세정보 제공  관련 문의드립니다.(비밀유지) / 답변2
  + [963] ntt=25021 (12835) [취득세] 며칠전 주택 취득세 관련해서 발표한거 관련 질문입니다~ / 답변2
  + [964] ntt=25019 (12834) [등록면허세] 수시분 등록면허세 / 답변1
  + [965] ntt=25016 (12833) [주민세] 대학 부설유치원을 대학의 고유목적 사업으로 보아 주민세 . / 답변0
  + [966] ntt=25013 (12832) [자동차세] 장애인 세대분리 문의,, / 답변2
  + [967] ntt=25012 (12831) [재산세] 한국토지주택공사 임대주택 감면 조항 관련입니다. / 답변3
  + [968] ntt=25010 (12830) [취득세] 어업권의 위치이전 / 답변0
  + [969] ntt=25008 (12829) [재산세] 상속 납세의무자 / 답변4
    [retry 1/3] ReadTimeout
  + [970] ntt=25006 (12828) [지방세징수법] 한정상속 세금, 과태료 납부 질문 / 답변2
  + [971] ntt=25005 (12827) [취득세] 장애인 감면 대체취득 문의입니다. / 답변4
  + [972] ntt=25002 (12826) [기타] 전산화 이전 등기부상 압류건에 대한 민원처리 방안은? / 답변1
  + [973] ntt=25001 (12825) [취득세] 1가구 4주택 주택수 산정 문의 / 답변2
  + [974] ntt=25000 (12824) [취득세] 법인 신축 취득세 신고시 기술지도 경비 포함 여부 문의합. / 답변3
  + [975] ntt=24998 (12823) [취득세] 취득세 감면이나 대도시 중과제외시 철거예정 건축물 감면(. / 답변5
  + [976] ntt=24995 (12822) [지방소득세] 특별징수 가산세가 면제되는 국가 및 지방자치단체의 범위. / 답변2
  + [977] ntt=24994 (12821) [취득세] 농업법인 타인 직불금 수령시 추징기산일 문의 / 답변2
  + [978] ntt=24993 (12820) [취득세] 법인 공장 신축 관련 취득세 과표해석 문의드립니다. / 답변4
[page 1293 완료] 누적 신규 978건  (이 게시판 저장 총 38,652건)
  + [979] ntt=24992 (12819) [취득세] 상속인이 납부한 취득세 환급 여부 문의 / 답변1
  + [980] ntt=24991 (12818) [자동차세] 자동차세 감액 소급적용 / 답변3
  + [981] ntt=24990 (12817) [취득세] 지목변경 취득세 지목변경 여부 관련.. / 답변2
  + [982] ntt=24989 (12816) [취득세] 지목변경 취득세 문의 / 답변5
  + [983] ntt=24988 (12815) [취득세] 지특법제73조 토지수용 대체취득감면 대상에 / 답변1
  + [984] ntt=24985 (12814) [재산세] 독립시설물 과세 여부 / 답변1
  + [985] ntt=24982 (12813) [취득세] 농지로 볼수있을까요? / 답변3
  + [986] ntt=24981 (12812) [취득세] 창업중소기업 감면 적용 가능여부 / 답변1
  + [987] ntt=24979 (12811) [재산세] 주택담보노후연금보증 재산세 감면 관련 문의입니다. / 답변2
  + [988] ntt=24978 (12810) [주민세] 위탁어린이집 관련 / 답변1
  + [989] ntt=24977 (12809) [취득세] 용도 변경된 건축물 매매 / 답변4
  + [990] ntt=24976 (12808) [취득세] 이전차량 취득세 부과시 기준가액 문의(최초등록시 신고가액. / 답변4
  + [991] ntt=24973 (12807) [재산세] 테크노파크 재산세 과세 / 답변1
  + [992] ntt=24972 (12806) [등록면허세] [면허세] 영업장 주소를 이사해서 주소가 변경되었을때 / 답변1
  + [993] ntt=24971 (12805) [취득세] 1세대 판단 시 가족의 범위 질문 / 답변3
    [retry 1/3] ReadTimeout
    [retry 2/3] ConnectTimeout
  + [994] ntt=24970 (12804) [취득세] 4주택으로 부과하는것이 맞나요? / 답변3
  + [995] ntt=24968 (12803) [재산세] 최소납부제 문의드립니다. / 답변3
  + [996] ntt=24967 (12802) [재산세] 재산세 고지서 일괄묶음 법적 근거 문의 / 답변1
  + [997] ntt=24966 (12801) [등록면허세] 농업인 / 답변2
  + [998] ntt=24964 (12800) [재산세] 미등기 상속재산에 대한 납세의무자 / 답변3
  + [999] ntt=24962 (12799) [기타] 지방세 환급이자  관련 문의 / 답변3
  + [1000] ntt=24961 (12798) [취득세] 경매낙찰 ,  기계기구와 제시외건물 포함? 미포함? / 답변4
  + [1001] ntt=24959 (12797) [지방세징수법] 2차납세의무자 지정관련하여 문의드립니다. / 답변2
  + [1002] ntt=24958 (12796) [주민세] 사업장의 범위 / 답변3
  + [1003] ntt=24957 (12795) [등록면허세] 건설기계/이륜차 번호판 분실시 등록면허세 과세 여부 / 답변3
  + [1004] ntt=24956 (12794) [취득세] 도로 지목변경 취득세 / 답변8
  + [1005] ntt=24955 (12793) [주민세] 주민세 재산분..... / 답변3
  + [1006] ntt=24954 (12792) [주민세] 직장어린이집 위탁계약인 경우 과세제외 대상 문의 / 답변1
  + [1007] ntt=24953 (12791) [지방세징수법] 사망자 차량 공매 시 배분관련 질의 / 답변2
  + [1008] ntt=24948 (12790) [세외수입] 세외수입 신용카드 매출채권 압류 추심 / 답변2
[page 1294 완료] 누적 신규 1008건  (이 게시판 저장 총 38,682건)
  + [1009] ntt=24945 (12789) [재산세] 사망자 재산에 대한 상속취득시기 문의입니다. / 답변7
  + [1010] ntt=24944 (12788) [취득세] 차량 취득세 장애인 감면 추징 부과 질문드립니다 / 답변3
  + [1011] ntt=24943 (12787) [취득세] 내력벽해체 위반건축물 취득세문의드립니다. / 답변1
    [retry 1/3] ReadTimeout
    [hard-timeout 2/3] 15s 초과 -> 재시도(스레드 포기)
  + [1012] ntt=24939 (12786) [등록면허세] 특수장소에서의 의약품 취급에 관한 지정 - 등록면허세 여. / 답변1
  + [1013] ntt=24938 (12785) [지방세징수법] 압류해제.. / 답변3
  + [1014] ntt=24937 (12784) [주민세] 백화점내의 공실 매장에 대한 과세여부 / 답변1
  + [1015] ntt=24936 (12783) [취득세] 4주택 관련해서 문의드립니다. / 답변4
  + [1016] ntt=24934 (12782) [취득세] 태양광 발전시설 취득세 과세대상 / 답변2
  + [1017] ntt=24933 (12781) [지방세징수법] 자동차 인도명령 / 답변3
  + [1018] ntt=24932 (12780) [취득세] 상속으로 인한 취득세 미신고 시, 직권과세에 대한 질문입. / 답변8
  + [1019] ntt=24931 (12779) [취득세] 건물 신축 등록시 공시지가가 없는 경우 질문입니다. / 답변2
  + [1020] ntt=24930 (12778) [취득세] 수변전설비 취득세 세율 문의 / 답변1
  + [1021] ntt=24929 (12777) [취득세] 직계존비속간에 취득시 유상세율 적용 문의입니다. / 답변1
  + [1022] ntt=24928 (12776) [취득세] 지목변경 취득세 관련 질의입니다. / 답변4
  + [1023] ntt=24927 (12775) [지방소득세] 법인지방소득세 이월세액공제 / 답변0
  + [1024] ntt=24926 (12774) [재산세] 재산세 분납 관련입니다. / 답변2
  + [1025] ntt=24925 (12773) [지방소득세] 법인지방소득세 납세지 / 답변1
  + [1026] ntt=24924 (12772) [취득세] 장애인 차량 세대분리 / 답변8
  + [1027] ntt=24923 (12771) [재산세] 유흥주점 지역자원시설세 / 답변2
  + [1028] ntt=24922 (12770) [재산세] 납세자 지정 / 답변3
  + [1029] ntt=24921 (12769) [취득세] 산업단지 신증축 감면 / 답변2
  + [1030] ntt=24920 (12768) [재산세] 민원이 건축물 지붕만 철거했는데  이걸 건물이 없는걸로 . / 답변2
  + [1031] ntt=24919 (12767) [재산세] 지방세감면특례제한 / 답변3
  + [1032] ntt=24918 (12766) [취득세] 토지수용 보상금 중 지연가산금 인정해주나요? / 답변2
  + [1033] ntt=24917 (12765) [지방세징수법] 추심금 환급 관련입니다. / 답변1
  + [1034] ntt=24916 (12764) [취득세] 시효취득 판결에서 등기의무자가 사망하였을 경우 상속취득세. / 답변1
  + [1035] ntt=24913 (12763) [주민세] 임대 안나간 공장 주민세(재산분) 신고 대상? / 답변1
  + [1036] ntt=24912 (12762) [지방세징수법] 압류 통지서 공시송달 / 답변2
  + [1037] ntt=24911 (12761) [재산세] 준공전 사용신고가 된 공유수면 매립 토지의 재산세 부과 / 답변0
  + [1038] ntt=24910 (12760) [주민세] 재산분  시설협약 / 답변0
[page 1295 완료] 누적 신규 1038건  (이 게시판 저장 총 38,712건)
  + [1039] ntt=24908 (12759) [재산세] 증여 취소에 따른 재산세(건물) 납세자 변경 문의 / 답변3
  + [1040] ntt=24907 (12758) [취득세] 대물변제 취득세 신고시 / 답변1
  + [1041] ntt=24902 (12757) [주민세] 주민세 재산분 (부설주차장) 해당문의입니다 / 답변0
  + [1042] ntt=24901 (12756) [재산세] 제각과 일반주택 세금의 차이점을 알고 싶습니다. / 답변1
  + [1043] ntt=24900 (12755) [주민세] 지자체 산하 재단의 도서관은 주민세(재산분) 과세대상인가. / 답변0
  + [1044] ntt=24899 (12754) [취득세] 골프장 골프관리장비가 취득세 과세대상이 되는지 문의드립니. / 답변1
  + [1045] ntt=24898 (12753) [취득세] 토지수용에 따른 대체취득 감면시 연부취득시 감면 가능 기. / 답변1
  + [1046] ntt=24897 (12752) [취득세] 장애인 자동차 취득세 직권감면 가능여부 / 답변3
  + [1047] ntt=24895 (12751) [기타] 지방세 세목별 과세증명 미성년자 과세내역 발급 증빙 문의 / 답변4
  + [1048] ntt=24894 (12750) [취득세] 장애인 차량 추징관련입니다. / 답변4
  + [1049] ntt=24893 (12749) [취득세] 선등기 가산세(농특세) 문의드려요 / 답변1
  + [1050] ntt=24891 (12748) [취득세] 지목이 답인 토지에 퇴비사, 퇴비저장소만 건축한 경우 지. / 답변1
  + [1051] ntt=24890 (12747) [주민세] 주민세(재산분) 직장어린이집 확인방법 / 답변2
  + [1052] ntt=24886 (12746) [등록면허세] 건축면허 신고시 의제면허관련 입니다. / 답변1
  + [1053] ntt=24885 (12745) [취득세] 농업인 부모가 계신 면지역으로 전입한 귀농인 감면 관련질. / 답변0
  + [1054] ntt=24884 (12744) [주민세] 아파트 건축현장 사업소의 경우 주민세(재산분) 면적계산 / 답변1
  + [1055] ntt=24883 (12743) [재산세] 재산세 종교감면 공동명의일 경우, 어떻게 되나요? / 답변2
  + [1056] ntt=24879 (12742) [재산세] 소하천예정지, 재산세 감면 가능한가요? / 답변1
  + [1057] ntt=24878 (12741) [재산세] 어린이집 감면 관련 / 답변3
  + [1058] ntt=24876 (12740) [취득세] 상속취득세 취득일자 문의입니다.(한정상속) / 답변3
  + [1059] ntt=24875 (12739) [지방세징수법] 압류해제일, 압류해제 원인일과 결손시효 질문 / 답변2
  + [1060] ntt=24873 (12738) [취득세] 타시군에서는 농지전용허가 .. 농지세율로? / 답변3
  + [1061] ntt=24872 (12737) [취득세] 다자녀 감면 요건 / 답변3
  + [1062] ntt=24871 (12736) [취득세] 농업협동조합에서 고유업무 직접사용 부동산 관련 감면질의 / 답변2
  + [1063] ntt=24870 (12735) [취득세] 차량 구조변경 시가표준액이 없는 경우 / 답변2
  + [1064] ntt=24869 (12734) [취득세] 차량 미신고 상속 추징 관련... / 답변4
  + [1065] ntt=24868 (12733) [취득세] 자경농민 비과세감면 추징 관련 문의 / 답변2
  + [1066] ntt=24866 (12732) [주민세] 임대사업자도 주민세(재산분) 납세의무자인가요? / 답변2
  + [1067] ntt=24864 (12731) [등록면허세] 지방세법 제26조에 관하여 / 답변4
  + [1068] ntt=24863 (12730) [재산세] 주택건설사업용(근린생활시설, 복리시설 등 포함) 토지 면. / 답변0
[page 1296 완료] 누적 신규 1068건  (이 게시판 저장 총 38,742건)
    [retry 1/3] ReadTimeout
  + [1069] ntt=24862 (12729) [등록면허세] [면허세] 액화석유가스집단공급사업 면허에 대해서 질문드립. / 답변1
  + [1070] ntt=24861 (12728) [취득세] 산업단지 연부연납 하다가  회사명 변경 하였다면? / 답변1
  + [1071] ntt=24860 (12727) [재산세] 재산세 납세의무자 문의드립니다.. / 답변3
  + [1072] ntt=24859 (12726) [취득세] 다자녀, 국가유공자 감면요건에 모두 해당되는 경우 차량 . / 답변5
  + [1073] ntt=24858 (12725) [취득세] 배우자및직계존비속간 취득관련 문의 / 답변4
  + [1074] ntt=24857 (12724) [주민세] 주민세(재산분) 국공립 유치원 / 답변0
  + [1075] ntt=24850 (12723) [주민세] 재산분 납세대상 확인 / 답변2
  + [1076] ntt=24849 (12722) [자동차세] 자동차세 장애인,국가유공자 감면 관련 문의 / 답변6
  + [1077] ntt=24848 (12721) [취득세] 차량(취득세) 추징시 추징사유 발생일 문의드립니다 / 답변1
  + [1078] ntt=24847 (12720) [취득세] 지목변경 취득세 부과시 / 답변3
  + [1079] ntt=24846 (12719) [취득세] 본점, 지점 중과세 문의 / 답변1
  + [1080] ntt=24841 (12718) [재산세] 최소납부제  관련입니다. / 답변3
  + [1081] ntt=24840 (12717) [재산세] 재산세 재개발 가지번 공시지가 관련 질문입니다. / 답변2
  + [1082] ntt=24839 (12716) [기타] 각 기초자치단체 감면 조례 관련 문의드립니다. (종교단체. / 답변1
  + [1083] ntt=24837 (12715) [재산세] 재산세 납세의무자 문의드립니다. / 답변3
  + [1084] ntt=24835 (12714) [자동차세] 국가유공자 유족 감면 문의 / 답변2
  + [1085] ntt=24834 (12713) [지방소득세] 공시송달 말이죠... / 답변7
  + [1086] ntt=24833 (12712) [지방소득세] 부과제척기간이 정확히 5년인가요? / 답변4
  + [1087] ntt=24830 (12711) [지방세징수법] 신탁원부 발급시 관련근거 / 답변2
  + [1088] ntt=24829 (12710) [재산세] 징수유예 관련입니다. / 답변1
  + [1089] ntt=24828 (12709) [기타] 고지서 착오납부 / 답변7
  + [1090] ntt=24827 (12708) [기타] 지방세환급금 지급통지서? / 답변5
  + [1091] ntt=24825 (12707) [재산세] 별장 관련 문의입니다. / 답변0
  + [1092] ntt=24824 (12706) [취득세] 2011년 이전에는 건축취득세 4%였었나요? / 답변2
  + [1093] ntt=24823 (12705) [주민세] 주민세(재산분) 과세대상 여부 문의드립니다 / 답변1
  + [1094] ntt=24822 (12704) [취득세] 구조변경 취득세(중고 냉동탑) 문의드려요 / 답변0
  + [1095] ntt=24819 (12703) [지방세징수법] 예금 추심 시 수수료 부담 / 답변7
    [retry 1/3] ReadTimeout
  + [1096] ntt=24818 (12702) [재산세] 가설건축물 문의 / 답변3
  + [1097] ntt=24817 (12701) [주민세] 주민세 재산분 과세대상 여부 / 답변0
  + [1098] ntt=24816 (12700) [취득세] 용도변경 취득세 과세 방법 문의합니다. / 답변3
[page 1297 완료] 누적 신규 1098건  (이 게시판 저장 총 38,772건)
  + [1099] ntt=24815 (12699) [재산세] 지역자원시설세 문의드립니다. / 답변3
  + [1100] ntt=24812 (12698) [자동차세] 감면차량에 대한 질의 / 답변8
  + [1101] ntt=24810 (12697) [취득세] 과점주주 문의합니다 / 답변5
  + [1102] ntt=24809 (12696) [취득세] 위반 건축물 이행강제금 부과대상 등록세 과세 관련 / 답변2
  + [1103] ntt=24808 (12695) [취득세] 차량 취득세 대체취득 관련 질의 / 답변4
  + [1104] ntt=24806 (12694) [지방소득세] 지방소득세는 징수유예가 없는데... / 답변3
  + [1105] ntt=24805 (12693) [지방소득세] 법인지방소득세 안분문의 / 답변2
  + [1106] ntt=24802 (12692) [취득세] 무료노인복지시설 감면 문의(1% 소유권 이전-증여) / 답변1
  + [1107] ntt=24801 (12691) [취득세] 기한후신고(가산세50%감면) 후 미납, 수시분 부과시 가. / 답변4
  + [1108] ntt=24798 (12690) [지방세징수법] 법원 공탁금 조회 요청 / 답변2
  + [1109] ntt=24796 (12689) [재산세] 리모델링중인 종교시설 감면적용 / 답변3
  + [1110] ntt=24795 (12688) [취득세] 토지와 건물을 취득한 후 기존의 건물을 철거하여 신축하는. / 답변3
  + [1111] ntt=24794 (12687) [지방소득세] 법인지방소득세 신고납부 / 답변1
  + [1112] ntt=24792 (12686) [지방소득세] 지방소득세(종합소득분) 결손금소급공제 / 답변0
  + [1113] ntt=24791 (12685) [등록면허세] 무단증축분 등록면허세 / 답변4
  + [1114] ntt=24790 (12684) [취득세] 주택 유상거래 세율 적용시 주택수 산정시 별장 포함여부 / 답변2
  + [1115] ntt=24788 (12683) [재산세] 주택 건물 시가표준액 구하는 방법 / 답변4
  + [1116] ntt=24787 (12682) [등록면허세] 등록면허세(면허) 문의 / 답변2
  + [1117] ntt=24785 (12681) [취득세] 인접한 두 토지의 지적정리로 인해 구획이 조금 바뀌게될 . / 답변1
  + [1118] ntt=24782 (12680) [취득세] 최초과점주주 비율 / 답변2
  + [1119] ntt=24780 (12679) [취득세] 차량 취득세 문의드립니다. / 답변5
  + [1120] ntt=24779 (12678) [지방세징수법] 위장 이혼에 대한 체납징수 / 답변5
  + [1121] ntt=24773 (12677) [등록면허세] 민간임대주택 임대사업자 등록면허세(면허) / 답변1
    [retry 1/3] ReadTimeout
  + [1122] ntt=24772 (12676) [취득세] 가등기로 인한 본등기 시 취득시기 및 과세표준 질의 / 답변2
  + [1123] ntt=24770 (12675) [취득세] 법인 취득세 환급? 경정청구? / 답변1
  + [1124] ntt=24769 (12674) [취득세] 토지수용 대체취득 한 후 보상금 추가로 받은 경우 문의 / 답변0
  + [1125] ntt=24767 (12673) [취득세] 창업중소기업 감면 추징건이나 법인폐업 및 경매진행중인 경. / 답변1
  + [1126] ntt=24766 (12672) [취득세] 법인 취득세 환급? 경정청구? / 답변0
  + [1127] ntt=24762 (12671) [취득세] 장애인 차량 대체취득 감면 관련입니다. / 답변5
  + [1128] ntt=24761 (12670) [지방세징수법] 국세환급금 압류시 '20년6월 정기분 자동차세 체납액 포. / 답변4
[page 1298 완료] 누적 신규 1128건  (이 게시판 저장 총 38,802건)
  + [1129] ntt=24760 (12669) [취득세] 양도담보에 대하여 / 답변0
  + [1130] ntt=24759 (12668) [취득세] 법인 취득세 환급? 경정청구? / 답변2
  + [1131] ntt=24758 (12667) [주민세] 주민세(재산분)-직장어린이집,구내식당 등 / 답변0
  + [1132] ntt=24756 (12666) [취득세] 한 가구 장애인 두명인 경우 비장애인 명의 중복시 차량 . / 답변6
  + [1133] ntt=24755 (12665) [지방세징수법] 예금압류, 급여압류를 하면서 든 의문점. / 답변3
  + [1134] ntt=24754 (12664) [주민세] 크라샤 바닥면적 / 답변0
  + [1135] ntt=24752 (12663) [취득세] 지특법 31조 1항 관련입니다. (임대주택사업자) / 답변1
  + [1136] ntt=24750 (12662) [취득세] 취득세 물건지 등기가 다른경우 상속인을 누구로 지정해야 . / 답변2
  + [1137] ntt=24748 (12661) [자동차세] 자동차세 장애인 감면 문의 / 답변3
  + [1138] ntt=24747 (12660) [재산세] 정기분 지방세 부과시  주민등록 전산정보자료 어떻게 받으. / 답변5
  + [1139] ntt=24746 (12659) [취득세] 재산관리인 취득세 관련 질의드립니다. / 답변1
  + [1140] ntt=24745 (12658) [등록면허세] 도로점용 면허세 / 답변3
  + [1141] ntt=24744 (12657) [취득세] 차량 취득세 장애인 대체취득 및 추징 / 답변7
  + [1142] ntt=24743 (12656) [지방세징수법] 압류통지서 송달 / 답변7
  + [1143] ntt=24742 (12655) [재산세] 취득신고시 제출한 계약서상 잔금지급일과 실제 잔금일이 다. / 답변4
  + [1144] ntt=24741 (12654) [재산세] 상속개시된 미등기건물 법정지분 상속 시 재산세 납세의무자. / 답변1
  + [1145] ntt=24740 (12653) [주민세] 주민세 (재산분) 질문 / 답변1
  + [1146] ntt=24739 (12652) [주민세] <주민세 재산분>주차타워 연면적은 어떻게 계산하나요? / 답변2
  + [1147] ntt=24738 (12651) [취득세] 법원판결에 의한 지입형태 건설기계 강제이전에대해서 / 답변0
  + [1148] ntt=24736 (12650) [자동차세] 자동차세 장애인 감면 대체취득 문의 / 답변2
  + [1149] ntt=24735 (12649) [취득세] 차량구조변경 면세점이하의 경우 취득세 대신 등록세로 부과. / 답변1
  + [1150] ntt=24732 (12648) [기타] 취득세/등록세 수시분 징수결의 취소 어떻게 하나요? / 답변4
  + [1151] ntt=24731 (12647) [재산세] 고속도로 영업소에 톨게이트(캐노피) 문의드립니다. / 답변0
  + [1152] ntt=24730 (12646) [취득세] 건설기계 미상속 추징 검토 어떻게 하시나요? / 답변0
  + [1153] ntt=24729 (12645) [취득세] 지점 취득세 중과문의(임대업) / 답변0
  + [1154] ntt=24728 (12644) [지방세징수법] 예금 압류시 통지서 발송여부 / 답변2
  + [1155] ntt=24727 (12643) [등록면허세] 이행강제금 부과건 제척기간 지난 경우 수시분 등록세 부과. / 답변1
  + [1156] ntt=24726 (12642) [재산세] 상속이 개시된 미등기건물 법정지분 상속 문의드립니다. / 답변2
  + [1157] ntt=24725 (12641) [취득세] 실거래 신고필증상 매매가액 수정으로 인한 취득세 경정청구 / 답변3
  + [1158] ntt=24723 (12640) [취득세] 차량 농특세 감면분 과세에 대한 문의 / 답변2
[page 1299 완료] 누적 신규 1158건  (이 게시판 저장 총 38,832건)
  + [1159] ntt=24721 (12639) [취득세] 다자녀 감면차량의 차량결함으로 대체취득시 기납부한 취득세. / 답변2
  + [1160] ntt=24720 (12638) [취득세] 자경농민 감면서류중 소득금액 증명원 / 답변1
  + [1161] ntt=24718 (12637) [등록면허세] 토지개발사업 완료 후 구지번 등기말소 및 신지번 등기에 . / 답변0
  + [1162] ntt=24717 (12636) [취득세] 감정평가금액 과표 적용 / 답변2
  + [1163] ntt=24713 (12635) [세외수입] 압류승계 차량의 세금, 과태료 관련 질문 / 답변2
  + [1164] ntt=24712 (12634) [기타] 지방세과세증명서 / 답변1
  + [1165] ntt=24710 (12633) [취득세] 차량시가표준잔가율??(이력:렌터카-자가용-매매상-개인) / 답변3
  + [1166] ntt=24709 (12632) [주민세] 재산분 수방창고 면적 비과세 여부 질문 / 답변0
  + [1167] ntt=24707 (12631) [지방세징수법] 지방세환급금 압류 및 추심 관련 문의드립니다. / 답변2
  + [1168] ntt=24706 (12630) [취득세] 재건축 임대사업자 감면 / 답변1
  + [1169] ntt=24705 (12629) [취득세] 지분별 상속시 자경농민감면 관련 질의 올립니다~~ / 답변2
  + [1170] ntt=24704 (12628) [취득세] 대체취득 감면시 종전차량 보유기간 문의 / 답변2
  + [1171] ntt=24703 (12627) [주민세] 고유목적 사용 종교단체 주민세(재산분) 신고 / 답변2
    [retry 1/3] ReadTimeout
  + [1172] ntt=24701 (12626) [취득세] 소유권보존 미등기 건물 경매.. / 답변0
  + [1173] ntt=24697 (12625) [지방세징수법] 파산관련 배당금(?) 변제금(?)을 받았습니다. / 답변1
  + [1174] ntt=24696 (12624) [지방세징수법] 예금압류를 하고나서.. / 답변4
  + [1175] ntt=24695 (12623) [취득세] 차량취득세 장애인 감면 중복 여부 / 답변2
  + [1176] ntt=24693 (12622) [취득세] 법인 지목변경 신고금액 적용 관련 문의드립니다. / 답변1
  + [1177] ntt=24692 (12621) [취득세] 지방세특례제한법 제58조의 2항 2호 법령 해석 / 답변2
  + [1178] ntt=24691 (12620) [취득세] 지목변경 취득세 세율문의 / 답변2
  + [1179] ntt=24690 (12619) [기타] 징수유예기간중 국세환급금 추심 납부 환급 / 답변0
  + [1180] ntt=24689 (12618) [주민세] 재산분 과세 제외대상 증빙자료 / 답변1
  + [1181] ntt=24687 (12617) [취득세] 차량 취득세 분할합병 관련 문의입니다 / 답변0
  + [1182] ntt=24685 (12616) [취득세] 다자녀감면 (재혼가정) 문의드려요 / 답변7
  + [1183] ntt=24684 (12615) [취득세] 차량 취득세 추징 및 자동차세 문의입니다. (국가유공자 . / 답변2
  + [1184] ntt=24680 (12614) [자동차세] 자동차세 일할계산 문의 / 답변1
    [retry 1/3] ReadTimeout
    [retry 2/3] ConnectTimeout
  + [1185] ntt=24679 (12613) [재산세] 종교단체 재산세 감면관련입니다. / 답변2
  + [1186] ntt=24677 (12612) [지방세징수법] 세무서에서 보내는 국세환급금 통지서 보관들 하시나요? / 답변3
  + [1187] ntt=24676 (12611) [취득세] 특수관계인(부동산 취득 전 대표이사 사임) / 답변1
  + [1188] ntt=24675 (12610) [취득세] 취득세 신고납부후 신고가액 수정 / 답변3
[page 1300 완료] 누적 신규 1188건  (이 게시판 저장 총 38,862건)
    [retry 1/3] ReadTimeout
  + [1189] ntt=24674 (12609) [지방세징수법] 급여압류 문의 / 답변3
  + [1190] ntt=24673 (12608) [취득세] 법인의 가설건축물 축조에 대한 취득세를 구할 때 과세표준. / 답변1
  + [1191] ntt=24671 (12607) [취득세] 가설건축물 건축주변경신고(가설건축물 존치기간 1년이상임-. / 답변1
  + [1192] ntt=24669 (12606) [취득세] 농업법인 취득세 감면시 / 답변0
  + [1193] ntt=24668 (12605) [주민세] 주민세 (재산분) / 답변1
  + [1194] ntt=24667 (12604) [취득세] 당일 대출 시 하루치 이자 / 답변2
  + [1195] ntt=24666 (12603) [취득세] 자경농민 상속취득을 받아 상속신고 후 재분할 / 답변1
  + [1196] ntt=24665 (12602) [취득세] 임대주택(건설,매입 구분) / 답변2
  + [1197] ntt=24661 (12601) [취득세] 15년도 9월에 상속취득세 납부한것(무주택이나 그냥 납부. / 답변3
  + [1198] ntt=24660 (12600) [지방세징수법] 지방소득세(특별징수분)가 체납된 경우 충당 가능여부 / 답변2
  + [1199] ntt=24659 (12599) [주민세] 주민세(재산분)하치장관련문의입니다. / 답변0
  + [1200] ntt=24657 (12598) [지방소득세] 특별징수분 업무처리관련하여 문의드립니다. / 답변1
  + [1201] ntt=24656 (12597) [주민세] 주민세(재산분)관련해서 질문합니다. / 답변0
  + [1202] ntt=24655 (12596) [재산세] 재산세(토지)관련해서 / 답변1
  + [1203] ntt=24654 (12595) [재산세] 위탁자의 징수유예 사유로 수탁자의 징수유예 가능 여부 / 답변0
  + [1204] ntt=24653 (12594) [자동차세] 자동차세 중복 감면 / 답변4
  + [1205] ntt=24651 (12593) [주민세] 주민세 개인사업자 균등분 휴업 문의 / 답변1
  + [1206] ntt=24650 (12592) [지방세징수법] 부동산 경매 교부청구 시 미납포함... / 답변3
  + [1207] ntt=24649 (12591) [주민세] 기둥 및 지붕이 없는 유료주차장도 주민세(재산분) 사업소. / 답변0
  + [1208] ntt=24648 (12590) [지방세징수법] 체납금액 대리납부시 결손처리 부분은 결손처분 취소 하여야. / 답변2
  + [1209] ntt=24647 (12589) [취득세] 차량 취득세 담당자만 보세요 / 답변11
  + [1210] ntt=24645 (12588) [주민세] 옥상정원도 주민세(재산분) 과세대상인가요? / 답변2
  + [1211] ntt=24644 (12587) [자동차세] 자동차세 수시분 납세지 문의(세대분리 관련) / 답변2
  + [1212] ntt=24642 (12586) [취득세] 차량 취득세 세율 선택? / 답변4
  + [1213] ntt=24641 (12585) [기타] 위험물 저장 처리시설 관련 지역자원시설세 중과 및 비과세 / 답변0
  + [1214] ntt=24640 (12584) [재산세] 건설중인 임대목적 공동주택 토지분 재산세 감면 / 답변1
  + [1215] ntt=24639 (12583) [취득세] 노인복지시설 감면 사유발생일 관련 / 답변1
  + [1216] ntt=24638 (12582) [재산세] 민원인이 나대지-->주택으로 부과를 원합니다. / 답변4
  + [1217] ntt=24637 (12581) [지방세징수법] 국세환급금 압류  추심 전에 지방세 납부한 경우 처리 방. / 답변2
  + [1218] ntt=24636 (12580) [취득세] 신차 취득신고후 마이너스세금계산서 발행시 / 답변2
[page 1301 완료] 누적 신규 1218건  (이 게시판 저장 총 38,892건)
  + [1219] ntt=24635 (12579) [취득세] 다주택자 주택 교환취득 시 주택 수 계산방법 문의 / 답변2
  + [1220] ntt=24633 (12578) [취득세] 차량 구조변경(ex 캠핑카) 부과 방법 문의 합니다 / 답변2
  + [1221] ntt=24631 (12577) [지방소득세] 일용근로소득 관련 특별징수 세액 계산 문의 / 답변1
  + [1222] ntt=24629 (12576) [주민세] 주민세(재산분) 과세대상 여부 문의 / 답변1
  + [1223] ntt=24627 (12575) [재산세] 재산세 납세의무자 변동신고가 가능한 건인지 궁금합니다. / 답변3
  + [1224] ntt=24625 (12574) [세외수입] 압류된 차량이 명의변경 후 차령초과말소된 경우 납부의무는. / 답변0
  + [1225] ntt=24622 (12573) [지방세징수법] 은행, 증권사 등 압류 추심 담당부서 전화번호(연락처) . / 답변0
  + [1226] ntt=24621 (12572) [재산세] 주된 상속대상자가 이민출국자인 경우 문의 / 답변1
  + [1227] ntt=24619 (12571) [취득세] 취득과표 하자보수충당금 / 답변3
  + [1228] ntt=24618 (12570) [지방세징수법] 은행, 증권사 등 압류 추심 담당부서 전화번호(연락처) . / 답변0
  + [1229] ntt=24617 (12569) [주민세] 임대를 안주고 있고, 공실인 임대사업자의 주민세(재산분). / 답변1
  + [1230] ntt=24616 (12568) [재산세] 한국농어촌공사에 노후생황안정자금 담보농지로 제공된 농지의. / 답변1
  + [1231] ntt=24615 (12567) [취득세] 과점주주의 경제적 연관관계 여부 / 답변3
  + [1232] ntt=24614 (12566) [자동차세] 상속포기 관련 문의 / 답변4
  + [1233] ntt=24613 (12565) [취득세] 차량 취득세 문의입니다. (장애인+외국인비장애인) / 답변2
  + [1234] ntt=24612 (12564) [취득세] 지목변경(신탁회사 관련문의입니다) / 답변1
  + [1235] ntt=24609 (12563) [취득세] 장애인 감면 문의 / 답변2
  + [1236] ntt=24603 (12562) [취득세] 사유발생 신고기한 및 가산세 적용 요령 / 답변2
  + [1237] ntt=24601 (12561) [지방세징수법] 국세환급금 압류 통지서 및 압류해제 통지서 발송 문의드립. / 답변2
  + [1238] ntt=24600 (12560) [취득세] 신축시 오염물질 발견,토지매도인이 부담하기로 토지매매시 . / 답변0
  + [1239] ntt=24599 (12559) [취득세] 특수관계인 부당거래 해당여부 (A법인의 대표이사=B법인의. / 답변1
  + [1240] ntt=24598 (12558) [재산세] 산업단지개발계획으로 토지조성 후 분양받은 대지를 사실상 . / 답변0
  + [1241] ntt=24555 (12557) [재산세] 한국농어촌공사 100% 감면 토지 문의합니다 / 답변0
    [retry 1/3] ReadTimeout
    [retry 2/3] ConnectTimeout
  + [1242] ntt=24554 (12556) [취득세] 지목변경 취득세 면적변경시 계산방법 문의 / 답변2
  + [1243] ntt=24553 (12555) [주민세] 노동조합도 주민세(재산분) 납세의무자인가요? / 답변2
  + [1244] ntt=24552 (12554) [취득세] 차량 취득세 문의입니다! / 답변2
  + [1245] ntt=24547 (12553) [취득세] 장애인 챠량 감면 신청 / 답변2
  + [1246] ntt=24546 (12552) [기타] 청산종결법인의 지방세 환급건 / 답변1
  + [1247] ntt=24545 (12551) [취득세] 세목을 착오로 잘못 부과한 경우 세입정정을 해야 하는지? / 답변3
  + [1248] ntt=24544 (12550) [취득세] 우선주에서 보통주 전환시 과점주주 과세 / 답변1
[page 1302 완료] 누적 신규 1248건  (이 게시판 저장 총 38,922건)
  + [1249] ntt=24543 (12549) [취득세] 명의신탁해지 / 답변1
  + [1250] ntt=24542 (12548) [취득세] 미준공 다세대주택 사전입주 취득세 추징 / 답변3
  + [1251] ntt=24541 (12547) [자동차세] 장애인 감면 관련 문의 드립니다. / 답변2
  + [1252] ntt=24540 (12546) [취득세] 경형 화물자동차 트레일러 세율적용 문의 / 답변2
  + [1253] ntt=24538 (12545) [취득세] 장애인 공동명의 차량 취득세 감면 관련 / 답변5
  + [1254] ntt=24537 (12544) [등록면허세] 주유소 관련 등록면허세 질의 / 답변1
  + [1255] ntt=24536 (12543) [재산세] 대형화재위험건축물 지역자원시설세 3배 중과 관련 질의입니. / 답변1
  + [1256] ntt=24531 (12542) [취득세] 상속 취득세 문의(미등기 상속권자 순위 여부) / 답변4
  + [1257] ntt=24530 (12541) [취득세] 장애인 및 국가유공자 감면 사후관리 (제척기간) 문의 / 답변4
  + [1258] ntt=24528 (12540) [기타] 한국감정원 개별주택검증 수수료 문의 / 답변8
  + [1259] ntt=24525 (12539) [재산세] 길  옆에 비탈진 부분 재산세 다들 어떻게 처리하고 계신. / 답변0
  + [1260] ntt=24524 (12538) [재산세] 잔금 전 매도 건 납세의무자 문의 / 답변4
  + [1261] ntt=24523 (12537) [세외수입] 관허사업제한 대상 여부 / 답변1
  + [1262] ntt=24522 (12536) [재산세] 화재위험건축물 지역자원시설세 중과 문의입니다. / 답변2
  + [1263] ntt=24519 (12535) [주민세] 휴업중인 사업장 과세여부 / 답변5
  + [1264] ntt=24518 (12534) [재산세] 지역자원시설세 중과세 문의 / 답변1
  + [1265] ntt=24517 (12533) [등록면허세] 가축사육업 등록면허세 / 답변2
  + [1266] ntt=24516 (12532) [자동차세] 비영리단체 자동차세 문의 / 답변1
  + [1267] ntt=24515 (12531) [재산세] 아파트에서 운영하는 어린이집의 재산세 과세유형 여부 문의. / 답변1
    [retry 1/3] ReadTimeout
    [retry 2/3] ConnectTimeout
  + [1268] ntt=24514 (12530) [주민세] 주민세 재산분 면적 무변동자 신고서류 필수 여부? / 답변1
  + [1269] ntt=24513 (12529) [지방세징수법] 공탁금 압류 가능 여부 / 답변5
  + [1270] ntt=24512 (12528) [취득세] 개인간의 부동산 거래에서 신고가액을 과표로 삼을 수 있는. / 답변1
  + [1271] ntt=24510 (12527) [지방세징수법] 고질민원.... 머리가 아픕니다. / 답변6
  + [1272] ntt=24505 (12526) [취득세] 자경농민 감면 도시지역일 경우 / 답변3
  + [1273] ntt=24503 (12525) [재산세] 임시사용승인 건축물 재산세 부과 문의 / 답변2
  + [1274] ntt=24502 (12524) [취득세] 장애인 감면 세대분리로 인한 추징후 새로운 차량 감면?? / 답변7
  + [1275] ntt=24501 (12523) [지방세징수법] 자동차 1% 지분 압류, 압류해제, 공매 질의 / 답변4
  + [1276] ntt=24500 (12522) [재산세] 이전 소유자에게 재산세 수시분 부과 관련 / 답변2
  + [1277] ntt=24499 (12521) [취득세] 지입관련 질문 / 답변2
  + [1278] ntt=24496 (12520) [취득세] 17년전 상속분 취득신고 시 과세물건 현황 판단시기 문의 / 답변2
[page 1303 완료] 누적 신규 1278건  (이 게시판 저장 총 38,952건)
  + [1279] ntt=24495 (12519) [취득세] 자경농민 감면 추징 문의 / 답변1
  + [1280] ntt=24493 (12518) [취득세] 가족관계에 등록되지 않은 가족일경우 상속취득세 문의 / 답변2
  + [1281] ntt=24492 (12517) [지방세징수법] 국세환급금, 지방세환급금 추심 시 / 답변3
  + [1282] ntt=24491 (12516) [취득세] 승계조합원 과표 문의(프리미엄포함여부) / 답변2
  + [1283] ntt=24489 (12515) [취득세] 다자녀 감면 후 공동명의 추징여부 / 답변3
  + [1284] ntt=24488 (12514) [자동차세] 장애인 자동차세 감면 일자적용 질의 / 답변3
  + [1285] ntt=24487 (12513) [등록면허세] 건설기계 사용본거지 변경 등록면허세 부과 / 답변4
  + [1286] ntt=24486 (12512) [취득세] 매매용 자동차 감면 받은후 자가용으로 용도변경하는 경우 . / 답변7
  + [1287] ntt=24484 (12511) [지방세징수법] 시효소멸  종료 후 납부 / 답변2
  + [1288] ntt=24483 (12510) [지방세징수법] 국세환급금 징수 / 답변0
  + [1289] ntt=24482 (12509) [주민세] 종업원 급여총액의 월평균금액 산정기준 / 답변1
  + [1290] ntt=24481 (12508) [취득세] 자경농민 감면 시 농지의 범위 / 답변2
  + [1291] ntt=24479 (12507) [취득세] 귀농인 농지 감면시 제출받는 서류 질문합니다. / 답변3
  + [1292] ntt=24477 (12506) [취득세] 취득세 신고서 및 제출서류를  법인(종교 유지재단)이 요. / 답변1
  + [1293] ntt=24476 (12505) [취득세] 차량을 구입하고 도로에 운행을 안하는 차량에 대하여... / 답변2
  + [1294] ntt=24474 (12504) [세외수입] 도시개발법 제16조4항 中   자치단체에 징수를 위탁할수. / 답변1
  + [1295] ntt=24473 (12503) [주민세] 어린이집 주민세 재산분 과세 문의 / 답변2
  + [1296] ntt=24469 (12502) [취득세] 사용승인이 났으나 해당 법인 장부상 건설중인 자산에 대한. / 답변1
  + [1297] ntt=24464 (12501) [지방세징수법] 출자자의 제2차 납세의무와 주된 납세자의 결손 / 답변1
  + [1298] ntt=24463 (12500) [주민세] 7589상으로 폐업법인인데 법인등기부상으로는 회사계속등기. / 답변3
  + [1299] ntt=24462 (12499) [재산세] 지목변경 취득일자 및 재산세 현황과세 문의 / 답변1
  + [1300] ntt=24461 (12498) [취득세] 직계존비속간 매매-> 증여의제 관련 / 답변3
  + [1301] ntt=24460 (12497) [취득세] 등록되지 않은 캠핑용트레일러(고정식 카라반) / 답변2
  + [1302] ntt=24459 (12496) [재산세] 농어촌민박 연면적 기준 / 답변0
  + [1303] ntt=24458 (12495) [등록면허세] 위험물이동탱크저장소 상치장소 변경 / 답변1
  + [1304] ntt=24457 (12494) [주민세] 동일사업장 / 답변0
  + [1305] ntt=24456 (12493) [취득세] 이용자리스 차량 이용자사망 / 답변1
  + [1306] ntt=24453 (12492) [등록면허세] 가압류 등기시 2개 시군에 걸쳐 있는 부동산 등기에 대한. / 답변1
  + [1307] ntt=24452 (12491) [등록면허세] 굴착행위 등록면허세 / 답변1
  + [1308] ntt=24450 (12490) [재산세] 노인복지시설 직접사용 여부 문의 드립니다. / 답변1
[page 1304 완료] 누적 신규 1308건  (이 게시판 저장 총 38,982건)
  + [1309] ntt=24448 (12489) [취득세] 농지가 부분적으로 사용시 농지세율 적용여부 / 답변3
  + [1310] ntt=24447 (12488) [취득세] 취득세 세율적용 문의 / 답변1
  + [1311] ntt=24446 (12487) [재산세] 공장 중과에 대한 질의입니다 / 답변2
  + [1312] ntt=24445 (12486) [취득세] 농어촌 공사로부터 환매 취득 과표 문의 / 답변2
  + [1313] ntt=24443 (12485) [재산세] 평생교육시설에 대한 재산세 감면 관련 문의입니다. / 답변1
  + [1314] ntt=24442 (12484) [취득세] 가설건축물 취득세 부과 문의(준공일자) / 답변4
  + [1315] ntt=24441 (12483) [취득세] 취득세 경정청구 환급 / 답변3
  + [1316] ntt=24439 (12482) [등록면허세] 폐업한 사업장을 추출하는 방법에 대해서 문의 드립니다~~ / 답변3
  + [1317] ntt=24438 (12481) [취득세] 법인의증여취득문의(지방세법제10조제1항제2항제5항 관련) / 답변1
  + [1318] ntt=24436 (12480) [자동차세] 자동차세 감면 문의 / 답변4
  + [1319] ntt=24435 (12479) [지방세기본법] 자경농민의 농지 상속 취득(세율특례) 물건 매각 시 추징. / 답변3
  + [1320] ntt=24434 (12478) [재산세] 건물동 1구 합산대상 관리 / 답변2
  + [1321] ntt=24428 (12477) [취득세] 임대주택감면분 추징 / 답변1
  + [1322] ntt=24427 (12476) [취득세] 과점주주중 가설건축물 취득세  과세대상 / 답변1
  + [1323] ntt=24425 (12475) [재산세] 농업용창고부속토지 재산세 부과는 어떻게 처리하고있나요?? / 답변3
  + [1324] ntt=24424 (12474) [지방세징수법] 급여압류 방법.. / 답변3
  + [1325] ntt=24422 (12473) [재산세] 재산세 납세의무자 문의 / 답변2
  + [1326] ntt=24420 (12472) [취득세] 장애인감면에 대해서 질문있습니다.. / 답변3
  + [1327] ntt=24418 (12471) [취득세] 자경농민감면 / 답변2
  + [1328] ntt=24416 (12470) [등록면허세] 건설기계(기계장비) 대여사 변경 등록면허세 문의 / 답변1
  + [1329] ntt=24415 (12469) [자동차세] 사실상 멸실 자동차세 환급여부 문의드립니다.... / 답변7
  + [1330] ntt=24414 (12468) [취득세] 구조변경 취득세 취득일 문의 / 답변3
  + [1331] ntt=24413 (12467) [취득세] 자경농민 추징 예외사항 해당여부 / 답변1
  + [1332] ntt=24412 (12466) [취득세] 차량 장애인 대체취득 관련 질문드립니다 / 답변3
  + [1333] ntt=24410 (12465) [취득세] 어린이집 주차장으로 사용하기 위해 취득하는 토지가 감면대. / 답변2
  + [1334] ntt=24409 (12464) [재산세] 미등기 상속 재산세 납세의무자 지정 문의 / 답변6
  + [1335] ntt=24408 (12463) [취득세] 장애인 차량 대체감면후 재취득시 문의드려요.. / 답변3
  + [1336] ntt=24407 (12462) [주민세] 주민세(법인균등분) 부과대상 여부 / 답변1
  + [1337] ntt=24406 (12461) [등록면허세] 다수의 공동명의 차량 지분 이전시 등록면허세 건수 / 답변3
  + [1338] ntt=24403 (12460) [취득세] 장애인 차량 감면 추징 / 답변3
[page 1305 완료] 누적 신규 1338건  (이 게시판 저장 총 39,012건)
  + [1339] ntt=24402 (12459) [자동차세] 자동차세 장애인 감면 문의 / 답변4
  + [1340] ntt=24401 (12458) [취득세] 1가구 4주택 대상 여부 문의드려요 / 답변3
  + [1341] ntt=24400 (12457) [자동차세] 과세지역 문의 / 답변1
  + [1342] ntt=24399 (12456) [취득세] 중과제외한 주택건설사업자 추징 여부 질문 / 답변0
  + [1343] ntt=24398 (12455) [취득세] 산업단지 감면분 추징 여부 / 답변3
  + [1344] ntt=24397 (12454) [기타] 지방세 제증명 발급 문의 / 답변4
  + [1345] ntt=24395 (12453) [재산세] 재산세 과세기준일 / 답변4
  + [1346] ntt=24394 (12452) [주민세] 코로나19 위기 극복을 위한 전세대 개인균등할 주민세 감. / 답변1
  + [1347] ntt=24390 (12451) [취득세] 무허가 주택을 상속시 1가구 1주택감면여부? / 답변1
  + [1348] ntt=24389 (12450) [자동차세] 휴지등록한 건설기계에 대한 자동차세 부과 여부 / 답변0
  + [1349] ntt=24388 (12449) [재산세] 재산세 납세의무자 / 답변2
  + [1350] ntt=24384 (12448) [재산세] 신축 호텔관련 재산세 / 답변1
  + [1351] ntt=24382 (12447) [자동차세] 분할납부 문의 / 답변2
  + [1352] ntt=24381 (12446) [재산세] 노후연금보증 담보 주택 질문 / 답변1
  + [1353] ntt=24380 (12445) [취득세] 차량 취득세 다자녀 감면 질의 / 답변3
  + [1354] ntt=24378 (12444) [취득세] 자동차 매매업자 차량 취득세 신고가액 착오로 인한 환급 . / 답변3
  + [1355] ntt=24377 (12443) [등록면허세] 저당권 담보물건 추가시 등록면허세 세율 / 답변2
  + [1356] ntt=24376 (12442) [주민세] 주민세 법인균등분 관련 질의 / 답변1
  + [1357] ntt=24372 (12441) [재산세] 무허가건축물과 일반건축물이 함께 있을때 부속토지 입력 / 답변2
  + [1358] ntt=24368 (12440) [세외수입] 세외수입 체납시 제2차납세의무 지정 가능유무 / 답변0
  + [1359] ntt=24365 (12439) [취득세] 이혼에 따른 주양육자 변경 신차취득 장애인 취득세 감면 / 답변2
  + [1360] ntt=24364 (12438) [취득세] 취득신고시 매도인이 법인일경우 계정별원장 / 답변1
  + [1361] ntt=24363 (12437) [지방세징수법] 무허가 건물 압류 / 답변2
  + [1362] ntt=24362 (12436) [취득세] 건물 원시취득시 과표선정 질의(부담금 관련) / 답변1
  + [1363] ntt=24360 (12435) [지방세기본법] 농업협동조합 농기계은행사업을 위한 농기계(트랙터) 취득세. / 답변1
  + [1364] ntt=24359 (12434) [취득세] 장애인 세대분리 관련 / 답변2
  + [1365] ntt=24358 (12433) [재산세] 공동주택 관련 문의입니다. / 답변0
  + [1366] ntt=24355 (12432) [자동차세] 폐차입고 차량에 대한 자동차세 감액 문의 / 답변1
  + [1367] ntt=24354 (12431) [취득세] 가설건축물 이동 / 답변5
  + [1368] ntt=24353 (12430) [취득세] 상속이후 사해행위 취소 판결로 인한 취득일은 언제인가요? / 답변1
[page 1306 완료] 누적 신규 1368건  (이 게시판 저장 총 39,042건)
  + [1369] ntt=24352 (12429) [재산세] 임대목적 공동주택(임대아파트) 상가부분 재산세 감면 여부 / 답변0
  + [1370] ntt=24351 (12428) [취득세] 취득세 과세표준 문의 / 답변1
  + [1371] ntt=24350 (12427) [취득세] 감면 신청후 다른 조항에 적용에 따른 경정청구 / 답변1
  + [1372] ntt=24349 (12426) [취득세] 외국인이 물건 매매한 경우 받아야 할 필요 서류가 뭐가 . / 답변1
  + [1373] ntt=24348 (12425) [지방소득세] 경정결정자료 가산세 / 답변2
  + [1374] ntt=24347 (12424) [취득세] 캠핑카 다자녀 구조변경이아니라 최초로 취득할경우 감면가능. / 답변2
  + [1375] ntt=24346 (12423) [지방세기본법] 산업단지 감면분 추징 여부 / 답변1
  + [1376] ntt=24345 (12422) [자동차세] 일반 승합자 문의 / 답변2
  + [1377] ntt=24344 (12421) [등록면허세] 전기사업허가(태양광발전소) 등록면허세 문의입니다. / 답변3
  + [1378] ntt=24342 (12420) [취득세] 채권자 대위등기로 인한 상속 취득세 문의입니다. / 답변2
  + [1379] ntt=24341 (12419) [재산세] 재산세 토지 감면 적용(건축중인 토지) / 답변1
  + [1380] ntt=24340 (12418) [주민세] 주민세(재산분) 쓰레기 수거, 운반업체는 자원회수시설에 . / 답변0
  + [1381] ntt=24339 (12417) [취득세] 토지수용에서 대체취득 할 수 있는 부동산의 지역적 범위 / 답변2
  + [1382] ntt=24337 (12416) [등록면허세] 주택임대사업자등록 문의 / 답변2
  + [1383] ntt=24332 (12415) [자동차세] 주민등록 말소자에게 자동차세 을 부과 할수 있는지 / 답변0
  + [1384] ntt=24330 (12414) [취득세] 외국인 장애인 차량 취득세 감면... / 답변5
  + [1385] ntt=24329 (12413) [지방세징수법] 자동차 압류해제 시, 당월 부과분까지 압류효력이 미치나요. / 답변3
  + [1386] ntt=24324 (12412) [세외수입] 과태료의 분할납부 가능한가요? / 답변2
  + [1387] ntt=24322 (12411) [기타] 부과취소 및 환급 / 답변1
  + [1388] ntt=24321 (12410) [취득세] 교회유지재단간의 증여에 따른 취득세 추징대상 / 답변2
  + [1389] ntt=24315 (12409) [취득세] 직계존비속간 거래 중 대물변제로 인한 거래 / 답변1
  + [1390] ntt=24312 (12408) [자동차세] 모닝밴 자동차세율 질의 / 답변1
  + [1391] ntt=24311 (12407) [재산세] (지특법 제78조) 산업단지 준공 후 신탁한 토지에 대한. / 답변3
  + [1392] ntt=24310 (12406) [취득세] 유언공증에 의한 상속 문의 / 답변1
  + [1393] ntt=24308 (12405) [지방세징수법] 차량공매시 당해세간의 우선순위가 궁금합니다. / 답변1
  + [1394] ntt=24307 (12404) [지방세징수법] 체납중인 신탁회사의 과점주주에 대한 제2차 납세의무자 지. / 답변0
  + [1395] ntt=24306 (12403) [취득세] 지목변경 취득세 부과요건 - 법인인 경우 / 답변3
  + [1396] ntt=24305 (12402) [지방세징수법] 부동산 공매 후 미지급 배분금 예탁 / 답변1
  + [1397] ntt=24304 (12401) [기타] 국세환급금 추심액이 들어왔는데 그 사이에 민원인이 납부를. / 답변3
  + [1398] ntt=24302 (12400) [취득세] 신탁종료 후 추징사유 발생시 취득세 납세자 / 답변2
[page 1307 완료] 누적 신규 1398건  (이 게시판 저장 총 39,072건)
  + [1399] ntt=24300 (12399) [재산세] 지특법 35조의2 농지담보 연금 문의입니다. / 답변1
  + [1400] ntt=24299 (12398) [지방세징수법] 가압류 설정된 재산 압류에 대해서 여쭤보려합니다. / 답변0
  + [1401] ntt=24298 (12397) [취득세] 12371번 상속취득세관련 추가 질문입니다~! / 답변0
  + [1402] ntt=24295 (12396) [주민세] 주민세(재산분) / 답변3
  + [1403] ntt=24294 (12395) [기타] 환급금 기존등록된 계좌 재사용 가능 여부 (2~3년정도) / 답변5
  + [1404] ntt=24293 (12394) [취득세] 차량 구조변경 취득세 문의입니다. / 답변5
  + [1405] ntt=24292 (12393) [세외수입] 공무원 체납자 직장조회 / 답변4
  + [1406] ntt=24289 (12392) [취득세] 판결 관련 문의입니다. / 답변1
  + [1407] ntt=24287 (12391) [재산세] 주택담보노후연금보증 대상 주택 주거용오피스텔 / 답변1
  + [1408] ntt=24286 (12390) [취득세] 마을회 보존등기 (2010년건물)  ,, 등록면허세 해야. / 답변4
  + [1409] ntt=24285 (12389) [취득세] 현물출자 취득세 감면 후 매각 시 자진신고 / 답변1
  + [1410] ntt=24284 (12388) [취득세] 차량 취득세 감면(사후) 대체취득 문의 입니다. / 답변1
  + [1411] ntt=24283 (12387) [취득세] 창업중소기업 감면여부 / 답변1
  + [1412] ntt=24282 (12386) [취득세] 자경농민 일부 매각 추징 일부추징? / 답변2
  + [1413] ntt=24280 (12385) [취득세] 자경농민 취득세 감면 가, 부여부 질의 / 답변4
    [retry 1/3] ReadTimeout
  + [1414] ntt=24279 (12384) [재산세] 유흥주점과 봉사료에 대한 질문드립니다. / 답변0
  + [1415] ntt=24278 (12383) [기타] 징수유예 기간 문의 / 답변1
  + [1416] ntt=24277 (12382) [취득세] 상속물건이 공매로 넘어간 경우 상속취득세 납부 대상인지 / 답변2
  + [1417] ntt=24274 (12381) [지방세기본법] 개축관련 건축물 과표 문의 / 답변1
  + [1418] ntt=24273 (12380) [취득세] 자경농민 감면 여부 / 답변1
  + [1419] ntt=24272 (12379) [주민세] 1개의 사업소 인지 2개의 사업소인지 / 답변2
  + [1420] ntt=24271 (12378) [지방소득세] 국세확정전보전압류 / 답변0
  + [1421] ntt=24270 (12377) [취득세] 주택 교환을   주택세율 적용할수 있을지? / 답변2
  + [1422] ntt=24268 (12376) [취득세] 창업감면문의 / 답변1
  + [1423] ntt=24267 (12375) [기타] 사망자 지방세 미환급금 환부 / 답변1
  + [1424] ntt=24266 (12374) [자동차세] 장애인 감면 문의 / 답변2
  + [1425] ntt=24265 (12373) [취득세] 지목변경 취득세 소유자가 종친회 단체일때 / 답변2
  + [1426] ntt=24263 (12372) [취득세] 자경농민 취득세 감면 요건 부탁드립니다 / 답변4
  + [1427] ntt=24262 (12371) [등록면허세] 태양광발전소 면허세 / 답변2
  + [1428] ntt=24261 (12370) [재산세] 백화점 이나 대형마트 내 문화센터-평생교육법에 따른 평생. / 답변1
[page 1308 완료] 누적 신규 1428건  (이 게시판 저장 총 39,102건)
  + [1429] ntt=24260 (12369) [취득세] 상속 취득세 관련 질문있습니다. / 답변2
  + [1430] ntt=24259 (12368) [취득세] 차량취득세 렌트차량을 자가용으로 인수할시 과표문의드립니다 / 답변1
  + [1431] ntt=24258 (12367) [재산세] 지특법 제65조 항공운송사업 등에 대한 과세특례 관련질문. / 답변0
  + [1432] ntt=24255 (12366) [재산세] 납세의무자, 과세근거 질의 / 답변1
  + [1433] ntt=24254 (12365) [재산세] 용도변경에 따른 종교단체 감면 문의 / 답변0
  + [1434] ntt=24253 (12364) [재산세] 주택담보노후연금보증으로 감면받던 중  상속이 일어나면 어. / 답변1
  + [1435] ntt=24252 (12363) [지방세기본법] 지방세특례제한법 제14조3항 관련해서 문의드립니다. / 답변3
  + [1436] ntt=24251 (12362) [재산세] 과세대장 정비 / 답변1
  + [1437] ntt=24250 (12361) [자동차세] 장애인 자동차 세대분리 관련 질의 / 답변3
  + [1438] ntt=24248 (12360) [취득세] 보존등기를 일부 지분만 할 수 있을까요? / 답변1
  + [1439] ntt=24244 (12359) [취득세] 신혼부부 생애최초 주택 감면받고 이혼한 경우 없으신가요.. / 답변1
  + [1440] ntt=24241 (12358) [취득세] 재개발 지역내 멸실예정 주택의 주택판단 여부 / 답변1
  + [1441] ntt=24240 (12357) [취득세] 사용승인 이후 발생한 공사비용은 취득세 부과 가능한지요? / 답변2
  + [1442] ntt=24239 (12356) [취득세] 부담부증여 - 유상취득과표가 될 부채가 사인간 계약일 경. / 답변0
  + [1443] ntt=24237 (12355) [재산세] 지특법 제19조의2 아동복지시설에 대한 감면 문의입니다. / 답변1
  + [1444] ntt=24235 (12354) [자동차세] 자동차세 운영예규 법125-1 문의 / 답변2
  + [1445] ntt=24234 (12353) [취득세] 상속 등기후 재분할에 따른 취득시 취득가액 및 취득시기 / 답변1
  + [1446] ntt=24232 (12352) [재산세] 재산세 납세의무자 문의 / 답변2
    [retry 1/3] ReadTimeout
  + [1447] ntt=24231 (12351) [재산세] 재산세 납세의무자 지정 문의 / 답변3
  + [1448] ntt=24229 (12350) [자동차세] 자동차세 비과세 대상 충족 여부 질의 / 답변2
  + [1449] ntt=24228 (12349) [재산세] 등록전환후 면적감소가 되었는데 과거분 환급을 요청하는 경. / 답변1
  + [1450] ntt=24227 (12348) [주민세] 실제 거주하지 않는 세입자의 주민세 균등분 부과 / 답변6
  + [1451] ntt=24226 (12347) [재산세] 건축중인 건축물의 부속토지 분리과세 가능여부 / 답변1
  + [1452] ntt=24224 (12346) [지방세징수법] 보험금채권 압류 실효 추심 / 답변1
  + [1453] ntt=24223 (12345) [취득세] 상속등기 후 6개월이 지나고 나서 재협의 시 무상증여로 . / 답변2
  + [1454] ntt=24222 (12344) [주민세] 재산분( 1구의 면적) / 답변2
  + [1455] ntt=24218 (12343) [지방세기본법] 시설물의 지방세특례제한 적용 가능 여부 / 답변1
  + [1456] ntt=24217 (12342) [지방세징수법] 제2차 납세의무자의 책임범위 / 답변1
  + [1457] ntt=24215 (12341) [취득세] 계약해제에 대한 업무처리 관련 질문드립니다. / 답변1
  + [1458] ntt=24212 (12340) [취득세] 법인 차량 취득세 관련 서류 / 답변2
[page 1309 완료] 누적 신규 1458건  (이 게시판 저장 총 39,132건)
  + [1459] ntt=24211 (12339) [취득세] 취득세 감면 가능 여부 문의합니다(명의 변경) / 답변4
  + [1460] ntt=24206 (12338) [취득세] 행안부 질의응답 회신 공문 좀 찾아주세요.(지방세특례제도. / 답변2
  + [1461] ntt=24205 (12337) [세외수입] 예금압류 원인무효 소멸시효에 대한 문의 / 답변3
  + [1462] ntt=24204 (12336) [자동차세] 정기분 자동차세 보전처분 관련... / 답변3
  + [1463] ntt=24203 (12335) [취득세] 장애인 감면 여부 문의드립니다(종합장애) / 답변2
  + [1464] ntt=24202 (12334) [취득세] 계약해제 신고 없이 당초 매도인에서 제3자에게 이전시 감. / 답변1
  + [1465] ntt=24201 (12333) [재산세] 주택담보노후연금주택 감면 관련 / 답변1
  + [1466] ntt=24200 (12332) [지방세기본법] 독립시설물 관련 취득세 문의 / 답변2
  + [1467] ntt=24198 (12331) [취득세] 임대사업자 추징 관련 질문드립니다. / 답변2
  + [1468] ntt=24197 (12330) [지방소득세] 법인지방소득세 안분관련입니다. / 답변2
  + [1469] ntt=24194 (12329) [주민세] 주민세 재산분 과세면적 질문 / 답변2
  + [1470] ntt=24193 (12328) [재산세] 나대지의 텃밭 / 답변4
  + [1471] ntt=24192 (12327) [취득세] 지방세시스템 취득세 신고분 미납시 징수결의서 출력 가능여. / 답변2
    [retry 1/3] ReadTimeout
  + [1472] ntt=24191 (12326) [취득세] 직계존비속간 유상취득시, 소득금액대신 적금내역이 인정되는. / 답변3
  + [1473] ntt=24190 (12325) [취득세] 4주택 순서 판단 / 답변4
  + [1474] ntt=24189 (12324) [기타] 법원제출명령 서류에 주민번호가 없으면.. / 답변2
  + [1475] ntt=24187 (12323) [취득세] 상속분할협의서 작성시 각 상속인이 협의서를 따로 작성한 . / 답변2
  + [1476] ntt=24186 (12322) [취득세] 상장법인의 과점주주 취득신고는? / 답변1
  + [1477] ntt=24185 (12321) [등록면허세] [면허세]건축허가사항(옥탑층) 질문드립니다 / 답변1
  + [1478] ntt=24184 (12320) [취득세] 연부취득 환급관련 질의드립니다. / 답변2
  + [1479] ntt=24183 (12319) [취득세] 취득세 감면추징시 부과제척기간은 언제까지인가요? / 답변11
  + [1480] ntt=24182 (12318) [취득세] 자사주 매입에 따른 과점주주 지분 상승에 대한 취득세 부. / 답변2
  + [1481] ntt=24179 (12317) [세외수입] 소송비용회수수입 결손 여부 / 답변2
  + [1482] ntt=24178 (12316) [지방세징수법] 부동산 압류 효력의 범위에 대한 질문드립니다. / 답변1
  + [1483] ntt=24177 (12315) [취득세] 외국인 다자녀 감면... / 답변10
  + [1484] ntt=24173 (12314) [취득세] 상속으로 인한 1가구1주택 감면(2채 상속) / 답변3
  + [1485] ntt=24169 (12313) [자동차세] 승합->승용 구조변경 된 차량 자동차세 과세 문의 / 답변1
  + [1486] ntt=24168 (12312) [취득세] 자동차 취득 - 지역이 다른 공동명의 관련질의입니다. / 답변3
  + [1487] ntt=24167 (12311) [재산세] 지하수시설 재산세 부과관련입니다. / 답변1
  + [1488] ntt=24166 (12310) [등록면허세] 면허분 등록면허세 에 대한 질의입니다 / 답변2
[page 1310 완료] 누적 신규 1488건  (이 게시판 저장 총 39,162건)
  + [1489] ntt=24163 (12309) [세외수입] 자치단체내 시설공단(공사공단)명의로 부과한 세입(미수액 . / 답변0
  + [1490] ntt=24162 (12308) [지방세기본법] 차량운반구 과표문의 / 답변2
  + [1491] ntt=24161 (12307) [재산세] 사권제한 토지 감면 질의합니다. / 답변0
  + [1492] ntt=24160 (12306) [재산세] 등기는 안되어 있는데, 취득신고는 6월 전에 한 재산의 . / 답변4
  + [1493] ntt=24158 (12305) [취득세] 과점주주의  특수인 관계에 해당하는지? / 답변1
  + [1494] ntt=24157 (12304) [세외수입] 지방세체납에 세외수입환급금 추심 의뢰에 관하여 / 답변2
  + [1495] ntt=24156 (12303) [지방소득세] 부과 철회 문의 / 답변2
  + [1496] ntt=24153 (12302) [재산세] 공장 내 주유취급소(유류저장조, 주유기 등) / 답변1
  + [1497] ntt=24151 (12301) [지방소득세] 포상금  종합소득세 고지 / 답변2
  + [1498] ntt=24150 (12300) [자동차세] 장애인 감면 기간적용에 관한 문의입니다. / 답변6
  + [1499] ntt=24147 (12299) [취득세] 교환물건이 수산물인 경우 / 답변0
  + [1500] ntt=24146 (12298) [지방세징수법] 관허사업 제한 문의 / 답변1
    [retry 1/3] ReadTimeout
  + [1501] ntt=24140 (12297) [취득세] 대도시외 공장이전 감면에서의 공장이란 / 답변0
  + [1502] ntt=24138 (12296) [재산세] 납기전징수 / 답변3
  + [1503] ntt=24136 (12295) [지방세징수법] 근저당권 압류 관련 / 답변0
  + [1504] ntt=24135 (12294) [기타] 처자식이 상속포기 판결받아 형제가 납세자가 된 경우   . / 답변5
  + [1505] ntt=24134 (12293) [취득세] 차량 구조변경 취득세 문의합니다. / 답변2
  + [1506] ntt=24132 (12292) [취득세] 매매상사 감면으로 차량 취득 후 타지역으로 사용본거지 이. / 답변4
  + [1507] ntt=24130 (12291) [재산세] 신탁재산 주택수 포함 여부 / 답변3
  + [1508] ntt=24129 (12290) [지방소득세] 법인지방소득세  가산세 중 법인 수입금액 무신고 가산세 . / 답변1
  + [1509] ntt=24128 (12289) [재산세] 경매 중지될 경우 납기전징수의 부과취소를 해야하는지 여부. / 답변1
  + [1510] ntt=24127 (12288) [기타] 장애인 lpg 승용차 과태료 / 답변6
  + [1511] ntt=24126 (12287) [취득세] 부동산 소유권이전 특별조치법 시행 / 답변2
  + [1512] ntt=24124 (12286) [취득세] 축사 3/4무벽 감산? / 답변3
  + [1513] ntt=24123 (12285) [재산세] 호텔 내 유흥주점 안분 / 답변1
  + [1514] ntt=24122 (12284) [자동차세] 자동차세 정기분 분납 가능 질의 / 답변4
  + [1515] ntt=24120 (12283) [자동차세] 자동차세 교회, 어린이집 차량 문의 / 답변4
  + [1516] ntt=24119 (12282) [취득세] 장애인 감면 후 며칠후 세대가 다른 자녀에게 지분이전 / 답변4
  + [1517] ntt=24118 (12281) [취득세] 농업법인 취득 부동산 감면 농업경영체등록 관련 문의 / 답변2
  + [1518] ntt=24117 (12280) [지방세기본법] 과점주주 문의 / 답변4
[page 1311 완료] 누적 신규 1518건  (이 게시판 저장 총 39,192건)
  + [1519] ntt=24116 (12279) [재산세] 사망자 추징관련 / 답변1
  + [1520] ntt=24111 (12278) [취득세] 창업중소기업 추징관련 문의 / 답변1
    [retry 1/3] ReadTimeout
  + [1521] ntt=24110 (12277) [자동차세] 매매용자동차 2년이내 매각하지 않는경우 자동차세는 ? / 답변2
  + [1522] ntt=24109 (12276) [취득세] 장애인 소유 지분이전  취득세 감면 / 답변3
  + [1523] ntt=24107 (12275) [재산세] 건물 용도지수에 대한 행안부에 질의를 하려면 어떤 루트로. / 답변1
  + [1524] ntt=24106 (12274) [취득세] 5인승 승용차 → 2인승 캠핑카로 구조변경 시 취득세 과. / 답변0
  + [1525] ntt=24105 (12273) [취득세] 계약 변경 / 답변1
  + [1526] ntt=24104 (12272) [주민세] 주민세(종업원분) 중소기업 고용지원 관련 질의 / 답변0
  + [1527] ntt=24102 (12271) [자동차세] 사망일과 자동차세 / 답변5
  + [1528] ntt=24101 (12270) [재산세] 폐가 토지 적용, 폐가구분 문의드립니다. / 답변1
  + [1529] ntt=24099 (12269) [취득세] 과점주주 간주취득세 문의 / 답변2
  + [1530] ntt=24097 (12268) [지방세징수법] 신탁 부동산의 수탁자의 체납에 대하여 / 답변0
  + [1531] ntt=24096 (12267) [취득세] 장애인 취득세 감면 관련 문의 드립니다. / 답변3
  + [1532] ntt=24095 (12266) [세외수입] 수납되지 않은 금액의 증명관련 질문 / 답변1
  + [1533] ntt=24093 (12265) [취득세] 건축물 임시사용승인 연장에 따른 면적 증가 / 답변0
  + [1534] ntt=24090 (12264) [취득세] 산업단지내 토지를 분양받고 3년내 신축공사를 착공하였으나. / 답변0
  + [1535] ntt=24088 (12263) [기타] 지방세 환급가산금 기산일 / 답변3
  + [1536] ntt=24086 (12262) [자동차세] 상속인 지정 문의 / 답변1
  + [1537] ntt=24083 (12261) [자동차세] 장애인 소유 차량 자동차세 감면 문의 드립니다. / 답변3
  + [1538] ntt=24081 (12260) [등록면허세] 등록면허세 감액건에 대하여 / 답변3
  + [1539] ntt=24080 (12259) [주민세] 주민세(법인균등) 감액 관련 / 답변2
  + [1540] ntt=24079 (12258) [취득세] 건설기계 위수탁 관련 / 답변2
  + [1541] ntt=24078 (12257) [지방세징수법] 법인 회생 중에 과오납 환급금 발생되어 충당 가능 여부 / 답변1
    [retry 1/3] ReadTimeout
    [retry 2/3] ConnectTimeout
  + [1542] ntt=24077 (12256) [지방세징수법] 보험증권 압류의 채권 소멸시효 / 답변4
  + [1543] ntt=24075 (12255) [취득세] 장애인 세대분리...부득이한 사유~~ / 답변7
  + [1544] ntt=24072 (12254) [취득세] 민간투자사업 기부채납 취득세 관련 / 답변2
  + [1545] ntt=24071 (12253) [취득세] 대습상속시 사망한 상속인에 관한 서류에 대해서 / 답변2
  + [1546] ntt=24070 (12252) [자동차세] 자동차세 과세대상 문의 / 답변3
  + [1547] ntt=24068 (12251) [취득세] 장애인 차량 취득세 감면대상 여부 / 답변6
  + [1548] ntt=24067 (12250) [취득세] 기업부설연구소 감면 문의 / 답변1
[page 1312 완료] 누적 신규 1548건  (이 게시판 저장 총 39,222건)
  + [1549] ntt=24066 (12249) [취득세] 현물출자 / 답변3
  + [1550] ntt=24065 (12248) [취득세] 농업용 지하수 취득세 및 면허세 부과 제외 지침 알 수 . / 답변1
  + [1551] ntt=24064 (12247) [취득세] 교도소 수감자  직권으로 부과유예한 사례가 있는지 문의드. / 답변0
  + [1552] ntt=24063 (12246) [취득세] 장애인감면차량 취득세 추징질문 / 답변2
  + [1553] ntt=24062 (12245) [자동차세] 운전면허 취소 or 운행정지 시 자동차세 / 답변2
  + [1554] ntt=24061 (12244) [취득세] 상속 취득세 취득일자 / 답변6
  + [1555] ntt=24060 (12243) [재산세] 시설물의 도시지역분 / 답변2
  + [1556] ntt=24058 (12242) [취득세] 장애인 차량 감면(공동 등록할 수 있는 사람간에 등록전환. / 답변5
  + [1557] ntt=24057 (12241) [재산세] 임대주택 감면적용 / 답변1
  + [1558] ntt=24056 (12240) [취득세] 골프장 내 시설물의 취득세 과세대상 해당여부 관련 문의드. / 답변1
  + [1559] ntt=24055 (12239) [재산세] 산업단지감면 문의 / 답변1
  + [1560] ntt=24054 (12238) [지방세징수법] 신탁재산 압류 / 답변3
  + [1561] ntt=24053 (12237) [취득세] 양도인인 매매상사가 신고가액 착오(과다)신고로 환급요청.. / 답변7
  + [1562] ntt=24051 (12236) [취득세] 차량 감면 후 추징사유가 발생되어 자진납부시... / 답변8
    [retry 1/3] ReadTimeout
    [retry 2/3] ConnectTimeout
  + [1563] ntt=24050 (12235) [취득세] 증여 -> 등기후 채무 인수시 부담부증여 인정여부? / 답변3
  + [1564] ntt=24049 (12234) [취득세] 농공단지 휴업/폐업 공장 대체입주 감면관련 / 답변1
  + [1565] ntt=24048 (12233) [취득세] 직계존비속관의 매매계약 및 부담부증여계약 지분 신고 관련. / 답변2
  + [1566] ntt=24047 (12232) [취득세] 장애인차량 대체취득 관련으로 여러의견 듣고싶습니다.^^ / 답변6
  + [1567] ntt=24046 (12231) [취득세] 산업단지 감면 중  '산업용 건축물등을 신축하기 위하여 . / 답변4
  + [1568] ntt=24045 (12230) [지방세징수법] 참가압류 방법 / 답변1
  + [1569] ntt=24044 (12229) [자동차세] 자동차세 중복 감면 / 답변5
  + [1570] ntt=24043 (12228) [취득세] 차량 취득세 과세표준 관련으로 질문드립니다 / 답변3
  + [1571] ntt=24042 (12227) [주민세] 실제 가동하는 오물처리시설에 폐기물저장시설이 포함돼는지.. / 답변1
  + [1572] ntt=24041 (12226) [취득세] 차량 구조변경 취득세 대상 여부 문의 / 답변2
  + [1573] ntt=24040 (12225) [기타] 지특법 10조 농어업인 등에 대한 융자관련 감면 문의합니. / 답변3
  + [1574] ntt=24039 (12224) [주민세] 건축물 대장상 주택인 경우 실제 사업소로 사용한다면  재. / 답변1
  + [1575] ntt=24038 (12223) [취득세] 상속 1가구 1주택 감면시 등본 발급 / 답변4
  + [1576] ntt=24037 (12222) [취득세] 차량 취득세 대리인 신고납부 안내문 발송근거 ? / 답변4
  + [1577] ntt=24036 (12221) [자동차세] 장애인.유공자 감면 1년이내 이전할경우 자동차세는..? / 답변4
  + [1578] ntt=24034 (12220) [취득세] 무허가주택 농특세 과세여부 / 답변2
[page 1313 완료] 누적 신규 1578건  (이 게시판 저장 총 39,252건)
  + [1579] ntt=24032 (12219) [취득세] 현물출자- 합의해제 추징 문의 / 답변0
  + [1580] ntt=24030 (12218) [재산세] 재산세 미신고 상속 질의합니다. / 답변3
  + [1581] ntt=24028 (12217) [재산세] 토지 비과세 항목 관련 문의입니다. / 답변4
  + [1582] ntt=24027 (12216) [취득세] 차량취득세 대체취득 감면(공동소유) / 답변3
  + [1583] ntt=24026 (12215) [취득세] 지목변경 취득세 납세의무자 선정에 관하여 / 답변3
  + [1584] ntt=24025 (12214) [재산세] 납기전 징수시  보내는 안내문 ?  형식 좀 공유해주실수. / 답변3
  + [1585] ntt=24023 (12213) [기타] 지방세 환급대상이 경매중일 때 / 답변3
  + [1586] ntt=24022 (12212) [취득세] 자경농민 농지 취득할때 질문있어요! / 답변4
  + [1587] ntt=24021 (12211) [지방소득세] 법인지방소득세 납세지(주소 변경시) / 답변1
  + [1588] ntt=24020 (12210) [취득세] 건축물 대수선 과세표준 산정방식 / 답변1
  + [1589] ntt=24018 (12209) [지방소득세] 지방소득세(종합소득) 경정결정통보자료중 사망자에 대한 부. / 답변1
  + [1590] ntt=24017 (12208) [취득세] [긴급] 다자녀 감면 양육권자가 아닌 사람의 감면 신청.. / 답변3
  + [1591] ntt=24016 (12207) [등록면허세] 미준공건물의 대위등기시 등록면허세 과세표준은? / 답변3
  + [1592] ntt=24013 (12206) [등록면허세] [등록면허세 굴착행위] 관련 질문드립니다 / 답변0
  + [1593] ntt=24012 (12205) [취득세] 장애인 세대분리 추징... / 답변3
  + [1594] ntt=24009 (12204) [주민세] 재산분 공실기준 / 답변1
  + [1595] ntt=24008 (12203) [세외수입] 체납과태료 이의신청건의 압류해제여부 질문 / 답변3
  + [1596] ntt=24006 (12202) [취득세] 장애인차량 대체취득 관련입니다. / 답변6
  + [1597] ntt=24004 (12201) [지방소득세] 법인지방소득세 이월세액 공제 관련 판결문 공유 부탁드립니. / 답변1
  + [1598] ntt=24003 (12200) [취득세] 타시군에서 이전에 '장애인'이나 '다자녀' 감면받은 사항. / 답변9
  + [1599] ntt=24001 (12199) [취득세] 농업회사법인 합의해제 추징관련 질문드립니다. / 답변5
  + [1600] ntt=24000 (12198) [재산세] 시설물 지역자원시설세 문의드립니다.. / 답변1
  + [1601] ntt=23999 (12197) [취득세] 다자녀 감면 사후 환급신청에 관해서 입니다.(여러차 보유. / 답변7
  + [1602] ntt=23997 (12196) [취득세] 상속 재협의 / 답변4
  + [1603] ntt=23996 (12195) [재산세] 어린이집 재산세 감면 관련 문의 / 답변1
  + [1604] ntt=23995 (12194) [재산세] 올해 신축되어 주택가격이 없는 아파트에 대한 재산세 부과. / 답변1
  + [1605] ntt=23994 (12193) [지방세징수법] 파산선고후의 차량 공매 문의 / 답변0
  + [1606] ntt=23993 (12192) [재산세] 아동복지시설에 대한 재산세 감면 관련 질의입니다. / 답변1
  + [1607] ntt=23992 (12191) [등록면허세] [등록면허세 면허분] 농약판매업 관련 / 답변3
  + [1608] ntt=23991 (12190) [재산세] 유흥주점 / 답변2
[page 1314 완료] 누적 신규 1608건  (이 게시판 저장 총 39,282건)
  + [1609] ntt=23989 (12189) [취득세] 지방세법 제13조 제3항 조문관련하여. 급히 질문드립니다. / 답변0
    [retry 1/3] ReadTimeout
    [retry 2/3] ConnectTimeout
    [retry 3/3] ConnectTimeout
  + [1610] ntt=23987 (12187) [취득세] 다자녀 차량 추징 문의 / 답변2
  + [1611] ntt=23986 (12186) [취득세] 장애인 차량 세대분리 관련하여 질문드립니다. / 답변3
  + [1612] ntt=23985 (12185) [자동차세] 연납승계 받은자가 장애등급이 있는경우 감액 여부 / 답변2
  + [1613] ntt=23984 (12184) [재산세] 어린이집 감면 관련 / 답변2
  + [1614] ntt=23983 (12183) [지방세기본법] 한국 토지 주택공사 토지사용승낙에 따른 지목변경(공동주택. / 답변0
  + [1615] ntt=23982 (12182) [등록면허세] 등록면허세 면허분 / 답변2
  + [1616] ntt=23980 (12181) [취득세] 신규차량 취득세 환급관련하여 질문드립니다. / 답변6
  + [1617] ntt=23979 (12180) [기타] 납기 전 징수 / 답변2
  + [1618] ntt=23978 (12179) [취득세] 관수자동화 시스템 취득세 부과대상? / 답변0
  + [1619] ntt=23977 (12178) [지방세징수법] 제2차 납세의무자 관련 / 답변1
  + [1620] ntt=23975 (12177) [세외수입] 매출채권 압류후 폐업 및 장기간 무실적인경우... / 답변2
  + [1621] ntt=23974 (12176) [재산세] 기부채납 예정 토지 및 건축물(소방서) 과세문의 / 답변0
  + [1622] ntt=23973 (12175) [기타] 세목별 과세증명서 발급시... / 답변5
  + [1623] ntt=23970 (12174) [등록면허세] 등록면허세 수시분 관련하여 궁금한 게 있습니다. / 답변0
  + [1624] ntt=23968 (12173) [재산세] 시설물  재산세 납세의무자 문의.. / 답변2
  + [1625] ntt=23967 (12172) [재산세] 신종클럽(객석과 구분 안되는) / 답변0
  + [1626] ntt=23966 (12171) [취득세] 지특법 제11조 제1항 운영을 어떻게 하고 계신지 여쭤봅. / 답변3
  + [1627] ntt=23964 (12170) [재산세] 영농조합법인이 직접 사용 부동산(토지) 관련입니다. / 답변2
  + [1628] ntt=23962 (12169) [자동차세] 세대분리 / 답변5
  + [1629] ntt=23961 (12168) [재산세] 임대사업자 말소 후 재등록 / 답변0
  + [1630] ntt=23960 (12167) [재산세] 재산세  임야   보전산지 준보전 산지 면적 자료 어디서. / 답변1
  + [1631] ntt=23958 (12166) [취득세] 장애인(국가유공자) 차량 감면 어렵네요 / 답변7
  + [1632] ntt=23957 (12165) [취득세] 택배회사 컨베이어는 취득세 과세대상인가요? / 답변1
  + [1633] ntt=23956 (12164) [등록면허세] 등록면허세(면허) 공동명의에서 단독명의로 지위승계관련 과. / 답변1
  + [1634] ntt=23954 (12163) [재산세] 납세자변동신고서 증빙서류 미비할 경우... / 답변3
  + [1635] ntt=23953 (12162) [취득세] 육묘장 관련 개발행위 준공시 지목변경 취득세 문의 / 답변0
  + [1636] ntt=23949 (12161) [취득세] 상속재산을 파산신청한 경우 상속인의 취득세납세의무 여부 / 답변3
  + [1637] ntt=23948 (12160) [취득세] 대도시 중과 에 해당되는지 좀 알려주세요. / 답변2
[page 1315 완료] 누적 신규 1637건  (이 게시판 저장 총 39,311건)
  + [1638] ntt=23946 (12159) [재산세] 재산세 납세의무자 문의입니다. / 답변6
  + [1639] ntt=23944 (12158) [주민세] 도소매 과일도 주민세재산분 지방세특례제한법 면제대상인가요 / 답변3
  + [1640] ntt=23939 (12157) [등록면허세] 인허가 사항 면허세 과세시 대표자변경 과세여부 / 답변1
  + [1641] ntt=23938 (12156) [취득세] 귀농인 감면 추징 관련입니다. / 답변4
  + [1642] ntt=23937 (12155) [취득세] 공유물 분할로 인한 취득 문의 / 답변2
  + [1643] ntt=23935 (12154) [취득세] 연부계약시, 피상속인 사망, 피상속인 파산으로 인한 대물. / 답변0
  + [1644] ntt=23933 (12153) [취득세] 차량 취득세 장애인 추징 관련 질문드립니다 / 답변5
  + [1645] ntt=23932 (12152) [취득세] (구)등록세 상속자경농민 감면 가능여부 / 답변2
  + [1646] ntt=23928 (12151) [취득세] 구조변경 취득세(유공자 감면) / 답변6
  + [1647] ntt=23927 (12150) [취득세] 장애인 차량 추징 관련 문의합니다. / 답변3
  + [1648] ntt=23925 (12149) [재산세] 용도번호 질의드립니다 / 답변3
  + [1649] ntt=23924 (12148) [취득세] 장애인 자동차 대체취득 60일 이내 재취득... / 답변15
  + [1650] ntt=23923 (12147) [등록면허세] 총포 등록면허세 / 답변2
  + [1651] ntt=23921 (12146) [주민세] 주민세 재산분 과표에 창고용 천막 면적도 합산하시나요? / 답변2
  + [1652] ntt=23920 (12145) [취득세] 도급계약서 제출의무 / 답변0
  + [1653] ntt=23919 (12144) [취득세] 벤처기업 감면 추징과 대도시 중과 문의드립니다. / 답변0
  + [1654] ntt=23918 (12143) [재산세] 건축물 과세대장 중과감면코드 관련 문의입니다. / 답변1
  + [1655] ntt=23917 (12142) [재산세] 축사도 주민세(재산분) 대상인지 / 답변4
  + [1656] ntt=23916 (12141) [지방세징수법] 부동산 공매 관련 질문드립니다. / 답변2
  + [1657] ntt=23915 (12140) [취득세] 픽업덮개 설치에 따른 차량 구조변경 과세표준 질의 / 답변3
  + [1658] ntt=23914 (12139) [취득세] 지입차주 변경에 따른 취득세 문의입니다. / 답변1
  + [1659] ntt=23912 (12138) [재산세] 저온저장고 지수문의입니다. / 답변2
  + [1660] ntt=23911 (12137) [취득세] 농업진흥구역에서의 농지 공유물 분할(자기 지분)시 취득세. / 답변0
  + [1661] ntt=23910 (12136) [재산세] 임대사업자 감면 문의 / 답변2
  + [1662] ntt=23909 (12135) [지방소득세] 양도소득분 개인지방소득세 납세지, 납세의무성립시기 문의 . / 답변1
  + [1663] ntt=23907 (12134) [취득세] (차량취득세) 이번 국가유공자 등 자동차세  질의회신에 . / 답변5
  + [1664] ntt=23906 (12133) [재산세] 재산세 임대사업자 감면 관련 질문입니다. / 답변2
  + [1665] ntt=23905 (12132) [주민세] 재산분 문의 / 답변2
  + [1666] ntt=23904 (12131) [취득세] 창업중소기업 업종추가 / 답변1
    [retry 1/3] ReadTimeout
    [retry 2/3] ConnectTimeout
  + [1667] ntt=23903 (12130) [취득세] 임대주택 관련하여 최초 분양에 해당하는 지 여부 / 답변0
[page 1316 완료] 누적 신규 1667건  (이 게시판 저장 총 39,341건)
  + [1668] ntt=23902 (12129) [취득세] 장애인 공동소유 / 답변2
  + [1669] ntt=23900 (12128) [재산세] 1㎡당 시가표준액의 의미가 궁금합니다. / 답변2
  + [1670] ntt=23899 (12127) [주민세] 재산분 문의 / 답변1
  + [1671] ntt=23898 (12126) [취득세] 차량 취득세 담당자님들께 의견을 구합니다 / 답변3
  + [1672] ntt=23897 (12125) [자동차세] 캠핑카 자동차세 차종 분류 / 답변1
  + [1673] ntt=23896 (12124) [지방세기본법] 영농조합법인 과점주주 취득세 관련 문의합니다. / 답변2
  + [1674] ntt=23895 (12123) [자동차세] 장애인 대상자 사망시 과세일 기준 문의 / 답변2
  + [1675] ntt=23894 (12122) [자동차세] 장애인 차량 문의 / 답변3
  + [1676] ntt=23893 (12121) [취득세] 건설기계 부적합 판정 추징제외? / 답변1
  + [1677] ntt=23892 (12120) [재산세] 민간어린이집에서 국공립어린이집으로 전환시 재산세 감면 / 답변1
  + [1678] ntt=23889 (12119) [자동차세] 자동차세 의용소방대의 소방펌프차? / 답변2
  + [1679] ntt=23888 (12118) [취득세] 시간당 7560킬로칼로리급 이상의 에어컨(중앙조절식) 과. / 답변1
  + [1680] ntt=23887 (12117) [등록면허세] 농어어입 융자 감면시 받는 서류(농지원부 or 농업경영체. / 답변5
  + [1681] ntt=23886 (12116) [취득세] 택지개발지구 면적정산 / 답변1
  + [1682] ntt=23885 (12115) [지방세기본법] 취사용 연료 전환공사 취득세 부과 여부 문의 / 답변2
  + [1683] ntt=23884 (12114) [취득세] 이륜차 50cc 미만 / 답변3
  + [1684] ntt=23883 (12113) [세외수입] 지역사랑 상품권을 통한 지방세와 세외수입(각종수수료) 납. / 답변5
  + [1685] ntt=23882 (12112) [취득세] 장애인 차량 취득세 감면 문의 / 답변9
  + [1686] ntt=23881 (12111) [지방세징수법] 체납차량 번호판 영치를 할때 직장안에 주차되어있는경우 영. / 답변7
  + [1687] ntt=23879 (12110) [취득세] 지특법제29조1항 국가유공자가 대부금을 받아 취득하는 부. / 답변1
  + [1688] ntt=23878 (12109) [자동차세] 기계장비 자동차세 체납시에도 영치 가능한가요?? / 답변4
  + [1689] ntt=23877 (12108) [취득세] 부적합 판정을 받지 못할정도로 망가진 상품용차량?/추징 / 답변2
  + [1690] ntt=23876 (12107) [취득세] 자동차 공동명의 90:10--> 10:90 변경 시 취득. / 답변5
  + [1691] ntt=23875 (12106) [취득세] 창업중소기업감면 문의드립니다. / 답변2
  + [1692] ntt=23874 (12105) [지방세징수법] 차량인도명령 관련 법령 / 답변2
  + [1693] ntt=23870 (12104) [취득세] 건물신축 후 승강기 설치시 개수 취득세 해당여부 / 답변1
  + [1694] ntt=23869 (12103) [자동차세] 세대분리로 인한 감면 종료시  민원인에게 통보 문제. / 답변3
  + [1695] ntt=23866 (12102) [취득세] 창업감면 추징 관련 문의 / 답변2
  + [1696] ntt=23865 (12101) [등록면허세] 가설건축물축조신고 등록면허세(면허) 부과관련 질문입니다~ / 답변3
  + [1697] ntt=23864 (12100) [기타] 우편물 '이사'로 반환시... / 답변5
[page 1317 완료] 누적 신규 1697건  (이 게시판 저장 총 39,371건)
  + [1698] ntt=23860 (12099) [취득세] 상속미신고로 수시부과후 협의분할 / 답변2
  + [1699] ntt=23859 (12098) [재산세] 농지전용(자연장지) / 답변1
  + [1700] ntt=23858 (12097) [지방소득세] 지방소득세 납부불성실가산세 질의드립니다. / 답변1
  + [1701] ntt=23857 (12096) [지방소득세] 지방소득세(특별징수 ) 초과환급세액 납부시 가산세문의드려. / 답변0
  + [1702] ntt=23856 (12095) [취득세] 공동주택 부지 지목변경 취득세 문의 / 답변1
  + [1703] ntt=23855 (12094) [기타] 감면후 추징사유가 발생할 경우에도 납기한 연장신청을 할 . / 답변1
  + [1704] ntt=23854 (12093) [취득세] 대체취득관련(각각 다른 보상금 수령일을 합산가능한가?) / 답변1
  + [1705] ntt=23852 (12092) [취득세] 농업법인 대도시중과관련 / 답변1
  + [1706] ntt=23850 (12091) [기타] 취득신고서류 등 납세자 본인의 과세정보의 제공방법 고민 / 답변0
  + [1707] ntt=23849 (12090) [지방세징수법] 하자보수보증금 압류관련 문의드려요 / 답변1
  + [1708] ntt=23848 (12089) [취득세] 차량 구조변경 취득세 관련 질의드립니다. / 답변5
  + [1709] ntt=23847 (12088) [재산세] 건축물(주택 + 식당) 부속토지 안분 방법 / 답변2
  + [1710] ntt=23845 (12087) [재산세] 농지 종합합산 관련 문의드립니다. / 답변3
  + [1711] ntt=23844 (12086) [취득세] 대지(주택부속토지)로 볼수 있는지 여부를 여쭙습니다 / 답변2
  + [1712] ntt=23841 (12085) [주민세] 재산분 주민세 임대업 관련 문의 / 답변3
  + [1713] ntt=23840 (12084) [지방소득세] 법인관련 가산세 문의 / 답변3
  + [1714] ntt=23839 (12083) [취득세] 계약해지 후 재계약 / 답변1
  + [1715] ntt=23837 (12082) [기타] 회생 중 환급금 발생 / 답변3
  + [1716] ntt=23835 (12081) [지방소득세] 지방소득세 확정신고 서면접수 사망자관련 / 답변1
  + [1717] ntt=23834 (12080) [취득세] 상속(망자) 폐차말소할때.. / 답변1
  + [1718] ntt=23831 (12079) [기타] 선등기 후수납,,  가산세 관련.. 너무 어렵네요 / 답변2
  + [1719] ntt=23829 (12078) [취득세] 취득세 환급 관련입니다. / 답변1
  + [1720] ntt=23828 (12077) [자동차세] 상속인이 피상속인의 체납분 자동차세 감면을 신청할 수 있. / 답변3
  + [1721] ntt=23827 (12076) [재산세] 과세예고 통지 관련해서 질의합니다. / 답변1
  + [1722] ntt=23825 (12075) [취득세] 지목변경 취득세 과세표준 관련입니다. / 답변1
  + [1723] ntt=23824 (12074) [지방세징수법] 공매할때 저당권자 연락이안될때 어떻게 해야할까요? / 답변2
  + [1724] ntt=23823 (12073) [재산세] 창업중소기업 감면 관련 / 답변2
  + [1725] ntt=23822 (12072) [취득세] 자경농민 농지취득 감면시 증빙서류증 소득금액증명관련 문의 / 답변1
  + [1726] ntt=23821 (12071) [기타] 지방세편람의 파란색 조문 질의 / 답변1
  + [1727] ntt=23817 (12070) [자동차세] [질문]한정승인 받은 차량공매시 필요한 서류 / 답변0
[page 1318 완료] 누적 신규 1727건  (이 게시판 저장 총 39,401건)
  + [1728] ntt=23815 (12069) [지방세징수법] 소멸시효가 완성된 체납건에 대해서 / 답변5
  + [1729] ntt=23813 (12068) [재산세] 재산세 수시분 부과시 30만원 이상이면 과세예고통지서 발. / 답변4
  + [1730] ntt=23812 (12067) [취득세] 차량 공동명의일 경우 대표공동명의자 지정의 법적근거 / 답변2
  + [1731] ntt=23810 (12066) [세외수입] 공시송달 효력의 범위 및 예금 초과압류 / 답변1
  + [1732] ntt=23808 (12065) [재산세] 세금을 등기상 소유자와 다른사람이 납부해오던 경우 처리 . / 답변4
  + [1733] ntt=23806 (12064) [취득세] 장애인 차량 대체취득인지, 최초취득인지 한번 봐주세요. / 답변7
  + [1734] ntt=23805 (12063) [기타] 지방세 환급금 추심에 관하여 / 답변8
  + [1735] ntt=23802 (12062) [등록면허세] 건축 등록면허세 관련 문의합니다. / 답변2
  + [1736] ntt=23801 (12061) [취득세] 지방세법 제10조6항 업무처리에 대하여 문의합니다. / 답변0
  + [1737] ntt=23800 (12060) [취득세] 취득세 임대사업자 감면 추징 관련 / 답변2
  + [1738] ntt=23799 (12059) [기타] 소취하증명원 발급방법 문의드립니다. / 답변1
  + [1739] ntt=23798 (12058) [취득세] 재단법인 출연재산 취득세 문의 / 답변0
  + [1740] ntt=23795 (12057) [취득세] 직계존비속과 직계혈족의 차이? / 답변4
  + [1741] ntt=23794 (12056) [등록면허세] 차량 지분(1%)이전과 대표자변경시 등록면허세 부과 여부 / 답변2
  + [1742] ntt=23793 (12055) [취득세] (의견부탁드려요)매매계약서에 부가가치세 포함신고로 영수증. / 답변1
  + [1743] ntt=23791 (12054) [취득세] 선박 (모터보트) 과세 어떻게 하고 게신가요 ? / 답변2
  + [1744] ntt=23790 (12053) [취득세] 리스차량에 대한 차량취득세 할부이자 관련 문의 / 답변1
  + [1745] ntt=23789 (12052) [취득세] 자경농민 취득세 감면 추징분 환급가능 여부 / 답변1
  + [1746] ntt=23788 (12051) [취득세] 성년후견인이 상속업무를 대신할 때 취득세 신고납부기한 / 답변0
  + [1747] ntt=23787 (12050) [취득세] 서비스업종의 업체가 산업단지 입주할때도 세제 혜택이 있나. / 답변1
  + [1748] ntt=23786 (12049) [재산세] 상점에 대한 지역자원시설세 중과여부 / 답변1
  + [1749] ntt=23785 (12048) [취득세] 차량 취득세 장애인 감면 질문드립니다.. / 답변3
  + [1750] ntt=23783 (12047) [취득세] 선등기 후수납 가산세 / 답변2
  + [1751] ntt=23782 (12046) [취득세] 차 취득세 장애감면 공동명의시 / 답변1
  + [1752] ntt=23781 (12045) [취득세] 차량 취득세  용도 감가상각률 적용 기준 취득시기? 등록. / 답변2
  + [1753] ntt=23779 (12044) [취득세] 다자녀 차량 대체취득 질문있습니다. / 답변4
  + [1754] ntt=23778 (12043) [재산세] 재산세 납세자 관련 문의드립니다. / 답변3
  + [1755] ntt=23777 (12042) [지방소득세] 법인지방소득세  종업원(건설 일용노무자) 수  산정 방법 / 답변1
  + [1756] ntt=23776 (12041) [취득세] 지목변경 취득세 법인 수시부과 문의 / 답변0
  + [1757] ntt=23774 (12040) [재산세] 무허가 주택 재산세(미상속 관련) / 답변3
[page 1319 완료] 누적 신규 1757건  (이 게시판 저장 총 39,431건)
  + [1758] ntt=23773 (12039) [취득세] 토지개발사업 완료후 보전등기를 하는 경우 취득세 과세여부 / 답변0
  + [1759] ntt=23772 (12038) [재산세] 주거용 오피스텔 변동신고 관련 문의드립니다. / 답변1
  + [1760] ntt=23769 (12037) [재산세] <<급>>신탁회사에 대한 납기 전 징수? / 답변1
  + [1761] ntt=23768 (12036) [취득세] 차량 취득세 부과시 연식 수정 문의 / 답변2
  + [1762] ntt=23767 (12035) [지방세기본법] 법인지방소득세 세무조사 안분오류 발견 시 / 답변1
  + [1763] ntt=23766 (12034) [세외수입] 부동산 공매 교부청구시 세외수입쪽도 하나요? / 답변3
    [retry 1/3] ReadTimeout
    [retry 2/3] ReadTimeout
    [retry 3/3] ConnectTimeout
    [retry 1/3] ConnectTimeout
    [retry 2/3] ConnectTimeout
  + [1764] ntt=23762 (12032) [재산세] 건물시가표준액 계산 / 답변2
  + [1765] ntt=23760 (12031) [취득세] 토지 취득시 주택건설사업자 취득세 중과제외 받은 후 사업. / 답변0
  + [1766] ntt=23758 (12030) [취득세] 상속주택 주택수 산정관련 / 답변4
  + [1767] ntt=23757 (12029) [재산세] 주거용 오피스텔  인정시 사업자등록 / 답변2
  + [1768] ntt=23756 (12028) [재산세] 재산세 소유자 / 답변2
  + [1769] ntt=23755 (12027) [취득세] 지점설치 후 부동산취득 / 답변3
  + [1770] ntt=23754 (12026) [기타] 지방세 수납 질문드립니다. / 답변3
  + [1771] ntt=23753 (12025) [취득세] 법인 사업장 명칭 변경시 차량 등록면허세 ? / 답변1
  + [1772] ntt=23752 (12024) [취득세] 상속 1가구 1주택 / 답변2
  + [1773] ntt=23750 (12023) [취득세] 신축 주택 사실상 취득 과세 / 답변2
  + [1774] ntt=23749 (12022) [지방세징수법] 독촉고지서 불복청구기간 / 답변4
  + [1775] ntt=23746 (12021) [지방세징수법] 체납자가 주민번호변경하였을 경우 부동산 압류 변경 방법 . / 답변5
  + [1776] ntt=23745 (12020) [기타] 과세예고통지서 반송분 공시송달 지기법 제33조 제2항... / 답변3
  + [1777] ntt=23741 (12019) [지방소득세] 결손금소급공제 질의 / 답변0
  + [1778] ntt=23740 (12018) [취득세] 캠핑용 트레일러 감면 / 답변3
  + [1779] ntt=23739 (12017) [재산세] 아동복지시설에 대한 재산세 감면 관련 질의입니다. / 답변2
  + [1780] ntt=23737 (12016) [지방소득세] 오수처리시설 수조 면적이 법인지방소득세 안분비율 면적에 . / 답변1
  + [1781] ntt=23736 (12015) [취득세] 다자녀 감면 차량 추징 문의... / 답변5
  + [1782] ntt=23735 (12014) [재산세] 건축중인 토지의 과세방법 문의드립니다. / 답변4
  + [1783] ntt=23734 (12013) [취득세] 스팩회사(페이퍼 컴퍼니) 감면 합병 / 답변1
  + [1784] ntt=23733 (12012) [등록면허세] 등록면허세 증축 관련 기본적인 질문 / 답변2
  + [1785] ntt=23732 (12011) [취득세] 종교단체 감면에 대하여 / 답변2
  + [1786] ntt=23730 (12010) [취득세] 계란선별장 용도지수 문의드립니다. / 답변0
[page 1320 완료] 누적 신규 1786건  (이 게시판 저장 총 39,460건)
  + [1787] ntt=23727 (12009) [지방세징수법] 관허사업제한 / 답변2
  + [1788] ntt=23726 (12008) [재산세] 부동산합유자  중 일부가 사망한 경우 합유지분에 대한 재. / 답변3
  + [1789] ntt=23724 (12007) [취득세] LPG 차량 장애인 등록 감면 가능한가요? / 답변2
  + [1790] ntt=23723 (12006) [취득세] 과점주주의 취득세 납세의무 성립에 관해 질문드립니다 / 답변2
  + [1791] ntt=23722 (12005) [등록면허세] 건물 증축에 대한 등록면허세(면허분) 질문드립니다. / 답변0
  + [1792] ntt=23721 (12004) [기타] 영치 번호판 반환 / 답변7
  + [1793] ntt=23720 (12003) [주민세] 주민세 법인균등분 문의드립니다. / 답변1
  + [1794] ntt=23718 (12002) [취득세] 상속폐차 차량에대한 취득세 부과 / 답변1
  + [1795] ntt=23717 (12001) [취득세] 창업벤처 추징요건 / 답변1
  + [1796] ntt=23716 (12000) [등록면허세] 구분지상권 문의드립니다. / 답변0
  + [1797] ntt=23715 (11999) [취득세] 사망자의 감면 차량 1년이내 소유권이전에 따른 추징여부.. / 답변2
  + [1798] ntt=23713 (11998) [취득세] 폐업 법인 감면 취득세 추징 문의 / 답변2
  + [1799] ntt=23712 (11997) [취득세] 경매취득시 제시외 물건에 대해서 궁금합니다 / 답변3
  + [1800] ntt=23711 (11996) [재산세] 재산세 주택분 관련 질의입니다. / 답변2
  + [1801] ntt=23710 (11995) [취득세] 상속 취득세 미신고분 직권부과 관련하여 문의드립니다. / 답변8
  + [1802] ntt=23707 (11994) [등록면허세] 근저당설정 말소등기에 관한 질문입니다. / 답변3
  + [1803] ntt=23706 (11993) [취득세] 지특법  제67조 경형자동차 감면 추징관련 / 답변6
  + [1804] ntt=23704 (11992) [취득세] 개인과 법인 거래시 취득과표 적용에 대한 문의 / 답변1
  + [1805] ntt=23703 (11991) [취득세] 귀농인 농업외 산업 종사 (목사) / 답변1
  + [1806] ntt=23702 (11990) [기타] 개별주택공시가격 이의신청 주택 멸실 관련 문의 / 답변1
  + [1807] ntt=23701 (11989) [재산세] 사권제한 감면 / 답변2
  + [1808] ntt=23700 (11988) [취득세] 종전의 감면받은 차량을 이전 한 후 다시 매입하는 경우 . / 답변5
  + [1809] ntt=23699 (11987) [지방세징수법] 경매 납기전징수관련 질문있습니다. / 답변2
  + [1810] ntt=23698 (11986) [취득세] 명의신탁해지에 따른 화해권고 문의 / 답변1
  + [1811] ntt=23697 (11985) [취득세] 법인의 주택 매입 / 답변4
  + [1812] ntt=23695 (11984) [지방세징수법] 경매 납기 전 징수 / 답변3
  + [1813] ntt=23693 (11983) [취득세] 1년이내 세대분가할 경우 / 답변1
  + [1814] ntt=23692 (11982) [취득세] 조심이나 법원 사례를 찾습니다...종전 감면 차량 재 취. / 답변6
  + [1815] ntt=23691 (11981) [자동차세] 자동차세 장애인감면관련 다수 장애인 공동명의의 경우 질문 / 답변2
  + [1816] ntt=23689 (11980) [취득세] 신탁재산 귀속 소유권 이전 취득세 과세대상 여부 / 답변0
[page 1321 완료] 누적 신규 1816건  (이 게시판 저장 총 39,490건)
  + [1817] ntt=23687 (11979) [취득세] 현물출자 감면 / 답변1
  + [1818] ntt=23686 (11978) [등록면허세] 가압류 신청 기각, 각하, 취하된 등록면허세 환급문의 / 답변3
  + [1819] ntt=23684 (11977) [취득세] 산업단지내에서 취득하는 임시 건축물(창고)도 감면되는건가. / 답변3
  + [1820] ntt=23682 (11976) [등록면허세] 사업장 전입시 등록면허세 / 답변3
  + [1821] ntt=23681 (11975) [취득세] 부동산 취득세 1가구 4주택 등 다주택자의 분양권 관련 . / 답변2
  + [1822] ntt=23679 (11974) [취득세] 동력수상레저기구 취득일,상속필수서류,구조변경 부과여부 문. / 답변1
  + [1823] ntt=23678 (11973) [취득세] 취득세 가족관계증명서 갈음 관련 / 답변2
  + [1824] ntt=23677 (11972) [자동차세] 장애인 감면차량 문의 / 답변3
  + [1825] ntt=23676 (11971) [재산세] 유흥주점 중과세 대상 문의 / 답변4
  + [1826] ntt=23674 (11970) [자동차세] 자동차세 장애인 감면 문의 / 답변2
  + [1827] ntt=23673 (11969) [취득세] 농업회사법인 감면 가능 여부 / 답변0
  + [1828] ntt=23672 (11968) [지방소득세] 행안부 유권해석 자료 구합니다.-법인지방소득세 결손금 소. / 답변0
  + [1829] ntt=23671 (11967) [취득세] 차량취득세 장애인 감면후 1년내 세대분리 문의? / 답변2
  + [1830] ntt=23670 (11966) [주민세] 법인균등분 자본금액 확인 방법 / 답변1
  + [1831] ntt=23669 (11965) [재산세] 시장 내 상가 지역자원시설세 / 답변0
  + [1832] ntt=23668 (11964) [지방세징수법] 결손처분 문의 입니다. / 답변1
  + [1833] ntt=23663 (11963) [재산세] 사용승인이 안난 건축물 부과 / 답변4
  + [1834] ntt=23662 (11962) [취득세] 시각장애 취득세 감면에 대해 질문있습니다! / 답변3
  + [1835] ntt=23661 (11961) [취득세] 차량 시가표준액 문의 / 답변3
  + [1836] ntt=23660 (11960) [자동차세] 지역 번호판 자동차 주소변경 미신고 / 답변0
  + [1837] ntt=23659 (11959) [자동차세] 상속인 배우자 외국인 관련 문의. / 답변2
  + [1838] ntt=23658 (11958) [취득세] 건물신축 취득가격 포함여부 / 답변1
  + [1839] ntt=23656 (11957) [취득세] 상속취득에 의한 차량 취득세 납세지 문의 / 답변1
  + [1840] ntt=23655 (11956) [취득세] 단독주택 농특세 과세여부 문의 / 답변3
  + [1841] ntt=23654 (11955) [취득세] 농업법인감면 / 답변2
  + [1842] ntt=23652 (11954) [재산세] 제조업소 / 답변3
  + [1843] ntt=23651 (11953) [재산세] 미신고 상속 재산세 납세의무자 지정 / 답변4
  + [1844] ntt=23647 (11952) [재산세] 재산세 환급 관련 문의입니다. / 답변1
  + [1845] ntt=23646 (11951) [지방세징수법] 소유자와 연락이안되는 차량 공매가능여부 문의 / 답변3
    [retry 1/3] ReadTimeout
  + [1846] ntt=23645 (11950) [취득세] 조기결정신청 민원접수 해야 하나요? / 답변4
[page 1322 완료] 누적 신규 1846건  (이 게시판 저장 총 39,520건)
  + [1847] ntt=23644 (11949) [기타] 위수탁 지입차주 기재 관련 문의가 있습니다 / 답변2
  + [1848] ntt=23642 (11948) [취득세] A6 판매중지로 인한  차량 취득세 환급 / 답변3
  + [1849] ntt=23638 (11947) [취득세] 장애인과 공동명의자 소유 대체취득 추징 관련... / 답변5
  + [1850] ntt=23637 (11946) [재산세] 개발제한구역내 건축중인 건축물 토지형태 및 도시지역분 부. / 답변2
  + [1851] ntt=23636 (11945) [등록면허세] 가상체험 체육시설업 등록면허세 문의 / 답변1
  + [1852] ntt=23633 (11944) [등록면허세] 차량 대표납세자 변경시 등록면허세 과세여부 / 답변3
  + [1853] ntt=23631 (11943) [취득세] 주택 취득일이후에  3년 이내에 공공기관 본사로 발령난 . / 답변0
  + [1854] ntt=23629 (11942) [취득세] 60제곱미터 이하 임대사업자 취득세 감면 후 임의경매로 . / 답변3
  + [1855] ntt=23628 (11941) [취득세] 주택세율 미적용시 시가표준액 / 답변1
  + [1856] ntt=23627 (11940) [취득세] 다자녀납세자가 구조변경했을경우? / 답변4
  + [1857] ntt=23626 (11939) [지방세징수법] 체납차량 번호판 영치 / 답변10
  + [1858] ntt=23625 (11938) [재산세] 공시지가 이관 MDB 파일 받을때 어떤 자료를 요청해야하. / 답변2
  + [1859] ntt=23624 (11937) [재산세] 상속등기가 안된 재산에 대한 재산세 납세의무 문의입니다. / 답변5
  + [1860] ntt=23623 (11936) [재산세] 항공기재산세 부과를 위한 내역정비 관련 문의드립니다. / 답변0
  + [1861] ntt=23622 (11935) [주민세] 해외체류자 주민세 납세의무 ... / 답변4
  + [1862] ntt=23621 (11934) [주민세] 교도소 수감자 주민세(개인균등분)납세의무 / 답변5
  + [1863] ntt=23620 (11933) [기타] 세목별과세증명서등 증명서 대리인발급 정보공개 가능 여부 / 답변2
  + [1864] ntt=23619 (11932) [취득세] 취득가액 / 답변4
  + [1865] ntt=23618 (11931) [재산세] 사실상의 소유자를 알 수 없을 때.... / 답변2
    [retry 1/3] ReadTimeout
  + [1866] ntt=23617 (11930) [자동차세] 자동차세 감면문의 / 답변3
  + [1867] ntt=23616 (11929) [취득세] 직계존비속간의 유상거래 인정 / 답변1
  + [1868] ntt=23615 (11928) [지방소득세] 법인지방소득세  결손금 소급공제 관련 문의 / 답변1
  + [1869] ntt=23614 (11927) [취득세] 직계존비속간의 거래 질문 / 답변2
  + [1870] ntt=23613 (11926) [취득세] 직계존비속간의 거래 질문 / 답변1
  + [1871] ntt=23612 (11925) [주민세] 지급월 같고 귀속월 다른 주민세 종업원분 신고 질문 / 답변6
  + [1872] ntt=23611 (11924) [지방세징수법] 사망자 자동차 이전 문제 (대위등기) / 답변0
  + [1873] ntt=23608 (11923) [취득세] 지특법 16조 주택개량사업 추징관련 / 답변2
  + [1874] ntt=23607 (11922) [취득세] 서민주택 취득일로부터 2년이내 주소를 잠시 옮긴경우 추징. / 답변3
  + [1875] ntt=23606 (11921) [취득세] 상속 취득세문의 / 답변1
  + [1876] ntt=23605 (11920) [기타] 사실상폐업 법인 감액여부 판단기준 / 답변1
[page 1323 완료] 누적 신규 1876건  (이 게시판 저장 총 39,550건)
  + [1877] ntt=23604 (11919) [취득세] 종교단체가 수용으로 보상받은후 대체취득시 / 답변2
  + [1878] ntt=23602 (11918) [취득세] 법인 적격합병 관련입니다. / 답변0
  + [1879] ntt=23601 (11917) [취득세] 법인 현물출자 감정평가 / 답변0
  + [1880] ntt=23598 (11916) [등록면허세] 125cc 초과 이륜차 등록면허세 질문 / 답변1
  + [1881] ntt=23596 (11915) [취득세] 차량 취득세 담당자만 보세요!! / 답변12
  + [1882] ntt=23595 (11914) [주민세] 주민세(종업원분) 납부 기한 연장관련 질의 드립니다 / 답변2
  + [1883] ntt=23594 (11913) [지방세징수법] 급여압류 및 추심 문의 / 답변3
  + [1884] ntt=23591 (11912) [재산세] 골프장 건물 용도지수 질문 / 답변2
  + [1885] ntt=23590 (11911) [재산세] 재산세 납세의무자(취득세 신고후 미등기) 문의 / 답변3
  + [1886] ntt=23588 (11910) [취득세] 합병 감면 시 (합병대가 약정서)관련입니다. / 답변1
  + [1887] ntt=23586 (11909) [취득세] 상품용차량 폐차 관련... / 답변4
  + [1888] ntt=23584 (11908) [지방세징수법] 예금압류 추심 문의 / 답변4
  + [1889] ntt=23582 (11907) [자동차세] 2010년도 사망자에게 부과된 자동차세 관련 문의 / 답변6
  + [1890] ntt=23580 (11906) [재산세] 지자체가 무허가 건축물 사용 / 답변3
  + [1891] ntt=23579 (11905) [취득세] 보훈단체~~차량 취득 / 답변8
  + [1892] ntt=23578 (11904) [지방세징수법] 영치된 체납차량 자동차 관리법 과태료 처분 예외 규정 요. / 답변8
  + [1893] ntt=23577 (11903) [기타] 착오납부에 대한 환급 문의 / 답변2
  + [1894] ntt=23575 (11902) [지방소득세] 지방소득세(양도소득) 납세지관련 / 답변1
  + [1895] ntt=23574 (11901) [재산세] 건축물 승강기 관련 문의입니다. / 답변1
  + [1896] ntt=23571 (11900) [기타] 징수유예(처리절차 및 방법) 관련 문의입니다 / 답변1
  + [1897] ntt=23570 (11899) [재산세] 무허가건축물 부속토지 / 답변6
  + [1898] ntt=23569 (11898) [재산세] 2018,2019년 재산세 경감비율 토지에 대한 분리과세. / 답변0
  + [1899] ntt=23567 (11897) [취득세] 마을회에서 농산물 판매시설 가설건축물 취득시 감면 가능한. / 답변1
  + [1900] ntt=23566 (11896) [주민세] 주민세 ( 종업원분 )의 종업원 소속 판단기준 / 답변1
  + [1901] ntt=23563 (11895) [취득세] 여러분의 소중한 의견 기다립니다. / 답변1
  + [1902] ntt=23561 (11894) [취득세] 자동차 감면 추징시 취득세 및 등록면허세~~ / 답변3
  + [1903] ntt=23559 (11893) [취득세] 부담부증여 관련 부채가 부동산 2개에 묶여 있는경우 부채. / 답변1
  + [1904] ntt=23558 (11892) [재산세] 곤충사육사 부속토지  분리과세 여부 문의 / 답변1
  + [1905] ntt=23557 (11891) [기타] 개별주택가격 공시비율 / 답변4
  + [1906] ntt=23555 (11890) [취득세] 신축 공동주택의 주차유도시스템도 취득세 과표에 해당이 되. / 답변0
[page 1324 완료] 누적 신규 1906건  (이 게시판 저장 총 39,580건)
  + [1907] ntt=23553 (11889) [취득세] 방음벽 설치비가 신축공동주택의 취득세 과세표준에 해당되는. / 답변2
  + [1908] ntt=23551 (11888) [주민세] 주민세 재산분 / 답변1
  + [1909] ntt=23550 (11887) [자동차세] 타시군간의 연납 승계 문의 2 / 답변1
  + [1910] ntt=23549 (11886) [취득세] 지입차량 취득세 세율 문의드립니다. / 답변2
  + [1911] ntt=23548 (11885) [지방세징수법] 부동산 공매 납기 전 징수 / 답변4
  + [1912] ntt=23546 (11884) [재산세] 임대주택 감면 문의드립니다.(지특법 31조3항1호) / 답변3
  + [1913] ntt=23543 (11883) [재산세] 재산세 주택건물 과세제외 관련 문의입니다. / 답변1
  + [1914] ntt=23541 (11882) [취득세] 귀농인 감면 관련 질문입니다. / 답변1
  + [1915] ntt=23540 (11881) [취득세] 캠핑카  국가유공자 가능한가요??? / 답변2
  + [1916] ntt=23538 (11880) [취득세] 차량 취득세 영업용(예비허가) / 답변2
    [retry 1/3] ReadTimeout
  + [1917] ntt=23536 (11879) [지방세징수법] 운행정지직권말소차량 공매 문의 / 답변2
  + [1918] ntt=23535 (11878) [재산세] 창업중소기업이 창업벤처기업으로 전환되었을 시 감액 및 감. / 답변1
  + [1919] ntt=23534 (11877) [취득세] 건물 신축시 지목변경  대체취득 감면 적용여부 / 답변1
  + [1920] ntt=23532 (11876) [자동차세] 타시군간에 연납승계 절차가 궁금합니다. / 답변2
  + [1921] ntt=23530 (11875) [취득세] 양도인이 법원판결로 차량 강제이전 시 취득세까지 등록전에. / 답변0
  + [1922] ntt=23529 (11874) [지방세징수법] 도시계획도로의 토지도 공매 가능한가요? / 답변4
  + [1923] ntt=23527 (11873) [취득세] 차량 상속 등록면허세 / 답변2
  + [1924] ntt=23526 (11872) [재산세] 개발제한구역 내 동식물관련시설의 부속토지 과세유형 문의입. / 답변1
  + [1925] ntt=23524 (11871) [자동차세] 11인승 승합을 슬로프장애인차 구조변경으로 6인승 승용으. / 답변1
  + [1926] ntt=23523 (11870) [취득세] 평생교육시설과 관련하여 질문이 있습니다. / 답변0
  + [1927] ntt=23522 (11869) [지방소득세] 이자소득만 있는 비영리내국법인 신고 / 답변1
  + [1928] ntt=23520 (11868) [취득세] 다자녀 취득세 소급환급 질문 / 답변4
  + [1929] ntt=23519 (11867) [취득세] 현물출자시 출자한 자산에 재고자산(한우,닭)등이 포함되어. / 답변0
  + [1930] ntt=23517 (11866) [재산세] 종교단체 재산세 감면여부 / 답변1
  + [1931] ntt=23516 (11865) [재산세] 마을회 감면 관련 문의 / 답변3
  + [1932] ntt=23515 (11864) [지방소득세] 법인지방소득세 정산 / 답변0
  + [1933] ntt=23514 (11863) [재산세] 공장 분리과세 타당성 여부 / 답변2
    [retry 1/3] ReadTimeout
    [retry 2/3] ConnectTimeout
  + [1934] ntt=23512 (11862) [취득세] 지특법 11조 농업회사법인 취득세 관련입니다. / 답변0
  + [1935] ntt=23511 (11861) [재산세] 계단면적의 입력방법 / 답변1
  + [1936] ntt=23510 (11860) [재산세] 공동소유자가 서로 다른 감면 코드를 적용하는 방법 / 답변1
[page 1325 완료] 누적 신규 1936건  (이 게시판 저장 총 39,610건)
  + [1937] ntt=23509 (11859) [취득세] 취득세 추징 비율 여부 ? / 답변1
  + [1938] ntt=23505 (11858) [지방소득세] 지방소득세(특별징수) 문의드립니다. / 답변1
  + [1939] ntt=23504 (11857) [재산세] 지역자원시설세 중과 처리시  중과대상 문의 (공장의 사무. / 답변2
  + [1940] ntt=23503 (11856) [자동차세] 자동차세 한정승인 질의 / 답변3
  + [1941] ntt=23502 (11855) [재산세] 소유권 변동에 따른 과세대장 정비 관련 질의입니다. / 답변4
  + [1942] ntt=23500 (11854) [기타] 부동산집합투자기구 중과제외시 감면분 농어촌특별세 대상여부. / 답변0
  + [1943] ntt=23499 (11853) [재산세] 도소매 업종 공장의 건축물의 용도에 관한 질문입니다. / 답변2
  + [1944] ntt=23497 (11852) [취득세] 상속 취득세 문의 / 답변4
  + [1945] ntt=23496 (11851) [취득세] 대체취득 기간 내 공동명의 국가유공자 사망 시 추징여부. / 답변1
  + [1946] ntt=23495 (11850) [등록면허세] 등록면허세(면허분) 과세대상에 해댱하는지 궁금합니다. / 답변2
  + [1947] ntt=23494 (11849) [취득세] 1세대 4주택에 대하여 재질의 / 답변4
  + [1948] ntt=23493 (11848) [취득세] 미준공 건축물  (연립주택)  ,,   취득에 관하여 / 답변1
  + [1949] ntt=23492 (11847) [등록면허세] 의료기기 관련  등록면허세(면허) 문의 / 답변1
  + [1950] ntt=23490 (11846) [자동차세] 종전 감면차량 이전종료 후 재취득 시 감면가능여부 / 답변3
  + [1951] ntt=23489 (11845) [취득세] 과점주주 주식변동상황명세서 수정 / 답변3
  + [1952] ntt=23488 (11844) [지방세징수법] 한정승인에 따른 체납액 / 답변5
  + [1953] ntt=23487 (11843) [취득세] 현물출자 과세표준[감정평가액 + 부대비용( 감정평가수수료. / 답변2
    [retry 1/3] ReadTimeout
    [retry 2/3] ConnectTimeout
    [retry 3/3] ConnectTimeout
  + [1954] ntt=23483 (11841) [등록면허세] 특정고압가스 사용신고 질문있습니다! / 답변1
  + [1955] ntt=23482 (11840) [취득세] 과점주주 / 답변3
  + [1956] ntt=23480 (11839) [등록면허세] 마을회명의로 태양광(전기사업)사업의 등록면허세 비과여부 / 답변3
  + [1957] ntt=23478 (11838) [취득세] 화물차량 취득 후 특수자동차(캠핑용)으로 변경... / 답변2
  + [1958] ntt=23477 (11837) [지방소득세] 가산세만 통보된 경우 / 답변3
  + [1959] ntt=23476 (11836) [세외수입] 파산면책시 압류여부 / 답변2
  + [1960] ntt=23475 (11835) [자동차세] 장애인감면 자동차세 세대분리 / 답변3
  + [1961] ntt=23474 (11834) [재산세] 자경농민 토지 재산세 부과 / 답변5
  + [1962] ntt=23473 (11833) [취득세] 상속으로 인한 보존+증축 관련입니다. / 답변3
  + [1963] ntt=23472 (11832) [취득세] 영업용 세율 적용시 문의드립니다. / 답변2
  + [1964] ntt=23465 (11831) [재산세] 한국토지주택공사 임대주택 감면 문의입니다. / 답변1
  + [1965] ntt=23464 (11830) [재산세] 미사용승인 건축물 관련 / 답변1
[page 1326 완료] 누적 신규 1965건  (이 게시판 저장 총 39,639건)
  + [1966] ntt=23463 (11829) [재산세] 유흥주점 등 집합금지 행정명령과 재산세 중과세 조사 관련. / 답변4
  + [1967] ntt=23461 (11828) [취득세] 차량 구조변경 취득세 관련 중고윙바디 설치 시 윙바디 연. / 답변1
  + [1968] ntt=23460 (11827) [취득세] 신혼부부 감면 후 전입신고를 안했을 경우 문의드립니다. / 답변2
  + [1969] ntt=23459 (11826) [자동차세] 건설기계 관련 자동차세 문의 / 답변2
  + [1970] ntt=23458 (11825) [취득세] 상속 미신고 추징시...미성년자... / 답변8
  + [1971] ntt=23457 (11824) [취득세] 공유물 분할 토지 자경농민 감면 관련 / 답변3
  + [1972] ntt=23456 (11823) [취득세] 혹시 자격농민 감면받고 취득세 납부를 하였는데 토지수용때. / 답변4
  + [1973] ntt=23455 (11822) [취득세] 과점주주 과세지분율 범위 / 답변4
  + [1974] ntt=23454 (11821) [등록면허세] 특정열기자재검사 등록면허세 질문드립니다. / 답변3
  + [1975] ntt=23453 (11820) [재산세] 재개발 재건축 조합 재산세 토지분 문의 / 답변1
  + [1976] ntt=23452 (11819) [등록면허세] 특정열기자재검사 등록면허세 질문드립니다. / 답변1
  + [1977] ntt=23450 (11818) [재산세] 미등기 재산 직권등재 문의드립니다. / 답변4
  + [1978] ntt=23449 (11817) [자동차세] 자동차세 부과시 폐차장 조사 받은 자료 연계 문의 / 답변2
  + [1979] ntt=23448 (11816) [지방소득세] 한정승인인 경우 지방소득세 부과 / 답변2
  + [1980] ntt=23447 (11815) [취득세] 건축물 신축에 따른 취득원가 포함 질의 / 답변1
  + [1981] ntt=23446 (11814) [취득세] 법인의 주택 취득 / 답변2
  + [1982] ntt=23445 (11813) [지방세징수법] 체납액에 대한 부과철회 질문드립니다. / 답변3
  + [1983] ntt=23441 (11812) [취득세] 사망자 재산이 공매된 경우, 상속인의 취득세 신고납부의무 / 답변1
  + [1984] ntt=23439 (11811) [재산세] 주거용 오피스텔로 판단 가능여부 / 답변4
  + [1985] ntt=23438 (11810) [세외수입] 천재지변 등으로 인한 대체취득한 차량에 대한 압류여부 / 답변3
  + [1986] ntt=23437 (11809) [취득세] 토지 창업중소기업감면 취득후 전소유주 건물 임차사용시 추. / 답변1
  + [1987] ntt=23436 (11808) [취득세] 1세대 4주택에 대하여 질의 / 답변2
  + [1988] ntt=23434 (11807) [재산세] 미상속 재산 납세의무자 지정 / 답변8
  + [1989] ntt=23430 (11806) [등록면허세] 학교법인의 등록면허세 비과세 / 답변1
    [retry 1/3] ReadTimeout
  + [1990] ntt=23429 (11805) [지방세징수법] 멸실차량에대한 압류해제 관련 문의 / 답변2
  + [1991] ntt=23427 (11804) [취득세] 임야위 태양광발전시설  지목변경 문의 / 답변0
  + [1992] ntt=23426 (11803) [취득세] 차량 구조변경 신고금액이 작을시 과세표준 / 답변2
  + [1993] ntt=23425 (11802) [지방세징수법] 제2차납세의무자 부과제척기간관련 / 답변2
  + [1994] ntt=23424 (11801) [취득세] 차량 취득세 장애인 부득이한 사례 / 답변3
  + [1995] ntt=23422 (11800) [취득세] 4주택에 신탁(재개발 조합)된 주택 포함 여부 / 답변0
[page 1327 완료] 누적 신규 1995건  (이 게시판 저장 총 39,669건)
  + [1996] ntt=23421 (11799) [취득세] 차량 비과세 대체취득(60일/공휴일)기준에 대해 문의드립. / 답변1
  + [1997] ntt=23420 (11798) [재산세] 신탁재산에 대한 골프장 과세유형 / 답변1
  + [1998] ntt=23419 (11797) [취득세] 주택공시가격이 이의신청으로 조정된 경우 소급적용 문의 / 답변1
  + [1999] ntt=23418 (11796) [취득세] 2013년 6월~12월 사망시 제척기간 질문 / 답변3
  + [2000] ntt=23417 (11795) [등록면허세] 굴착행위에 대한 등록면허세 질문 드립니다. / 답변2
  + [2001] ntt=23415 (11794) [재산세] 재산세 정기분 부과 전 사망자 납세의무자 직권지정 관련 . / 답변2
  + [2002] ntt=23414 (11793) [취득세] 간주취득세 성립 여부 / 답변2
    [retry 1/3] ReadTimeout
    [retry 2/3] ConnectTimeout
  + [2003] ntt=23413 (11792) [취득세] 양성화 요건이 되지 않는 물건에 대한 취득세 부과 대상 . / 답변1
  + [2004] ntt=23410 (11791) [등록면허세] 화약류 양수,사용 허가 관련 문의 / 답변2
  + [2005] ntt=23408 (11790) [재산세] 주택개개발정비사업조합의 임대아파트 / 답변1
  + [2006] ntt=23406 (11789) [등록면허세] 20180830 등록면허세(면허) 업무 운영 매뉴얼, P. / 답변1
  + [2007] ntt=23405 (11788) [재산세] 평생교육법에 따른 평생교육시설 감면 / 답변2
  + [2008] ntt=23403 (11787) [취득세] 지특법 제73조 토지수용 등으로 인한 대체취득 적용시 사. / 답변1
  + [2009] ntt=23402 (11786) [재산세] 주택공시가격이 이의신청으로 조정될 경우 재산세 과표 선정. / 답변4
  + [2010] ntt=23401 (11785) [취득세] 폐업법인 취득세감면추징 여부가능문의 / 답변2
  + [2011] ntt=23400 (11784) [취득세] 재개발구역 내  종교부지를 대토로 받기로 한 경우 취득세. / 답변0
  + [2012] ntt=23399 (11783) [재산세] 재산세 과세내역서 팩스,메일  회신, 세액 유선 회신 / 답변6
  + [2013] ntt=23398 (11782) [자동차세] 법인 명의 차량 법인 주소지가 뒤늦게 경정된경우 납세지 . / 답변3
  + [2014] ntt=23397 (11781) [등록면허세] 차량 지분이전 등록면허세 / 답변2
  + [2015] ntt=23396 (11780) [지방세징수법] 납기전징수 재산세 문의(채권 추가 가능여부) / 답변3
  + [2016] ntt=23391 (11779) [취득세] 농업법인  지목변경 / 답변1
  + [2017] ntt=23390 (11778) [지방세징수법] 체납(결손) 자료를 신용정보기관 등에 제공하고 난 후 결. / 답변3
  + [2018] ntt=23389 (11777) [취득세] 1세대4주택 / 답변2
  + [2019] ntt=23388 (11776) [재산세] 골프연습장 토지는 면적에 상관없이 용도지역별 적용배율 대. / 답변2
  + [2020] ntt=23387 (11775) [기타] 소송번호 이해관계인에게 공개여부 질의 / 답변0
  + [2021] ntt=23386 (11774) [취득세] 공유물 분할?? / 답변1
  + [2022] ntt=23385 (11773) [자동차세] 자동차세 주행분에 대해 여쭙고자 합니다. / 답변2
  + [2023] ntt=23384 (11772) [취득세] 가설건축물 축조신고 취소에 따른 취득세 환급? / 답변4
  + [2024] ntt=23383 (11771) [취득세] 상속 취득세 추징관련 문의 / 답변1
  + [2025] ntt=23382 (11770) [취득세] 법인이 차량 취득시 캐피탈과의 대출에 따른 이자... / 답변5
[page 1328 완료] 누적 신규 2025건  (이 게시판 저장 총 39,699건)
  + [2026] ntt=23379 (11769) [취득세] 건축허가가 난 농지 취득시 자경농민 감면 여부 / 답변1
  + [2027] ntt=23377 (11768) [지방소득세] 지방소득세(특별징수) 관련 / 답변2
  + [2028] ntt=23374 (11767) [취득세] 공유물 분할 질의드립니다 / 답변5
  + [2029] ntt=23373 (11766) [재산세] 종교관련 재산세 문의입니다. / 답변3
  + [2030] ntt=23372 (11765) [자동차세] 자동차세 감면대상자 사망 시 사망일을 감면기간에 포함 여. / 답변2
  + [2031] ntt=23371 (11764) [자동차세] 차량 대체취득 60일 기간 동안 어느 차량이 자동차세 감. / 답변2
  + [2032] ntt=23370 (11763) [등록면허세] 건축등록면허세 설계변경으로 면적 증가시 면허세 과세여부 / 답변2
  + [2033] ntt=23368 (11762) [등록면허세] 법인 본점이전 시 지점에 대해 등록면허세 기타 부과여부 . / 답변1
  + [2034] ntt=23367 (11761) [취득세] 공장신축시 시설의 취득 문의드립니다. / 답변1
  + [2035] ntt=23366 (11760) [취득세] 지특법제45조제1항 학술단체및 / 답변0
  + [2036] ntt=23365 (11759) [재산세] 정보공개 청구 관련 문의입니다. / 답변4
  + [2037] ntt=23364 (11758) [취득세] 법인이 전세금 상계로 하는 취득 문의드립니다. / 답변1
  + [2038] ntt=23361 (11757) [취득세] 지입차량에 대한 구조변경 취득세 관련 질문드립니다. / 답변1
  + [2039] ntt=23359 (11756) [세외수입] 세외수입 배당순위 / 답변4
    [retry 1/3] ReadTimeout
  + [2040] ntt=23358 (11755) [취득세] 산업단지 대수선 감면 받은후 임대 / 답변4
  + [2041] ntt=23356 (11754) [등록면허세] 김공장 면허세 / 답변0
  + [2042] ntt=23355 (11753) [취득세] 토지수용으로 인한 대체 취득시 초과부분 과세 문의 / 답변3
  + [2043] ntt=23354 (11752) [세외수입] 개인세외수입체납자파산선고채권신고 / 답변2
  + [2044] ntt=23352 (11751) [기타] 징수포상금 소득세 신고 / 답변9
  + [2045] ntt=23351 (11750) [지방소득세] 지방소득세(특별징수) 폐업사업장 환급 문의 / 답변0
  + [2046] ntt=23349 (11749) [자동차세] 사실상 멸실차량 / 답변3
  + [2047] ntt=23348 (11748) [재산세] 판결에 따른 재산세 납세의무자 / 답변5
  + [2048] ntt=23346 (11747) [지방소득세] 납세조합 징수교부금 관련 문의 / 답변0
  + [2049] ntt=23345 (11746) [취득세] 과점주주 간주취득 보유자산(리스차량일경우) / 답변4
  + [2050] ntt=23344 (11745) [취득세] 취득 후 바로 멸실하는 건물의 경우 취득세 부과 / 답변3
  + [2051] ntt=23343 (11744) [취득세] 용도폐지 후 국가로부터 부상으로 양도받는 부분 감면적용 . / 답변0
  + [2052] ntt=23342 (11743) [취득세] 과세예고통지를 하는데 뭔가 두렵네요. / 답변6
  + [2053] ntt=23341 (11742) [세외수입] 세외수입 체납처분 시 / 답변2
  + [2054] ntt=23340 (11741) [취득세] 경매로 본인 물건을 취득했을 경우 취득세 과세 여부 문의 / 답변3
  + [2055] ntt=23337 (11740) [취득세] 과점주주의 명의신탁에 관한 의견들 어떠세요"? / 답변2
[page 1329 완료] 누적 신규 2055건  (이 게시판 저장 총 39,729건)
  + [2056] ntt=23336 (11739) [재산세] 재산세 도시지역분과 본세 감면 여부 문의입니다. / 답변3
  + [2057] ntt=23335 (11738) [지방세징수법] (재질의) 사망자의 부동산을 압류한 경우 / 답변4
  + [2058] ntt=23334 (11737) [재산세] 재산세대장 소유자 및 직권등재 문의드립니다^^ / 답변3
  + [2059] ntt=23333 (11736) [취득세] 이륜차 시가표준액 질문입니다. / 답변2
  + [2060] ntt=23331 (11735) [자동차세] 캠핑용자동차 및 트레일러 과연 다자녀감면... 그리고 자. / 답변1
  + [2061] ntt=23330 (11734) [취득세] 4주택 대상여부인지 판단하는데 도움을 구합니다. / 답변3
  + [2062] ntt=23329 (11733) [재산세] 대중제 골프장 토지의 재산세 과세 / 답변2
  + [2063] ntt=23328 (11732) [지방세징수법] 부동산 공매 공시송달 / 답변4
  + [2064] ntt=23327 (11731) [등록면허세] 농업인에게 융자할 때 제공받는 담보물에 대한 등기에 관한. / 답변2
  + [2065] ntt=23326 (11730) [취득세] 4주택 판단기준 문의드립니다. / 답변5
  + [2066] ntt=23325 (11729) [재산세] 공동소유 일 때 감면적용 요령 / 답변3
  + [2067] ntt=23324 (11728) [자동차세] 자동차세 감면 대체취득이 아닌 기존소유차량으로 변경관련 . / 답변2
  + [2068] ntt=23322 (11727) [등록면허세] 진단용방사선발생장치 설치,운영 신고 건별 등록면허세 부과. / 답변2
  + [2069] ntt=23321 (11726) [취득세] 차량취득세 장애인 감면 추징 관련 / 답변5
  + [2070] ntt=23320 (11725) [취득세] 자경농민 구 등록세 감면 문의 / 답변3
  + [2071] ntt=23319 (11724) [취득세] 난리났습니다. 캠핑용자동차 및 트레일러 과연 다자녀감면 . / 답변8
  + [2072] ntt=23318 (11723) [취득세] 1가구 1주택 상속취득 감면 적용 질의 / 답변5
  + [2073] ntt=23317 (11722) [취득세] 자경농민의 농지에 대한 감면 취득세 추징 여부 / 답변3
  + [2074] ntt=23316 (11721) [재산세] 재산세 납세의무자 변경 가능여부(매매계약서 근거) / 답변2
  + [2075] ntt=23315 (11720) [지방세징수법] 사망한 체납자의 부동산을 압류한 경우 / 답변2
  + [2076] ntt=23314 (11719) [취득세] 부동산 매매 계약 관련 문의 / 답변2
  + [2077] ntt=23313 (11718) [재산세] 임대사업자 일부말소 추징 / 답변3
  + [2078] ntt=23311 (11717) [재산세] 골프 연습장도 중과대상 골프장인가요??? / 답변7
  + [2079] ntt=23310 (11716) [취득세] 자경농민 감면 추징대상 여부 문의합니다. / 답변2
  + [2080] ntt=23308 (11715) [취득세] 건설기계 신규 취득시 국민주택채권 질의합니다. / 답변3
  + [2081] ntt=23307 (11714) [취득세] 임대주택 감면 추징 관련 질문드립니다. / 답변5
  + [2082] ntt=23306 (11713) [취득세] 차량구조변경 문의 / 답변2
  + [2083] ntt=23305 (11712) [취득세] 차량 취득세 대체취득 관련 질의 / 답변3
  + [2084] ntt=23304 (11711) [지방소득세] 개인지방소득세 납세지 질문 / 답변1
  + [2085] ntt=23303 (11710) [취득세] 토지수용 대체취득 관련 질의 / 답변2
[page 1330 완료] 누적 신규 2085건  (이 게시판 저장 총 39,759건)
  + [2086] ntt=23302 (11709) [취득세] 기존 A주택에대해서 부부공동명의였다가 한분이 돌아가시게되. / 답변3
  + [2087] ntt=23301 (11708) [취득세] 4주택 판단에 관련하여 / 답변1
  + [2088] ntt=23299 (11707) [취득세] 다주택자 판단시.. / 답변4
  + [2089] ntt=23297 (11706) [재산세] 화재위험건축물 지역자원시설세 중과 문의입니다. / 답변3
  + [2090] ntt=23296 (11705) [재산세] "건축중인 축사의 토지" 재산세 과세구분 / 답변3
  + [2091] ntt=23295 (11704) [취득세] 1세대 4주택 문의 / 답변3
  + [2092] ntt=23294 (11703) [취득세] 감면분 과세전환 취득세 추징 사망자 과세 / 답변3
  + [2093] ntt=23292 (11702) [취득세] 부담부증여로 등기후, 증여로 다시 바꾼다고 했을때 추가과. / 답변1
  + [2094] ntt=23290 (11701) [재산세] 재산세 감면 관련 질문 드립니다.(취득세 감면내용 포함) / 답변2
  + [2095] ntt=23289 (11700) [취득세] 배우자 및 직계존비속간 거래시 / 답변4
  + [2096] ntt=23288 (11699) [취득세] 시가표준액과 세액 전화문의 시 민원응대 어찌 하시는지 궁. / 답변7
  + [2097] ntt=23287 (11698) [취득세] 무상귀속, 기부채납 관련 계약 확인 / 답변1
  + [2098] ntt=23285 (11697) [취득세] 재건축 아파트 취득자 문의 / 답변3
  + [2099] ntt=23284 (11696) [취득세] 특정건축물 특별조치법 기간내 무허가 주택을 양성화하여 준. / 답변2
  + [2100] ntt=23283 (11695) [취득세] 장애 감면 차량취득세 관련 문의 / 답변3
  + [2101] ntt=23282 (11694) [등록면허세] 등록면허세(면허) 납세자 사망시 과세 여부 질의드립니다. / 답변2
  + [2102] ntt=23281 (11693) [취득세] 조합원 아파트 준공 전 상속취득 문의 / 답변1
  + [2103] ntt=23280 (11692) [재산세] 지방세법시행령제101조 제3항 제5호에서 규정하는 자동차. / 답변2
  + [2104] ntt=23274 (11691) [취득세] 자동차 취득시 감면받은 공채 추징 문의 / 답변5
  + [2105] ntt=23273 (11690) [자동차세] 자동차세 장애 감면 관련 문의 / 답변5
  + [2106] ntt=23272 (11689) [자동차세] 자동차세 세대분리 관련 지방세특례제한법 제17조제3항 부. / 답변5
  + [2107] ntt=23271 (11688) [취득세] 경락으로 취득시 일부면적 미등기 상태인경우 / 답변3
  + [2108] ntt=23270 (11687) [취득세] 도시개발사업 환지처분에 따른 취득세 과표 문의 / 답변1
  + [2109] ntt=23269 (11686) [취득세] 건물 신축 상수도 급수 공사비 취득세 포함여부 / 답변2
  + [2110] ntt=23268 (11685) [취득세] 귀농인 감면 관련 질의드립니다. / 답변2
  + [2111] ntt=23267 (11684) [취득세] 실거래를 높게 신고한경우 / 답변4
  + [2112] ntt=23266 (11683) [재산세] 임시사용승인 건축물 관련 과세대장 입력 질의입니다. / 답변5
  + [2113] ntt=23265 (11682) [재산세] 도로공사 토지 과세전환 관련 문의드립니다. / 답변0
  + [2114] ntt=23263 (11681) [취득세] 창업관련 / 답변1
  + [2115] ntt=23262 (11680) [자동차세] 단독 >> 공동  , 공동 >> 단독  지방세 시스템에서. / 답변2
[page 1331 완료] 누적 신규 2115건  (이 게시판 저장 총 39,789건)
  + [2116] ntt=23261 (11679) [자동차세] 연납승계 시 양수자가 요일제 미가입한 경우 납세의무자 판. / 답변2
  + [2117] ntt=23260 (11678) [취득세] 귀농인 감면후  4개월만에  자치단체에 수용되었다면. 추. / 답변4
  + [2118] ntt=23259 (11677) [취득세] 상속 1가구 1주택 감면 / 답변9
  + [2119] ntt=23256 (11676) [취득세] 지특법 제57조의2 현물출자 및 사업양수도 / 답변0
  + [2120] ntt=23253 (11675) [등록면허세] 농지전용 등 면허세 관련 질문드립니다. / 답변2
  + [2121] ntt=23252 (11674) [취득세] 차량 취득세 장애인 감면 문의입니다! / 답변3
  + [2122] ntt=23251 (11673) [재산세] 공동주택 미공시  및 한국감정원 / 답변4
  + [2123] ntt=23249 (11672) [지방세징수법] 징수유예 기간 경과후 체납처분 절차 문의 / 답변5
  + [2124] ntt=23248 (11671) [취득세] 지특법 제16조 농어촌 주택개량에 대한 감면 관련 질의 / 답변1
  + [2125] ntt=23247 (11670) [취득세] 차량 취득세 민원응대 / 답변7
  + [2126] ntt=23245 (11669) [취득세] 상속관련문의입니다. / 답변2
  + [2127] ntt=23242 (11668) [지방세징수법] 압류한 토지가 제3자에게 소유권이전되었을 때 공매. / 답변5
  + [2128] ntt=23238 (11667) [취득세] 차량 구조변경.. 취득세..   50만원안되면 등록면허세. / 답변4
  + [2129] ntt=23237 (11666) [재산세] 임시용건축물 재산세과세여부 / 답변4
  + [2130] ntt=23235 (11665) [취득세] 구조변경  취득세 업무 문의 / 답변3
    [retry 1/3] ReadTimeout
  + [2131] ntt=23233 (11664) [취득세] 1가구4주택 해당여부 문의드립니다. / 답변1
  + [2132] ntt=23232 (11663) [취득세] 장애감면 1년내 매각 부득이한 사유로 '사전에 고장여부 . / 답변3
  + [2133] ntt=23231 (11662) [자동차세] 장애인 감면 문의 / 답변6
  + [2134] ntt=23230 (11661) [취득세] 선수협약 요건(조건)은? / 답변0
  + [2135] ntt=23229 (11660) [취득세] 상속 취득세와 관련하여 문의드립니다. / 답변2
  + [2136] ntt=23228 (11659) [취득세] 기업합병,분할에 대한 감면 관련 / 답변2
  + [2137] ntt=23227 (11658) [취득세] 차량 구조변경후 승차인원 감소된 경우 세율적용 문의 / 답변3
  + [2138] ntt=23226 (11657) [취득세] 경매취득할때 임차보증금포함 관련 궁금합니다. / 답변1
  + [2139] ntt=23225 (11656) [재산세] 오피스텔 관련 문의드립니다. / 답변3
  + [2140] ntt=23224 (11655) [지방소득세] 지방소득세(종합) 환급지 문의드립니다. / 답변1
  + [2141] ntt=23223 (11654) [취득세] 계약해지로 인한 재취득 / 답변5
  + [2142] ntt=23222 (11653) [재산세] 농협(농업협동조합) 주차장 감면 문의 / 답변5
  + [2143] ntt=23221 (11652) [주민세] 종업원분 월평균금액  산정기준 질문 / 답변2
  + [2144] ntt=23220 (11651) [취득세] 수상레저기구 과표 관련입니다 / 답변2
  + [2145] ntt=23219 (11650) [지방세기본법] 어린이집 영업정지로 감면분 추징 사유 여부 / 답변2
[page 1332 완료] 누적 신규 2145건  (이 게시판 저장 총 39,819건)
  + [2146] ntt=23218 (11649) [취득세] 551004 숙박업(콘도미니엄)은 소비성서비스업인가요? / 답변3
  + [2147] ntt=23214 (11648) [지방세징수법] 신탁재산 압류 가능 여부 (위탁자 사망시) / 답변2
  + [2148] ntt=23213 (11647) [지방세징수법] 체납차량 인도명령 불응시 강제견인 법적근거 / 답변2
    [retry 1/3] ReadTimeout
  + [2149] ntt=23211 (11646) [취득세] 서민주택 감면후 1년이내 사망시 취득세 추징여부 / 답변6
  + [2150] ntt=23210 (11645) [취득세] 산업단지 지원시설내 산업용 건물(공장) 감면 여부 / 답변2
  + [2151] ntt=23209 (11644) [세외수입] 멸실인정차량에 대한 압류 효력 / 답변4
  + [2152] ntt=23208 (11643) [등록면허세] 임대사업자 면허세 명의 문의 / 답변2
  + [2153] ntt=23207 (11642) [취득세] 자경농민 감면 소득 / 답변2
  + [2154] ntt=23206 (11641) [재산세] 부과제척기간의 만료일 / 답변7
  + [2155] ntt=23204 (11640) [취득세] 내장탑 규격변경에 따른 구조변경 취득세 부과 여부 / 답변2
  + [2156] ntt=23203 (11639) [취득세] 상속협의서 작성 시 반드시 상속인의 인감도장이 날인되어야. / 답변4
  + [2157] ntt=23202 (11638) [취득세] 임대사업자 사망하여 승계안했는데 몇년후 상속인이 같은 물. / 답변2
  + [2158] ntt=23201 (11637) [취득세] 현황지목에 농지부분과 임야부분 혼재시 / 답변1
  + [2159] ntt=23200 (11636) [취득세] 장애인이 경차를 취득하는경우.. 감면은 어떤 조항으로? / 답변8
  + [2160] ntt=23198 (11635) [취득세] 산업단지 감면 토지에 산업용 건축물 축소 건축 / 답변3
  + [2161] ntt=23197 (11634) [취득세] 자동차 잔가율,, 경과년수 너무 지난 것들?? / 답변2
  + [2162] ntt=23196 (11633) [등록면허세] 등록면허세(면허) 감액 문의 / 답변2
  + [2163] ntt=23194 (11632) [재산세] 박물관 감면 재문의 / 답변2
  + [2164] ntt=23193 (11631) [주민세] 주민세 종업원분 공제적용기간 문의 / 답변0
  + [2165] ntt=23192 (11630) [자동차세] 장애인 차량 취득세 추징 후 자동차세 감면 신청 / 답변1
  + [2166] ntt=23189 (11629) [취득세] 지특법제58조의3창업중소기업 중 사업의양수의 개념 문의 / 답변1
  + [2167] ntt=23188 (11628) [취득세] <과세예고> 납세고지하려는 세액의 30만원 이상" →30. / 답변5
  + [2168] ntt=23187 (11627) [취득세] 신고가액과 시가표준액의 과다차이 / 답변1
  + [2169] ntt=23184 (11626) [등록면허세] 2811  등록면허세(면허)대장 기능 질문 / 답변5
  + [2170] ntt=23182 (11625) [취득세] 산업단지 감면 토지에 3년 내 착공 미준공 추징여부 / 답변3
  + [2171] ntt=23180 (11624) [기타] 지방세 자동이체 신청 문의 / 답변4
  + [2172] ntt=23179 (11623) [취득세] 차량 구조변경 무신고 수시분 부과 질의입니다. / 답변1
    [retry 1/3] ReadTimeout
  + [2173] ntt=23177 (11622) [자동차세] 자동차세 종합 4급 장애인 감면 / 답변0
  + [2174] ntt=23176 (11621) [지방세징수법] 공매대상 토지에 나무가 심겨져있는 경우 / 답변4
  + [2175] ntt=23175 (11620) [취득세] 대체취득 감면 / 답변1
[page 1333 완료] 누적 신규 2175건  (이 게시판 저장 총 39,849건)
  + [2176] ntt=23174 (11619) [지방소득세] 연말정산 관련 질의드립니다. 선배님들 고견좀 부탁드립니다. / 답변1
  + [2177] ntt=23173 (11618) [주민세] 주민세(종업원분) 사업장 관련 문의드립니다. / 답변1
  + [2178] ntt=23172 (11617) [등록면허세] 한시적 영업신고에 대한 면허분 등록면허세 과세여부 질의 . / 답변1
  + [2179] ntt=23170 (11616) [취득세] 상속 취득세 질문 / 답변1
  + [2180] ntt=23169 (11615) [등록면허세] 2010년 이전 농지 상속시 등록면허세 세율 문의 / 답변2
  + [2181] ntt=23167 (11614) [재산세] 가설건축물 정리 / 답변4
  + [2182] ntt=23166 (11613) [취득세] 인적설비 판단(지점 취득세 중과 관련) / 답변1
  + [2183] ntt=23164 (11612) [자동차세] 6월연납 대상차량과 정기분대상 차량 과세처리 / 답변4
  + [2184] ntt=23163 (11611) [재산세] 각 지역 한국토지주택공사의 임대용 공동주택 재산세 감면코. / 답변1
  + [2185] ntt=23162 (11610) [기타] 납세고지서는 납세자에게 납기 며칠전까지 도달해야 하나요? / 답변5
  + [2186] ntt=23160 (11609) [취득세] 1가구 4주택 적용 가능 여부 문의합니다. / 답변2
  + [2187] ntt=23159 (11608) [재산세] 주거용 오피스텔의 시설물 / 답변1
  + [2188] ntt=23157 (11607) [취득세] 과점주주 차량운반구 / 답변6
  + [2189] ntt=23155 (11606) [재산세] 자동차야영장업의 유원지부지를 별도합산과세대상으로 해야하는. / 답변2
  + [2190] ntt=23154 (11605) [취득세] 지특법 제11조제3항 농업법인에 대한 감면 중 휴업법인을. / 답변1
  + [2191] ntt=23151 (11604) [등록면허세] 건축허가(증축) 등록면허세 부과 / 답변4
  + [2192] ntt=23150 (11603) [재산세] 박물관 감면 문의 / 답변4
  + [2193] ntt=23147 (11602) [주민세] 주민세 종업원분 신설사업소 사업기간 판단 질문드립니다. / 답변0
  + [2194] ntt=23146 (11601) [등록면허세] 안마시술소 또는 안마원 신고 / 답변1
  + [2195] ntt=23144 (11600) [재산세] 광역시 내 군지역 토지구획정리사업지구 재산세율 / 답변3
    [retry 1/3] ReadTimeout
  + [2196] ntt=23143 (11599) [재산세] 재산세 용도관련문의 입니다 / 답변1
  + [2197] ntt=23140 (11598) [기타] 징수포상금 미지급 고발 / 답변4
  + [2198] ntt=23138 (11597) [재산세] 위탁관리 부동산투자회사의 임대주택 재산세 감면관련 / 답변1
  + [2199] ntt=23137 (11596) [재산세] 집합건물 전체 공용 면적을 알수 있는 방법이 없을까요? / 답변2
  + [2200] ntt=23135 (11595) [재산세] 축산용 관리사 / 답변1
  + [2201] ntt=23132 (11594) [자동차세] 경찰관서 차량 비과세 관련 문의 / 답변2
  + [2202] ntt=23129 (11593) [기타] 지역자원시설세 / 답변6
  + [2203] ntt=23128 (11592) [취득세] 자경농민 요건 / 답변6
  + [2204] ntt=23125 (11591) [취득세] 지특법 제45조의2 기초과학 연구 지원을 위한 연구기관에. / 답변1
  + [2205] ntt=23122 (11590) [자동차세] 연대납세의무 대상 자동차세 체납 시 연대납세의무자의 다른. / 답변5
[page 1334 완료] 누적 신규 2205건  (이 게시판 저장 총 39,879건)
  + [2206] ntt=23120 (11589) [취득세] 신용카드 매출전표로 가설건축물 취득세 과세표준 인정 가능. / 답변4
  + [2207] ntt=23119 (11588) [등록면허세] 등록면허세 비과세 질문있어요(도로명주소로 변경) / 답변6
  + [2208] ntt=23114 (11587) [지방소득세] 종합소득에 대한 개인지방소득세 - 명의위장 관련 / 답변1
  + [2209] ntt=23113 (11586) [취득세] 취득세 장애인 공동명의자 세대분리 관련 문의입니다. / 답변6
  + [2210] ntt=23111 (11585) [취득세] 임대사업자 감면 추징 / 답변2
  + [2211] ntt=23110 (11584) [취득세] 대수선(원상복구) / 답변1
  + [2212] ntt=23109 (11583) [기타] 공매 차량 강제 등록 여부 / 답변1
  + [2213] ntt=23108 (11582) [재산세] 아파트 공용면적에 해당하는 부분 문의 / 답변2
  + [2214] ntt=23107 (11581) [취득세] 자경농민 2년 이상 영농 종사 기준 / 답변3
  + [2215] ntt=23106 (11580) [재산세] 주택가격 시가표준액 안분계산법 / 답변3
  + [2216] ntt=23105 (11579) [취득세] 지붕 위 태양광 발전시설 설치 취득세 문의 / 답변2
  + [2217] ntt=23104 (11578) [취득세] 송달하자를 이유로 부과철회 한 케이스가 있는지 질의드립니. / 답변3
  + [2218] ntt=23103 (11577) [재산세] 건축물 시가표준액 문의 / 답변1
    [retry 1/3] ReadTimeout
    [retry 2/3] ConnectTimeout
  + [2219] ntt=23102 (11576) [자동차세] 비과감면 종료 차량 재취득 문의.. / 답변2
  + [2220] ntt=23101 (11575) [기타] 고지유예시 가산세 중단 여부 문의 / 답변1
  + [2221] ntt=23100 (11574) [취득세] 장애인차량감면 / 답변8
  + [2222] ntt=23098 (11573) [재산세] 관광단지 안에 토지 별도합산 / 답변0
  + [2223] ntt=23096 (11572) [자동차세] 금융리스 자동차세 국가유공자 감면..? / 답변2
  + [2224] ntt=23095 (11571) [지방세징수법] 신탁 재산의 압류에 대해 질문 있습니다. / 답변2
  + [2225] ntt=23094 (11570) [지방세징수법] 개인회생채권신고 / 답변1
  + [2226] ntt=23093 (11569) [지방소득세] 법인지방소득세 결손급 소급공제 신청관련 / 답변1
  + [2227] ntt=23092 (11568) [재산세] 가등기권자에 재산세 부과 / 답변4
  + [2228] ntt=23091 (11567) [취득세] 부담부증여 시 소득금액증명의 범위 / 답변2
  + [2229] ntt=23089 (11566) [취득세] 농협에서 가축시장 신축시  감면과 과표선정 기준 / 답변1
  + [2230] ntt=23088 (11565) [재산세] 개인 소유의 사찰 등 문의 / 답변1
  + [2231] ntt=23087 (11564) [취득세] 외제차 시가표준액이 없는 경우 / 답변6
  + [2232] ntt=23086 (11563) [재산세] 주택 토지,건물 소유자 다른경우.. / 답변2
  + [2233] ntt=23085 (11562) [취득세] 차량 취득세 자동차세  시각장애인 감면 관련 질문드립니다 / 답변1
  + [2234] ntt=23083 (11561) [취득세] 1가구1주택 특례적용(취득세 담당자 필독) / 답변3
  + [2235] ntt=23082 (11560) [지방세징수법] 각 지자체에서 예금압류는 어떤 식으로 진행하시는지 궁금합. / 답변3
[page 1335 완료] 누적 신규 2235건  (이 게시판 저장 총 39,909건)
  + [2236] ntt=23080 (11559) [지방소득세] 징수에는 소액부징수가 있는데, 감액,과오납환급에는 그런 . / 답변6
  + [2237] ntt=23079 (11558) [취득세] 대도시내 도시형 공장의 사무실 / 답변2
  + [2238] ntt=23078 (11557) [주민세] 사업자등록만 돼어있고 실제운영은 하지 않는곳의 증빙서류 / 답변1
  + [2239] ntt=23077 (11556) [취득세] 어업권 취득세 부과하고 있는 시군구 있나요? / 답변1
  + [2240] ntt=23076 (11555) [취득세] 이륜차(사용자리스) 리스 종료 후 취득세 시가표준액 / 답변1
  + [2241] ntt=23075 (11554) [재산세] 정보공개청구 관련 / 답변2
  + [2242] ntt=23074 (11553) [재산세] 신규 축산업 영업에 따른 목장용지 분리과세 / 답변1
  + [2243] ntt=23073 (11552) [취득세] 축산업협동조합에서 직접사용 목적 이용 시설에 대한 취득세. / 답변1
  + [2244] ntt=23072 (11551) [취득세] 차량 폐차관련 추징... / 답변2
  + [2245] ntt=23070 (11550) [지방세징수법] 출국해버린 외국인 자동차세 / 답변6
  + [2246] ntt=23069 (11549) [취득세] 가설건축물 이전 취득세 / 답변3
  + [2247] ntt=23066 (11548) [취득세] 상속취득세 납부후 분할된 필지로 등기시 모필지에  대한 . / 답변3
  + [2248] ntt=23065 (11547) [취득세] 본인이 만든 자동차 본인이 취득... / 답변7
  + [2249] ntt=23064 (11546) [취득세] 정당한 사유에 해당 할까요? / 답변1
  + [2250] ntt=23063 (11545) [취득세] 이륜차량 취득세 관련 질문드립니다 / 답변2
  + [2251] ntt=23061 (11544) [등록면허세] 종교차량 대표자 변경???? / 답변3
  + [2252] ntt=23059 (11543) [지방소득세] 법인지방소득세 특별징수세액명세서 관련 질문합니다. / 답변1
  + [2253] ntt=23057 (11542) [지방소득세] 개인지방소득세 납세지 문의 / 답변2
  + [2254] ntt=23056 (11541) [지방세징수법] 평가액 부족을 사유로 결손처분을 하려고 합니다. / 답변3
  + [2255] ntt=23055 (11540) [취득세] 주택개량사업에 따른 감면 추징여부 / 답변1
  + [2256] ntt=23053 (11539) [취득세] 산업단지 감면여부 (기존건축물 존재) / 답변2
  + [2257] ntt=23052 (11538) [재산세] 정비공장의 부속토지 토지형태 / 답변4
  + [2258] ntt=23051 (11537) [지방소득세] 개인지방소득세 환급 관련해서 질문있습니다!! / 답변1
  + [2259] ntt=23050 (11536) [등록면허세] 식용란선별포장업 영업허가 / 답변2
  + [2260] ntt=23049 (11535) [자동차세] 자동차세 국가유공자 감면 및 장애인 감면 소유 지분 질의 / 답변4
  + [2261] ntt=23048 (11534) [등록면허세] 도로 점용 관련해서 질문드립니다. / 답변1
  + [2262] ntt=23047 (11533) [지방세징수법] 운행정지 차량 공매 관련입니다 / 답변4
  + [2263] ntt=23046 (11532) [기타] 가산세의 감면 문의 / 답변4
  + [2264] ntt=23045 (11531) [취득세] 임대주택사업자 추징 제외할수있는 사윤지 궁금합니다 / 답변0
  + [2265] ntt=23044 (11530) [등록면허세] 건축허가 건물동별 면허세 부과 / 답변1
[page 1336 완료] 누적 신규 2265건  (이 게시판 저장 총 39,939건)
    [retry 1/3] ReadTimeout
  + [2266] ntt=23043 (11529) [자동차세] 폐차되었음이 증명되는 자동차 문의 / 답변3
  + [2267] ntt=23042 (11528) [등록면허세] 법인 현물출자시  등록면허세 과세표준의 기준은? / 답변0
    [retry 1/3] ReadTimeout
  + [2268] ntt=23041 (11527) [기타] 코로나19 의회 의결 감면 / 답변2
  + [2269] ntt=23039 (11526) [취득세] 소유자(개인 혹은 법인)가 동일하고 사업자등록번호가 다른. / 답변2
  + [2270] ntt=23038 (11525) [취득세] 신고서 취득가액 기재누락시 시가표준액보다 높은 감정평가액. / 답변5
  + [2271] ntt=23037 (11524) [취득세] 차량 취득세 장애인 감면 등록 후 1년 이내 장애인 사망. / 답변4
  + [2272] ntt=23036 (11523) [자동차세] 피상속인 연납승계 차량에 대한 요일제 추징 / 답변1
  + [2273] ntt=23035 (11522) [취득세] 개인이 신축시 지목변경 공사비용 포함여부 / 답변2
  + [2274] ntt=23033 (11521) [취득세] 매매용 기계장비 추징관련 문의드립니다. / 답변5
  + [2275] ntt=23031 (11520) [취득세] 법정상속 신고시 대습상속관련 / 답변1
  + [2276] ntt=23030 (11519) [지방세징수법] 사망자의 부동산 압류에 대해서 질문 있습니다. / 답변3
  + [2277] ntt=23029 (11518) [지방세징수법] 차령초과 말소 이후 5년 이후 대체압류 했을 때 효력이 . / 답변4
  + [2278] ntt=23028 (11517) [취득세] 차량 다자녀 감면 카라반 / 답변4
  + [2279] ntt=23027 (11516) [지방세징수법] 당해물건 재산세가 조합이나 종중의 사업으로 발생한 지방세. / 답변0
  + [2280] ntt=23026 (11515) [등록면허세] 가설건축물 '축조신고'와 '허가'의 면허세 / 답변7
  + [2281] ntt=23025 (11514) [세외수입] 유가보조금지급환수금 체납에 따른 압류 문의 / 답변1
  + [2282] ntt=23024 (11513) [등록면허세] 취득세 면세점 이면서 감면적용할 시 등록면허세 과세관련 . / 답변3
  + [2283] ntt=23023 (11512) [취득세] 종중소유 명의신탁해지시 취득세 납세의무 / 답변1
  + [2284] ntt=23022 (11511) [재산세] 공용, 공공용으로 사용하는 재산인지 여부 문의 / 답변1
  + [2285] ntt=23021 (11510) [취득세] 화물자동차 양도양수 취득세 문의 / 답변2
  + [2286] ntt=23016 (11509) [취득세] 다자녀 감면 대체취득 / 답변4
  + [2287] ntt=23015 (11508) [지방세징수법] 체납액 유선 안내 (개인정보, 경매 등 관련) / 답변5
  + [2288] ntt=23014 (11507) [등록면허세] 면허소지자가 사망한 경우 / 답변1
  + [2289] ntt=23013 (11506) [취득세] 타시군 차량 취득세 부과건수나 세액등을 알 수 있는 방법. / 답변4
  + [2290] ntt=23011 (11505) [기타] 공동명의자 환급 / 답변2
  + [2291] ntt=23007 (11504) [기타] 정당한 사유가 해소된 후 유예기 / 답변2
  + [2292] ntt=23006 (11503) [기타] 제증명 납부확인서 발급 / 답변7
  + [2293] ntt=23005 (11502) [취득세] 농업법인 영농 유통 가공 감면 / 답변3
    [retry 1/3] ReadTimeout
  + [2294] ntt=23004 (11501) [취득세] 미등기 건물 취득세 신고 문의 / 답변4
  + [2295] ntt=23002 (11500) [지방소득세] 연말정산 과다환급 / 답변4
[page 1337 완료] 누적 신규 2295건  (이 게시판 저장 총 39,969건)
  + [2296] ntt=23001 (11499) [취득세] 자경농민 추징 관련 / 답변4
  + [2297] ntt=23000 (11498) [취득세] 상속 협의가 불가능한 경우 실무 처리 / 답변7
  + [2298] ntt=22999 (11497) [지방세징수법] 예금 압류 추심 질문 / 답변3
  + [2299] ntt=22996 (11496) [지방세기본법] 공동도급업체 과세자료 확인 자료 / 답변1
  + [2300] ntt=22995 (11495) [재산세] 1995년 사망자 명의 토지 주된 상속자 문의 / 답변4
  + [2301] ntt=22994 (11494) [등록면허세] 행정처분 등록면허세 관련 문의 / 답변2
    [retry 1/3] ReadTimeout
  + [2302] ntt=22990 (11493) [취득세] 지입차주 관련 취득세 문의입니다. / 답변1
  + [2303] ntt=22989 (11492) [재산세] 지방세법 시행령 제117조 제1호 라목 관련하여 문의드릴. / 답변2
  + [2304] ntt=22988 (11491) [지방세징수법] 멸실인정차량 압류해제 / 답변2
  + [2305] ntt=22987 (11490) [자동차세] 노후경유차 신청 후 폐차장 대기 기간동안 자동차세 부과 . / 답변5
  + [2306] ntt=22985 (11489) [지방소득세] 지방소득세(특별징수분) 연말정산 환급시 / 답변1
  + [2307] ntt=22984 (11488) [취득세] 축산업협동조합에서 취득한 차량소독소의 감면 여부 문의합니. / 답변1
  + [2308] ntt=22983 (11487) [취득세] 다자녀감면에 대해 문의드립니다. / 답변3
  + [2309] ntt=22981 (11486) [기타] 지방세세목별과세증명서- 과세내역 문의 / 답변2
  + [2310] ntt=22980 (11485) [취득세] 1세대 4주택 판단여부(유학으로 인한 부모 세대로 전입) / 답변1
  + [2311] ntt=22979 (11484) [지방세징수법] 무단방치차량 강제폐차공고에 따른 권리행사 문의 / 답변4
  + [2312] ntt=22978 (11483) [취득세] 군에서 보조금을 받고 취득한 차량에 대한 차량취득세 감면. / 답변3
  + [2313] ntt=22977 (11482) [지방소득세] 해외이민자의 양도소득 납세지 문의드립니다. / 답변2
  + [2314] ntt=22976 (11481) [취득세] 다자녀 차량 재혼부부도 가능한가요? / 답변5
  + [2315] ntt=22975 (11480) [기타] 주세목과 병기세목 / 답변2
  + [2316] ntt=22974 (11479) [취득세] 구조변경 취득세 부과 / 답변5
  + [2317] ntt=22973 (11478) [재산세] 자동차야영장 시설 부속토지가 토지분 재산세 별도합산과세대. / 답변1
  + [2318] ntt=22970 (11477) [등록면허세] 건축변경신고 등록면허세 과세여부 / 답변3
  + [2319] ntt=22969 (11476) [취득세] 연부취득 대체취득 부동산 / 답변1
  + [2320] ntt=22968 (11475) [지방소득세] 영농조합법인 배당소득 면제 / 답변2
  + [2321] ntt=22966 (11474) [취득세] 1가구4주택관련, 매도인이 등기접수와 동시에 취득세 환급. / 답변4
  + [2322] ntt=22964 (11473) [지방세징수법] 지급청구서(채권추심의뢰)에 청구금액 기재시 "결손금액" . / 답변4
  + [2323] ntt=22962 (11472) [등록면허세] 등록면허세(등록분)비과세 문의드립니다. / 답변8
  + [2324] ntt=22960 (11471) [지방세징수법] 출국금지 / 답변6
  + [2325] ntt=22957 (11470) [재산세] 임대사업자 사망 / 답변2
[page 1338 완료] 누적 신규 2325건  (이 게시판 저장 총 39,999건)
  + [2326] ntt=22956 (11469) [등록면허세] 주택임대사업자 다가구 호실분리(등록면허세(면허분)) / 답변1
  + [2327] ntt=22955 (11468) [기타] 외국인 환급 문의 / 답변1
  + [2328] ntt=22953 (11467) [재산세] 도로공사 소유의 건축물 부속시설 과세전환관련 문의 / 답변2
  + [2329] ntt=22952 (11466) [취득세] 창업감면 관련 질문 / 답변0
  + [2330] ntt=22951 (11465) [등록면허세] 등록면허세 지식산업센터 대도시내 중과 관련 문의 / 답변0
  + [2331] ntt=22950 (11464) [지방세징수법] 미복구 결번토지 결손 / 답변1
  + [2332] ntt=22948 (11463) [취득세] 지입차량 취득세 문의합니다. / 답변4
  + [2333] ntt=22947 (11462) [자동차세] 장애등급 (자동차세) / 답변2
  + [2334] ntt=22945 (11461) [취득세] 농특세 추징에 따른 납부불성실가산세 기산일... / 답변2
  + [2335] ntt=22943 (11460) [취득세] 대도시 본점 이전 중과 / 답변2
    [retry 1/3] ReadTimeout
    [retry 2/3] ReadTimeout
  + [2336] ntt=22942 (11459) [세외수입] 국비나 도비 보조금을 환수 받지 못한 경우 처리 질문요.. / 답변1
  + [2337] ntt=22941 (11458) [자동차세] 자동차세 수시분 납세지 문의 / 답변4
  + [2338] ntt=22940 (11457) [취득세] 특수관계 성립 여부 / 답변1
  + [2339] ntt=22938 (11456) [재산세] 감액 후 재부과 / 답변6
  + [2340] ntt=22937 (11455) [취득세] 차량 취득세 사망자 조회시 / 답변3
  + [2341] ntt=22936 (11454) [취득세] 장애감면 차량 일반과세로 전환 후 다른 차량 감면 가능 . / 답변5
  + [2342] ntt=22935 (11453) [세외수입] [금고검사] 지연이체변상금 부과 문의 / 답변2
  + [2343] ntt=22934 (11452) [취득세] 합유자 사망시 취득시기 문의드립니다. / 답변5
  + [2344] ntt=22933 (11451) [지방세징수법] 차량공매 교부청구 인정 문의 / 답변1
  + [2345] ntt=22932 (11450) [기타] 체납자(청산종결간주법인)에게 공매보증금 지급은 누구에게? / 답변2
  + [2346] ntt=22931 (11449) [취득세] 특수관계인의 특수관계인 / 답변2
  + [2347] ntt=22930 (11448) [자동차세] 자동차세 한정상속승인 문의 / 답변4
  + [2348] ntt=22928 (11447) [취득세] 차량취득세 대체취득 문의 / 답변2
  + [2349] ntt=22927 (11446) [자동차세] 자동차세 이의신청에 대한 문의 / 답변3
  + [2350] ntt=22926 (11445) [취득세] 1가구1주택 상속 감면 관련 질의합니다~~ / 답변4
  + [2351] ntt=22919 (11444) [재산세] 오피스텔 불합리한 시가표준액 조정 관련 문의 / 답변3
  + [2352] ntt=22917 (11443) [취득세] 골프장 조경을 위하여 식재한 입목 취득세 과세 여부 / 답변2
  + [2353] ntt=22916 (11442) [지방소득세] 연말정산 환급 충당처리 / 답변1
  + [2354] ntt=22913 (11441) [기타] 과세예고 통지 반송 후 절차 문의 / 답변4
  + [2355] ntt=22912 (11440) [등록면허세] 종업원 수에 따라 면허 종을 구분할 때, 종업원 수는 회. / 답변2
[page 1339 완료] 누적 신규 2355건  (이 게시판 저장 총 40,029건)
  + [2356] ntt=22911 (11439) [취득세] 장애인 대체차량취득세 질문입니다. / 답변3
  + [2357] ntt=22910 (11438) [재산세] 개별주택가격과 건물에 대한 시가표준액+개별공시지가 가격차. / 답변5
  + [2358] ntt=22909 (11437) [취득세] 위수탁해지후(현물출자 해지) 방치하는 경우 취득세 부과 / 답변2
  + [2359] ntt=22908 (11436) [취득세] 구조변경에 따른 취득세 부과시 장애인 감면이 되나요 / 답변4
  + [2360] ntt=22906 (11435) [지방세징수법] 급여압류 추심관련 문의 / 답변3
  + [2361] ntt=22905 (11434) [등록면허세] 개명에 따른 등록면허세(등록분) 부과 여부 / 답변5
  + [2362] ntt=22904 (11433) [재산세] 승강기 여부 적용 / 답변2
  + [2363] ntt=22903 (11432) [기타] 사망자의 환급금을 상속인 1인이 청구할때 받을 서류 / 답변2
  + [2364] ntt=22901 (11431) [세외수입] 법원 회생 건에 대한 교부청구 / 답변4
  + [2365] ntt=22900 (11430) [등록면허세] 행정처분에 따른 등록면허세 / 답변1
  + [2366] ntt=22898 (11429) [취득세] 회원제골프장 및 중과대상 고급오락장의  과점주주 취득세 . / 답변2
  + [2367] ntt=22896 (11428) [등록면허세] 전문자격사 등록면허세 질문 / 답변2
  + [2368] ntt=22895 (11427) [등록면허세] 전문자격사 등록면허세 질문 / 답변1
  + [2369] ntt=22894 (11426) [등록면허세] 전문자격사 등록면허세 질문 / 답변1
  + [2370] ntt=22893 (11425) [취득세] 농어촌 주택개량사업 / 답변4
  + [2371] ntt=22891 (11424) [취득세] 1가구 1주택 상속 취득세 문의 / 답변6
  + [2372] ntt=22887 (11423) [취득세] 부담부증여 소득 인정 서류 문의 / 답변1
  + [2373] ntt=22886 (11422) [취득세] 망인의 분양권 관련하여 상속인들이 취득세 신고 관련하여 . / 답변2
  + [2374] ntt=22885 (11421) [지방세징수법] 체납에 대한 납세의무자가 이 둘 중 어느쪽일지에 대해 문. / 답변5
  + [2375] ntt=22884 (11420) [취득세] 부동산취득시기관련 문의드립니다^^ / 답변2
  + [2376] ntt=22881 (11419) [취득세] 귀농인 감면후 농업외 사업자등록시 추징여부 / 답변1
  + [2377] ntt=22879 (11418) [취득세] 토지수용의 경우 취득시기 / 답변1
  + [2378] ntt=22877 (11417) [지방소득세] 양도소득분 합산신고할때 / 답변1
  + [2379] ntt=22876 (11416) [재산세] 지역자원시설세  1구대표동 문의드립니다. / 답변1
  + [2380] ntt=22875 (11415) [지방세징수법] 압류의 효력에 대해서 질문 있습니다. / 답변5
  + [2381] ntt=22873 (11414) [지방소득세] 지방소득세 종소,양소 환급해줄때 / 답변1
  + [2382] ntt=22871 (11413) [지방세징수법] [결손처분] 문의 (법인 청산종결) / 답변5
  + [2383] ntt=22870 (11412) [취득세] 구조변경 취득세 문의드립니다. / 답변1
  + [2384] ntt=22867 (11411) [지방소득세] 양도소득 예정결정 환급? / 답변1
  + [2385] ntt=22866 (11410) [취득세] 판결에 따른 취득세 신고납부 후 미등기 / 답변5
[page 1340 완료] 누적 신규 2385건  (이 게시판 저장 총 40,059건)
  + [2386] ntt=22865 (11409) [지방세징수법] 주택담보노후연금보증 담보주택에 대한 압류가능 여부 / 답변1
  + [2387] ntt=22864 (11408) [취득세] 건설자금이자 문의드립니다. / 답변0
  + [2388] ntt=22860 (11407) [자동차세] 폐차장 입고된 차량에 대한 자동차세 부과여부 / 답변6
  + [2389] ntt=22858 (11406) [취득세] 임대주택 감면관련 문의드립니다(지특법 제31조1항) / 답변3
  + [2390] ntt=22856 (11405) 귀농인 농업외산업 겸업 여부 / 답변1
  + [2391] ntt=22854 (11404) [등록면허세] 면허세 취소여부 / 답변5
  + [2392] ntt=22853 (11403) [자동차세] 장애인 감면 문의 / 답변4
  + [2393] ntt=22851 (11402) [취득세] 공동주택 개수(승강기 교체) 취득세 문의 / 답변3
  + [2394] ntt=22850 (11401) [등록면허세] 가설건축물 축조신고 면허세요 / 답변5
  + [2395] ntt=22849 (11400) [재산세] 농업인의 노후생활안정자금대상 농지에 대한 감면 / 답변2
  + [2396] ntt=22848 (11399) [자동차세] 자동차세 국가유공자 추징관련 문의 / 답변3
  + [2397] ntt=22845 (11398) [취득세] 사회복지사업에 요양교육시설 건축이 포함이 되나요?? / 답변0
  + [2398] ntt=22844 (11397) [재산세] 일반건축물에 다가구주택과 주거용 오피스텔이 공존하는 경우. / 답변1
  + [2399] ntt=22841 (11396) [자동차세] 취득세 대체취득 / 답변2
  + [2400] ntt=22839 (11395) [자동차세] 상속차량 자동차세 장애인감면 소급적용 여부. / 답변2
  + [2401] ntt=22838 (11394) [재산세] 폐업 업체 명의 건축물 재산세 문의 / 답변1
  + [2402] ntt=22837 (11393) [취득세] 상속 1가구 1주택 / 답변4
  + [2403] ntt=22836 (11392) [취득세] 장애인 공동명의 차량 대체취득 감면적용 가능 여부에 대한. / 답변5
  + [2404] ntt=22835 (11391) 주민세(종업원분) 중소기업 고용지원 문의 / 답변0
  + [2405] ntt=22834 (11390) [지방소득세] 지방소득세(종합소득)사망자부과관련 / 답변2
  + [2406] ntt=22831 (11389) [취득세] 가설 축조신고 후 미완성? / 답변4
  + [2407] ntt=22830 (11388) [취득세] 증여계약서 검인(수증인 2명) 고지서 몇장으로.. / 답변1
  + [2408] ntt=22829 (11387) 유흥 주점 중과관련 질문입니다. / 답변1
  + [2409] ntt=22826 (11386) [취득세] 장애인 차량 대체취득 이전등록일... / 답변4
  + [2410] ntt=22824 (11385) [취득세] 연부취득 / 답변3
  + [2411] ntt=22823 (11384) [재산세] 일반건축물의 주거용 오피스텔의 주택가격 산정 여부 / 답변2
  + [2412] ntt=22822 (11383) [취득세] 중복감면에 따른 최소납부제 적용 문의 / 답변3
  + [2413] ntt=22819 (11382) [취득세] 시가표준액 조정 신고전에 해주시나요?? / 답변2
  + [2414] ntt=22818 (11381) [재산세] 영유아어린이집 및 유치원 재산세감면 / 답변3
  + [2415] ntt=22815 (11380) [취득세] 차량 취득세 수정신고 / 답변1
[page 1341 완료] 누적 신규 2415건  (이 게시판 저장 총 40,089건)
  + [2416] ntt=22814 (11379) [지방세징수법] 사망자의 부동산 공매 관련 질문입니다 / 답변4
  + [2417] ntt=22812 (11378) [재산세] 지역자원시설세중과대상 / 답변0
  + [2418] ntt=22809 (11377) [취득세] 대위등기관련 질문있습니다~! / 답변2
  + [2419] ntt=22807 (11376) [지방소득세] 지방소득세(양도소득) 환급지 문의 / 답변0
  + [2420] ntt=22806 (11375) 사회복지사업의 범위 / 답변0
  + [2421] ntt=22804 (11374) 과세예고통지 / 답변5
  + [2422] ntt=22803 (11373) [취득세] 사고 이륜자동차 매매시 과표 / 답변2
  + [2423] ntt=22802 (11372) [취득세] 장애인 국가유공자 감면 대체취득 관련 / 답변2
  + [2424] ntt=22801 (11371) [재산세] 재산세 현황과세에 대해 문의드려요 / 답변5
  + [2425] ntt=22800 (11370) 고지유예에 대한 부과의 제척기간 / 답변2
  + [2426] ntt=22798 (11369) [취득세] 리스 기간 중 지입업체 변경 취득세 과세 여부 / 답변1
  + [2427] ntt=22797 (11368) 별도합산대상 화물운송사업자 최저보유차고면적기준 산출???. / 답변0
  + [2428] ntt=22794 (11367) [재산세] 동지역 농업협동조합 마트 및 주유소 고유업무 여부 판단 / 답변0
  + [2429] ntt=22793 (11366) 지방세법시행령 제28조 제5항 제4호 유흥주점 관련 추가. / 답변0
  + [2430] ntt=22792 (11365) [지방소득세] 가산세 / 답변2
  + [2431] ntt=22790 (11364) [재산세] 농지연금 담보제공 재산세 감면  중 해당 농지가 창고용지. / 답변1
  + [2432] ntt=22789 (11363) [기타] 미신고 상속 직권등재 관련 / 답변2
  + [2433] ntt=22788 (11362) [재산세] 토지건물소유자다른 토지입력 / 답변3
  + [2434] ntt=22787 (11361) [재산세] 사회복지사업직접사용하는지여부 / 답변0
  + [2435] ntt=22786 (11360) [지방소득세] 잘못된 안분신고 관련 환급 답변부탁드립니다. / 답변0
  + [2436] ntt=22784 (11359) [취득세] 지목변경 / 답변3
  + [2437] ntt=22783 (11358) [주민세] 주민세 재산분 저장조 수평투영면적 / 답변1
  + [2438] ntt=22780 (11357) [취득세] 임대주택 감면.-지특법 제31조 / 답변1
  + [2439] ntt=22779 (11356) [재산세] 별도합산대상 최저보유차고면적의 산출기준 / 답변0
  + [2440] ntt=22778 (11355) [등록면허세] 광업권 가압류 등록세 세율질의 / 답변1
  + [2441] ntt=22776 (11354) [취득세] 기부채납용 부동산 경정청구(환급) 가능 여부 / 답변0
  + [2442] ntt=22775 (11353) [취득세] 취득세 추징시 과세전적부심사 및 이의신청 관련 질문드립니. / 답변3
  + [2443] ntt=22773 (11352) [자동차세] 세대분가 등 주민등록 변동내역 일괄 조회방법 / 답변3
  + [2444] ntt=22771 (11351) [취득세] 분양 취득신고.완납 이후 - 부과취소 주장 / 답변4
  + [2445] ntt=22769 (11350) [등록면허세] 건축 대수선 등록면허세 질문 / 답변1
[page 1342 완료] 누적 신규 2445건  (이 게시판 저장 총 40,119건)
  + [2446] ntt=22765 (11349) [취득세] 취득물건 매각 후 감면신청 / 답변3
  + [2447] ntt=22763 (11348) [재산세] 전업농어가주택창고 재산세 토지 코드 관련 / 답변2
  + [2448] ntt=22761 (11347) [취득세] 본점 범위 문의 / 답변4
  + [2449] ntt=22760 (11346) [취득세] 차량 취득세  장애인 감면 후 이전시 / 답변4
  + [2450] ntt=22758 (11345) [주민세] (종업원분)중소기업공제관련 / 답변1
  + [2451] ntt=22757 (11344) [재산세] 납세의무자 / 답변2
  + [2452] ntt=22756 (11343) [취득세] 대수선 시가표준 면적 산정방법 / 답변1
  + [2453] ntt=22755 (11342) [지방소득세] 소액부징수 문의드립니다. / 답변9
  + [2454] ntt=22753 (11341) [지방세징수법] 초과압류 관련하여 질의드립니다. / 답변6
  + [2455] ntt=22752 (11340) [지방소득세] 납기전 징수 / 답변1
  + [2456] ntt=22749 (11339) [취득세] 고급주택의 부속토지(지목변경) / 답변2
    [retry 1/3] ReadTimeout
  + [2457] ntt=22748 (11338) [취득세] 과점주주 특수관계인 성립여부 문의(대표자-사원) / 답변2
  + [2458] ntt=22747 (11337) [등록면허세] 가설건축물 연장 등록면허세 / 답변2
  + [2459] ntt=22744 (11336) [취득세] 골프회원권 과표 / 답변1
  + [2460] ntt=22743 (11335) [취득세] 종교단체 감면 질의드립니다. / 답변2
  + [2461] ntt=22741 (11334) [세외수입] 체납자인 사망자의 상속인들이 상속포기햇을때? / 답변3
  + [2462] ntt=22735 (11333) [취득세] 2020년 개정판 차량 취득세 등록면허세 실무편람 게시 / 답변7
  + [2463] ntt=22734 (11332) [취득세] 공동주택(아파트)에 전기차충전소 설치시 취득세 문의요 / 답변2
  + [2464] ntt=22732 (11331) [지방소득세] 개인지방소득세 가산세 관련 / 답변1
  + [2465] ntt=22699 (11330) [취득세] 창업 중소기업 감면 질의 / 답변2
  + [2466] ntt=22698 (11329) [취득세] 일반법인의 농지 취득 관련 취득 시기 문의 / 답변4
  + [2467] ntt=22695 (11328) [취득세] 지입차량관련 문의입니다. / 답변2
  + [2468] ntt=22694 (11327) [등록면허세] 건축허가 증축 질문 / 답변1
  + [2469] ntt=22691 (11326) [자동차세] 건설기계 자동차세 / 답변2
  + [2470] ntt=22689 (11325) [지방소득세] 국세청 통보자료 과세등록 / 답변1
  + [2471] ntt=22688 (11324) [취득세] 마을회관에서 주택으로 용도변경시 세율적용 / 답변2
  + [2472] ntt=22686 (11323) [취득세] 취득세 추징 여부 문의 합니다. (영농조합법인 감면) / 답변3
  + [2473] ntt=22685 (11322) [지방소득세] 지방소득세(특별징수분) 수시부과시 납세의무자가 사망자일때. / 답변1
  + [2474] ntt=22684 (11321) [취득세] 차량 등록할때 딸려 나오는 공채에 대해 문의드립니다. / 답변5
  + [2475] ntt=22683 (11320) [취득세] 자경농민 감면 질문있습니다. / 답변6
[page 1343 완료] 누적 신규 2475건  (이 게시판 저장 총 40,149건)
  + [2476] ntt=22682 (11319) [취득세] 취득세 수시분 일부수납이 가능한지 문의 / 답변5
  + [2477] ntt=22681 (11318) [자동차세] 멸실차량 자동차세 문의 / 답변3
  + [2478] ntt=22679 (11317) [취득세] 납세고지 30만원 이상의 '과세예고' 관련하여 .. / 답변10
  + [2479] ntt=22676 (11316) [지방소득세] 경정청구 / 답변2
    [retry 1/3] ReadTimeout
  + [2480] ntt=22674 (11315) [취득세] 주택건설용 중과배제 관련 / 답변3
  + [2481] ntt=22673 (11314) [기타] 감사원 심사청구 문의드립니다. / 답변2
  + [2482] ntt=22671 (11313) [지방세징수법] 공매 취소 시 체납처분비 납부의무자(이용자명의 리스차량) / 답변5
  + [2483] ntt=22670 (11312) [자동차세] 자동차세 상속이전일까지 수시부과 관련 / 답변4
  + [2484] ntt=22669 (11311) [재산세] 민원전화 왔을때 본인확인 어떻게 하시나요? / 답변8
  + [2485] ntt=22668 (11310) [취득세] 자경농민 농지상속 취득 후 2년내 매각에 대한 추징시 농. / 답변6
  + [2486] ntt=22665 (11309) [주민세] 종업원분 과표 산정시 중소기업 경영성과급 공제 질문 / 답변0
  + [2487] ntt=22662 (11308) [지방세징수법] 사망한 체납자의 부동산 공매에 관해 질문 있습니다. / 답변3
  + [2488] ntt=22658 (11307) [취득세] 자경농민 감면 후 2년내 사망시 추징하나요? / 답변4
  + [2489] ntt=22657 (11306) [취득세] 이륜차량 시가표준액 관련 질문드립니다 / 답변1
  + [2490] ntt=22655 (11305) [취득세] 장애인 감면 문의 / 답변2
  + [2491] ntt=22654 (11304) [자동차세] 국가유공자 자동차세 감면문의 / 답변7
  + [2492] ntt=22652 (11303) [지방세징수법] 사망자 압류해제 관련 / 답변2
  + [2493] ntt=22650 (11302) [지방소득세] 지방소득세(종합분) 납세지 질문 / 답변1
  + [2494] ntt=22649 (11301) [취득세] 환매취득 질의 드립니다. / 답변2
  + [2495] ntt=22648 (11300) [취득세] 차량 취득시기... / 답변7
  + [2496] ntt=22647 (11299) [취득세] 채권을 보전하거나 행사할 목적으로 하는 부동산의 취득 / 답변1
  + [2497] ntt=22646 (11298) [취득세] 이전소유자에게 불법 건축물관련 취득세 부과할 수 있나요? / 답변2
  + [2498] ntt=22644 (11297) [취득세] 산업단지 사업시행자의 지목변경 취득일은 언제일까요? / 답변1
  + [2499] ntt=22643 (11296) [지방세징수법] 사망자의 부동산을 공매처분 하려고 합니다 / 답변1
  + [2500] ntt=22642 (11295) [기타] 과세전적부심사청구 철회 문의 / 답변3
  + [2501] ntt=22640 (11294) [취득세] 매매계약서 상 지장물에 관하여 문의드립니다. / 답변2
  + [2502] ntt=22639 (11293) [기타] 특정자원분 지역자원시설세  채수량이 0인 경우  그냥 아. / 답변2
  + [2503] ntt=22638 (11292) [취득세] 자동차 매매상 취득에 대한 추징 사유 문의합니다. / 답변3
  + [2504] ntt=22635 (11291) [등록면허세] 비과세 대상여부 - 정부 산하기관 / 답변3
  + [2505] ntt=22634 (11290) [지방세징수법] 실무자분들은 보험금 추심 어떻게 진행하고 계신가요? / 답변2
[page 1344 완료] 누적 신규 2505건  (이 게시판 저장 총 40,179건)
  + [2506] ntt=22632 (11289) [취득세] 법인 매매 건에 대한 취득세 환급 문의 / 답변2
    [retry 1/3] ReadTimeout
  + [2507] ntt=22630 (11288) [취득세] 법무사의 대리인 권한 어디까지로 보시나요? / 답변1
  + [2508] ntt=22627 (11287) [기타] 건축물 배율부속토지 관련 / 답변1
  + [2509] ntt=22626 (11286) [주민세] 중소기업 고용지원 특례관련문의 / 답변1
  + [2510] ntt=22625 (11285) [취득세] 법인 태양광 지목변경 취득세 과세표준 문의 / 답변2
  + [2511] ntt=22623 (11284) [취득세] 개인건축주 / 답변2
  + [2512] ntt=22622 (11283) [취득세] 상속 취득세 지분별 신고납부 / 답변3
  + [2513] ntt=22621 (11282) [취득세] 학교용지로 지목변경 시 취득세 문의 / 답변3
  + [2514] ntt=22620 (11281) [취득세] 유상거래 취득세 신고 후 60일이 지나 계약해제하였으나,. / 답변2
  + [2515] ntt=22619 (11280) [지방세징수법] 체납자의 상속인들이 상속포기를 받았으면 무재산 결손처분 . / 답변1
  + [2516] ntt=22618 (11279) [취득세] 산업단지 내 산업용 건축물 해당여부 / 답변2
    [retry 1/3] ReadTimeout
  + [2517] ntt=22617 (11278) [취득세] 재개발 기부채납되는 사회정비기반시설 세율 문의 / 답변1
    [retry 1/3] ReadTimeout
  + [2518] ntt=22616 (11277) [취득세] 종교단체에 해당되는지? / 답변1
  + [2519] ntt=22615 (11276) [재산세] 무허가 건축물 재산세 대장등재  타시군에서는 어떻게 처리. / 답변3
  + [2520] ntt=22614 (11275) [취득세] 셋째를 임신했을 경우   다자녀 감면 / 답변6
  + [2521] ntt=22613 (11274) [취득세] 공장 신증설 구 취득세 중과 문의입니다. / 답변1
  + [2522] ntt=22611 (11273) [지방세징수법] (제2차 납세의무에 대한 부과제척기간) 관련 문의입니다. / 답변1
  + [2523] ntt=22610 (11272) [등록면허세] 면허세(통신판매업) 부과취소 관련 문의드립니다. / 답변0
  + [2524] ntt=22607 (11271) [지방세징수법] 98년~2004년 자동차세 체납분 징수유예 가능한가요? / 답변2
  + [2525] ntt=22606 (11270) [등록면허세] 통신판매업 간이과세자 / 답변1
  + [2526] ntt=22605 (11269) [지방세징수법] 공매와 경매 / 답변3
  + [2527] ntt=22604 (11268) [취득세] 차량취득세 취득일자 / 답변2
  + [2528] ntt=22603 (11267) [재산세] 지특법 제50조  종교단체 감면 / 답변3
  + [2529] ntt=22601 (11266) [등록면허세] 사업장 추가 / 답변1
  + [2530] ntt=22598 (11265) [취득세] 무허가 건물의 사망자->타인 무상증여 가, 부 여부 질의. / 답변2
  + [2531] ntt=22597 (11264) [자동차세] 자동차세 연납 승계 문의 / 답변4
  + [2532] ntt=22596 (11263) [취득세] 개인사업자 창업중소기업감면 창업여부 판단관련 / 답변1
  + [2533] ntt=22595 (11262) [취득세] 렌트+리스 혼용 차량중 하이브리드 차량 감면 / 답변3
  + [2534] ntt=22592 (11261) [지방소득세] / / 답변1
  + [2535] ntt=22589 (11260) [재산세] 미등기 건물 상속 재산세 납세의무자 변경신청 구비서류 / 답변3
[page 1345 완료] 누적 신규 2535건  (이 게시판 저장 총 40,209건)
    [retry 1/3] ReadTimeout
    [retry 2/3] ConnectTimeout
  + [2536] ntt=22588 (11259) [자동차세] 자동차세 구조변경으로 인한 부과문의 / 답변1
  + [2537] ntt=22587 (11258) [세외수입] 소유권이전등기촉탁으로 인하여 발생한 차량관련과태료가 다음. / 답변0
  + [2538] ntt=22585 (11257) [취득세] 불법건축물, 불법 산지전용에 대하여 원상복구가 되면 취득. / 답변1
  + [2539] ntt=22584 (11256) [지방세징수법] 법정기일과 근저당설정일을 따질 때 질문 있습니다. / 답변4
  + [2540] ntt=22577 (11255) [취득세] 재산분할에 의한 취득시 협의이혼과 재판이혼 구분에 따라 . / 답변3
  + [2541] ntt=22572 (11254) [재산세] 낚시터 토지형태 및 과세구분 / 답변1
  + [2542] ntt=22570 (11253) 유상취득한 주거용 건축물이 지방세특례제한법제16조에 따른. / 답변1
  + [2543] ntt=22569 (11252) [취득세] 취득세 수정신고(부가가치세) 문의드립니다. / 답변2
  + [2544] ntt=22568 (11251) [취득세] 2층 단독주택 취득시 농어촌특별세 부과 여부 / 답변4
  + [2545] ntt=22566 (11250) [지방세징수법] 저당권 vs 당해세(차량) / 답변3
  + [2546] ntt=22565 (11249) [취득세] 자경농민 추징 정당한 사유 / 답변5
  + [2547] ntt=22561 (11248) [재산세] 부당이득금반환소송 관련 / 답변0
  + [2548] ntt=22558 (11247) [취득세] 4륜 오토바이 취득세~~ / 답변5
  + [2549] ntt=22557 (11246) [취득세] 지방세특례제한법 제22조 사회복지사업 해당 여부 질의 / 답변1
  + [2550] ntt=22556 (11245) [취득세] 임대주택 감면에 따른 추징 문의 / 답변3
  + [2551] ntt=22555 (11244) [자동차세] 자동차세 장애인 감면 여부 질의 / 답변5
  + [2552] ntt=22554 (11243) [취득세] 효도계약 부담부 증여로 보는지 / 답변2
  + [2553] ntt=22552 (11242) [지방소득세] 지방소득세(특별징수) 연말정산 시 미납분 있을 경우 / 답변2
  + [2554] ntt=22550 (11241) [등록면허세] 맨손어업 유효기간 연장 갱신 부과 문의 / 답변3
  + [2555] ntt=22548 (11240) [등록면허세] 차량 전국무관할 등록 여부 / 답변2
  + [2556] ntt=22546 (11239) [취득세] 소유권직권보전 관련 / 답변7
  + [2557] ntt=22545 (11238) [취득세] 자경농민 감면 후 교환 / 답변6
  + [2558] ntt=22542 (11237) [취득세] 상속폐차  취득세부과 / 답변4
  + [2559] ntt=22539 (11236) [취득세] 가처분신청에 따른 상속재산 취득시기 / 답변3
  + [2560] ntt=22535 (11235) [지방소득세] 지방소득세(특별징수분)연말정산 환급신청할때 첨부서류요!! / 답변4
  + [2561] ntt=22534 (11234) [취득세] 자경감면 토지에 농어촌 주택개량사업을 한 경우 / 답변4
  + [2562] ntt=22530 (11233) [취득세] 차량 취득세 감면대상자 사후관리 업무질의 / 답변2
  + [2563] ntt=22529 (11232) [취득세] 가등기 설정후 가등기권자 사망시 상속처리 / 답변4
  + [2564] ntt=22528 (11231) [취득세] 차량취득세 지입차주(공동소유)가 지입사로 지입시 / 답변1
  + [2565] ntt=22526 (11230) [지방세징수법] 공매 낙찰된 물건의 모든 압류 및 가압류 , 저당 해제를. / 답변1
[page 1346 완료] 누적 신규 2565건  (이 게시판 저장 총 40,239건)
  + [2566] ntt=22524 (11229) [등록면허세] 지적부서에서 단순분할로 법원에 촉탁등기를 할때 등록면허세. / 답변2
  + [2567] ntt=22521 (11228) [등록면허세] 가설건축물 건축주 변경 관련 면허세 질의입니다. / 답변3
  + [2568] ntt=22520 (11227) [취득세] 차량 취득세 감면 추징 시 지분율 관련 질문드립니다. / 답변2
  + [2569] ntt=22519 (11226) [등록면허세] 지특법10조 상 농업인의 기준 / 답변2
  + [2570] ntt=22517 (11225) [재산세] 법인 임대사업자의 오피스텔 / 답변2
  + [2571] ntt=22515 (11224) [취득세] 대도시내법인 중과 / 답변1
  + [2572] ntt=22512 (11223) [재산세] 개인 명의로 등재되어 있는 사실상 종중재산 관련 서류 / 답변1
  + [2573] ntt=22511 (11222) [취득세] 캠핑카 다자녀 감면 받을수 있나요? / 답변2
    [retry 1/3] ReadTimeout
    [retry 2/3] ConnectTimeout
    [retry 3/3] ConnectTimeout
  + [2574] ntt=22509 (11220) [취득세] 실거래 신고 없이 취득세 부과 가능 여부 / 답변0
  + [2575] ntt=22508 (11219) 특정자원분 지역자원지설세(농어촌지역이 아닌 공장의 지하수. / 답변1
  + [2576] ntt=22507 (11218) 지목변경 문의 / 답변1
  + [2577] ntt=22506 (11217) [세외수입] 마을회의 세외수입 체납 / 답변3
  + [2578] ntt=22505 (11216) [지방세징수법] 소유권이전 이행명령 판결에 의한 소유권 이전시 부동산 압. / 답변0
  + [2579] ntt=22504 (11215) [취득세] 아파트 원시취득 상표 사용료 과표 산입 여부 문의 / 답변0
  + [2580] ntt=22503 (11214) [지방세징수법] 체납자의 동의 없이 제3자가 완납하겠다고 할 때 / 답변4
  + [2581] ntt=22501 (11213) [취득세] 지목변경취득세 / 답변3
  + [2582] ntt=22499 (11212) [취득세] 버섯재배사 부속토지 / 답변4
  + [2583] ntt=22497 (11211) [기타] 신탁재산의 위탁자가 과세증명서를 받아보고싶다 하는데 발급. / 답변1
  + [2584] ntt=22496 (11210) [취득세] 창업중소기업감면 차량 화재소실로 2년내 매각시 정당한 사. / 답변2
  + [2585] ntt=22495 (11209) 자경농민  취득세 추징관련 / 답변4
  + [2586] ntt=22493 (11208) [등록면허세] 건물 용도변경 관련 / 답변3
  + [2587] ntt=22492 (11207) [지방소득세] 법인지방소득세 안분 / 답변1
  + [2588] ntt=22490 (11206) [등록면허세] 영업용 차량  사용본거지 변경등록시(A시에서 B시로) 등. / 답변2
  + [2589] ntt=22488 (11205) 임대주택자의 최초분양자에 해당 여부 판단지침(세정1340. / 답변1
  + [2590] ntt=22487 (11204) [취득세] 임대주택자의 최초분양자에 해당 여부 판단지침(세정1340. / 답변3
  + [2591] ntt=22485 (11203) [등록면허세] 차량취득세 수시부과 후 무관할 신고납부 / 답변4
  + [2592] ntt=22484 (11202) [취득세] 지입차량 취득세 납기 질의 / 답변4
  + [2593] ntt=22481 (11201) [취득세] 취득세 부과 시, 주택가격에 대해 질문좀 드립니다. / 답변3
  + [2594] ntt=22480 (11200) [취득세] 공유물 분할 취득세 질의 / 답변1
[page 1347 완료] 누적 신규 2594건  (이 게시판 저장 총 40,268건)
    [retry 1/3] ReadTimeout
  + [2595] ntt=22479 (11199) [지방소득세] 법인지방소득세 납세의무자 / 답변1
  + [2596] ntt=22478 (11198) [취득세] 직계존비속간 거래 증빙시 / 답변1
  + [2597] ntt=22477 (11197) [취득세] 1세대 4주택 취득세율 / 답변4
  + [2598] ntt=22476 (11196) [지방세징수법] 사실상 멸실된 재산에 대한 압류해제 근거 신설 (지방세징. / 답변3
  + [2599] ntt=22475 (11195) [취득세] 이용자 리스 차량 취득세 문의 / 답변2
  + [2600] ntt=22473 (11194) [지방세징수법] 코로나19피해지원으로 납세증명서 발급자치단체가 있는지? / 답변3
  + [2601] ntt=22472 (11193) [취득세] 대위등기 첨부서류 / 답변0
    [retry 1/3] ReadTimeout
  + [2602] ntt=22470 (11192) [지방세징수법] 리스차량 압류 해제(금융리스vs운용리스) / 답변4
  + [2603] ntt=22469 (11191) [재산세] 공사 진행을 위한 가설건축물의 용도가 숙소 일 경우 문의 / 답변3
  + [2604] ntt=22467 (11190) 고급오락장 대수선 / 답변0
  + [2605] ntt=22465 (11189) [취득세] 농어촌 주택개량에 대한 감면 추징 / 답변2
  + [2606] ntt=22464 (11188) [취득세] 1가구 1주택 문의(상속) / 답변5
  + [2607] ntt=22463 (11187) [취득세] 가등기 토지의 상속 / 답변7
  + [2608] ntt=22460 (11186) [등록면허세] 등록면허세(면허) 면적 변경 에 따른 부과대상 문의 / 답변3
  + [2609] ntt=22458 (11185) [등록면허세] 차량 경매시 등록면허세 건 수에 관한 질문드립니다. / 답변1
  + [2610] ntt=22457 (11184) [세외수입] 자동차관리 관련하여 검사지연과태료 통지 문의 / 답변0
  + [2611] ntt=22456 (11183) [재산세] 연꽃재배도 농지에 포함되는지 여부 문의 / 답변1
  + [2612] ntt=22455 (11182) [취득세] 토지수용에 따른 대체취득 시 지목변경비용도 포함여부 / 답변2
  + [2613] ntt=22454 (11181) [취득세] 법인합병관련 문의드립니다. / 답변2
  + [2614] ntt=22453 (11180) [자동차세] 장애인소유 자동차세 면제 문의 / 답변2
  + [2615] ntt=22451 (11179) [기타] 잘못 부과된 차량취득세의 환급과 새로운 취득세 부과에 발. / 답변1
  + [2616] ntt=22450 (11178) [취득세] 2013년에 사망하면 [2712] 등록면허세에서 부과하죠 / 답변3
  + [2617] ntt=22449 (11177) [지방세징수법] 공탁 배분순위 / 답변2
    [retry 1/3] ReadTimeout
  + [2618] ntt=22448 (11176) [등록면허세] 지방세 세목별 과세증명서 발급 시 수수료면제 / 답변7
  + [2619] ntt=22446 (11175) [취득세] 지특법 73조 대체취득 부재지주 판단 시 소유기간은 관련. / 답변1
  + [2620] ntt=22441 (11174) [등록면허세] 등록면허세 환급 문의 / 답변2
  + [2621] ntt=22440 (11173) [취득세] 농업회사법인 감면 질문드립니다. / 답변3
  + [2622] ntt=22439 (11172) [기타] 법정기일 문의 / 답변1
  + [2623] ntt=22438 (11171) [등록면허세] 등록면허세(면허) 신고분 납부기한 문의 / 답변1
  + [2624] ntt=22437 (11170) [재산세] 공업사에서  인근에 밭에 차량, 기계 등을 세워두는 용도. / 답변3
[page 1348 완료] 누적 신규 2624건  (이 게시판 저장 총 40,298건)
    [retry 1/3] ReadTimeout
  + [2625] ntt=22436 (11169) [취득세] 지특법73조 수용 대체취득 감면 시 영업보상금은 보상금에. / 답변0
  + [2626] ntt=22435 (11168) [취득세] 미등록 차량 취득시 농특세~~ / 답변7
    [retry 1/3] ReadTimeout
  + [2627] ntt=22432 (11167) [취득세] 지특법 73조 부재부동산 판단시 궁금한게 있습니다. / 답변3
  + [2628] ntt=22429 (11166) [기타] 자치단체 콜센터 상담 업무에 지방세 상담 포함여부 관련입. / 답변1
    [retry 1/3] ReadTimeout
  + [2629] ntt=22428 (11165) [자동차세] 자동차세 수시부과 문의 / 답변2
  + [2630] ntt=22426 (11164) [재산세] 지난 년도의 재산세 수시부과  시 종부세 자료는 어떻게 . / 답변2
  + [2631] ntt=22425 (11163) [취득세] 1세대4주택 적용 문의(세대내 주택매매) / 답변1
  + [2632] ntt=22424 (11162) [주민세] 주민세 법인균등 인공암벽장 질문있습니다! / 답변0
  + [2633] ntt=22422 (11161) [취득세] 면허반납으로 인한 운전면허취소 / 답변5
  + [2634] ntt=22417 (11160) [취득세] 농업법인 취득세 감면 문의드립니다. / 답변2
  + [2635] ntt=22416 (11159) [세외수입] 과오납반환시 질문 / 답변2
  + [2636] ntt=22415 (11158) [지방소득세] 과세자료 제출 접수증 / 답변0
  + [2637] ntt=22412 (11157) [세외수입] 미납된 과태료(체납이 안된상태)도 교부청구 가능한가요??. / 답변0
  + [2638] ntt=22410 (11156) [취득세] 가설건축물 취득세 문의 / 답변3
  + [2639] ntt=22407 (11155) [재산세] 상속 법정지분대로 취득신고 시, 재산세 부과에 관련한 질. / 답변4
  + [2640] ntt=22405 (11154) [취득세] 상속 취득세 신고납부기한 / 답변3
  + [2641] ntt=22403 (11153) [취득세] 산업단지 감면 후 추징 시 가능여부 문의 드립니다. / 답변3
  + [2642] ntt=22400 (11152) [재산세] 등기상 개인소유, 재산세 종중 납세 필지관련 문의 / 답변2
  + [2643] ntt=22399 (11151) [기타] 국세징수법 제7조의2 (체납자료의 제공) 문의 / 답변3
  + [2644] ntt=22398 (11150) [취득세] 지방세법 시행령 제20조 계약해제 관련 문의드립니다. / 답변5
  + [2645] ntt=22397 (11149) [취득세] 과세전적부심 청구 날짜 / 답변2
  + [2646] ntt=22394 (11148) [기타] 천재지변으로 인한 지특법4조4항 의회의결 감면시? / 답변1
  + [2647] ntt=22393 (11147) [지방소득세] 법인지방소득세 확정신고시 제출서류 / 답변0
  + [2648] ntt=22392 (11146) [취득세] 차량취득세 법인합병건인데 차량이 이용자리스중인 경우 / 답변3
  + [2649] ntt=22390 (11145) [주민세] 형 확정자(교도소 수감자)의 주민세(개인균등분) 납세의무 / 답변3
  + [2650] ntt=22389 (11144) [취득세] 버섯재배사 지목변경 취득세 / 답변5
  + [2651] ntt=22388 (11143) [등록면허세] 시립양로원 관련 면허세 비과세 문의드립니다. / 답변0
  + [2652] ntt=22386 (11142) [자동차세] 자동차세 압류 질의 / 답변1
  + [2653] ntt=22383 (11141) [자동차세] 장애인 감면 문의드립니다. / 답변2
  + [2654] ntt=22382 (11140) [취득세] 하이브리드 차량 취득시 다자녀 / 답변6
[page 1349 완료] 누적 신규 2654건  (이 게시판 저장 총 40,328건)
  + [2655] ntt=22381 (11139) [취득세] 건물, 토지 소유자가 다른 주상복합건물을 각각 따로 신고. / 답변1
  + [2656] ntt=22379 (11138) [지방소득세] 지방소득세(양도소득) 환급지 관련 문의합니다. / 답변0
  + [2657] ntt=22377 (11137) [지방소득세] 징수유예관련 질의 남깁니다.(특별징수분) / 답변3
  + [2658] ntt=22376 (11136) [등록면허세] 등록면허세(면허) 폐지 / 답변4
  + [2659] ntt=22375 (11135) [지방소득세] 법인지방소득세 신고대상 문의입니다. / 답변1
    [retry 1/3] ReadTimeout
  + [2660] ntt=22374 (11134) [재산세] 임대사업자 감면된 재산세 추징시 / 답변1
  + [2661] ntt=22372 (11133) [세외수입] 대금지급 정지 문의드립니다. / 답변0
  + [2662] ntt=22371 (11132) [등록면허세] 토지형질변경 면적 감소/공사계획변경건에 대해 토지형질변경. / 답변1
  + [2663] ntt=22370 (11131) [재산세] 재산세(주택) 상속포기로 인한 부과방법 문의 / 답변2
  + [2664] ntt=22369 (11130) [취득세] 주상복합 건물 신축으로 취득 시 농어촌특별세 관련 문의 / 답변2
  + [2665] ntt=22368 (11129) [재산세] 화재로 인해 소실된 유흥주점 중과 관련 문의 / 답변6
  + [2666] ntt=22366 (11128) [자동차세] 승합차에서 승용차로 구조변경  된 경우 어느 차종으로 과. / 답변1
  + [2667] ntt=22364 (11127) [등록면허세] 등록면허세 경정청구 / 답변1
  + [2668] ntt=22362 (11126) [지방소득세] 지방소득세 특별징수 연말정산 환급관련 질의드립니다~ / 답변2
  + [2669] ntt=22359 (11125) [지방소득세] 지방소득세 특별징수 연말정산 환급 가산금 관련 질의드립니. / 답변0
  + [2670] ntt=22357 (11124) [취득세] 화해권고에 따른 점유시효 취득원인 / 답변3
  + [2671] ntt=22356 (11123) [취득세] 구조변경 과세여부 문의드립니다. / 답변3
  + [2672] ntt=22354 (11122) [취득세] 장애인감면 등 공동소유자 등록전환시 추징 기산일 및 추징. / 답변4
  + [2673] ntt=22353 (11121) [재산세] (단기임대 아파트 1 + 장기임대 아파트 1)에서 장기임. / 답변2
  + [2674] ntt=22352 (11120) [취득세] 연부취득 추징시기 / 답변4
  + [2675] ntt=22351 (11119) [취득세] 경차감면후 다시 장애인감면(환급)받고 1년이내 세대분리시 / 답변1
  + [2676] ntt=22350 (11118) [취득세] 1가구4주택 세율 / 답변2
  + [2677] ntt=22349 (11117) [취득세] 가구와 세대의 차이 / 답변6
  + [2678] ntt=22348 (11116) [지방세기본법] 세무조사 결과 통지 후 기한 후 신고 / 답변3
  + [2679] ntt=22347 (11115) [취득세] 공유물 분할 질의 / 답변1
  + [2680] ntt=22344 (11114) [취득세] 차량입력하다가면 납세자 자치단체가 관외입니다 뜨는 경우 / 답변4
  + [2681] ntt=22343 (11113) [주민세] 주민세 재산분 (신고납부세목) / 답변3
  + [2682] ntt=22341 (11112) [취득세] 건축물 개축  부과방법 문의 / 답변0
  + [2683] ntt=22340 (11111) [취득세] 법인 중과세 제외 (임대사업자) 질문이 있습니다. / 답변1
  + [2684] ntt=22339 (11110) [취득세] 전기차 취득시 다자녀일경우 / 답변3
[page 1350 완료] 누적 신규 2684건  (이 게시판 저장 총 40,358건)
  + [2685] ntt=22338 (11109) [기타] 경정 청구시 환급청구서도 같이 받으시나요? / 답변2
  + [2686] ntt=22337 (11108) [지방소득세] 양도소득분 합산신고는 어떻게 되는건가요? / 답변0
    [retry 1/3] ReadTimeout
  + [2687] ntt=22336 (11107) [재산세] 재산세 주거용 / 답변2
  + [2688] ntt=22332 (11106) [자동차세] 주행분 유가보조금 안분율, 예산액 / 답변0
  + [2689] ntt=22331 (11105) [지방세징수법] 공공기록정보 철회 후 재등록 문의 / 답변3
  + [2690] ntt=22330 (11104) [재산세] 사망자 재산세 중가산금 관련문의 / 답변3
  + [2691] ntt=22329 (11103) [재산세] 시가표준액 문의드립니다. / 답변3
  + [2692] ntt=22328 (11102) [재산세] 가설건축물 토지 / 답변2
  + [2693] ntt=22327 (11101) [취득세] 자경농민 상속 농지 취득 세율특례 적용분 추징시 농특세 . / 답변3
  + [2694] ntt=22326 (11100) [지방소득세] 특별징수분 환급대사 / 답변1
  + [2695] ntt=22322 (11099) [지방세징수법] 보험증권 압류해지일 관련 질의 / 답변1
  + [2696] ntt=22321 (11098) [지방세징수법] 관광 버스 압류해제시 법인체납액 전액을 납부해야하는지 당. / 답변2
  + [2697] ntt=22320 (11097) [취득세] 가설건축물 취득세 법인장부가액 어디까지 인정할지 문의 / 답변3
  + [2698] ntt=22319 (11096) [재산세] 장기미집행 토지 어떻게 처리하고 계신가요? / 답변3
  + [2699] ntt=22318 (11095) [기타] 과세자료 통합조회(문의 체납아님) / 답변1
  + [2700] ntt=22317 (11094) [재산세] 무허가 주택 과세대장 등재 관련 문의입니다. / 답변2
  + [2701] ntt=22316 (11093) [기타] 납세증명서 나 과세증명서 발급 메뉴얼 최근거 있으신분  . / 답변4
  + [2702] ntt=22315 (11092) [취득세] 가산세 추징의 기산 시점 문의 / 답변2
  + [2703] ntt=22312 (11091) [등록면허세] 전기사업(태양광) 교환을 위한 양수인가의 경우 / 답변1
  + [2704] ntt=22311 (11090) [취득세] 차량 신규등록시 취득세 관련 질문드립니다 / 답변5
  + [2705] ntt=22310 (11089) [취득세] 산업단지 감면 추징시 산출세액 계산 질문합니다. / 답변1
  + [2706] ntt=22307 (11088) [취득세] 폐기물처리공장 취득세 / 답변1
  + [2707] ntt=22306 (11087) [취득세] 폐기물처리공장 취득세 / 답변1
  + [2708] ntt=22305 (11086) [등록면허세] 통신판매업 면허세 질문입니다. / 답변1
  + [2709] ntt=22304 (11085) [취득세] 임야에 다리(교량)설치하여 도로로 바뀐경우? / 답변2
    [retry 1/3] ReadTimeout
    [retry 2/3] ConnectTimeout
    [retry 3/3] ConnectTimeout
  + [2710] ntt=22302 (11083) [취득세] 한발주인이 2개의 법인을 설립한 경우 나중에 설립된 법인. / 답변5
  + [2711] ntt=22301 (11082) [취득세] 신탁 등기 취득세 문의 / 답변1
  + [2712] ntt=22300 (11081) [취득세] 차량취득세 과표 변경 및 취득시기 / 답변4
  + [2713] ntt=22298 (11080) [취득세] 차량 취득세 감면 추징(세대분리) 납세자 판단 / 답변3
[page 1351 완료] 누적 신규 2713건  (이 게시판 저장 총 40,387건)
  + [2714] ntt=22297 (11079) [재산세] 용도 코드 질문입니다. / 답변2
  + [2715] ntt=22296 (11078) [등록면허세] 차량 지분이전 납세지 관련 문의 드립니다. / 답변4
  + [2716] ntt=22291 (11077) [지방소득세] 가산세 감면사유 해당 여부 / 답변1
  + [2717] ntt=22289 (11076) [재산세] 지역자원시설세 문의 / 답변1
  + [2718] ntt=22287 (11075) [취득세] 화물승합에서 특수자동차로(캠핑카) 개조 후 이전등록시 취. / 답변2
  + [2719] ntt=22281 (11074) [취득세] 창업중소기업 동종사업이력 여부 판단시 / 답변2
  + [2720] ntt=22280 (11073) [취득세] 상속을 원인으로 할 경우, 무허가 건물에대해 취득세 가능. / 답변1
  + [2721] ntt=22275 (11072) [자동차세] 화물차에서 캠핑용자동차로 구조변경할 경우 자동차세 문의 / 답변3
  + [2722] ntt=22274 (11071) [지방세징수법] 공동명의 자동차 공매관련 / 답변1
  + [2723] ntt=22271 (11070) [취득세] 법인 지목변경 / 답변3
  + [2724] ntt=22270 (11069) [등록면허세] 시장,군수 이름으로 되어 있는 자동차세, 등록면허세(면허. / 답변3
  + [2725] ntt=22267 (11068) [취득세] 공탁금 수령 후 대체취득 시 "마지막 보상금 수령일" 판. / 답변1
  + [2726] ntt=22266 (11067) [취득세] 자경농민 감면시 공부 현황이 전, 답 인 경우 감면 가능. / 답변3
  + [2727] ntt=22265 (11066) [자동차세] 사망자 자동차에 대한 대위 상속이전등록 및 한정승인에 따. / 답변0
    [retry 1/3] ReadTimeout
  + [2728] ntt=22263 (11065) [지방세징수법] 보험압류 / 답변0
  + [2729] ntt=22262 (11064) [재산세] 지적부서의 공시지가 정정결정 공고(2010~2019) 후. / 답변4
  + [2730] ntt=22260 (11063) [취득세] 소유권 보존의 경우 과표 질의 / 답변2
  + [2731] ntt=22258 (11062) [재산세] 임대사업자 감면 문의 / 답변1
  + [2732] ntt=22256 (11061) [기타] 공시송달 문의 / 답변5
  + [2733] ntt=22255 (11060) [취득세] 종교감면-임시주차장으로 쓰다가 3년 이후 착공한 경우 문. / 답변0
  + [2734] ntt=22254 (11059) [재산세] 종중소유 토지대장 정정(소유자번호 삭제)에 따른 납세의무. / 답변1
  + [2735] ntt=22252 (11058) [재산세] 위험물 옥내탱크저장소 재산세 부과관련 / 답변1
  + [2736] ntt=22251 (11057) [취득세] 도급비용 재정산으로 인한 취득세 경정청구 문의드립니다. / 답변0
  + [2737] ntt=22250 (11056) [취득세] 직계존비속간의 유상거래 증빙자료로 공탁서가 대체가 될 수. / 답변0
  + [2738] ntt=22249 (11055) [취득세] 상속 취득세 부과시 상속인 관련 / 답변2
  + [2739] ntt=22247 (11054) [취득세] 이륜차 장애인 감면 질의 / 답변1
  + [2740] ntt=22246 (11053) [취득세] 다자녀 감면 / 답변5
  + [2741] ntt=22243 (11052) [취득세] 가설건축물 관련입니다. / 답변3
  + [2742] ntt=22242 (11051) [취득세] 회사 구내용 청소차량을 구입시 취득세 / 답변4
  + [2743] ntt=22241 (11050) [취득세] 노인복지시설 감면시 지목변경 토지 해당 여부(지특법 제2. / 답변1
[page 1352 완료] 누적 신규 2743건  (이 게시판 저장 총 40,417건)
  + [2744] ntt=22239 (11049) [기타] 환급 발생하였으나 수감생활로 환급받지 못하였다고 주장 / 답변3
  + [2745] ntt=22236 (11048) [등록면허세] 화물자동차 운송사업 변경(본점->영업소 차량 이전) 허가 / 답변2
  + [2746] ntt=22235 (11047) [재산세] 정비사업구역내의 토지 / 답변0
  + [2747] ntt=22233 (11046) [취득세] 상속1가구1주택의 취득 인데 ,, 추징규정은? / 답변6
  + [2748] ntt=22232 (11045) [취득세] 지목변경 취득세 질문입니다. (개발행위 명의변경) / 답변2
  + [2749] ntt=22231 (11044) [세외수입] 지방세 환급금으로 지입차량의 과태료 충당가능여부 질문 / 답변2
  + [2750] ntt=22230 (11043) [재산세] 미등기 상속된 물건의 납세의무자 문의 / 답변1
  + [2751] ntt=22228 (11042) [지방소득세] 종합소득세 결정분 / 답변2
  + [2752] ntt=22223 (11041) [지방소득세] 지방소득세 특별징수분 연말정산 환급 질문드려요 / 답변2
  + [2753] ntt=22220 (11040) [재산세] 과세예고에 따른 과세전적부심사 대상 여부 / 답변6
  + [2754] ntt=22219 (11039) [기타] 지방세 환급금 환급시 타시군 체납자 처리 문의 / 답변2
  + [2755] ntt=22217 (11038) [취득세] 1가구 4주택 세율 적용시 외국인 배우자 / 답변1
  + [2756] ntt=22215 (11037) [취득세] 현황과세(주택? 상가?) / 답변2
  + [2757] ntt=22214 (11036) [기타] 재산세 토지분 수시 부과 처리에 대한 질문입니다. / 답변2
  + [2758] ntt=22213 (11035) [재산세] 학교법인의 후생복지시설에 대한 감면 문의 / 답변0
  + [2759] ntt=22207 (11034) [취득세] 승강기 취득일을 사실상 사용일로 적용한 사례 알고 계신분. / 답변0
  + [2760] ntt=22206 (11033) [등록면허세] 간이과세자 면허세 정기분 부과 / 답변3
  + [2761] ntt=22205 (11032) [재산세] 임대주택 임대사업자 감면 문의요 / 답변2
  + [2762] ntt=22203 (11031) [자동차세] 폐업 사업자 자동차세 문의 / 답변2
  + [2763] ntt=22202 (11030) [취득세] 재개발 조합원 취득세 관련 과세표준 포함 여부 / 답변0
  + [2764] ntt=22200 (11029) [취득세] 불법건축물의 취득일 문의 / 답변3
  + [2765] ntt=22199 (11028) [취득세] 불법(무허가)건축물 추징범위 어떻게 정하시나요? / 답변4
  + [2766] ntt=22196 (11027) [지방세징수법] 한국신용정보원에 공공기록정보를 제공하면 어떤 효과가 있나. / 답변2
  + [2767] ntt=22194 (11026) [취득세] 상속인이 아닌 자가 포괄유증을 받을때 세율적용방법 / 답변3
  + [2768] ntt=22193 (11025) [기타] 수도요금 독촉고지서 효력 요건 / 답변1
  + [2769] ntt=22191 (11024) [취득세] 사망후 부동산매매인감증명서 효력? / 답변1
  + [2770] ntt=22189 (11023) [재산세] 등기안된 도로 토지 문의요 / 답변3
  + [2771] ntt=22188 (11022) [지방소득세] 신고납부기한 및 가산세 / 답변3
  + [2772] ntt=22187 (11021) [취득세] 승강기 납세의무자 / 답변4
  + [2773] ntt=22186 (11020) [취득세] 자경농민 또는 귀농인 감면 추징 / 답변2
[page 1353 완료] 누적 신규 2773건  (이 게시판 저장 총 40,447건)
  + [2774] ntt=22185 (11019) [자동차세] 자동차세 연납고지서 못 받았다는 민원 / 답변9
  + [2775] ntt=22184 (11018) [등록면허세] 한국농어촌공사 융자에 대한 등록면허세 / 답변3
  + [2776] ntt=22183 (11017) [자동차세] 자동차 중고상사 상품용 확인방법 문의 / 답변3
  + [2777] ntt=22182 (11016) [취득세] 자경농민의 농지 등에 대한 감면분 추징 여부 문의드립니다. / 답변3
  + [2778] ntt=22181 (11015) [재산세] 신탁해지 후 재산세 추징 발생에 대한 문의 / 답변1
  + [2779] ntt=22180 (11014) [자동차세] 시각장애인 자동차세 감면 적정 여부 판단 문의 / 답변4
  + [2780] ntt=22179 (11013) [취득세] 필로티 주차장 취득세 세액산정방법 문의 / 답변4
  + [2781] ntt=22178 (11012) [취득세] 혹시 감면 후 추징대상 확인 어떻게들 하고 계신가요? / 답변1
  + [2782] ntt=22177 (11011) [지방소득세] 소액부징수면제 / 답변5
  + [2783] ntt=22176 (11010) [취득세] 전기차 충전시설 납세의무자 / 답변6
  + [2784] ntt=22175 (11009) [취득세] 농어촌민박 관련 취득세 문의입니다. / 답변0
  + [2785] ntt=22174 (11008) [취득세] 차량 구조변경 법인장부가액 인정 / 답변3
  + [2786] ntt=22173 (11007) [기타] 채권압류 및 추심명령 / 답변4
  + [2787] ntt=22172 (11006) [취득세] 신탁재산 관련 감면조항 문의 / 답변0
  + [2788] ntt=22171 (11005) [취득세] 10억 아파트와 현금 10억 상속된 경우 연대납세의 범위 / 답변2
  + [2789] ntt=22170 (11004) [취득세] 자경농민 감면 후 추징 시 농특세 산출은 어떻게 해야 하. / 답변1
  + [2790] ntt=22169 (11003) [취득세] 농공단지 감면 / 답변1
  + [2791] ntt=22168 (11002) [취득세] 차량 취득세 다자녀 대체취득 감면관련 / 답변2
  + [2792] ntt=22166 (11001) [지방세징수법] 상속한정승인후 상속재산파산 진행기간에 상속인에게 부과된 . / 답변5
  + [2793] ntt=22165 (11000) [등록면허세] 통신판매업 등록면허세 관련입니다. / 답변1
  + [2794] ntt=22162 (10999) [지방세징수법] 압류금지 재산의 기준 / 답변4
  + [2795] ntt=22159 (10998) [재산세] 대지에 농사를 짓는다면 농지로 봐줘야하나요? / 답변5
  + [2796] ntt=22158 (10997) [지방세징수법] 매출채권 압류 후 추심액으로 지방세 충당후 세외수입까지 . / 답변5
  + [2797] ntt=22157 (10996) [지방세징수법] 급여를 압류했는데 추심에 불응하는 경우,  제재를 가할 . / 답변3
  + [2798] ntt=22156 (10995) [취득세] 지목변경에 의한 취득세 문의 / 답변7
  + [2799] ntt=22155 (10994) [취득세] 지특법 32조 1(토지주택공사의 소규모 공동주택~)관련 . / 답변1
  + [2800] ntt=22154 (10993) [자동차세] 국가유공자 감면관련.. / 답변5
  + [2801] ntt=22153 (10992) [취득세] 차량 취득세 감면신청서 받으시나요? / 답변11
  + [2802] ntt=22152 (10991) [재산세] 공시지가 정정관련 / 답변5
  + [2803] ntt=22150 (10990) [취득세] 취득세 주택 안분기준 / 답변5
[page 1354 완료] 누적 신규 2803건  (이 게시판 저장 총 40,477건)
  + [2804] ntt=22148 (10989) [취득세] 조직변경으로 인한 차량 취등록세 / 답변2
  + [2805] ntt=22146 (10988) [취득세] 지목변경 문의 / 답변2
  + [2806] ntt=22145 (10987) [재산세] 토지 측량 후 면적정정에 따른 환급 문의요! / 답변2
    [retry 1/3] ReadTimeout
    [retry 2/3] ConnectTimeout
    [retry 3/3] ConnectTimeout
  + [2807] ntt=22142 (10985) [지방세징수법] 공공기록정보등록 500만원 기준에 대해 문의합니다. / 답변2
  + [2808] ntt=22140 (10984) [지방세징수법] 납기전 징수 및 교부청구(경매) / 답변3
  + [2809] ntt=22138 (10983) [자동차세] 자동차세 납세자 문의 / 답변2
  + [2810] ntt=22137 (10982) [취득세] 종교단체가 불법증축할 경우 취득세 부과여부 / 답변4
  + [2811] ntt=22135 (10981) [등록면허세] 등록면허세(면허) 종 착오부과에 따른 환급 문의 / 답변3
    [retry 1/3] ReadTimeout
  + [2812] ntt=22132 (10980) [취득세] 중복감면배제 규정의 '동일한 과세대상' / 답변1
  + [2813] ntt=22130 (10979) [기타] 코로나19로 지방세 감면 / 답변18
  + [2814] ntt=22129 (10978) [취득세] 서민주택 농어촌특별세 감면여부 / 답변3
  + [2815] ntt=22125 (10977) [재산세] 공장입지 기준면적 문의 / 답변0
  + [2816] ntt=22123 (10976) [재산세] 군 지역 분리과세되는 공장용지 / 답변0
  + [2817] ntt=22122 (10975) [등록면허세] 어선이전에 관한 등록면허세 / 답변0
  + [2818] ntt=22121 (10974) [취득세] 임대사업자 물건등록 관련 / 답변0
  + [2819] ntt=22120 (10973) [취득세] 1세대 4주택 확인시 재외국민이 취득하는 경우 세대확인방. / 답변2
  + [2820] ntt=22115 (10972) [자동차세] 차종은 같은데 자동차세가 다른 경우 어떻게 해야 하나요? / 답변3
  + [2821] ntt=22114 (10971) [주민세] 농협(축협) 주민세 종업원분 동일건물 내 두 개 이상의 . / 답변2
  + [2822] ntt=22113 (10970) [취득세] 차량 등록 취소에 따른 취득세 환급?? / 답변2
  + [2823] ntt=22112 (10969) [기타] 특정세목 전 납세자 감면 / 답변1
  + [2824] ntt=22110 (10968) [취득세] 차량 상속 취득세 관련(상속포기각서) / 답변4
  + [2825] ntt=22109 (10967) [취득세] 태양광시설설치(지목변경)관련입니다. / 답변1
  + [2826] ntt=22108 (10966) [등록면허세] 개발행위(토지의 형질변경) 질문 / 답변4
  + [2827] ntt=22107 (10965) [재산세] 평생교육시설 에  대한 감면이 신탁재산의 경우에도 가능한. / 답변0
  + [2828] ntt=22106 (10964) [지방세징수법] 제3자의 자동차세 납부여부 확인 요청시 / 답변6
  + [2829] ntt=22105 (10963) [취득세] 라보보냉탑차 구조변경 질의 / 답변2
  + [2830] ntt=22104 (10962) [지방소득세] 연말정산(특별징수) 환급 처리 / 답변4
  + [2831] ntt=22103 (10961) [주민세] 주민세 종업원분 같은지자체 내의 "사업소 2개이상"있을 . / 답변4
  + [2832] ntt=22100 (10960) [지방세징수법] 자동차세  연대납세의무자 고지와 독촉여부 / 답변1
[page 1355 완료] 누적 신규 2832건  (이 게시판 저장 총 40,506건)
  + [2833] ntt=22099 (10959) [지방세징수법] 체납처분 유예시 중가산금 부과 여부 / 답변2
  + [2834] ntt=22098 (10958) [기타] 납부서(세액계산서) / 답변3
  + [2835] ntt=22097 (10957) [등록면허세] 가설건축물 등록면허세(면허) 문의 / 답변8
  + [2836] ntt=22096 (10956) [재산세] 도시지역 코드요ㅜㅜ / 답변2
  + [2837] ntt=22093 (10955) [재산세] 지방세특례제한법 제50조 2항 감면 적용에 따른 감액문의 / 답변2
  + [2838] ntt=22092 (10954) [지방세징수법] 공동소유의 자동차 압류가능한가요? / 답변5
  + [2839] ntt=22091 (10953) [지방세징수법] (자동차세 100%) 폐차 증명 자동차는 압류해제를 해야. / 답변2
  + [2840] ntt=22090 (10952) [지방소득세] 해산법인지방소득세 문의 / 답변0
  + [2841] ntt=22089 (10951) [취득세] 동일  다가구주택에 거주할 경우  4주택여부? / 답변2
  + [2842] ntt=22088 (10950) [재산세] 급!!ㅜㅠ)이미 부과한 2019년 재산세 과세내역세 납세. / 답변5
  + [2843] ntt=22086 (10949) [취득세] 대지조성이 완료된 토지를 법인이 매수한 경우 지목변경 취. / 답변2
  + [2844] ntt=22085 (10948) [취득세] 가설건축물 관련 취득세 질문드립니다. / 답변5
  + [2845] ntt=22084 (10947) [자동차세] 환가가치 차령초과 차량 말소일 문의 / 답변2
  + [2846] ntt=22083 (10946) [취득세] 증축 시가표준액 문의 / 답변1
  + [2847] ntt=22082 (10945) [기타] 유선상으로 납세자의 전자납부번호를 알려주는 것은 개인정보. / 답변7
  + [2848] ntt=22080 (10944) [자동차세] 장애 감면 차량 자동차세 부과 관련 문의 / 답변4
  + [2849] ntt=22079 (10943) [지방소득세] 무기장가산세에 납부불성실가산세 붙여도 괜찮은가요? / 답변1
  + [2850] ntt=22078 (10942) [취득세] 소유권 이전등기 후 원상회복등기 진행후 취득세 관련 질의 / 답변3
  + [2851] ntt=22076 (10941) [취득세] 도시개발사업 시행으로 연부취득한 토지의 전매 / 답변0
  + [2852] ntt=22074 (10940) [취득세] 도급금액 사후정산에 따른 취득세 경정청구 관련 문의 / 답변0
  + [2853] ntt=22073 (10939) [지방소득세] 법인지방소득세 결손금 소급공제 문의 / 답변1
  + [2854] ntt=22072 (10938) [지방소득세] 법인지방소득세 결손금 소급공제 문의 / 답변2
  + [2855] ntt=22071 (10937) [지방소득세] 법인지방소득세 결손금 소급공제 문의 / 답변2
  + [2856] ntt=22070 (10936) [재산세] 재산세, 자동차세, 균등분 주민세 누락분 수시부과 시 과. / 답변3
  + [2857] ntt=22069 (10935) [취득세] 채권자 직권소유권 보존으로 인한 취득세 부과 문의입니다. / 답변2
  + [2858] ntt=22068 (10934) [취득세] 지특법 178조 1항 2호 다른 용도로 사용에 휴업이 포. / 답변4
  + [2859] ntt=22067 (10933) [등록면허세] 개축관련 / 답변1
  + [2860] ntt=22057 (10932) [취득세] 상속 취득세 문의 / 답변4
  + [2861] ntt=22054 (10931) [지방소득세] 지방소득세 특별징수분 추가납부세액 가산세 문의 / 답변2
  + [2862] ntt=22051 (10930) [자동차세] 자동차세 상속관련 공동소유자 문의 / 답변3
[page 1356 완료] 누적 신규 2862건  (이 게시판 저장 총 40,536건)
  + [2863] ntt=22050 (10929) [등록면허세] 차량 등록세 문의드립니다. / 답변4
  + [2864] ntt=22049 (10928) [취득세] 개인과 개인간의 계약해지로 인한 재취득 / 답변2
  + [2865] ntt=22048 (10927) [취득세] 부과제척기간이 지난 지목변경취득세 감액 질의 / 답변2
  + [2866] ntt=22047 (10926) [지방소득세] 지방소득세(종합) 사망자의 상속인에게 부과후 사망자 파산. / 답변1
  + [2867] ntt=22046 (10925) [지방세기본법] 세무조사 재조사 관련 질의 / 답변1
  + [2868] ntt=22045 (10924) [취득세] 2017년 매매상 감면차량 추징에 대해 질문있습니다! / 답변3
  + [2869] ntt=22044 (10923) [취득세] 농업협동조합 감면대상여부 / 답변1
  + [2870] ntt=22043 (10922) [기타] 압류말소의 소멸시효 문의 / 답변4
  + [2871] ntt=22042 (10921) [기타] 예금압류해제 건의 시효소멸 문의드립니다. / 답변4
  + [2872] ntt=22040 (10920) [자동차세] 자동차세 감면 문의드립니다. / 답변1
  + [2873] ntt=22039 (10919) [등록면허세] 농업회사법인 설립등기 시 등록면허세 감면 여부 질의 / 답변0
  + [2874] ntt=22036 (10918) [취득세] 법인 지목변경 취득세 산출시 문의 / 답변3
  + [2875] ntt=22033 (10917) [지방소득세] 법인지방소득세 사업연도종료일(12.31) 사업장일부 매각. / 답변1
  + [2876] ntt=22032 (10916) [취득세] 장애인 감면 대체취득...추징발생일 / 답변4
  + [2877] ntt=22031 (10915) [취득세] 일반으로 신고 납부했는데 중과로 추징할 때 / 답변1
  + [2878] ntt=22029 (10914) [기타] 환급 관련 질의(소멸시효) / 답변3
  + [2879] ntt=22028 (10913) [취득세] 농업회사법인감면여부 / 답변1
  + [2880] ntt=22026 (10912) [지방소득세] 양도소득에 대한 개인지방소득세 과세이연 관련 문의합니다. / 답변0
  + [2881] ntt=22025 (10911) [재산세] 국가에서 임대차로 사용 주차장 / 답변1
  + [2882] ntt=22022 (10910) [취득세] 차량취득세 대체취득 / 답변2
  + [2883] ntt=22021 (10909) [취득세] 농업법인에 대한 감면시 필요서류 / 답변3
  + [2884] ntt=22020 (10908) [지방소득세] 지방소득세 특별징수 환급관련 문의 / 답변2
  + [2885] ntt=22019 (10907) [취득세] 경형화물 중 트레일러 세율적용 문의 / 답변1
  + [2886] ntt=22017 (10906) [지방세징수법] 체납처분 유예 / 답변1
  + [2887] ntt=22016 (10905) [취득세] 감면분 취득세 추징시 이자상당액 문의합니다. / 답변2
  + [2888] ntt=22015 (10904) [취득세] 매매업자로부터 취득하는 차량 시가표준액 문의 / 답변1
  + [2889] ntt=22014 (10903) [지방세징수법] 폐업한 개인사업자 체납징수는 어떻게 하나요?? / 답변7
  + [2890] ntt=22013 (10902) [지방세징수법] 혹시 참가압류 해보신분 있을까요?? / 답변1
  + [2891] ntt=22010 (10901) [취득세] 지방세상담 NO: 4463, 교회 대표자 명의로 감면 후. / 답변1
  + [2892] ntt=22009 (10900) [재산세] 재산세 납세의무자 변동신고 관련 문의드립니다. / 답변1
[page 1357 완료] 누적 신규 2892건  (이 게시판 저장 총 40,566건)
  + [2893] ntt=22008 (10899) [취득세] 지특법 14조 감면중 사후관리시 정당한 사유에 대해 질문. / 답변3
  + [2894] ntt=22007 (10898) [주민세] 지방자치단체가 위탁한 사업을 운영하는 단체에 대한 주민세. / 답변1
  + [2895] ntt=22002 (10897) [취득세] 임대주택감면관련 임대주택의무기간 / 답변1
  + [2896] ntt=22000 (10896) [취득세] 허가,무허가 주택가격 안분기준 / 답변1
  + [2897] ntt=21999 (10895) [취득세] 임대사업자 취득세 감면 관련 / 답변1
  + [2898] ntt=21997 (10894) [등록면허세] 태양광발전소 공동대표 / 답변1
  + [2899] ntt=21995 (10893) [지방소득세] 특별징수분 대사 시 간단한 문의드립니다. / 답변1
  + [2900] ntt=21994 (10892) [기타] 지방세외수입금 징수 등에 관한 법률 적용 관련하여 질문드. / 답변0
  + [2901] ntt=21993 (10891) [취득세] 과점주주를 타 지자체에서 통보받았을경우 / 답변3
  + [2902] ntt=21992 (10890) [지방소득세] 법인지방소득세 결손 소급신청 / 답변1
  + [2903] ntt=21990 (10889) [기타] 지방세 환급금 지급보류 / 답변2
  + [2904] ntt=21989 (10888) [등록면허세] 현물출자 차량 지입업체 변경시 등록면허세 문의합니다 / 답변1
  + [2905] ntt=21988 (10887) [지방세징수법] 체납처분유예를 하면 중가산금 계산기간에 산입하지 않는 건. / 답변3
  + [2906] ntt=21986 (10886) [등록면허세] 건설기계 대여업체관련 등록면허세 문의 / 답변1
  + [2907] ntt=21985 (10885) [재산세] 재산세 환급(지방세특례제한법 제58조의3 2항에 의한 재. / 답변2
  + [2908] ntt=21982 (10884) [기타] 농어촌특별세  환급 문의 / 답변0
  + [2909] ntt=21981 (10883) [취득세] 자동차 리스 해지 취득세 / 답변3
  + [2910] ntt=21979 (10882) [취득세] 차량 취득세 감면 추징 후 / 답변4
  + [2911] ntt=21978 (10881) [재산세] 감액을 해야는지 결손처분을 해야는지 궁금합니다. / 답변3
  + [2912] ntt=21977 (10880) [재산세] 등기가 없는 사정토지에 관한 납세의무 / 답변3
  + [2913] ntt=21974 (10879) [지방세징수법] 자동차 공매.....고민입니다. / 답변3
  + [2914] ntt=21973 (10878) [취득세] 지목변경 취득세에서 가액증가란 무엇인가요? / 답변4
  + [2915] ntt=21968 (10877) [재산세] 상속인 파악을 위한 가족관계등록 서류 열람 / 답변6
  + [2916] ntt=21967 (10876) [취득세] 차량 대체취득 감면관련(기간계산) / 답변1
  + [2917] ntt=21966 (10875) [재산세] 제3자소유의 건축물을 임대하여 종교시설로 이용하는 경우에. / 답변1
  + [2918] ntt=21965 (10874) [지방세징수법] 후보자용 재산세 납부체납증명서 관련 질문드립니다. / 답변1
  + [2919] ntt=21964 (10873) [취득세] 영업용자동차 소유자 사망시 상속취득세 문의 / 답변3
  + [2920] ntt=21962 (10872) [취득세] 차량 취득세 감면 후 위수탁 / 답변2
  + [2921] ntt=21961 (10871) [취득세] 법인의 건물 원시취득 관련 문의 / 답변3
  + [2922] ntt=21960 (10870) [재산세] 주택양성화 문의드립니다.(추징) / 답변1
[page 1358 완료] 누적 신규 2922건  (이 게시판 저장 총 40,596건)
  + [2923] ntt=21958 (10869) [취득세] 종교단체 감면 문의 / 답변2
  + [2924] ntt=21957 (10868) [취득세] 지목변경 취득세 감면 / 답변2
  + [2925] ntt=21956 (10867) [등록면허세] 맨손어업 등록면허세(면허) 문의드립니다. / 답변2
  + [2926] ntt=21955 (10866) [자동차세] 자동차 사실상 멸실인정 가능 여부 / 답변2
  + [2927] ntt=21953 (10865) [취득세] 지특법 31조 1항 2호 임대사업자 감면 관련 / 답변0
  + [2928] ntt=21952 (10864) [취득세] 서민주택(다가구) 농특세 비과세 관련 / 답변4
  + [2929] ntt=21951 (10863) [취득세] 차량 취득세 감면 중 부득이한 사유에 대해 질문드립니다. / 답변0
  + [2930] ntt=21949 (10862) [지방소득세] 연결법인지방소득세 가산세 / 답변0
  + [2931] ntt=21948 (10861) [취득세] 착오 부과 취소에 의한 환급분 추징시 가산세 여부 / 답변0
  + [2932] ntt=21946 (10860) [재산세] 재산세 가설건축물 철거와 축조신고 관련 질문드립니다. / 답변2
  + [2933] ntt=21945 (10859) [취득세] 미상속 차량 멸실인정시 상속납세의무 / 답변2
  + [2934] ntt=21944 (10858) [재산세] 엘리베이터(승강기) 유무 / 답변3
  + [2935] ntt=21943 (10857) [취득세] 무허가주택 주택 세율 적용 문의입니다 / 답변1
  + [2936] ntt=21942 (10856) [취득세] 자경농민 감면에 대한 취득세 추징시 농어촌 특별세 관련 . / 답변2
  + [2937] ntt=21941 (10855) [주민세] 주민세(종업원분) 중소기업 고용지원 적용 관련해서 문의드. / 답변1
  + [2938] ntt=21940 (10854) [재산세] 지역자원시설세 / 답변1
  + [2939] ntt=21939 (10853) [재산세] 미준공 건축물 재산세 문의 / 답변1
  + [2940] ntt=21938 (10852) [취득세] 차량 취득세 추징 전 자진신고납부할 때 / 답변2
  + [2941] ntt=21935 (10851) [취득세] 차량 취득세 강제이전 취득시기 질문드립니다 / 답변0
  + [2942] ntt=21934 (10850) [재산세] 지역자원시설세 3배중과 / 답변1
  + [2943] ntt=21933 (10849) [취득세] 소유권보존(골프연습장) 취득세 관련입니다. / 답변1
  + [2944] ntt=21931 (10848) [재산세] 재산세 대장상 펜션 코드 / 답변0
  + [2945] ntt=21930 (10847) [취득세] 상시거주 목적 서민주택의 감면에서 상시 거주 시작한 날은. / 답변2
  + [2946] ntt=21929 (10846) [취득세] 신탁재산의 취득세 환급 관련 문의 / 답변1
  + [2947] ntt=21928 (10845) [재산세] 테니스장 별도합산 과세 문의 / 답변3
  + [2948] ntt=21927 (10844) [기타] 지방세특례제한법 천재지변 의회의결 관련 / 답변3
  + [2949] ntt=21926 (10843) [취득세] 공유물분할도 추징사유에 해당하는지 질의합니다 / 답변1
  + [2950] ntt=21925 (10842) [지방소득세] 지방소득세 퇴직소득분 경정 / 답변1
  + [2951] ntt=21924 (10841) [취득세] 장애인 차랑 감면시 질문있습니다. / 답변3
  + [2952] ntt=21922 (10840) [취득세] 추징사유발생 후 사망한 납세자(상속인)에게 취득세 과세 . / 답변4
[page 1359 완료] 누적 신규 2952건  (이 게시판 저장 총 40,626건)
  + [2953] ntt=21921 (10839) [취득세] 구조변경 비용 50만원 이하인 경우 등록면허세를 부과 하. / 답변2
  + [2954] ntt=21920 (10838) [취득세] 1세대 4주택 주택취득에 관해서 / 답변1
  + [2955] ntt=21919 (10837) [지방소득세] 지방소득세 특별징수 대사 문의합니다. / 답변1
  + [2956] ntt=21917 (10836) [지방소득세] 확정신고에의한 환급후 수정신고(환급세액감소) / 답변1
  + [2957] ntt=21916 (10835) [취득세] 귀농인 농지감면 (타지역) / 답변0
  + [2958] ntt=21913 (10834) [취득세] 지목변경 취득세 과표산정에 관해서(토지주택공사에서 신고 . / 답변2
  + [2959] ntt=21912 (10833) [자동차세] 장애인 자동차 대체취득 기간중 자동차세 감면 적용 / 답변2
  + [2960] ntt=21911 (10832) [취득세] 자경농민 감면 관련 질문드립니다~ / 답변1
  + [2961] ntt=21910 (10831) [주민세] 사망한 세대주 및 개인사업자에 대한 주민세 문의 / 답변3
  + [2962] ntt=21909 (10830) [취득세] 자경농민 감면 조건 질의 / 답변1
  + [2963] ntt=21908 (10829) [취득세] 차량 상속 취득세 관련 납세지 문의합니다. / 답변2
  + [2964] ntt=21907 (10828) [취득세] 지역주택조합의 조합원 토지를 승계 취득할 경우 취득세 과. / 답변0
  + [2965] ntt=21906 (10827) [지방세징수법] 부동산 공매 대행 통지서 송달에 대해 질문 있습니다. / 답변1
  + [2966] ntt=21903 (10826) [지방소득세] 법인지방소득세 공휴일, 근로자의 날로 인한 납부기한 연장. / 답변5
  + [2967] ntt=21902 (10825) [취득세] 차량 취득세 장애감면 추징 / 답변3
  + [2968] ntt=21898 (10824) [등록면허세] 협동조합 설립신고 수리에 따른 등록면허세 과세여부 / 답변1
  + [2969] ntt=21897 (10823) [지방세징수법] 압류 후 증여 / 답변2
  + [2970] ntt=21896 (10822) [취득세] 대표자가 동일한 자동차매매상사간 이전 / 답변2
  + [2971] ntt=21895 (10821) [지방소득세] 지방소득세 감면관련 / 답변1
  + [2972] ntt=21893 (10820) [취득세] 자경농민 감면 소득금액 문의 / 답변1
  + [2973] ntt=21892 (10819) [세외수입] 당사자간 거래이전된 차량을 경매시 교부청구 문의 / 답변2
  + [2974] ntt=21888 (10818) [등록면허세] 등록면허세(면허분)학원업 독서실에 대한 질문입니다~ / 답변1
  + [2975] ntt=21887 (10817) [주민세] 주민세종업원분 종업원의 범위에 대한 문의 / 답변1
  + [2976] ntt=21886 (10816) [취득세] 농공단지 대체입주자 감면 적용여부 / 답변1
  + [2977] ntt=21884 (10815) [취득세] 임대사업자 감면 / 답변1
  + [2978] ntt=21883 (10814) [등록면허세] 지방세법시행령 제43조에 관하여 문의합니다. / 답변1
  + [2979] ntt=21882 (10813) [기타] 고지서 재발행 시 등기우편 발송 바코드 / 답변1
  + [2980] ntt=21880 (10812) [취득세] 사망자에게 추징 사유 발생 시 상속자에게 과세 가능 여부. / 답변2
  + [2981] ntt=21879 (10811) [취득세] 자경농민 감면 , 농업경영체등록.. 본인이 아닌 아버지가. / 답변0
  + [2982] ntt=21878 (10810) [지방세징수법] 멸실건물에 대한 부동산압류 해제 관련 문의 / 답변2
[page 1360 완료] 누적 신규 2982건  (이 게시판 저장 총 40,656건)
  + [2983] ntt=21877 (10809) [지방소득세] 외국인번호 지방소득세 과세 시 / 답변2
  + [2984] ntt=21875 (10808) [지방세징수법] 압류차량 소유권이전 / 답변1
  + [2985] ntt=21874 (10807) [재산세] 별도의 개발행위 등이 없는데도 토지이용사항이 바뀌어서 공. / 답변1
  + [2986] ntt=21872 (10806) [세외수입] 공동명의자 사망 후 고지서 발송 및 압류 등 / 답변2
  + [2987] ntt=21870 (10805) [취득세] 사업 포괄 양도양수 관련 취득세 / 답변6
  + [2988] ntt=21869 (10804) [취득세] 지목변경 취득세 과세예고 해야하나요..? / 답변4
  + [2989] ntt=21868 (10803) [지방소득세] 5월에 지자체에서도 종합소득세 신고 받는데 / 답변1
    [retry 1/3] ReadTimeout
  + [2990] ntt=21867 (10802) [취득세] 임차인의 퇴거 및 인도와 관련된 보상비용의 취득세 과표 . / 답변0
  + [2991] ntt=21866 (10801) [지방소득세] 법인지방소득세 경정청구기한 문의 / 답변0
  + [2992] ntt=21863 (10800) [기타] 개인회생 채권계산서 / 답변1
  + [2993] ntt=21862 (10799) [재산세] 일반건물의 오피스텔을 주택임대사업자로 등록했을 경우 질문. / 답변3
  + [2994] ntt=21860 (10798) [취득세] 영농조합법인 감면 / 답변1
  + [2995] ntt=21858 (10797) [지방세징수법] 사망으로 인해 주된 상속인에게 납세의무가 승계된 자동차세. / 답변3
    [retry 1/3] ReadTimeout
  + [2996] ntt=21855 (10796) [취득세] 최초분양 해석 관련하여.. / 답변2
  + [2997] ntt=21849 (10795) [취득세] 상속 취득세 대습상속분에대해서 질의올립니다 / 답변4
  + [2998] ntt=21848 (10794) [취득세] 과세전적부심사 요청건(절차) / 답변1
  + [2999] ntt=21845 (10793) [재산세] 창업중소기업 감면 후 추징시 / 답변2
  + [3000] ntt=21844 (10792) [지방소득세] 사망자에게 부과된 지방소득세(양도소득분) / 답변1
  + [3001] ntt=21843 (10791) [자동차세] 사망자에게 부과된 자동차세 처리방법문의 / 답변4
  + [3002] ntt=21841 (10790) [취득세] 가설건축물(저온저장고)용도코드 / 답변4
  + [3003] ntt=21840 (10789) [등록면허세] 면허세 관련 문의(사실상 폐업 법인) / 답변4
  + [3004] ntt=21838 (10788) [등록면허세] 자동차 관련 사업 면허 종은 보유 기준인가요? 영업 기준. / 답변1
  + [3005] ntt=21837 (10787) [취득세] 직계존비속 유상거래 / 답변1
  + [3006] ntt=21836 (10786) [지방세징수법] 당해세 징수가능할까요? / 답변3
  + [3007] ntt=21835 (10785) [취득세] 장애인자동차 단독명의 등록 후 공동명의로 소유권 이전하는. / 답변2
  + [3008] ntt=21834 (10784) [기타] 제척기간과 소멸시효와 관련된 재산세 체납건에 대한 질문입. / 답변2
  + [3009] ntt=21832 (10783) [취득세] 차량 취득세 대리인 신고 / 답변4
  + [3010] ntt=21831 (10782) [취득세] 차량 취득세 장애인 감면 가능할까요? / 답변2
  + [3011] ntt=21830 (10781) [취득세] 국적상실자 및 재외국민 신고자에 대한 상속 취득세 신고 . / 답변0
  + [3012] ntt=21828 (10780) [재산세] 시청 타부서에 과세자료 제공 여부 여쭤봅니다. / 답변2
[page 1361 완료] 누적 신규 3012건  (이 게시판 저장 총 40,686건)
  + [3013] ntt=21826 (10779) [취득세] 직계존비속간 유상거래에서 공동명의로 취득시 대가지급사실 . / 답변0
  + [3014] ntt=21824 (10778) [취득세] 취득세 소유자 관련한 질문있습니다. / 답변2
  + [3015] ntt=21823 (10777) [지방소득세] 종합소득, 특별징수분 환급 관련입니다. / 답변0
  + [3016] ntt=21822 (10776) [주민세] 종업원 급여지급액 관련 질문있습니다 / 답변2
  + [3017] ntt=21821 (10775) [주민세] 종업원 급여지급액 관련 질문있습니다 / 답변2
  + [3018] ntt=21820 (10774) [지방세징수법] 파산결정확정통지를 받았습니다 / 답변1
  + [3019] ntt=21817 (10773) [취득세] 지특법 33조 경정청구나 심판청구 다른 시군은 얼마나 들. / 답변3
  + [3020] ntt=21816 (10772) [지방세징수법] 공동소유자의 재산 압류 가능 여부 / 답변2
  + [3021] ntt=21815 (10771) [자동차세] 자동차세 장애인 감면 대체취득 관련 문의 / 답변2
  + [3022] ntt=21814 (10770) [재산세] 축사-관리사 주택 관련 의견 구합니다. / 답변1
  + [3023] ntt=21813 (10769) [취득세] 장애인감면  취득세 / 답변2
  + [3024] ntt=21810 (10768) [취득세] 지목변경으로 인한 취득시 취득일 문의 / 답변1
  + [3025] ntt=21809 (10767) [취득세] 농업협동조합 고유업무 직접사용 취득 부동산 감면 질의 / 답변1
  + [3026] ntt=21806 (10766) [등록면허세] 주택임대사업자 등록면허세 호수 관련 문의 / 답변0
  + [3027] ntt=21803 (10765) [지방세징수법] 교부청구 후 체납에 대하여 문의입니다... / 답변5
  + [3028] ntt=21801 (10764) [등록면허세] 등록면허세(면허) 인터넷신고 문의 / 답변2
  + [3029] ntt=21800 (10763) [등록면허세] 1회성 면허(비산먼지발생사업신고) 변경허가에 대한 등록면. / 답변1
  + [3030] ntt=21797 (10762) [재산세] 국가 임대차 주차장 관련 질의 / 답변0
  + [3031] ntt=21796 (10761) [취득세] 지번합병에 대한 지목변경 취득세 문의 / 답변1
  + [3032] ntt=21795 (10760) [취득세] 상품용 차량 취득세 과세 문의 / 답변1
  + [3033] ntt=21794 (10759) [취득세] 농업회사법인감면(단순질의) / 답변2
  + [3034] ntt=21792 (10758) [지방소득세] 세무대리인이 신고하는 건에 대한 고지서 발송여부 / 답변1
  + [3035] ntt=21791 (10757) [지방소득세] 연말정산 환급금액이랑 / 답변1
  + [3036] ntt=21790 (10756) [지방소득세] 토지가 수용되었을때 양도소득세 / 답변1
  + [3037] ntt=21789 (10755) [지방소득세] 납부할 세액이 0원인데 / 답변3
  + [3038] ntt=21787 (10754) [세외수입] 과년도 보조금에 발생한 이자수입 반납시 회계과목 / 답변1
  + [3039] ntt=21785 (10753) [재산세] 경로당의 부속토지 감면 관련 질의합니다. / 답변0
  + [3040] ntt=21783 (10752) [재산세] 재산세 건축물 과세대장 등재 관련 문의드립니다. / 답변1
  + [3041] ntt=21782 (10751) [기타] 법인으로 보는 단체 등 납세의무 / 답변0
  + [3042] ntt=21777 (10750) [재산세] 학교 용지 감면 여부 / 답변0
[page 1362 완료] 누적 신규 3042건  (이 게시판 저장 총 40,716건)
  + [3043] ntt=21776 (10749) [등록면허세] 지특법 제79조 2항에 따른 법인 본점 이전 등록면허세 . / 답변0
  + [3044] ntt=21775 (10748) [재산세] 재건축, 재개발 토지 재산세 문의 / 답변0
  + [3045] ntt=21771 (10747) [취득세] 과점주주 범위 조정(51% 이상-> 50%초과) / 답변2
  + [3046] ntt=21768 (10746) [지방소득세] 1세대 1주택인걸 뭘 보고 알 수 있을까요? / 답변2
  + [3047] ntt=21766 (10745) [지방세징수법] 유한회사 2차 납세의무 / 답변1
  + [3048] ntt=21765 (10744) [재산세] 사찰의 재산세 감면문의 / 답변2
  + [3049] ntt=21764 (10743) [취득세] 산업단지 조성완료(준공)시 지목변경 취득세 감면 조항 문. / 답변3
  + [3050] ntt=21763 (10742) [취득세] 골프회원권 취득 여부 / 답변0
  + [3051] ntt=21762 (10741) [취득세] 기부채남, 합의해제 ... 용어 해석 부탁드립니다. ㅜㅜ / 답변2
  + [3052] ntt=21761 (10740) [지방소득세] 위택스로 수정신고시 / 답변1
  + [3053] ntt=21758 (10739) [재산세] 증여계약이 무효 혹은 취소일 경우 재산세 납세 자료 정정. / 답변1
  + [3054] ntt=21756 (10738) [등록면허세] 건축신고 효력상실 후 재신고시 등록면허세 부과여부 / 답변0
  + [3055] ntt=21755 (10737) [취득세] 농특세 관련 질의 / 답변2
  + [3056] ntt=21754 (10736) [지방소득세] 지방소득세(특별징수) 착오신고 문의 / 답변3
  + [3057] ntt=21753 (10735) [취득세] 상속분할협의서 - 외국 / 답변2
  + [3058] ntt=21749 (10734) [지방세징수법] 채권 추심시에 체납자에 대한 미통지(미송달)가 법적 하자. / 답변2
    [retry 1/3] ReadTimeout
  + [3059] ntt=21748 (10733) [지방세징수법] 독촉절차 없이 한 압류처분의 효력 / 답변4
  + [3060] ntt=21747 (10732) [지방세징수법] 독촉고지서의 납부기한에 대해서 질문 있습니다. / 답변2
  + [3061] ntt=21746 (10731) [주민세] 주민세(종업원분) 일용직근로자 신고 납부 문의 / 답변1
  + [3062] ntt=21745 (10730) [재산세] 대중제 골프장의 원형보전산지 관련 문의드립니다. / 답변0
  + [3063] ntt=21743 (10729) [재산세] 재산세를 주된상속자에게 부과 후, 정정 가능 여부 문의드. / 답변2
  + [3064] ntt=21741 (10728) [등록면허세] 면허세 상속관련 문의 / 답변1
  + [3065] ntt=21740 (10727) [취득세] 취득시기관련입니다. / 답변2
  + [3066] ntt=21739 (10726) [지방소득세] 지방소득세 종합소득분 가산세문의입니다. / 답변1
  + [3067] ntt=21738 (10725) [지방세징수법] 공익채권 해당여부 문의 / 답변1
  + [3068] ntt=21736 (10724) [지방소득세] 2019년 개인지방소득세(종합소득) 코로나 관련 세액공제. / 답변2
  + [3069] ntt=21735 (10723) [세외수입] 세외수입 제2차납세의무 / 답변2
  + [3070] ntt=21734 (10722) [등록면허세] 농어업인 융자 담보물 등기 등록면허세 감면시 서류 / 답변2
  + [3071] ntt=21733 (10721) [취득세] 1가구 4주택 판단문의드립니다. / 답변1
  + [3072] ntt=21732 (10720) [등록면허세] 이륜자동차 125cc 초과 차량 제원관리번호 경정 시 등. / 답변1
[page 1363 완료] 누적 신규 3072건  (이 게시판 저장 총 40,746건)
  + [3073] ntt=21731 (10719) [기타] 상속인 대표자 지정 / 답변1
  + [3074] ntt=21730 (10718) [지방세징수법] 배당표 등본 교부신청관련 질문입니다. / 답변0
  + [3075] ntt=21729 (10717) [취득세] 차량 대체취득과 재취득 / 답변2
  + [3076] ntt=21728 (10716) [취득세] 과점주주 최고비율 판단 / 답변2
  + [3077] ntt=21727 (10715) [재산세] 과년도 공동주택가격 미공시가격 산정의뢰 / 답변0
  + [3078] ntt=21726 (10714) [취득세] 자경농민 2년이내 농어촌공사로 농지 매매시 추징여부 문의. / 답변1
  + [3079] ntt=21722 (10713) [지방세징수법] 독촉없이 부동산 압류 가능한가요?? / 답변5
  + [3080] ntt=21720 (10712) [등록면허세] 어업허가 등록면허세(면허) 문의(어선 본선, 부속선) / 답변1
  + [3081] ntt=21719 (10711) [취득세] 자경농민 감면 추징 대상 여부 문의 합니다. / 답변4
  + [3082] ntt=21718 (10710) [취득세] 2018누38767 판결문 혹시 있으신분 / 답변0
  + [3083] ntt=21717 (10709) [취득세] 상속포기 후 순위 / 답변4
    [retry 1/3] ReadTimeout
  + [3084] ntt=21716 (10708) [지방세징수법] 보증보험사가 납부한 산지전용 복구비 압류 / 답변1
  + [3085] ntt=21715 (10707) [취득세] 공유물 분할 및 자경농민 감면 중복적용에 관해 궁금한 사. / 답변1
  + [3086] ntt=21714 (10706) [취득세] 상속 취득세 ( 등기 전 사망으로 상속) / 답변1
  + [3087] ntt=21713 (10705) [취득세] 임대사업자 추징시 가산세 문의 / 답변1
  + [3088] ntt=21712 (10704) [지방세징수법] 개인회생 / 답변3
  + [3089] ntt=21711 (10703) [재산세] 복층 건물 재산세 대장 입력방법 / 답변0
  + [3090] ntt=21710 (10702) [등록면허세] 공유토지분할에 관한 특례법에 따른 공유물분할 질문입니다. / 답변0
  + [3091] ntt=21708 (10701) [취득세] 원시취득 취득세를 납부하였으나 등기하지 않은경우 승계취득. / 답변2
  + [3092] ntt=21705 (10700) [취득세] 1세대 4주택 계산시 (주택 토지와 건물 따로 매수) / 답변1
  + [3093] ntt=21704 (10699) [재산세] 세법적용 / 답변1
  + [3094] ntt=21703 (10698) [기타] 지방세 이의신청 문의 / 답변2
  + [3095] ntt=21702 (10697) [지방세징수법] 사실상 멸실 된 재산의 압류 해제와 관련하여 압류 해제 . / 답변2
  + [3096] ntt=21699 (10696) [지방소득세] 사업소득,법인소득,기타소득 특별징수 납세지 문의 / 답변1
  + [3097] ntt=21698 (10695) [등록면허세] 지하수 개발 이용에 관한 허가 및 신고 / 답변1
  + [3098] ntt=21695 (10694) [취득세] 사회적 협동조합 유치원 감면 여부 / 답변1
  + [3099] ntt=21694 (10693) [기타] 지방세 납부 확인서 / 답변1
  + [3100] ntt=21692 (10692) [재산세] 농어촌공사가 취득소유하는 부동산 및 농지 / 답변0
  + [3101] ntt=21691 (10691) [취득세] 다자녀감면  차량 대체취득 / 답변2
  + [3102] ntt=21690 (10690) [지방세징수법] 체납징수 고수님들의 많은 관심 바랍니다. / 답변0
[page 1364 완료] 누적 신규 3102건  (이 게시판 저장 총 40,776건)
  + [3103] ntt=21689 (10689) [취득세] 농업법인이 제조업 등을 영위할시 영농유통가공등에 포함여부 / 답변1
  + [3104] ntt=21688 (10688) [취득세] 자경농민 취득세 감면 후 주소이전에 따른 추징 문의 / 답변0
  + [3105] ntt=21687 (10687) [취득세] 산업단지 감면 서류 / 답변1
  + [3106] ntt=21686 (10686) [주민세] 사회복지법인 감면 해당여부 문의합니다. / 답변1
  + [3107] ntt=21685 (10685) [기타] 등기우편을 같은층 다른회사 직원이 받은경우도 무효인가요? / 답변1
  + [3108] ntt=21684 (10684) [취득세] 산업단지 감면 / 답변1
  + [3109] ntt=21683 (10683) [재산세] 재산세 납세의무자 변동신고 관련 / 답변0
  + [3110] ntt=21682 (10682) [자동차세] 중고차량 매매 후 소유권이전등록을 늦게 한 경우 자동차세. / 답변3
  + [3111] ntt=21681 (10681) [취득세] 축사건물  매매 취득시 세율이 궁금합니다. / 답변1
  + [3112] ntt=21679 (10680) [재산세] 상속미등기 토지 재산세 납세자 신고 / 답변1
  + [3113] ntt=21678 (10679) [취득세] 국가유공자 대부금으로 주택 구입시 추징관련 / 답변2
  + [3114] ntt=21677 (10678) [취득세] 상속 1가구1주택 감면여부 / 답변3
  + [3115] ntt=21676 (10677) [주민세] 주민세(재산분) 오염물질배출사업소 / 답변1
  + [3116] ntt=21674 (10676) [등록면허세] 상속 재협의로 인한 등록면허세 환급관련입니다. / 답변2
  + [3117] ntt=21671 (10675) [취득세] [급] 연구개발목적의 시험연구용 차량 취득세율(행안부 질. / 답변3
  + [3118] ntt=21669 (10674) [재산세] 장기일반민간임대주택 등에 대한 다가구주택 감면 문의드립니. / 답변1
  + [3119] ntt=21667 (10673) [지방소득세] 지방소득세 과세예고 고지 관련하여 문의드립니다. / 답변1
  + [3120] ntt=21666 (10672) [취득세] 재개발 과세표준 문의 / 답변0
  + [3121] ntt=21665 (10671) [취득세] 1가구 1주택 감면시 상속일 기준의 주민등록등본 확인 어. / 답변2
  + [3122] ntt=21663 (10670) [지방세징수법] 개인회생 결정 이후 과세건에 대한 체납징수 여부 / 답변2
  + [3123] ntt=21662 (10669) [지방소득세] 개인지방소득세 양도소득분 문의드립니다. / 답변1
  + [3124] ntt=21661 (10668) [지방세징수법] 파산 이후 가산금 부과??? / 답변1
  + [3125] ntt=21658 (10667) [취득세] 대수선(허가)에 대한 과표 면적 산출이 궁금합니다. / 답변0
  + [3126] ntt=21657 (10666) [취득세] 차량 취득세  다자녀와 장애인 중복감면 가능한가요? / 답변3
    [retry 1/3] ReadTimeout
  + [3127] ntt=21656 (10665) [취득세] 1세대 4주택 대상 세대분리후 경정청구시 세율 문의 / 답변2
  + [3128] ntt=21653 (10664) 주택교환 / 답변1
  + [3129] ntt=21650 (10663) [재산세] 재산세 토지분... / 답변3
  + [3130] ntt=21647 (10662) [지방소득세] "부산고법2019누23685" 판결문 받아볼수잇을가요? / 답변0
  + [3131] ntt=21643 (10661) [취득세] 담보신탁으로 이전된 주택을 위탁자의 주택수에 포함하는지 . / 답변1
  + [3132] ntt=21642 (10660) [취득세] 기한 후 신고 문의드립니다. / 답변3
[page 1365 완료] 누적 신규 3132건  (이 게시판 저장 총 40,806건)
  + [3133] ntt=21641 (10659) [취득세] 법인이 직접 창고시설 지은 경우.. / 답변0
  + [3134] ntt=21637 (10658) [취득세] 취득세 과세예고(상속관련) / 답변1
  + [3135] ntt=21636 (10657) [취득세] 주택세율적용 문의입니다. / 답변2
  + [3136] ntt=21635 (10656) [취득세] 직계존비속 부담부증여 질문있습니다! / 답변0
  + [3137] ntt=21629 (10655) [지방소득세] 지방세법 제89조(납세지 등)제3항제5호 / 답변0
  + [3138] ntt=21628 (10654) [취득세] 창업중소기업 감면과 중과예외업종 질문드립니다. / 답변0
  + [3139] ntt=21626 (10653) [지방세징수법] 사망자에 대해서 무재산 결손처분을 하려고 합니다. / 답변2
  + [3140] ntt=21625 (10652) [재산세] 수자원공사의 화장실 / 답변2
  + [3141] ntt=21622 (10651) [취득세] 공유물 분할 + 면세점 동시 해당할 경우 관련 문의 / 답변1
  + [3142] ntt=21621 (10650) [취득세] 상속 취득세 수시분으로 부과 후 협의분할시 / 답변1
  + [3143] ntt=21620 (10649) [취득세] 생애최초 신혼부부 거주요건 / 답변3
  + [3144] ntt=21618 (10648) [지방소득세] 지방소득세(법인) 2014년 이전 가산세 중론 질의 / 답변0
  + [3145] ntt=21617 (10647) [자동차세] 공동소유 자동차세 부과 문의 / 답변5
  + [3146] ntt=21616 (10646) [주민세] 납세의무의 성립시점<-->확정시점 사이에 사망한 자에 대. / 답변2
  + [3147] ntt=21615 (10645) [등록면허세] 근저당권 채권최고액 엔화→원화 전환시 등록면허세 문의 / 답변0
  + [3148] ntt=21613 (10644) [자동차세] 이륜차 재사용신고 시 취득세 부과 방법 문의 합니다. / 답변2
  + [3149] ntt=21612 (10643) [취득세] 천재지변으로 대체취득한 건물의 부속토지 지목변경 / 답변2
  + [3150] ntt=21610 (10642) [자동차세] 사망자 차량에 대한 상속인 지정과 관련된 문의 / 답변6
  + [3151] ntt=21609 (10641) [지방소득세] [종소] 상속 받은 종소분에 대한 관할 납세지 문의 드립. / 답변0
  + [3152] ntt=21608 (10640) [취득세] 종교단체를 법인등록번호나 사업자번호로 구별가능한가요? / 답변2
    [retry 1/3] ReadTimeout
  + [3153] ntt=21607 (10639) [취득세] 축산업협동조합의 퇴비사 감면 가능여부 / 답변0
  + [3154] ntt=21604 (10638) [취득세] 지목변경 취득세 관련 / 답변2
  + [3155] ntt=21602 (10637) [기타] 카드로택스를 통한 타지역 지방세 결제 / 답변2
  + [3156] ntt=21600 (10636) [취득세] 연부취득 해당여부 문의 / 답변1
  + [3157] ntt=21599 (10635) [취득세] 법인의 지방 이전에 대한 감면 문의 / 답변0
  + [3158] ntt=21596 (10634) [취득세] 국가유공자 차량 취득세 추징 문의 / 답변4
  + [3159] ntt=21595 (10633) [재산세] 재산세 납세의무자 변동신고 관련하여 조언부탁드립니다. / 답변2
  + [3160] ntt=21594 (10632) [기타] 과세예고 반송분 공시송달시 다시 과세예고해야할까요? / 답변1
  + [3161] ntt=21593 (10631) [취득세] 차량 취득세 감면 추징 문의 / 답변2
  + [3162] ntt=21592 (10630) [취득세] 부담부증여 유상취득세율 적용 문의 / 답변0
[page 1366 완료] 누적 신규 3162건  (이 게시판 저장 총 40,836건)
  + [3163] ntt=21591 (10629) [취득세] 연부취득으로 취득시에 프리미엄 취득시기는 언제인가요? / 답변1
  + [3164] ntt=21590 (10628) [주민세] 주민세(법인균등) 사회복지법인등의 감면관련 문의 / 답변0
  + [3165] ntt=21588 (10627) [취득세] 무허가주택 과표문의(채권관련) / 답변2
  + [3166] ntt=21587 (10626) [취득세] 과세예고 통지 후 전적부심사와 조기결정신청 모두 안할 경. / 답변2
  + [3167] ntt=21582 (10625) [지방세징수법] 차량 공매 배분 문의 / 답변2
  + [3168] ntt=21581 (10624) [취득세] 주택 교환에 대한 세율 적용 / 답변0
  + [3169] ntt=21580 (10623) [취득세] 법인이 아파트 취득할 경우 / 답변4
    [retry 1/3] ReadTimeout
    [retry 2/3] ConnectTimeout
  + [3170] ntt=21575 (10622) [취득세] 장애인 공동소유차 지분이전 취득세 감면 질의 / 답변3
  + [3171] ntt=21573 (10621) [재산세] 용도지역이 공동묘지인 경우 / 답변1
  + [3172] ntt=21572 (10620) [취득세] 지입차량 차주명의로 끊기전에 법인명의로 부과한 차량에 대. / 답변3
  + [3173] ntt=21571 (10619) [지방세징수법] 지방세 법정기일(2차납세의무자) / 답변1
  + [3174] ntt=21567 (10618) [기타] 환급금 청구권 시효소멸대상 공시송달 / 답변1
  + [3175] ntt=21565 (10617) [등록면허세] 면허세 문의 / 답변1
  + [3176] ntt=21562 (10616) [지방소득세] 징수유예 요건 문의 / 답변2
  + [3177] ntt=21561 (10615) [재산세] 주택부속토지에서 제외할 수 있는 지 여부? / 답변1
  + [3178] ntt=21560 (10614) [자동차세] 국가유공자 관련 문의 / 답변4
  + [3179] ntt=21553 (10613) [재산세] 재개발정비사업조합의 준공후 미등기 아파트 과세 / 답변0
  + [3180] ntt=21552 (10612) [주민세] 마을학교 주민세 균등분 비과세 / 답변0
  + [3181] ntt=21551 (10611) [취득세] 법인의 취득세 신고시 증빙할 수 있는 법인장부가 '딱히'. / 답변0
  + [3182] ntt=21550 (10610) [취득세] 공부지목과 현황지목이 다른 경우 취득세 부과 방법 문의합. / 답변5
  + [3183] ntt=21549 (10609) [취득세] 컨테이너 설치 후 취득세 부과여부 문의합니다. / 답변3
  + [3184] ntt=21547 (10608) [취득세] 상속 수시분 과세.. 어떻게 하세요? / 답변3
  + [3185] ntt=21546 (10607) [취득세] 차량 취득세 문의입니다. / 답변1
  + [3186] ntt=21545 (10606) [기타] 결손처분 조항 삭제관련(국세징수법) / 답변2
  + [3187] ntt=21544 (10605) [취득세] 미등기 건물의 소유권 관련 / 답변0
  + [3188] ntt=21542 (10604) [취득세] 신축아파트 증여시 적용할 과세표준 / 답변0
  + [3189] ntt=21541 (10603) [취득세] 차량 할부이자 취득세 관련 / 답변3
  + [3190] ntt=21540 (10602) [등록면허세] 개발행위목적 변경 / 답변1
  + [3191] ntt=21536 (10601) [취득세] 연구개발목적의 시험연구용 차량 취득세율 / 답변3
  + [3192] ntt=21531 (10600) [재산세] 종교단체 소유의 주택의 재산세 감면이 가능한지 문의드립니. / 답변1
[page 1367 완료] 누적 신규 3192건  (이 게시판 저장 총 40,866건)
  + [3193] ntt=21530 (10599) [취득세] 촉탁이전에 의한 자동차소유권이전등록 시 취득세 부과 여부. / 답변1
  + [3194] ntt=21529 (10598) [취득세] 콩나물 재배사의 자경농민 감면 대상 여부 / 답변1
  + [3195] ntt=21527 (10597) [지방세징수법] 급여압류 추심 관련 문의 / 답변3
  + [3196] ntt=21526 (10596) [자동차세] 장애인 감면차량 일할계산 문의 / 답변3
  + [3197] ntt=21524 (10595) [취득세] 건물 용도변경시 취등록세? / 답변2
  + [3198] ntt=21523 (10594) [등록면허세] 경락시 취득 신고할때 질문있습니다! / 답변6
  + [3199] ntt=21522 (10593) [취득세] 다자녀감면 차량 1년 이내 폐차 / 답변2
  + [3200] ntt=21521 (10592) [취득세] 과표산정문의 / 답변2
  + [3201] ntt=21520 (10591) [기타] 공시송달 고지내역 작성관련 / 답변2
  + [3202] ntt=21519 (10590) [지방세징수법] 급여압류관련 문의 / 답변1
  + [3203] ntt=21518 (10589) [취득세] 학교법인 취득세 감면 서류 문의 / 답변1
  + [3204] ntt=21517 (10588) [재산세] 1989년 건물시가표준액 산출 관련 / 답변0
  + [3205] ntt=21516 (10587) [취득세] 무료노인복지시설 감면 관련 / 답변0
  + [3206] ntt=21514 (10586) [취득세] 법정기한 내 상속 취득세 신고 후 기한 후 재협의하는 경. / 답변1
  + [3207] ntt=21511 (10585) [지방세징수법] 지방세  프로그램 체납자 관리카드 상에.. / 답변1
  + [3208] ntt=21510 (10584) [주민세] 주민세(종업원분) 문의드립니다. / 답변1
  + [3209] ntt=21508 (10583) [지방세징수법] 공매 배당금 환급 / 답변1
  + [3210] ntt=21503 (10582) [등록면허세] 해당 사업장이 아예없을때 등록면허세의 감액사유 / 답변2
  + [3211] ntt=21502 (10581) [취득세] 지목변경 간주취득 / 답변2
  + [3212] ntt=21500 (10580) [취득세] 법인간 대물변제 취득세 신고 관련 질문있습니다! / 답변2
  + [3213] ntt=21499 (10579) [지방세징수법] 공매 배분 문의 / 답변3
  + [3214] ntt=21498 (10578) [재산세] 재산세 납세의무자(조정판결) / 답변3
  + [3215] ntt=21495 (10577) [재산세] 도서관 내 매점에 대한 용도지수 적용 문의입니다. / 답변0
  + [3216] ntt=21489 (10576) [취득세] 자경농민이 상속으로 농지 취득후 1년이내 매도시 추징 대. / 답변6
  + [3217] ntt=21487 (10575) [취득세] 산업단지 조성완료(준공)후 지목변경 취득세 감면 조항적용. / 답변1
  + [3218] ntt=21484 (10574) [지방세징수법] 공매 배분할때 저당 채권액 문의 / 답변1
  + [3219] ntt=21483 (10573) [취득세] 미등록 전동지게차 취득세 / 답변2
  + [3220] ntt=21482 (10572) [취득세] 재개발조합의 건축물 준공 건물 취득세-조합원용과 비조합원. / 답변0
  + [3221] ntt=21481 (10571) [취득세] 창업중소기업 감면(세분류 다를 때 자산비율 문의) / 답변1
  + [3222] ntt=21480 (10570) [자동차세] 자동차세 상속한정승인 관련해서 질문드립니다. / 답변1
[page 1368 완료] 누적 신규 3222건  (이 게시판 저장 총 40,896건)
  + [3223] ntt=21479 (10569) [취득세] 건물의 공유물 분할 질문입니다. / 답변0
  + [3224] ntt=21477 (10568) [취득세] 창업중소기업(업종추가여부) / 답변1
  + [3225] ntt=21476 (10567) [취득세] 입주권 문의 (준공후 잔금일) / 답변1
  + [3226] ntt=21475 (10566) [주민세] 주민세(종업원분) 추징, 지방소득세(특별징수) 관련 문의. / 답변0
  + [3227] ntt=21474 (10565) [자동차세] 국가유공자 감면이후 차량취득세 추징 / 답변3
  + [3228] ntt=21473 (10564) [지방세징수법] 명단공개관련 / 답변2
  + [3229] ntt=21469 (10563) [등록면허세] 임대사업자 주소지변경에 대한 등록면허세 문의 / 답변3
  + [3230] ntt=21468 (10562) [취득세] 지목변경 간주취득 취득일 문의드립니다. / 답변2
  + [3231] ntt=21466 (10561) [세외수입] 세외수입기부심사관련입니다. / 답변0
  + [3232] ntt=21465 (10560) [지방세징수법] 후보자용 과세증명서 발급 문의드립니다 / 답변1
  + [3233] ntt=21464 (10559) [기타] 연대납세의무자 고지서 출력 / 답변0
  + [3234] ntt=21463 (10558) [취득세] 주택적용세율(토지,건물 따로 거래시) / 답변1
  + [3235] ntt=21461 (10557) [기타] 건축물대장 옥탑층(연면적제외) 관련 질문입니다. / 답변1
  + [3236] ntt=21460 (10556) [기타] 법인 주소 연계 질의 / 답변3
  + [3237] ntt=21459 (10555) [지방소득세] 외국납부세액공제 관련 / 답변1
  + [3238] ntt=21457 (10554) [재산세] 공장의 지역자원시설세 / 답변4
  + [3239] ntt=21456 (10553) [취득세] 지방세특례제한법 이전공공기관을 따라 이주하는 임직원 감면. / 답변0
  + [3240] ntt=21454 (10552) [자동차세] 주행분 관련 질의 있습니다. / 답변0
  + [3241] ntt=21453 (10551) [취득세] 이동목욕차 구조변경 취득세 관련입니다. / 답변1
  + [3242] ntt=21452 (10550) [취득세] 대체취득 / 답변0
  + [3243] ntt=21451 (10549) [재산세] 시민권자의 납세 관리인 지정 / 답변0
  + [3244] ntt=21450 (10548) [기타] 징수포상금 관련 질의 / 답변1
  + [3245] ntt=21449 (10547) [취득세] 지장물 관련 취득세 과표 포함 여부 / 답변0
  + [3246] ntt=21447 (10546) [취득세] 전용면적 85제곱미터 이하 서민주택을 건설하는 주택건설사. / 답변0
  + [3247] ntt=21446 (10545) [취득세] 노인복지시설 감면여부 / 답변0
  + [3248] ntt=21445 (10544) [취득세] 자경농민 농지취득 감면시 소득금액증명원 관련 / 답변1
  + [3249] ntt=21443 (10543) [취득세] 노인복지시설 추징 문의(요양보호사 교육 및 실습실을 함께. / 답변0
  + [3250] ntt=21441 (10542) [자동차세] 타지자체 자동차세 연납 업무에 궁금한 점이 있습니다 / 답변9
  + [3251] ntt=21440 (10541) [지방소득세] 지방세특례제한법 제116조(중소기업에 취업하는 취업자에 . / 답변0
  + [3252] ntt=21439 (10540) [취득세] 지특법 제19조 제1항 취득세 감면 여부 / 답변0
[page 1369 완료] 누적 신규 3252건  (이 게시판 저장 총 40,926건)
  + [3253] ntt=21438 (10539) [기타] 납부불성실가산세의 성립시점 / 답변0
  + [3254] ntt=21437 (10538) [취득세] 종교단체 감면 문의입니다. / 답변1
  + [3255] ntt=21436 (10537) [재산세] 가설건축물 재산세 건축물분 토지분 문의 / 답변1
  + [3256] ntt=21435 (10536) [지방세징수법] 말소차량 공매 문의 / 답변0
  + [3257] ntt=21434 (10535) [취득세] 1가구1주택 상속 감면 적용 요령 질문 / 답변5
  + [3258] ntt=21433 (10534) [자동차세] 연납승계 후 차량 매각 시 환급세액 누구에게? / 답변4
  + [3259] ntt=21431 (10533) [취득세] 주택 부속 토지 취득 시 농특세 비과세 여부 질문합니다. / 답변3
  + [3260] ntt=21430 (10532) [재산세] 주택 재산세 추징관련문의 / 답변2
  + [3261] ntt=21429 (10531) [재산세] 소유자 주민번호를 모르는 토지 / 답변1
  + [3262] ntt=21428 (10530) [취득세] 차량 취득세 감면 / 답변1
  + [3263] ntt=21426 (10529) [세외수입] 미신고 이륜차 과태료 / 답변1
  + [3264] ntt=21425 (10528) [재산세] 직권등재  문의드립니다. / 답변0
  + [3265] ntt=21421 (10527) [취득세] 기부채납 문의 / 답변0
  + [3266] ntt=21420 (10526) [주민세] 지방세법시행령78조의 3 관련 질문입니다. / 답변0
  + [3267] ntt=21419 (10525) [자동차세] 전기화물자동차 자동차세 문의 / 답변2
  + [3268] ntt=21417 (10524) [자동차세] 장애인 차량 감면 문의드립니다. / 답변3
  + [3269] ntt=21416 (10523) [취득세] 신규 차량 취득세 환급 여부 문의 / 답변2
  + [3270] ntt=21413 (10522) [취득세] 기존 자재를 재활용하여 가설건축물을 축조한 경우 시가표준. / 답변1
  + [3271] ntt=21412 (10521) [재산세] 목장용지 문의 / 답변1
  + [3272] ntt=21410 (10520) [취득세] 조심의 용기있는 번복을 진심으로 환영합니다. / 답변5
  + [3273] ntt=21409 (10519) [취득세] 법인의 고가주택의 원시 취득시 중과세 관련 / 답변0
  + [3274] ntt=21408 (10518) [자동차세] 장애인 감면에 따른 자동차세 감면(제3자 미매각 건) / 답변5
  + [3275] ntt=21406 (10517) [재산세] 등기만 있는 주택 용도변경 문의 / 답변1
  + [3276] ntt=21405 (10516) [기타] 반송된 고지서들 보관기한이 정해져있나요? / 답변1
  + [3277] ntt=21404 (10515) [취득세] 상속 재분할 취득세 / 답변2
  + [3278] ntt=21402 (10514) [자동차세] 수시부과 관련 자동차세 / 답변1
  + [3279] ntt=21401 (10513) [취득세] 1세대 4주택 주택수 관련 문의입니다 / 답변1
  + [3280] ntt=21400 (10512) [지방세징수법] 한정승인 관련 자동차 압류해제 관련 질의 / 답변1
  + [3281] ntt=21398 (10511) [자동차세] 장애인감면차량 해당차종문의(슬로프장애인차) / 답변3
  + [3282] ntt=21397 (10510) [재산세] 철골조 벽면 감산 관련 / 답변3
[page 1370 완료] 누적 신규 3282건  (이 게시판 저장 총 40,956건)
  + [3283] ntt=21396 (10509) [자동차세] 자동차세 한정승인 다시 질의 드립니다. / 답변2
  + [3284] ntt=21395 (10508) [등록면허세] 2003년 주택을 경락으로 취득한 건에 대한 질문입니다~. / 답변4
  + [3285] ntt=21394 (10507) [취득세] 토지수용 후 환매권행사로 매수하는 부동산은 취득세 면제 / 답변0
  + [3286] ntt=21392 (10506) [취득세] 공무원 착오로 등록된 차량 취득세 환급이 가능한지에 대해. / 답변2
  + [3287] ntt=21390 (10505) [재산세] 재산세(주택) 납세의무자 문의 드립니다 / 답변1
  + [3288] ntt=21389 (10504) [취득세] 상속취득세 신고 / 답변1
  + [3289] ntt=21387 (10503) [취득세] 기부채납 반대급부 여부 문의드립니다. / 답변1
  + [3290] ntt=21386 (10502) [지방세징수법] 공공정보 등록에 대해서 질문 있습니다. / 답변1
  + [3291] ntt=21385 (10501) [취득세] 상속 취득세 문의드립니다. / 답변1
  + [3292] ntt=21384 (10500) [재산세] 직권정정등록대상의 토지로서 지적공부상 면적이 감소한 경우. / 답변0
  + [3293] ntt=21383 (10499) [재산세] 가설건축물 재산세 납세의무자 문의 / 답변3
  + [3294] ntt=21379 (10498) [취득세] 한국토지주택공사 임대주택감면 후 추징대상 여부 / 답변0
  + [3295] ntt=21378 (10497) [취득세] 한국토지주택공사 임대주택감면 후 추징대상 여부 / 답변0
  + [3296] ntt=21377 (10496) [재산세] 주택건설사업 승인 받은 토지 관련 문의입니다. / 답변1
  + [3297] ntt=21375 (10495) [주민세] 주민세 종업원분 질문좀 드릴게요~ / 답변1
  + [3298] ntt=21373 (10494) [취득세] 지특법 66조 교환자동차 감면 질문있습니다~! / 답변3
  + [3299] ntt=21371 (10493) [자동차세] 자동차세 추징 관련 문의입니다. / 답변2
  + [3300] ntt=21369 (10492) [지방세징수법] [6161]체납출력-체납지방세 납부촉구서 / 답변2
  + [3301] ntt=21368 (10491) [취득세] 부동산 거래계약 해제로 인한 부과취소 문의 / 답변3
  + [3302] ntt=21367 (10490) [재산세] 재산분할 취득신고후 미등기시 재산세 과세 / 답변1
  + [3303] ntt=21366 (10489) [지방세징수법] 자동차 압류 예고 관련 질의 / 답변3
  + [3304] ntt=21363 (10488) [재산세] 부동산 등의 시가표준액 결정 시 지방세심의위원회? / 답변1
  + [3305] ntt=21362 (10487) [지방세징수법] 자동차 공매예정통지 / 답변1
  + [3306] ntt=21361 (10486) [자동차세] 자동차세 한정승인 질의드립니다. / 답변3
  + [3307] ntt=21357 (10485) [기타] 행정안정부 지방세정책과-262(2020.1.15) 공문 / 답변1
  + [3308] ntt=21356 (10484) [자동차세] 장애인차 대체취득 문의드립니다. / 답변1
  + [3309] ntt=21352 (10483) [주민세] 사업장 인정 요건 / 답변3
  + [3310] ntt=21350 (10482) [취득세] 상품용 차량 보유기간은 이전용도로 보는 것이 맞는지요? / 답변2
  + [3311] ntt=21349 (10481) [재산세] 임대사업자 감면관련(장기1+단기1) / 답변3
  + [3312] ntt=21348 (10480) [취득세] 건물신축시 무벽감산 적용 여부 / 답변2
[page 1371 완료] 누적 신규 3312건  (이 게시판 저장 총 40,986건)
  + [3313] ntt=21346 (10479) [취득세] 판결(매매, 점유 취득시효완성(?))로 인한 취득시 과세. / 답변4
  + [3314] ntt=21343 (10478) [재산세] 재산세 직권등재에 대한 상속권자에 관한 질의 / 답변0
  + [3315] ntt=21342 (10477) [취득세] 상품용차량 추징에서 2년 이내 매각이 실제 매매일인지 원. / 답변3
  + [3316] ntt=21341 (10476) [등록면허세] 등록면허세(면허세) 신고분 미납시 수시분으로 부과할때 질. / 답변2
  + [3317] ntt=21340 (10475) [자동차세] 영업용 차량 자동차세 문의드립니다.(대폐차) / 답변1
  + [3318] ntt=21339 (10474) [취득세] 차량 취득세 중복 감면 (천재지변으로 인한 대체취득, 전. / 답변1
  + [3319] ntt=21338 (10473) [지방세징수법] 압류선착주의 관련 문의드립니다. / 답변2
  + [3320] ntt=21337 (10472) [취득세] 취득세 감면 추징시 과세예고... / 답변3
  + [3321] ntt=21336 (10471) [취득세] 차량 취득 감면 / 답변1
  + [3322] ntt=21335 (10470) [취득세] 창업중소기업 종전사업에 사용된 자산인수시 / 답변2
  + [3323] ntt=21334 (10469) [취득세] 조례에 의한 차량 취득세 장애인 감면 / 답변1
  + [3324] ntt=21329 (10468) [지방세징수법] 타시군 방치차량 공매 시 체납처분비 / 답변2
  + [3325] ntt=21328 (10467) [취득세] 분양에 시스템 에어컨 및 붙박이 가구 과표 포함 여부? / 답변3
  + [3326] ntt=21327 (10466) [취득세] 차량취득세 다자녀  대체취득 60일 적용관련 / 답변2
  + [3327] ntt=21325 (10465) [재산세] 입지기준면적내의공장용지 적용여부 / 답변1
  + [3328] ntt=21324 (10464) [취득세] 무허가건물 주택세율 적용에 관하여 문의합니다 / 답변1
  + [3329] ntt=21322 (10463) [지방세기본법] 과세예고서 발송 방법 / 답변1
  + [3330] ntt=21321 (10462) [지방세징수법] 예금 압류 담당자분들께 문의드립니다. / 답변1
  + [3331] ntt=21318 (10461) [취득세] 취득세 신고납부 및 등기 후 매매계약서 수정(과세물건 내. / 답변1
  + [3332] ntt=21316 (10460) [재산세] 국자 또는 지방자치단체 1년이상 공용 또는 공공용으로 사. / 답변1
  + [3333] ntt=21315 (10459) [지방세기본법] 리스차량과 렌트차량의 차이점과 조세처리 관련 내용을 알고. / 답변0
  + [3334] ntt=21314 (10458) [취득세] 1세대4주택 문의드립니다.(상속주택수 산정) / 답변0
    [retry 1/3] ReadTimeout
  + [3335] ntt=21312 (10457) [자동차세] 자동차세 일할계산 기준일 관련 문의 / 답변1
  + [3336] ntt=21311 (10456) [취득세] 서민주택 농특세 감면 관련 / 답변1
  + [3337] ntt=21310 (10455) [자동차세] 자동차세 공시송달 관련 / 답변1
  + [3338] ntt=21309 (10454) [등록면허세] 등록면허세(면허) 사업자 폐업 관련 문의 / 답변2
  + [3339] ntt=21308 (10453) [재산세] 무허가 건축물 재산세대장 등재 과세 문의드립니다. / 답변1
  + [3340] ntt=21306 (10452) [취득세] 추징 사유발생으로 인한 자진신고분도 경정청구 대상에 해당. / 답변0
  + [3341] ntt=21304 (10451) [자동차세] 자동차세(주행분) 과세표준 적정여부 등 세무조사 가능 여. / 답변1
  + [3342] ntt=21303 (10450) [지방세징수법] 7년 경과 공공기록정보등록 철회 / 답변1
[page 1372 완료] 누적 신규 3342건  (이 게시판 저장 총 41,016건)
  + [3343] ntt=21302 (10449) [재산세] 상수원보호구역과 상수원보호기타구역 / 답변0
  + [3344] ntt=21299 (10448) [지방세징수법] 재산세 500만원이상 분납시 독촉고지서 발송 문의 / 답변2
  + [3345] ntt=21298 (10447) [기타] 과세예고 미배달시 사후조치는 어떻게 하시나요1? / 답변2
  + [3346] ntt=21295 (10446) [취득세] 귀농감면 문의(귀농일 판단) / 답변1
  + [3347] ntt=21294 (10445) [재산세] 주유기 납세의무자 문의 / 답변0
  + [3348] ntt=21293 (10444) [취득세] 휴면법인 인수 관련 문의 / 답변0
  + [3349] ntt=21285 (10443) [자동차세] 자동차세 감액 관련 / 답변2
  + [3350] ntt=21282 (10442) [취득세] 유언검인조서로 인한 취득세(상속) 신고 후 법원의 화해권. / 답변0
  + [3351] ntt=21280 (10441) [등록면허세] 차량 취득세 부과제척기간 경과후 차량등록할 경우의 등록면. / 답변2
  + [3352] ntt=21279 (10440) [재산세] 시설물 지역자원시설세 문의드립니다. / 답변0
  + [3353] ntt=21278 (10439) [취득세] 취득세 과세예고 생략 추징시 가산세 부과여부 / 답변1
  + [3354] ntt=21277 (10438) [자동차세] 자동차세 소액부징수 환급관련 문의드립니다 / 답변5
  + [3355] ntt=21276 (10437) [취득세] 교통사고 차량 법인장부가액 인정여부,, / 답변1
  + [3356] ntt=21275 (10436) [취득세] 환경친화적 차량 취득세 감면 소급적용(66조 4항) / 답변1
  + [3357] ntt=21274 (10435) [취득세] 법인합병 감면관련 질의 / 답변1
  + [3358] ntt=21269 (10434) [취득세] 장애인 차량 감면 여부 / 답변4
  + [3359] ntt=21266 (10433) [지방소득세] 확정신고 미신고한 법인 / 답변1
  + [3360] ntt=21265 (10432) [지방세징수법] 관허사업제한 적용에 관한 문의 / 답변1
  + [3361] ntt=21264 (10431) [지방세징수법] 공매 배분 순위 / 답변1
  + [3362] ntt=21260 (10430) [재산세] 산업단지 및 창업중소기업 감면 문의 / 답변2
  + [3363] ntt=21259 (10429) [기타] 건강보험공단의 과세내역 회신 / 답변0
  + [3364] ntt=21255 (10428) [지방소득세] 특별징수 환급관련 / 답변1
    [retry 1/3] ReadTimeout
  + [3365] ntt=21254 (10427) [취득세] 재건축정비사업도 대체취득 감면대상인가요? / 답변0
  + [3366] ntt=21253 (10426) [취득세] 장애인 차량 감면 사후관리 질문있습니다 / 답변5
  + [3367] ntt=21251 (10425) [지방세징수법] 공공기록정보 등록 철회 / 답변1
  + [3368] ntt=21250 (10424) [주민세] 주민세 종업원분 개정, 종업원의 급여총액 제외인 육아휴직. / 답변1
  + [3369] ntt=21249 (10423) [취득세] 다주택자 문의입니다. / 답변2
  + [3370] ntt=21248 (10422) [취득세] 고엽제 차량취득세 감면문의 / 답변4
  + [3371] ntt=21247 (10421) [기타] 폐업한 창업중소기업 추징시 과세예고 생략가능 여부 / 답변2
  + [3372] ntt=21246 (10420) [재산세] 무허가 주택  용도변경 처리문의 / 답변1
[page 1373 완료] 누적 신규 3372건  (이 게시판 저장 총 41,046건)
  + [3373] ntt=21243 (10419) [지방세징수법] 압류해제(원인)일과 시효소멸 / 답변3
  + [3374] ntt=21241 (10418) [취득세] 자경농민 감면 추징 문의입니다(기부채납 관련) / 답변0
  + [3375] ntt=21240 (10417) [취득세] 취득세 계산시 지방교육세 / 답변2
  + [3376] ntt=21239 (10416) [재산세] 축사의 창고의 경우 분리과세 적용일까요? / 답변1
  + [3377] ntt=21238 (10415) [재산세] 재산세 현황도로 관련 질문드립니다. / 답변5
  + [3378] ntt=21237 (10414) [취득세] 자경농민 관련 추징문의 !! / 답변0
  + [3379] ntt=21234 (10413) [취득세] 주택조합 원시취득시 중도금 대출이자 과표 포함 문의 / 답변1
  + [3380] ntt=21233 (10412) [취득세] 1가구 4주택 ) 외국인 취득세 신고 할 시 서류확인은 . / 답변2
  + [3381] ntt=21230 (10411) [취득세] 차량 취득세 다자녀 감면에 관해 궁금한 사항이 있습니다! / 답변2
  + [3382] ntt=21229 (10410) [취득세] 미등기&미등록 주택 취득세 부과?? / 답변0
  + [3383] ntt=21228 (10409) [취득세] 취득세 과세대상 문의 (발전설비) / 답변1
  + [3384] ntt=21227 (10408) [취득세] 과점주주 특수관계인의 범위 문의 / 답변3
  + [3385] ntt=21225 (10407) [취득세] 농업회사법인 부동산 감면 / 답변2
  + [3386] ntt=21224 (10406) [등록면허세] 상수도 관로 매설 / 답변0
  + [3387] ntt=21221 (10405) [취득세] 다자녀 감면 차량 추징 여부 질의 / 답변4
    [retry 1/3] ReadTimeout
    [retry 2/3] ConnectTimeout
  + [3388] ntt=21219 (10404) [취득세] 취득세, 농특세 문의.. / 답변2
  + [3389] ntt=21218 (10403) [기타] 징수월보 / 답변3
  + [3390] ntt=21215 (10402) [등록면허세] 임대사업자 등록면허세 환급 문의 / 답변2
  + [3391] ntt=21214 (10401) [취득세] 영농법인 감면 / 대표자 건축물 등재 / 답변2
  + [3392] ntt=21212 (10400) [취득세] 국가유공자 공상군경 관련입니다. / 답변5
  + [3393] ntt=21211 (10399) [기타] 지방세세목별과세증명서 외국인 관련입니다. / 답변6
  + [3394] ntt=21210 (10398) [취득세] 지특법 31조 임대사업자 관련해서 질문있습니다. / 답변4
  + [3395] ntt=21209 (10397) [취득세] 자동차 취득세 관련입니다. / 답변3
  + [3396] ntt=21208 (10396) [자동차세] 자동차세 대체취득 장애인 감면 문의 / 답변2
  + [3397] ntt=21207 (10395) [취득세] 국가유공자 대부금 취득 감면 / 답변2
  + [3398] ntt=21205 (10394) [지방세징수법] 폐업된 사업장의 매출채권 압류 / 답변3
  + [3399] ntt=21204 (10393) [취득세] 귀농인 감면 질의.. / 답변7
  + [3400] ntt=21203 (10392) [취득세] 이번 4주택 법 개정관련 문의드려요 / 답변2
  + [3401] ntt=21202 (10391) [취득세] 광역교통시설부담금 과표산입 여부 / 답변2
  + [3402] ntt=21200 (10390) [지방세기본법] 지방세이의신청에 따른 대리인 의견진술신청에 관하여 질문드. / 답변2
[page 1374 완료] 누적 신규 3402건  (이 게시판 저장 총 41,076건)
  + [3403] ntt=21199 (10389) [등록면허세] 개발행위허가_토석채취 / 답변1
  + [3404] ntt=21196 (10388) [취득세] 상속 대위등기 환급 가능 여부 / 답변1
  + [3405] ntt=21194 (10387) [취득세] 차량 구조변경 등록면허세(등록) 인터넷신고 를 3번중복했. / 답변2
  + [3406] ntt=21193 (10386) [주민세] 과세전적부심사#과세예고#주민세(재산분, 종업원분) / 답변2
  + [3407] ntt=21192 (10385) [취득세] 취득세 문의 - 과표(이륜차) / 답변4
  + [3408] ntt=21190 (10384) [취득세] 상속취득세 환급건에 대하여 / 답변2
  + [3409] ntt=21189 (10383) [세외수입] 보조금 환수 공동명의 압류 / 답변0
  + [3410] ntt=21188 (10382) [취득세] 법조항 찾는 방법 문의드립니다. / 답변2
  + [3411] ntt=21185 (10381) [취득세] 지목변경 없는 등록전환 지목변경으로 과세여부 질의 / 답변1
  + [3412] ntt=21183 (10380) [주민세] 아파트 입주자대표회의에 대한 주민세(법인균등) 대상 여부 / 답변1
  + [3413] ntt=21182 (10379) [등록면허세] 타시군 영업소 설치 / 답변1
  + [3414] ntt=21180 (10378) [재산세] 농공단지 부과문제 / 답변0
  + [3415] ntt=21179 (10377) [등록면허세] 차량 등록면허세(등록분) 관련하여 질문이 있습니다. / 답변5
  + [3416] ntt=21176 (10376) [등록면허세] 공장설립 등록면허세 / 답변1
  + [3417] ntt=21175 (10375) [세외수입] 공탁금 충당 문의 드립니다. / 답변1
  + [3418] ntt=21174 (10374) [지방소득세] 양도소득분 결손처리 후 환급 가능여부 문의드립니다. / 답변3
  + [3419] ntt=21172 (10373) [주민세] 종업원분 면세점 관련 질문입니다. / 답변2
  + [3420] ntt=21170 (10372) [지방소득세] 특별징수 퇴직소득 환급 관련하여 문의드립니다. / 답변0
  + [3421] ntt=21168 (10371) [취득세] 농지전용부담금을 토지 취득과표에 포함할수 있는지 여부 / 답변2
  + [3422] ntt=21167 (10370) [재산세] 주택건설사업에 제공되는 토지로 분리과세 적용여부 / 답변1
  + [3423] ntt=21165 (10369) [등록면허세] 등록면허세 면허 반납시 부과여부 / 답변3
  + [3424] ntt=21162 (10368) [지방세징수법] 세외수입 체납징수 관련 질문입니다 / 답변2
  + [3425] ntt=21156 (10367) [재산세] 지번분할 했을경우 지역자원시설세 중과 / 답변1
  + [3426] ntt=21154 (10366) [취득세] 토지 과세표준 문의(골프장 부지) / 답변0
  + [3427] ntt=21153 (10365) [지방세징수법] 직권말소된차량 공매가능 여부 / 답변0
  + [3428] ntt=21152 (10364) [취득세] 차량취득세감면문의 / 답변1
  + [3429] ntt=21151 (10363) [주민세] 주민세(종업원분) 추징 방법 문의 / 답변4
  + [3430] ntt=21149 (10362) [기타] 주택가격 고충 / 답변0
  + [3431] ntt=21148 (10361) [재산세] 소유권이전등기말소와 관련한 재산세 과세 여부 / 답변2
  + [3432] ntt=21146 (10360) [세외수입] 세입예산 편성시 매각사업 문의 / 답변0
[page 1375 완료] 누적 신규 3432건  (이 게시판 저장 총 41,106건)
  + [3433] ntt=21145 (10359) [취득세] 1가구 1주택 감면 사후 신청에서 고민 있습니다. / 답변1
  + [3434] ntt=21144 (10358) [취득세] 등기완료된 계약해제건입니다. / 답변4
  + [3435] ntt=21143 (10357) [세외수입] 세외수입 체납처분 중 금융자산이나 직장조회 월급 압류할수. / 답변1
  + [3436] ntt=21142 (10356) [등록면허세] 지역농업협동조합의 자본 증가시 영리법인의 세율을 적용해야. / 답변1
  + [3437] ntt=21140 (10355) [지방세징수법] 회생 신청자 자동차 압류 해제 관련 / 답변1
  + [3438] ntt=21139 (10354) [취득세] 차량 취득세 국토부 연계장애시 공채 관련 질문 드립니다 / 답변3
  + [3439] ntt=21138 (10353) [등록면허세] 주택임대사업자 면허세 관련 / 답변2
  + [3440] ntt=21137 (10352) [지방세징수법] 지방세환급금 압류 / 답변2
  + [3441] ntt=21136 (10351) [재산세] 공장용지와 건축물부속토지 그리고 건설중인 건축물 / 답변1
  + [3442] ntt=21135 (10350) [등록면허세] 등록면허세(면허) 부과여부 문의 / 답변1
  + [3443] ntt=21133 (10349) [자동차세] 연납 납부 후 명의이전 / 답변2
  + [3444] ntt=21132 (10348) [지방세징수법] 지방세환급금 압류 / 답변2
  + [3445] ntt=21131 (10347) [기타] 제증명 발급시 기초생활수급자가 가족의 제증명을 발급받으려. / 답변5
  + [3446] ntt=21130 (10346) [취득세] 등기완료 된 농지에 대한 취득세 환급 / 답변3
  + [3447] ntt=21129 (10345) [지방세징수법] 지방세환급금 압류 / 답변3
  + [3448] ntt=21128 (10344) [지방소득세] 법인지방소득세 특별징수명세서 제출 관련입니다. / 답변2
  + [3449] ntt=21127 (10343) [재산세] 재산세 분리과세 적용 시 직접 사용의 의미 / 답변1
  + [3450] ntt=21126 (10342) [취득세] <상속> 피상속인2주택-> 2명인상속인 1채씩 상속시 특. / 답변1
  + [3451] ntt=21125 (10341) [취득세] 농어촌민박의 취득세율 적용 / 답변0
  + [3452] ntt=21123 (10340) [자동차세] 고엽제(고도) 소유의 자동차 공동명의자 소유권이전 감면 . / 답변2
  + [3453] ntt=21122 (10339) [취득세] 차량 변경 또는 이전 등록으로 봐야하는지에 대해 문의드립. / 답변1
  + [3454] ntt=21121 (10338) [지방세징수법] 급!!)회생계획에 따른 변제 방법 중 3년 균등 분할 변. / 답변1
  + [3455] ntt=21115 (10337) [취득세] 지분에 따른 과점주주 취득세 질문입니다. / 답변1
  + [3456] ntt=21114 (10336) [취득세] 평생교육시설에 대한 감면(필요서류가 궁금합니다.) / 답변1
  + [3457] ntt=21112 (10335) [지방세징수법] 사망자 차량 공매. / 답변1
  + [3458] ntt=21111 (10334) [취득세] 지역주택조합원 자격상실로 인한 충원으로 인한 취득세 문의 / 답변0
  + [3459] ntt=21110 (10333) [지방세징수법] 체납세금 / 답변4
  + [3460] ntt=21109 (10332) [취득세] 이혼으로 인한 재산분할 취득일 / 답변2
  + [3461] ntt=21108 (10331) [등록면허세] 납세지가 어디인지요? / 답변2
  + [3462] ntt=21107 (10330) [세외수입] 사전통지 및 의견진술 10일이내 관련 / 답변1
[page 1376 완료] 누적 신규 3462건  (이 게시판 저장 총 41,136건)
    [retry 1/3] ReadTimeout
    [retry 2/3] ConnectTimeout
  + [3463] ntt=21104 (10329) [지방세징수법] 납세증명서 발급하는데... / 답변2
  + [3464] ntt=21103 (10328) [등록면허세] 2020년 정기분 등록면허세 납세의무 대상유무 / 답변2
  + [3465] ntt=21101 (10327) [취득세] 차량 취득세 잔가율 질문 / 답변1
  + [3466] ntt=21100 (10326) [등록면허세] 등록면허세(면허) 관련입니다. / 답변1
  + [3467] ntt=21096 (10325) [주민세] 사회복지법인의 범위(지방세특례제한법) / 답변1
  + [3468] ntt=21093 (10324) [취득세] 취득세 신고기한 전에 수시부과? / 답변5
  + [3469] ntt=21089 (10323) [재산세] 행정대집행 재산조회 / 답변0
  + [3470] ntt=21088 (10322) [등록면허세] 등록면허세 면허분 정기분 관련해서 답변좀 부탁드립니다.. / 답변5
  + [3471] ntt=21084 (10321) [취득세] 재개발조합이 포괄양수도계약으로 임대사업자(법인)에게 양도. / 답변0
  + [3472] ntt=21082 (10320) [등록면허세] 총포관련문의드립니다. / 답변2
  + [3473] ntt=21081 (10319) [지방세징수법] 지방세 미환부금의 예탁가능여부 질문 / 답변2
  + [3474] ntt=21080 (10318) [등록면허세] 도로점용허가관련 면허세 문의 / 답변2
  + [3475] ntt=21079 (10317) [자동차세] 장애인 자동차세 감면 / 답변3
  + [3476] ntt=21078 (10316) [자동차세] 외교관차량? / 답변3
  + [3477] ntt=21077 (10315) [자동차세] 고지서 송달 후 사망했을 때 독촉장을 망자 명의로 보내도. / 답변2
  + [3478] ntt=21075 (10314) [취득세] 차량 취득세(구조변경)  무관할  신고 및 납부 관련 질. / 답변3
  + [3479] ntt=21073 (10313) [세외수입] 포괄(?)압류 질의입니다.. / 답변4
  + [3480] ntt=21072 (10312) [취득세] 매매계약후 매수자 사망시 납세의무? / 답변2
  + [3481] ntt=21071 (10311) [등록면허세] 법인 상호변경에 대한 등록면허세(면허) 부과 관련 / 답변2
  + [3482] ntt=21070 (10310) [등록면허세] 영업의 소재지변경 / 답변1
    [retry 1/3] ReadTimeout
    [retry 2/3] ConnectTimeout
  + [3483] ntt=21069 (10309) [세외수입] 소송비용에 관해서요 / 답변4
  + [3484] ntt=21067 (10308) [지방세징수법] 급여 압류하여 급여 추심금 미지급 할 경우 / 답변4
  + [3485] ntt=21066 (10307) [지방세징수법] 급여 압류하여 급여 추심금 미지급 할 경우 / 답변2
  + [3486] ntt=21064 (10306) [등록면허세] 납세지 관련 질문입니다. / 답변1
  + [3487] ntt=21063 (10305) [주민세] 주민세 감액 / 답변4
  + [3488] ntt=21062 (10304) [취득세] 직계존비속간 거래에서 질문있습니다. / 답변2
  + [3489] ntt=21061 (10303) [등록면허세] 등록면허세 종 문의 / 답변1
  + [3490] ntt=21058 (10302) [등록면허세] 면허세 관련 문의 / 답변2
  + [3491] ntt=21057 (10301) [취득세] 장애인 감면 / 답변1
  + [3492] ntt=21056 (10300) [취득세] 새마을금고의 주차장 취득에대해 질문있습니다! / 답변4
[page 1377 완료] 누적 신규 3492건  (이 게시판 저장 총 41,166건)
  + [3493] ntt=21055 (10299) [취득세] 창업중소기업감면문의 / 답변1
  + [3494] ntt=21054 (10298) [취득세] 과점주주가 외국법인인 경우 / 답변1
  + [3495] ntt=21053 (10297) [지방소득세] 지방소득세 과세예고 고지 관련하여 문의드립니다. / 답변2
  + [3496] ntt=21052 (10296) [등록면허세] 등록면허세(면허분) 도로점용 면허 관련하여 / 답변1
  + [3497] ntt=21051 (10295) [취득세] 상속 협의에 관하여 문의드립니다. / 답변2
  + [3498] ntt=21049 (10294) [취득세] 지방세기본법 제58조 와 과세전적부심사 / 답변1
  + [3499] ntt=21048 (10293) [세외수입] 부가가치세 소멸시효에 관해서... / 답변1
  + [3500] ntt=21047 (10292) [취득세] 취득세 다주택자 확인할때 신탁 되있는 주택도 포함을 시키. / 답변1
  + [3501] ntt=21044 (10291) [주민세] 종업원분 (육아휴직) / 답변1
  + [3502] ntt=21040 (10290) [취득세] 농협 '영농자금 융자 담보물등기' 농업인 기준 / 답변1
    [retry 1/3] ReadTimeout
  + [3503] ntt=21039 (10289) [자동차세] 자동차세 사망자 관련 문의 / 답변2
  + [3504] ntt=21038 (10288) [취득세] 상속취득세 납세의무 / 답변0
  + [3505] ntt=21037 (10287) [등록면허세] 한시적 등록면허세 / 답변1
  + [3506] ntt=21035 (10286) [재산세] 재산세와 관련하여 1구 관련 문의드립니다. / 답변1
  + [3507] ntt=21034 (10285) [취득세] 자경농민 소득금액 증명원 받으시나요?저희가확인하나요? / 답변4
  + [3508] ntt=21033 (10284) [재산세] 지역자원시설세 1구 / 답변1
  + [3509] ntt=21032 (10283) [등록면허세] 가설건축물 축조 신고 / 답변2
  + [3510] ntt=21031 (10282) [취득세] 토지수용 2년이내 기간적용 질의 / 답변1
  + [3511] ntt=21030 (10281) [등록면허세] 면허세 부과 기준일 / 답변1
  + [3512] ntt=21027 (10280) [지방세징수법] 상속한정승인 이후 청산금 입금이 되었을 때, / 답변0
  + [3513] ntt=21026 (10279) [취득세] 차량취득세 환급 / 답변2
  + [3514] ntt=21025 (10278) [자동차세] 장애인차 대체취득 / 답변3
  + [3515] ntt=21024 (10277) [취득세] 대수선 취득세 과표산정 / 답변2
  + [3516] ntt=21023 (10276) [지방세징수법] 파산선고 후 차량공매 문의드립니다. / 답변1
  + [3517] ntt=21022 (10275) [지방세징수법] 현재 지방세 결손처분 취소 통지 서식이 존재하나요? / 답변4
  + [3518] ntt=21021 (10274) [재산세] 주택 인지 일반건축물인지 판단 기준 문의입니다. / 답변1
  + [3519] ntt=21017 (10273) [등록면허세] 경공매 시 저당권 말소에 따른 등록면허세 납세지 질의 / 답변2
  + [3520] ntt=21015 (10272) [취득세] 토지수용 후 증축취득세 / 답변1
  + [3521] ntt=21014 (10271) [지방소득세] 개인 기타소득 납세지 / 답변1
  + [3522] ntt=21012 (10270) [취득세] 건축물대장 없는 주택 세율적용 관련 문의드립니다. / 답변1
[page 1378 완료] 누적 신규 3522건  (이 게시판 저장 총 41,196건)
  + [3523] ntt=21010 (10269) [재산세] 이의신청 기산일에 관하여 / 답변1
  + [3524] ntt=21009 (10268) [지방세징수법] 한정승인 차량 공매 질의 / 답변3
  + [3525] ntt=21008 (10267) [취득세] 상속순위관련 / 답변3
  + [3526] ntt=21006 (10266) [기타] 신용카드 당일 취소만 되는 근거 법령 / 답변3
  + [3527] ntt=21005 (10265) [취득세] 면세점 이하 지목변경 취득세 / 답변1
    [retry 1/3] ReadTimeout
  + [3528] ntt=21004 (10264) [지방세징수법] 체납고지가 안된 경우.. / 답변1
  + [3529] ntt=21003 (10263) [취득세] 증여 취득세 신고 후 사망하여 등기를 할 수 없는 경우 / 답변3
  + [3530] ntt=21002 (10262) [취득세] 지입차주 취득세 관련하여 각 시군에서는 어떻게 하고 있는. / 답변0
  + [3531] ntt=21001 (10261) [등록면허세] 등록면허세(면허) 부과에 관한 질문입니다. / 답변0
  + [3532] ntt=21000 (10260) [취득세] 이행강제금 부과건 문의입니다. / 답변3
  + [3533] ntt=20998 (10259) [취득세] 국가유공자 감면 추징 / 답변3
  + [3534] ntt=20997 (10258) [취득세] 건설기계 이전시 취득세 및 등록면허세 과세여부 문의드립니. / 답변4
  + [3535] ntt=20996 (10257) [취득세] 1가구 4주택 문의드립니다. / 답변1
  + [3536] ntt=20995 (10256) [지방소득세] 납세지는 어디일까요? / 답변1
  + [3537] ntt=20994 (10255) [기타] 최근 신용카드 납부 웹싸이트가 개편되어 영수증 출력에도 . / 답변3
  + [3538] ntt=20992 (10254) [재산세] 불법용도변경에 대한 재산세(생활숙박시설) / 답변0
  + [3539] ntt=20991 (10253) [자동차세] 연납 승계한 차량 환급 관련 질문입니다. / 답변1
  + [3540] ntt=20990 (10252) [취득세] 대한주택건설협회 협회비의 신축과표 포함여부 문의 / 답변0
  + [3541] ntt=20989 (10251) [취득세] 보충금이 있는 경우 교환 취득세 과표질문합니다 / 답변0
  + [3542] ntt=20988 (10250) [취득세] 지목변경으로 인한 취득세 과세시 농특세 비과세 관련 / 답변1
  + [3543] ntt=20987 (10249) [취득세] 다자녀 감면차량 소급 감면 적용 가능여부에 대해 문의드립. / 답변2
  + [3544] ntt=20984 (10248) [등록면허세] 자경농민 경작 목적 도로점용, 하천점용 문의 / 답변0
  + [3545] ntt=20979 (10247) [주민세] 주민세 재산분 사업장 실제 사업여부 확인방법 / 답변2
  + [3546] ntt=20978 (10246) [취득세] 연부취득 관련 자료 요청 및 질의 / 답변0
  + [3547] ntt=20977 (10245) [재산세] 종중으로 과세된 재산세(토지) 체납 문의 / 답변2
  + [3548] ntt=20975 (10244) [자동차세] 공동명의 차량 대표납세자 사망시 / 답변1
  + [3549] ntt=20974 (10243) [취득세] 장애인차량취득문의 / 답변2
  + [3550] ntt=20973 (10242) [취득세] 장애인차량취득세감면문의 / 답변4
  + [3551] ntt=20972 (10241) [지방세징수법] 환급금을 추심한것을 되돌릴 수 있는 방법이 있는지 알고 . / 답변3
  + [3552] ntt=20970 (10240) [취득세] 대체취득시 차량취득세 감면적용 여부 / 답변2
[page 1379 완료] 누적 신규 3552건  (이 게시판 저장 총 41,226건)
    [retry 1/3] ReadTimeout
  + [3553] ntt=20968 (10239) [취득세] 1세대4주택 관련 세대원 전출 시 계산 / 답변2
  + [3554] ntt=20967 (10238) [취득세] 법인 사실상의 취득 문의(잔금 지급여부) / 답변3
  + [3555] ntt=20965 (10237) [취득세] 임차인이 신축한 건물의 소유권을 임대인에게 이전했을 시 / 답변0
  + [3556] ntt=20964 (10236) [취득세] 유공자 차량 취득세 추징에 대해 질문있습니다. / 답변2
  + [3557] ntt=20963 (10235) [취득세] 주택부속토지만 취득시 주택세율 적용여부 / 답변2
  + [3558] ntt=20962 (10234) [등록면허세] 안전상비의약품 허가가 정기분 등록면허세(면허) 대상인지? / 답변1
  + [3559] ntt=20961 (10233) [자동차세] 지방세정보시스템에서 납세자 수정 방법 질문합니다. / 답변2
  + [3560] ntt=20959 (10232) [지방세징수법] 제2차 납세의무자 지정 관련입니다. / 답변1
  + [3561] ntt=20957 (10231) [등록면허세] 저당권 말소와 소유권변경이 동시에 이루어진 경우 / 답변2
  + [3562] ntt=20955 (10230) [재산세] 납세의무자 상속인 관련 문의드립니다. / 답변2
  + [3563] ntt=20949 (10229) [취득세] 일반법인에서 농업법인 전환 및 취득세 감면, 추징 질의합. / 답변1
  + [3564] ntt=20946 (10228) [등록면허세] 미준공건물 과세표준 관련 / 답변1
  + [3565] ntt=20945 (10227) [취득세] 자동차 취득세  부과시 년식 오류 / 답변2
  + [3566] ntt=20942 (10226) [자동차세] 장애인 대체취득 감면.. / 답변2
  + [3567] ntt=20941 (10225) [취득세] 창업중소기업감면(A→B→C) / 답변2
  + [3568] ntt=20940 (10224) [재산세] 지식산업센터 재산세 감면 관련 질의입니다. / 답변3
  + [3569] ntt=20939 (10223) [세외수입] 재질의)차량 과태료 체납압류승계 후 차령초과말소인경우 결. / 답변0
  + [3570] ntt=20938 (10222) [재산세] 공유수면매립토지 위에 건축물이 있는경우 재산세 과세문의드. / 답변0
  + [3571] ntt=20937 (10221) [취득세] 학교 관사 취득 주택세율 적용? / 답변2
  + [3572] ntt=20936 (10220) [기타] 지역자원시설세 4층~10이하를 제외한 2배중과 VS 11. / 답변2
  + [3573] ntt=20935 (10219) [취득세] 아파트 사용승인일 전 증여 / 답변2
  + [3574] ntt=20934 (10218) [자동차세] 고엽제전우회도 자동차세 면제 가능한가요? / 답변2
  + [3575] ntt=20933 (10217) [지방세징수법] 법인에 대한 2차납세의무자의 체납액 범위는? / 답변2
  + [3576] ntt=20932 (10216) [등록면허세] 안전상비의약품 면허 정기분 제외인가요? / 답변0
    [retry 1/3] ReadTimeout
    [retry 2/3] ConnectTimeout
  + [3577] ntt=20930 (10215) [등록면허세] 부과 제척기간(?) 에 대해 질문드립니다. / 답변2
  + [3578] ntt=20929 (10214) [취득세] 교환 취득세 과세표준 질의 / 답변1
  + [3579] ntt=20928 (10213) [기타] 서류송달 관련 질의("납세의 고지"란?) / 답변2
  + [3580] ntt=20926 (10212) [취득세] 결혼예정자(만30세 미만)주택유상거래 세율 적용 가능여부. / 답변0
  + [3581] ntt=20923 (10211) [취득세] 장애인 운전면허 취소 / 답변1
  + [3582] ntt=20921 (10210) [취득세] 차량 취득세 시가표준액(잔가율) 관련 질문을 드립니다 / 답변1
[page 1380 완료] 누적 신규 3582건  (이 게시판 저장 총 41,256건)
  + [3583] ntt=20920 (10209) [주민세] 주민세 종업원분 중소기업 감면에 대해 궁금한점 있습니다. / 답변2
  + [3584] ntt=20919 (10208) [등록면허세] 태양광발전사업허가 / 답변1
  + [3585] ntt=20918 (10207) [재산세] 주택임대 관련 법조문 해석 문의드립니다. / 답변1
  + [3586] ntt=20917 (10206) [취득세] 상속취득세 신고납부후 등기안된상태에서 문의 / 답변2
  + [3587] ntt=20916 (10205) [등록면허세] 위험물 주유취급소 변경허가건 / 답변2
  + [3588] ntt=20915 (10204) [등록면허세] 위험물 일반취급소 지위승계하자마자  휴지신고한경우. / 답변1
  + [3589] ntt=20910 (10203) [세외수입] 차량과태료 체납있는 차량 말소예정시 대체압류 문의 드립니. / 답변1
  + [3590] ntt=20909 (10202) [취득세] 신혼부부취득세 감면 추징 / 답변2
  + [3591] ntt=20907 (10201) [자동차세] 자동차세 비과세 / 답변6
  + [3592] ntt=20906 (10200) [취득세] 공부상은 대지인데 현재 도로로 사용하고 있을때 취득세 질. / 답변3
  + [3593] ntt=20904 (10199) [등록면허세] 해산간주 및 청산종결과 관련하여 / 답변1
  + [3594] ntt=20903 (10198) [등록면허세] 무선국의 개설 허가 및  신고에 대한 면허세 문의 / 답변1
  + [3595] ntt=20902 (10197) [취득세] 대도시내 법이 중과세율 적용 / 답변3
  + [3596] ntt=20901 (10196) [자동차세] 번호판 반납 및 운행정지 등록 차량에 대한 자동차세 부과. / 답변3
  + [3597] ntt=20900 (10195) [재산세] 다가구,  다중주택 재산세대장 입력 관련 문의드립니다.(. / 답변3
  + [3598] ntt=20899 (10194) [취득세] 농특세 비과세 관련입니다. / 답변2
  + [3599] ntt=20896 (10193) [등록면허세] 지방세환급금 법령에서 권리를 행사할 수 있는 날에 대해서. / 답변1
  + [3600] ntt=20895 (10192) [취득세] 가설건축물 관련 입니다. / 답변3
  + [3601] ntt=20894 (10191) [취득세] 공매된 자동차 낙찰자가 이전등록하지 않을시 취득세를 직권. / 답변3
  + [3602] ntt=20892 (10190) [취득세] 상속협의서 받을시... / 답변3
  + [3603] ntt=20891 (10189) [기타] 고지서 못 받았을 때 / 답변5
  + [3604] ntt=20889 (10188) [취득세] 조정조서 공유물 분할 과세표준 및 세율적용 / 답변0
  + [3605] ntt=20887 (10187) [등록면허세] 마약류관리자의 지정(3-21901) 관 련 / 답변1
  + [3606] ntt=20883 (10186) [재산세] 무허가 주택 과세 관련 질의입니다. / 답변1
  + [3607] ntt=20881 (10185) [지방세기본법] 영농조합법인이 취득한 '축사'의 직접미사용으로 인한 취득. / 답변1
  + [3608] ntt=20880 (10184) [재산세] 사용승인 받지 않고 보존등기만 낸 경우 / 답변1
  + [3609] ntt=20879 (10183) [취득세] 건물사용승인일 이후에 대위등기된 경우 취득세 신고기한 문. / 답변2
  + [3610] ntt=20878 (10182) [재산세] 무허가 주택 과세 관련 질의입니다. / 답변1
  + [3611] ntt=20877 (10181) [등록면허세] 등록면허세(면허)분 관련 문의드립니다 / 답변2
  + [3612] ntt=20875 (10180) [취득세] 개인 신축시 시공사 법인인 경우 / 답변1
[page 1381 완료] 누적 신규 3612건  (이 게시판 저장 총 41,286건)
  + [3613] ntt=20874 (10179) [취득세] 산업단지 취득세 감면 질문있습니다!! / 답변3
  + [3614] ntt=20873 (10178) [재산세] 종중소유토지(전,답,임야) 분리과세 적용 여부 / 답변1
  + [3615] ntt=20872 (10177) [취득세] 신축아파트 과세대상 문의 드립니다(우편함, 택배보관함, . / 답변2
  + [3616] ntt=20869 (10176) [취득세] 주택 유상거래시 1세대 4주택 판단 기준일 관련 문의드려. / 답변1
  + [3617] ntt=20868 (10175) [취득세] 장애인 차량 취득세 질의 / 답변4
  + [3618] ntt=20865 (10174) [등록면허세] 등록면허세(면허) 코드 중에 1-99999 가 궁금합니다. / 답변2
  + [3619] ntt=20863 (10173) [등록면허세] 비과세 문의 / 답변2
  + [3620] ntt=20862 (10172) [지방세징수법] 가압류 차량 공매 관련 질의 / 답변1
  + [3621] ntt=20861 (10171) [취득세] 농업협동조합 고유업무 관련입니다. / 답변2
  + [3622] ntt=20860 (10170) [취득세] 자경농민 직불금 관련 취득세 추징 문의 .. / 답변1
  + [3623] ntt=20858 (10169) [지방세징수법] 차량 공매진행 시 최소 금액이 있을까요? / 답변2
  + [3624] ntt=20856 (10168) [취득세] 자경농민이 배우자에게 증여했을 시 감면여부 / 답변2
  + [3625] ntt=20855 (10167) [기타] 지방세 환급가산금 / 답변1
  + [3626] ntt=20854 (10166) [주민세] 농협은행 농협중앙회 주민세(종업원분) 과세 어떻게 하고 . / 답변1
  + [3627] ntt=20853 (10165) [자동차세] 자동차세 연납신청후 전출시 / 답변5
  + [3628] ntt=20852 (10164) [취득세] 교통영향평가비용이 취득세 과표에 포함되는지 여부 / 답변3
  + [3629] ntt=20848 (10163) [자동차세] 화물자동차 적재정량 관련 / 답변2
  + [3630] ntt=20847 (10162) [주민세] 주민세 종업원분 과세 대상여부 질문있습니다. / 답변0
  + [3631] ntt=20846 (10161) [취득세] 기부채납 관련 문의 / 답변1
  + [3632] ntt=20845 (10160) [지방소득세] 납기일이 지난 특별징수 고지서 발행 / 답변2
  + [3633] ntt=20844 (10159) [취득세] 차량 구조변경에서 중고냉동탑 설치하면요.... / 답변1
    [retry 1/3] ReadTimeout
  + [3634] ntt=20842 (10158) [취득세] 직계혈족이란? / 답변4
  + [3635] ntt=20841 (10157) [재산세] 세차장이  지역자원세 과세대상에 포함되는지요 / 답변0
  + [3636] ntt=20840 (10156) [취득세] 납부기한 문의드립니다. / 답변2
  + [3637] ntt=20839 (10155) [취득세] 재건축 조합원의 채무 부담부증여 가능 여부 문의드립니다. / 답변0
  + [3638] ntt=20838 (10154) [취득세] 국가유공자 취득세 감면 문의드립니다. / 답변2
  + [3639] ntt=20837 (10153) [지방세징수법] 자동차 압류할 때 실익 판단 관련 문의드립니다. / 답변5
  + [3640] ntt=20835 (10152) [재산세] 단기민간임대주택&다가구주택 / 답변1
  + [3641] ntt=20834 (10151) [등록면허세] 환금금 가능한 기간 문의드립니다. / 답변1
  + [3642] ntt=20833 (10150) [취득세] 지특법 33조 서민주택 감면 시 상시거주 요건 문의드립니. / 답변3
[page 1382 완료] 누적 신규 3642건  (이 게시판 저장 총 41,316건)
  + [3643] ntt=20830 (10149) [등록면허세] 등록면허세(폐수배출시설변경허가) / 답변1
  + [3644] ntt=20829 (10148) [등록면허세] 통신판매업 문의 / 답변1
  + [3645] ntt=20826 (10147) [기타] 취득세 경정청구에 따른 농어촌특별세 부과 관련 / 답변0
  + [3646] ntt=20823 (10146) [주민세] 주민세 종업원분 과표 산정시 질문이요! / 답변2
  + [3647] ntt=20822 (10145) [등록면허세] 면허세 정기분 관련 질의입니다. / 답변2
  + [3648] ntt=20821 (10144) [자동차세] 장애인아들과 공동명의인 남편, 이혼했을경우? / 답변2
  + [3649] ntt=20820 (10143) [재산세] 재산세 분리과세에 관하여 / 답변0
  + [3650] ntt=20819 (10142) [자동차세] 자동차 압류해제 관련 질의입니다. / 답변0
  + [3651] ntt=20817 (10141) [등록면허세] 등록면허세 면허 / 답변2
  + [3652] ntt=20816 (10140) [취득세] 대체취득감면 / 답변1
  + [3653] ntt=20815 (10139) [취득세] 증여를 원인으로 한 취득시 감정평가액 인정 여부 / 답변2
  + [3654] ntt=20814 (10138) [취득세] 지특법 국회 미통과 관련입니다. / 답변3
  + [3655] ntt=20813 (10137) [취득세] 가족간 부동산 매매 거래시 세율 적용 문의 / 답변0
  + [3656] ntt=20811 (10136) [취득세] 과점주주관련입니다. / 답변5
  + [3657] ntt=20810 (10135) [취득세] 선박폐선 취등록세 부과 유무 / 답변0
  + [3658] ntt=20809 (10134) [등록면허세] 등록면허세 면허분 관련 질문드립니다 / 답변1
  + [3659] ntt=20808 (10133) [취득세] 분양아파트 최종 거래 프리미엄 포함 여부 / 답변1
  + [3660] ntt=20807 (10132) [취득세] 상속 취득세문의 / 답변2
  + [3661] ntt=20806 (10131) [취득세] 창업중소 동종업종 자산 인수에 해당여부 / 답변0
  + [3662] ntt=20804 (10130) [등록면허세] 등록면허세 정기분 과세관련 문의 / 답변2
  + [3663] ntt=20803 (10129) [등록면허세] 화물자동차운송사업에 대한 등록면허세 면허분 부과 문의 / 답변2
  + [3664] ntt=20801 (10128) [주민세] 주민세(재산분) 지특법 제51조 신문, 통신사업을 수행하. / 답변0
  + [3665] ntt=20800 (10127) [기타] 납세자 권리 행사에 필요한 정보의 제공 및 제공 정보의 . / 답변2
  + [3666] ntt=20799 (10126) 납세자 권리 행사에 필요한 정보의 제공 및 제공 정보의 . / 답변1
  + [3667] ntt=20797 (10125) [자동차세] 자동차세 장애인 감면 대체 취득시  감면 적용차량 문의 / 답변2
  + [3668] ntt=20796 (10124) [등록면허세] 클레이사격장에서 보관하는 총포의 과세 여부 / 답변0
  + [3669] ntt=20795 (10123) [재산세] 전업농어가주택 판단시  '상시 거주'의 근거 문제 / 답변0
  + [3670] ntt=20794 (10122) [취득세] 4주택자 주택수 / 답변2
  + [3671] ntt=20792 (10121) [등록면허세] 면허 문의(1월1일 폐업) / 답변6
  + [3672] ntt=20791 (10120) [지방소득세] 법인지방소득세 개정 시행일 관련 문의드립니다. / 답변2
[page 1383 완료] 누적 신규 3672건  (이 게시판 저장 총 41,346건)
  + [3673] ntt=20790 (10119) [취득세] 기타 질문 하나만 드리겠습니다. / 답변2
    [retry 1/3] ReadTimeout
    [retry 2/3] ConnectTimeout
    [retry 3/3] ConnectTimeout
  + [3674] ntt=20785 (10117) [등록면허세] 가축러래상인 등록에 대한 등록면허세 / 답변1
  + [3675] ntt=20783 (10116) [등록면허세] 담배소매인 등록면허세 / 답변1
  + [3676] ntt=20782 (10115) [취득세] 장애인 차량 공동등록 이후 대체 취득 제3자 및 1년 이. / 답변3
  + [3677] ntt=20781 (10114) [취득세] 지방세법 제9조3항, 단서규정에 대한 질의 / 답변0
  + [3678] ntt=20778 (10113) [등록면허세] 등록면허세 면허분 과세 관련 문의합니다 / 답변2
  + [3679] ntt=20777 (10112) [취득세] 주택유상거래 취득세율 관련입니다. / 답변2
  + [3680] ntt=20776 (10111) [기타] 행정정보공동이용 관련입니다. / 답변4
  + [3681] ntt=20774 (10110) [취득세] 자동차 취득세 소급 감면 문의 / 답변5
  + [3682] ntt=20773 (10109) [지방세징수법] 지급청구서 법조항 문의 / 답변2
  + [3683] ntt=20772 (10108) [취득세] 자경농민 직불금 추징문의 / 답변2
  + [3684] ntt=20770 (10107) [취득세] 밑의 글 관련 장애인 차량 1대 싼타페로 공동명의 계속이. / 답변3
  + [3685] ntt=20768 (10106) [주민세] 종업원분질문입니다. / 답변1
  + [3686] ntt=20765 (10105) [등록면허세] 장기임대사업자에서 단기임대사업자로 변경할 때 등록면허세 . / 답변1
  + [3687] ntt=20762 (10104) [취득세] 차량 취득세 추징 관련 질문 드립니다 / 답변4
    [retry 1/3] ReadTimeout
  + [3688] ntt=20761 (10103) [취득세] 종교단체 직접사용 부동산 여부 / 답변2
  + [3689] ntt=20760 (10102) [기타] 혹시 지방세프로그램에서 사후감면분만 따로 뽑아낼수있나요? / 답변1
  + [3690] ntt=20759 (10101) [주민세] 합병이 아닌 계열사 직원을 채용한 경우 / 답변0
  + [3691] ntt=20758 (10100) [취득세] 특수관계인 해당여부 / 답변2
  + [3692] ntt=20757 (10099) [취득세] 장애인 차량 1대 싼타페로 공동명의 계속이전 / 답변3
  + [3693] ntt=20756 (10098) [기타] 필로티 관련 / 답변1
  + [3694] ntt=20754 (10097) [재산세] 토지주택공사의 주거환경개선사업시행인가 처분 무효로 인한 . / 답변0
  + [3695] ntt=20751 (10096) [취득세] 부담부증여시 증여자가 수증자에게 승계하는 채무금액을 임의. / 답변0
  + [3696] ntt=20750 (10095) [취득세] 직계존비속 관련해서 물어봅니다(소득을 유가증권으로 증빙하. / 답변1
  + [3697] ntt=20745 (10094) [취득세] 현물출자 감면 관련 문의드립니다 / 답변1
  + [3698] ntt=20744 (10093) [취득세] 단독주택으로 신축 후 농어가주택으로 감면 가능 여부 / 답변3
  + [3699] ntt=20743 (10092) [취득세] 건물에 설치되는 소화전기설비도 취득세 과세대상인가요??? / 답변4
  + [3700] ntt=20741 (10091) [재산세] 상속되지 않은 토지에 대하여 문의드립니다. / 답변0
  + [3701] ntt=20740 (10090) [재산세] 주택 재산세 주택수 관련 문의드립니다. / 답변4
[page 1384 완료] 누적 신규 3701건  (이 게시판 저장 총 41,375건)
  + [3702] ntt=20738 (10089) [지방세징수법] 제증명 발급 시 담당자 도장 날인 필수인지 질의 / 답변6
  + [3703] ntt=20737 (10088) [기타] 지특법 입법지연에 따른 소급 감면시 환급가산금 기산일 / 답변0
  + [3704] ntt=20736 (10087) [취득세] 준공전 콘도 공유지분 취득시기 질의 / 답변1
  + [3705] ntt=20731 (10086) [취득세] 영업용 잔가율 적용 문의? / 답변2
  + [3706] ntt=20729 (10085) [취득세] 건축물대장소유자와 재산세납세자가 다를때 상속여부 / 답변3
  + [3707] ntt=20728 (10084) [취득세] 차량구조변경 / 답변4
  + [3708] ntt=20726 (10083) [취득세] 유치원 진입도로 / 답변0
  + [3709] ntt=20725 (10082) [등록면허세] 등록면허세 선납문의 / 답변2
  + [3710] ntt=20724 (10081) [재산세] 7월 1일 기준 개별공시지가 이의신청필지 조정분 재산세 . / 답변2
  + [3711] ntt=20720 (10080) [재산세] 재산세 납세의무자 변동신고 관련 문의 / 답변1
  + [3712] ntt=20719 (10079) [취득세] 도서관 감면 문의 드립니다. / 답변1
  + [3713] ntt=20718 (10078) [취득세] 전기차 충전시설 취득세 관련 문의입니다. / 답변1
  + [3714] ntt=20717 (10077) [등록면허세] 세액공제 문의 / 답변5
  + [3715] ntt=20716 (10076) [취득세] 차량 취득세 잔가율 / 답변3
  + [3716] ntt=20715 (10075) [취득세] 가스공사 취득세 과세여부 질문드립니다 / 답변0
  + [3717] ntt=20714 (10074) [취득세] 부담부 증여 질의 / 답변1
  + [3718] ntt=20713 (10073) [기타] 지방세 제증명 발급시 위임장 사본 제출 가능여부 / 답변1
  + [3719] ntt=20712 (10072) [취득세] 상속 취득세 미신고에 따라 균등 부과 후 납부 시, 해당. / 답변0
  + [3720] ntt=20711 (10071) [자동차세] 사망자 자동차세 연납승계처리 문의 드립니다 / 답변2
  + [3721] ntt=20708 (10070) [취득세] 지목변경 감면여부(토지수용 대체취득) / 답변1
  + [3722] ntt=20707 (10069) [취득세] 지목변경 시(전>단독주택) 농어촌특별세 비과세 여부 문의 / 답변1
  + [3723] ntt=20706 (10068) [취득세] 개인이 건물 신축후 사망시.. 상속인가 취득세인가요 / 답변2
  + [3724] ntt=20705 (10067) [등록면허세] 특정고압가스 저장소 면허세 / 답변1
  + [3725] ntt=20703 (10066) [취득세] 가산세 취득세문의 / 답변4
  + [3726] ntt=20701 (10065) [자동차세] 연납기간 질문 / 답변6
  + [3727] ntt=20700 (10064) [취득세] 서민주택 감면 관련입니다. / 답변1
  + [3728] ntt=20699 (10063) [지방세징수법] 가처분에의한 소유권이전시 압류해제 원인일 / 답변3
  + [3729] ntt=20693 (10062) [지방세징수법] 당해세 관련 질의 / 답변5
  + [3730] ntt=20692 (10061) [취득세] 추징기산일에 대한 문의드립니다. / 답변3
  + [3731] ntt=20688 (10060) [취득세] 원불교도 취득세 감면이 될까요? / 답변6
[page 1385 완료] 누적 신규 3731건  (이 게시판 저장 총 41,405건)
  + [3732] ntt=20687 (10059) [자동차세] 사망자 자동차세 12월 납부후  타지역 거주하는 상속인이. / 답변1
  + [3733] ntt=20685 (10058) [취득세] 1가구1주택의 상속 취득시 , 아버지 사망하셨는데 아들이. / 답변4
  + [3734] ntt=20684 (10057) [지방세징수법] 출자자의 제2차 납세의무자 지정 - 취득세 추징분 납세의. / 답변2
  + [3735] ntt=20683 (10056) [취득세] 개인이 신축시 법인장부 또는 도급계약서 받을수 있는 기준. / 답변1
  + [3736] ntt=20682 (10055) 자동차세 장애인 감면 / 답변4
  + [3737] ntt=20681 (10054) [주민세] 주민세종업원분 위택스신고관련 질문입니다. / 답변2
  + [3738] ntt=20680 (10053) [취득세] 용도변경 잔가율 적용 문의 / 답변2
  + [3739] ntt=20679 (10052) [재산세] 재산세 납세의무자 판단 질의 / 답변1
  + [3740] ntt=20678 (10051) [취득세] 가설건축물 승계취득(철거신고 후 축조신고) 과세표준 문의 / 답변3
  + [3741] ntt=20677 (10050) [지방세징수법] 자동차 압류시 통보 문의 / 답변3
  + [3742] ntt=20676 (10049) [재산세] 경로당 관련하여 궁금한점 / 답변1
  + [3743] ntt=20673 (10048) [취득세] 2020년 차량 시가표준액 기준 중 용도변경에 대한 적용 / 답변3
  + [3744] ntt=20671 (10047) [재산세] 지특법 78조1항(산업단지 등에 대한 감면)으로 감면할 . / 답변1
  + [3745] ntt=20664 (10046) [취득세] 비영업용 차량 용도변경 시 잔가율 적용요령 / 답변3
  + [3746] ntt=20661 (10045) [취득세] 하이브리드 차량 취득세 취득일 / 답변1
  + [3747] ntt=20660 (10044) [등록면허세] 창업중소기업 감면 시 동종사업 판단에 따른 의견이 궁금합. / 답변1
  + [3748] ntt=20659 (10043) [지방세징수법] 부동산 공매 질문 있습니다. / 답변1
  + [3749] ntt=20658 (10042) [취득세] 건축물대장, 과세대장상 건축면적 상이 / 답변2
  + [3750] ntt=20656 (10041) [지방세징수법] 2018다272407 (결손처분의 취소 및 통지 없이 이. / 답변2
  + [3751] ntt=20655 (10040) [취득세] 다자녀 차량 대체취득과 관련하여 질문드립니다. / 답변1
  + [3752] ntt=20652 (10039) [취득세] 농공단지 취득세 감면 문의드립니다. / 답변5
  + [3753] ntt=20651 (10038) [재산세] 분리과세(농지)로 부과할 수 있는지 여부 / 답변3
  + [3754] ntt=20650 (10037) [취득세] 청소년단체 등에 대한 감면(취득이후 청소년수련시설의 설치. / 답변0
  + [3755] ntt=20646 (10036) [자동차세] 장애인 자동차세 감면? / 답변3
  + [3756] ntt=20645 (10035) [취득세] 다자녀 차량감면 기준 만 17세로 바뀌는거 아니죠?? / 답변3
  + [3757] ntt=20644 (10034) [취득세] 차량취득세 과표적용 문의(영업용 이력있는 차량 잔가율관련. / 답변6
  + [3758] ntt=20643 (10033) [지방세징수법] 종교단체 과세내역 대리인이 제증명 발급 신청시 확인서류? / 답변2
  + [3759] ntt=20639 (10032) [지방세징수법] 안전관리 예치금 압류 관련 / 답변0
  + [3760] ntt=20637 (10031) [등록면허세] 면허세 비과세 / 답변1
  + [3761] ntt=20635 (10030) [취득세] 자경농민 감면 후 바로 매각, 자진신고시 가산세 부과여부 / 답변5
[page 1386 완료] 누적 신규 3761건  (이 게시판 저장 총 41,435건)
  + [3762] ntt=20633 (10029) [취득세] 재개발 조합원의 입주권 취득 시 토지 취득세 신고 시 과. / 답변0
  + [3763] ntt=20632 (10028) [취득세] 직계존비속간의 부담부증여 채무승계액 인정 가능여부 문의 / 답변0
  + [3764] ntt=20629 (10027) [취득세] 마을에서 사용하는 진입로 감면문의 / 답변2
  + [3765] ntt=20626 (10026) [지방세징수법] 사망자의 부동산에 압류가 가능한가요?  관계법령 조문을 . / 답변3
  + [3766] ntt=20625 (10025) [재산세] 임대주택 포괄양도양수 시 추징 문의 / 답변0
  + [3767] ntt=20624 (10024) [취득세] 법인이   취득하는 차량.  제출 서류 / 답변2
  + [3768] ntt=20623 (10023) [취득세] 1세대 4주택 적용시 ~ 1세대 구성원 문의 / 답변3
  + [3769] ntt=20622 (10022) [지방세징수법] 과점주주 2차납세의무자 지정관련 문의 / 답변2
  + [3770] ntt=20621 (10021) [취득세] 위험물 옥내저장소 취득세 부과여부? / 답변5
  + [3771] ntt=20620 (10020) [재산세] 지역자원시설세 주차용건축물의 의미 / 답변1
  + [3772] ntt=20616 (10019) [재산세] 오피스텔 감면 여부 / 답변1
    [retry 1/3] ReadTimeout
    [retry 2/3] ConnectTimeout
  + [3773] ntt=20613 (10018) [등록면허세] 주택임대사업 등록면허세(면허) 기준 문의 / 답변1
  + [3774] ntt=20612 (10017) [등록면허세] 고압가스운반자_등록면허세 / 답변2
  + [3775] ntt=20611 (10016) [취득세] 자경농민감면후 취득세 추징 문의 / 답변1
  + [3776] ntt=20610 (10015) [취득세] 차량 취득세 전기차 감면 / 답변3
  + [3777] ntt=20609 (10014) [지방세징수법] 청산인 제2차 납세의무자로 지정할 수 있는 기간 / 답변1
  + [3778] ntt=20608 (10013) [재산세] 지방세 납세의무자변경신청의 신고인 / 답변0
  + [3779] ntt=20607 (10012) [취득세] 차량 공채 감면 문의 / 답변4
  + [3780] ntt=20606 (10011) [취득세] 절에서 신도들 대상으로 납골당이나 자연장, 수목장 장소 . / 답변2
  + [3781] ntt=20605 (10010) [취득세] 위수탁차량 현물출자 등재? / 답변1
  + [3782] ntt=20604 (10009) [재산세] 공공용지(간이쉼터)로 사용하는 빈집에 대한 재산세 과세 . / 답변1
  + [3783] ntt=20603 (10008) [자동차세] 자동차세 공동명의자에게 전부 이전한 경우 / 답변3
  + [3784] ntt=20602 (10007) [취득세] 차량 취득세를 납부하셨는데 제작증과 계산서 금액이 바뀐 . / 답변2
  + [3785] ntt=20601 (10006) [지방세징수법] 부동산 압류물건 소유권 이전후 이전 소유자 압류건 해제 . / 답변4
  + [3786] ntt=20599 (10005) [취득세] 회원제 콘도회원권 취득시 부가가치세 제외? / 답변1
  + [3787] ntt=20597 (10004) [취득세] 건설산업기본법 제41조 에 따라 200제곱미터가 넘으면 . / 답변1
  + [3788] ntt=20596 (10003) [지방세징수법] 재산세상속인지정 관련, 체납문의 / 답변1
  + [3789] ntt=20595 (10002) [취득세] 미등록 차량 농특세 부과 관련 / 답변4
  + [3790] ntt=20593 (10001) [등록면허세] 등록면허세(면허) 마을회 비과세 여부 / 답변2
  + [3791] ntt=20592 (10000) [취득세] 취득세 가산세 질의.. / 답변3
[page 1387 완료] 누적 신규 3791건  (이 게시판 저장 총 41,465건)
  + [3792] ntt=20588 (9999) [취득세] 한전불임금도 취득가액에 합산해야하나요? / 답변1
  + [3793] ntt=20587 (9998) [취득세] 공원화장실 기부채납용 부동산 문의 / 답변1
  + [3794] ntt=20586 (9997) [취득세] 과세전적부심 가산세 / 답변1
  + [3795] ntt=20585 (9996) [등록면허세] 위험물 저장소 지위승계 면허세 문의 / 답변1
  + [3796] ntt=20583 (9995) [주민세] 가산세 환급 문의 드립니다. / 답변0
  + [3797] ntt=20582 (9994) [등록면허세] 개발행위_토지형질변경, 공작물설치 / 답변1
  + [3798] ntt=20581 (9993) [등록면허세] 통신판매업 등록면허세(면허) 관련 문의 / 답변2
  + [3799] ntt=20579 (9992) [재산세] 도시관리계획과 관련한 민원 문의입니다. / 답변1
  + [3800] ntt=20576 (9991) [재산세] 무벽 감산에 해당여부 / 답변1
  + [3801] ntt=20573 (9990) [취득세] 천재지변으로 인한 취득세 감면 질의 / 답변2
  + [3802] ntt=20572 (9989) [지방세징수법] 급여압류 관련 / 답변3
  + [3803] ntt=20569 (9988) [취득세] 신규 하이브리드 차량 취득세 감면 기준 / 답변6
  + [3804] ntt=20565 (9987) [취득세] 교환취득 후 취득세 수정신고 / 답변0
  + [3805] ntt=20564 (9986) [세외수입] 세외수입 증지 수수료 관련입니다. / 답변1
    [retry 1/3] ReadTimeout
  + [3806] ntt=20563 (9985) [기타] 2019 지방세 발전포럼 자료 있으신 분? / 답변0
  + [3807] ntt=20562 (9984) [기타] 개별지 개별주택 토지 특성 일치 / 답변1
  + [3808] ntt=20560 (9983) [취득세] 장애인 공동명의차량 대체취득 추징 문의! / 답변1
  + [3809] ntt=20557 (9982) [지방소득세] 연말정산 환급 신청시 첨부서류 문의 / 답변1
  + [3810] ntt=20555 (9981) [취득세] 차량취득세(장애인 감면) 추징 관련해 질의 드립니다. / 답변2
  + [3811] ntt=20554 (9980) [지방세징수법] 급여압류를 했는데 추심요청에 응하지 않는 경우 질문입니다. / 답변1
  + [3812] ntt=20550 (9979) [재산세] 재산세 이의신청과 관련하여 문구 해석 부탁합니다. / 답변3
  + [3813] ntt=20548 (9978) [취득세] 신혼부부 생애최초 주택취득 감면(외국인배우자) / 답변2
  + [3814] ntt=20546 (9977) [기타] 신고납부한 세목(주민세 종업원분)이 원인무효 된 경우 가. / 답변0
  + [3815] ntt=20545 (9976) [재산세] 재산세 납세의무자 확인 방법 / 답변2
  + [3816] ntt=20544 (9975) [취득세] 단독주택농특세관련 취득세문의 / 답변1
  + [3817] ntt=20543 (9974) [재산세] 재산세 납세의무자 관련 문의입니다.(미등기 주택) / 답변2
  + [3818] ntt=20542 (9973) [자동차세] SOFA차량 자동차세 비과세? / 답변3
  + [3819] ntt=20541 (9972) [취득세] 콘도 준공이후 회원권(공유제) 취득세 질의 / 답변0
  + [3820] ntt=20540 (9971) [지방세징수법] 자동차 압류 관련 질문있습니다. / 답변5
  + [3821] ntt=20539 (9970) [재산세] 비과세 처리 관련 문의드립니다. / 답변1
[page 1388 완료] 누적 신규 3821건  (이 게시판 저장 총 41,495건)
  + [3822] ntt=20537 (9969) [등록면허세] 면허세 허가자 변경 / 답변2
    [retry 1/3] ReadTimeout
  + [3823] ntt=20535 (9968) [취득세] 최저한세 관련 문의드립니다. / 답변0
  + [3824] ntt=20534 (9967) [취득세] 신축 취득시 하자보수보증금 과표 포함여부 / 답변0
  + [3825] ntt=20533 (9966) [취득세] 지목변경에 따른 취득세와 관련하여 문의드립니다. / 답변0
  + [3826] ntt=20532 (9965) [지방세징수법] 가택수사에 대해서 질문 있습니다. / 답변1
  + [3827] ntt=20531 (9964) [취득세] 가설건축물 존치기간 연장시 취득세 기준일 / 답변2
  + [3828] ntt=20530 (9963) [등록면허세] 전문건설업 / 답변1
  + [3829] ntt=20529 (9962) [지방세징수법] 번호판 영치 후 번호판 분실시 질문 / 답변1
  + [3830] ntt=20528 (9961) [취득세] 주택 취득할때 취득세 감면되는 조항이 뭐뭐있나요? / 답변3
  + [3831] ntt=20527 (9960) [취득세] 부동산 취득자가 청구법인이고 그 청구법인의 대표자가 어린. / 답변1
  + [3832] ntt=20526 (9959) [지방세징수법] 신탁재산세 체납을 원인으로 관허사업 제한이 가능한지? / 답변2
  + [3833] ntt=20525 (9958) [취득세] 농업법인 감면 취득세문의 / 답변0
  + [3834] ntt=20524 (9957) [등록면허세] 지방시설관리공단에서 지방시설공사로 조직변경 시 등록면허세. / 답변0
  + [3835] ntt=20523 (9956) [자동차세] 사실상 폐차 확인서 관련입니다. / 답변2
  + [3836] ntt=20521 (9955) [취득세] 장애인 차량취득세 감면 관련해서요... / 답변7
  + [3837] ntt=20520 (9954) [취득세] 대체취득에 의한 취득세 감면 관련법 문의드립니다. 답변 . / 답변0
  + [3838] ntt=20513 (9953) [기타] 지방세환급 연대납세자 체납확인 / 답변0
  + [3839] ntt=20510 (9952) [주민세] 은행마다 있는 청경들이 용역업체 직원들이라면 주민세법인균. / 답변0
  + [3840] ntt=20507 (9951) [재산세] 병원의 주차장 재산세 대장 입력 / 답변1
  + [3841] ntt=20505 (9950) [취득세] 지목 현황 판단... / 답변1
  + [3842] ntt=20504 (9949) [취득세] 산업단지감면에 대한 재산세 감면적용 기준 문의 / 답변1
  + [3843] ntt=20503 (9948) [세외수입] 세외수입 과오납 이자 반환관련(행정동에 반환할경우) / 답변2
  + [3844] ntt=20502 (9947) [취득세] 유상승계취득시 과세표준 적용 관련 의견 여쭙니다. / 답변4
  + [3845] ntt=20500 (9946) [취득세] 차량취득세(하이브리드, 전기차) 지분 이전 관련해서 여쭤. / 답변3
  + [3846] ntt=20495 (9945) [등록면허세] 가설건축물 존치기간 1년 이상인 경우 정기분 등록면허세 . / 답변1
  + [3847] ntt=20494 (9944) [취득세] 과점주주 특수관계인 여부 문의 드립니다. / 답변2
  + [3848] ntt=20491 (9943) [등록면허세] 등록면허세(면허) 문의 / 답변1
  + [3849] ntt=20490 (9942) [취득세] 경정청구 대상인지 확인부탁드립니다. / 답변0
  + [3850] ntt=20486 (9941) [취득세] 취득세 관련 자진신고 안내문 발송 시 기관장으로 나갈 경. / 답변2
  + [3851] ntt=20484 (9940) [취득세] 차량취득세 대체취득 (장애인 감면) 문의입니다 / 답변3
[page 1389 완료] 누적 신규 3851건  (이 게시판 저장 총 41,525건)
  + [3852] ntt=20483 (9939) [재산세] 항공사진만을 근거로 과거년도 재산세를 부과 할 수 있는지. / 답변2
  + [3853] ntt=20480 (9938) [재산세] 미상속(상속)부동산 납세의무자 변경 문의드립니다.(취득세. / 답변1
  + [3854] ntt=20479 (9937) [취득세] 자경농민 감면 / 답변0
  + [3855] ntt=20478 (9936) [지방세기본법] 잘못된 세법해석으로 심사청구 부과취소결정시 재 결정 받을. / 답변5
  + [3856] ntt=20477 (9935) [지방소득세] 양도소득문의(지방세프로그램 부과현황에 대한 과세표준) / 답변2
  + [3857] ntt=20476 (9934) [세외수입] 세외수입 체납액 분납과 관련 질문드립니다. / 답변2
  + [3858] ntt=20475 (9933) [취득세] 미등기 주택의 부속토지 취득 / 답변0
  + [3859] ntt=20474 (9932) [지방세징수법] 방치중인 운행정지명령 차량 공매 문의입니다. / 답변2
  + [3860] ntt=20473 (9931) [등록면허세] 등록면허세 질문입니다.(비과세 관련) / 답변2
  + [3861] ntt=20471 (9930) [취득세] 자경농민의 배우자가 2년이상 동일한 세대별 주민등록표에 . / 답변1
  + [3862] ntt=20470 (9929) [취득세] 법인 취득세 과세표준 관련 문의 / 답변2
  + [3863] ntt=20466 (9928) [취득세] 토지수용 대체취득 질문입니다. / 답변0
  + [3864] ntt=20465 (9927) [재산세] 발전시설용 토지인지 문의드립니다. / 답변2
  + [3865] ntt=20460 (9926) [취득세] 증여로 취득세 신고 후 60일이내 계약해제 신고서 제출중. / 답변1
    [retry 1/3] ReadTimeout
  + [3866] ntt=20459 (9925) [취득세] 귀농인 감면 문의드립니다. / 답변1
  + [3867] ntt=20456 (9924) [자동차세] 자동차세 상속관련 문의 / 답변1
  + [3868] ntt=20453 (9923) [지방세징수법] 상속등기 소유권 이전 되기전 대표상속인에게 부과된 재산세. / 답변1
  + [3869] ntt=20452 (9922) [재산세] 취득일자 문의드립니다. / 답변2
  + [3870] ntt=20450 (9921) [자동차세] 장애인감면 자동차세문의 / 답변3
  + [3871] ntt=20445 (9920) [취득세] 법인 무신고 수시부과시 / 답변1
  + [3872] ntt=20444 (9919) [취득세] 취득세 신고납부 및 등기 후 매매계약서 수정시 질문입니다. / 답변0
  + [3873] ntt=20442 (9918) [자동차세] 장애인용 자동차 대체취득 관련 자동차세 문의드립니다ㅠㅠ / 답변2
  + [3874] ntt=20441 (9917) [재산세] 부부 공동소유 부동산 기업부설연구 감면 여부 / 답변0
  + [3875] ntt=20437 (9916) [취득세] 천재지변으로 인한 대체취득 문의드립니다. / 답변1
  + [3876] ntt=20435 (9915) [취득세] 자경농민이 취득하는 창고 감면 문의 / 답변0
  + [3877] ntt=20429 (9914) [재산세] 목장용지 임대시 분리과세 적용여부 / 답변0
  + [3878] ntt=20427 (9913) [취득세] 개인 간 교환 거래 / 답변1
  + [3879] ntt=20426 (9912) [자동차세] 자동차세 부과관련(승합, 승용) / 답변3
  + [3880] ntt=20425 (9911) [취득세] 태양광 지목변경에 관한 취득세 문의입니다. / 답변0
  + [3881] ntt=20423 (9910) [재산세] 원형보전지 관련 판례 문의 / 답변0
[page 1390 완료] 누적 신규 3881건  (이 게시판 저장 총 41,555건)
  + [3882] ntt=20421 (9909) [취득세] 국가유공자 자동차세감면(포터) 쭉 받으셧고  신차취득(국. / 답변2
  + [3883] ntt=20420 (9908) [취득세] 재개발 사업시행자의 사업부지(주택포함) 취득시 간접비용 . / 답변0
  + [3884] ntt=20418 (9907) [취득세] 노인복지시설 추징시 사유발생일 문의 / 답변2
  + [3885] ntt=20417 (9906) [취득세] 부동산 다운계약서 작성 후 추징관련 문의 / 답변1
  + [3886] ntt=20416 (9905) [재산세] 조세심판 본안심리 대상여부에 대한 의견조회 / 답변0
  + [3887] ntt=20414 (9904) [취득세] 취득의 시기 / 답변0
  + [3888] ntt=20413 (9903) [취득세] 취득세 감면 후 2년이내에 수용으로 인해 이전이 되면 추. / 답변1
  + [3889] ntt=20412 (9902) [취득세] 자경농민 농지등에 감면 추징(귀농인) / 답변0
  + [3890] ntt=20411 (9901) [취득세] 조합원입주권 거래시 취득세의 과세 질의 / 답변1
  + [3891] ntt=20410 (9900) [지방소득세] 법인지방소득세 안분 사업장 문의 / 답변0
  + [3892] ntt=20408 (9899) [자동차세] 상속 한정승인의 경우 자동차세 감면여부 판단 / 답변2
  + [3893] ntt=20407 (9898) [지방소득세] 법인지방소득세 가산세 문의 / 답변1
  + [3894] ntt=20406 (9897) [등록면허세] 굴착행위 등록면허세 / 답변1
  + [3895] ntt=20405 (9896) [등록면허세] 차량 등록세 문의 / 답변1
  + [3896] ntt=20404 (9895) [지방소득세] 법인세분 지방소득세 가감신고제도 관련 부과제척기간 문의 / 답변0
  + [3897] ntt=20403 (9894) [재산세] 납세의무자 문의 / 답변2
  + [3898] ntt=20401 (9893) [지방세징수법] 채권최고액을 초과한 근저당권자의 배분요구 / 답변2
    [retry 1/3] ReadTimeout
    [retry 2/3] ConnectTimeout
  + [3899] ntt=20395 (9892) [취득세] 상속 대위등기 / 답변1
  + [3900] ntt=20391 (9891) [취득세] 지특법 9조 자영어민 감면 질문있습니다. / 답변0
  + [3901] ntt=20389 (9890) [취득세] 지특법 제31조제1항 임대주택 감면에 대하여 / 답변0
  + [3902] ntt=20387 (9889) [자동차세] 푸드트럭 자동차세 과세대상인가요? / 답변1
  + [3903] ntt=20385 (9888) [자동차세] 하이브리드 차량의 자동차세 / 답변2
  + [3904] ntt=20382 (9887) [지방세징수법] 신분증 사본의 범위 / 답변2
  + [3905] ntt=20381 (9886) [자동차세] 공동명의자에게 이전된 장애인 감면차량 / 답변2
  + [3906] ntt=20380 (9885) [취득세] 차량 구조변경 애매해서요...^^ / 답변2
  + [3907] ntt=20377 (9884) [기타] 지방세 고지서 직인(인영) 관련 / 답변0
  + [3908] ntt=20376 (9883) [취득세] 차량취득세 구조변경에서요 / 답변3
  + [3909] ntt=20374 (9882) [취득세] 부동산실거래신고 / 답변0
  + [3910] ntt=20373 (9881) [취득세] 매매업자가 본인 명의로 취득하는 경우 / 답변3
  + [3911] ntt=20370 (9880) [주민세] 종업원분 주민세 관련 문의 / 답변2
[page 1391 완료] 누적 신규 3911건  (이 게시판 저장 총 41,585건)
  + [3912] ntt=20368 (9879) [취득세] 수상레저기구 상속 질문 있습니다. / 답변1
  + [3913] ntt=20363 (9878) [취득세] 분할합병.... / 답변0
  + [3914] ntt=20361 (9877) [취득세] 장애인이 A차량 자동차세 감면받고 있는데, B차량 신규로. / 답변5
  + [3915] ntt=20360 (9876) [취득세] 사용승인서상의 건축주와 건축물대장상의 소유주가 다른 경우 / 답변0
  + [3916] ntt=20359 (9875) [등록면허세] 학교에대한 등록면허세부과관련 질문입니다~ / 답변1
  + [3917] ntt=20358 (9874) [기타] 군(郡)에서 시(市)로 변경될 경우 지방세가 변경되는게 . / 답변1
  + [3918] ntt=20356 (9873) [재산세] 문화재 보호구역 내 건축물 감면 / 답변0
  + [3919] ntt=20354 (9872) [취득세] 중고 매매상 화재로 인한 폐차 / 답변1
  + [3920] ntt=20353 (9871) [취득세] 장애인이 A차량 자동차세 감면받고 있는데,   B차량 신. / 답변3
  + [3921] ntt=20351 (9870) [취득세] 하이브리드 차량 취득세 감면 / 답변2
  + [3922] ntt=20348 (9869) [재산세] 납세의무자 등재 / 답변3
  + [3923] ntt=20347 (9868) [취득세] 장애인차량 공동명의 지분이전 / 답변2
  + [3924] ntt=20341 (9867) [재산세] 대지안의 공지를 도로로 재산세 비과세하는 시군이 있나 여. / 답변1
  + [3925] ntt=20336 (9866) [세외수입] 신탁재산이 경매진행될 경우 신탁회사 고유의 채무(환경개선. / 답변0
  + [3926] ntt=20335 (9865) [취득세] 주택(지분있을시) 농특세 문의 / 답변1
  + [3927] ntt=20333 (9864) [취득세] 1가구1주택 판단시, 등기부엔 주택인데 사실상 상가로 쓰. / 답변2
  + [3928] ntt=20332 (9863) [취득세] 소유권보존 말소 후 새로운 소유권 보존시 취득세 부과 / 답변0
    [retry 1/3] ReadTimeout
    [retry 2/3] ConnectTimeout
  + [3929] ntt=20329 (9862) [자동차세] 자진말소예고통지차량은 말소된차량으로 보아야하는지여부 / 답변3
  + [3930] ntt=20328 (9861) [등록면허세] 화약류 사용허가 관련 등록면허세 질의 / 답변2
  + [3931] ntt=20327 (9860) [취득세] 대위신청으로 상속등기가 마쳐졌는데 일부가 상속포기한 것이. / 답변1
  + [3932] ntt=20325 (9859) [취득세] 지하저수조 교체 공사 등 취득세 과세대상 여부 문의드립니. / 답변0
  + [3933] ntt=20324 (9858) [취득세] 미등록 차량 취득세 과세여부 질문드립니다 / 답변3
  + [3934] ntt=20323 (9857) [주민세] 종업원분 신고 / 답변1
  + [3935] ntt=20321 (9856) [등록면허세] 공매 낙찰 시 압류 말소 등록면허세 부과해야 될까요? / 답변1
  + [3936] ntt=20319 (9855) [지방세징수법] 징수촉탁 지급 기준 문의 / 답변1
  + [3937] ntt=20317 (9854) [지방소득세] 연결법인 가산세 문의 / 답변0
  + [3938] ntt=20315 (9853) [주민세] 주민세 법인균등분 경비업체 관련해서 다들 어떻게 하셨는지. / 답변1
  + [3939] ntt=20314 (9852) [취득세] 시효취득으로 인한 판결... / 답변2
  + [3940] ntt=20313 (9851) [지방세징수법] 공탁금 결손처리 관련하여 / 답변0
  + [3941] ntt=20310 (9850) [취득세] 건물 높이만 증가한 경우 / 답변1
[page 1392 완료] 누적 신규 3941건  (이 게시판 저장 총 41,615건)
  + [3942] ntt=20309 (9849) [지방세징수법] 국세 체납액 조회 / 답변1
  + [3943] ntt=20308 (9848) [취득세] 자동차취득세 장애인 대체취득 감면 / 답변5
  + [3944] ntt=20307 (9847) [등록면허세] 차량을 경매로 취득시 저당,압류등 말소에 대한 등록면허세. / 답변3
  + [3945] ntt=20303 (9846) [주민세] 개인균등분 문의 / 답변5
    [retry 1/3] ReadTimeout
  + [3946] ntt=20302 (9845) [지방소득세] 신고불성실 및 납부불성실 가산세 기준금액 문의 / 답변1
  + [3947] ntt=20301 (9844) [취득세] 임대주택 감면 문의 / 답변0
  + [3948] ntt=20298 (9843) [취득세] 창업중소기업 감면 문의드립니다. / 답변1
  + [3949] ntt=20294 (9842) [주민세] 주민세 종업원분 관련입니다. 고견 부탁드려요 / 답변0
  + [3950] ntt=20293 (9841) [취득세] 취득세 등(신고납부 세목)에서 신고 행위 반려 가능 문의 / 답변0
  + [3951] ntt=20292 (9840) [등록면허세] 등록면허세(면허) 도로점용 관련 문의드립니다. / 답변0
  + [3952] ntt=20290 (9839) [취득세] 취득세 가산세 질문입니다. / 답변1
  + [3953] ntt=20289 (9838) [재산세] 토지 부과 관련하여 문의 드립니다. / 답변1
  + [3954] ntt=20288 (9837) [취득세] 이혼에 따른 재산분할 취득 신고시, 농업인이 농지 분할 . / 답변1
  + [3955] ntt=20285 (9836) [자동차세] 자동차세 비과감면 대상요건 / 답변1
  + [3956] ntt=20284 (9835) [지방세징수법] 교도소에 구속 수감된 체납자 체납처분 / 답변1
  + [3957] ntt=20282 (9834) [자동차세] 자동차세 경매 기각 관련 문의 / 답변2
  + [3958] ntt=20275 (9833) [취득세] 자경농민  . 부가 아들에게 증여 / 답변2
  + [3959] ntt=20272 (9832) [주민세] 주민세 종업원분 중소기업 고용지원 관련 질의(사업소 신설. / 답변1
  + [3960] ntt=20270 (9831) [지방세징수법] 급여압류통지서를 보냈는데 추심에 협조를 안 하는 경우 / 답변1
  + [3961] ntt=20268 (9830) [기타] 지방세 납세증명서-신탁등기용 질문 / 답변1
  + [3962] ntt=20267 (9829) [등록면허세] 이동탱크저장시설 등록면허세(면허분) 과세대상여부 / 답변1
  + [3963] ntt=20265 (9828) [취득세] 직계존비속간 거래 / 답변3
  + [3964] ntt=20264 (9827) [취득세] 대물변제 / 답변0
  + [3965] ntt=20262 (9826) [지방세징수법] . / 답변0
  + [3966] ntt=20259 (9825) [취득세] 사회복지법인의 수련원(수련관)도 지방세특례제한법제22조에. / 답변0
  + [3967] ntt=20258 (9824) [지방소득세] 법인지방소득세 추가납부세액 문의 / 답변1
  + [3968] ntt=20257 (9823) [취득세] 자경농민 관련 감면조건 문의 / 답변1
  + [3969] ntt=20256 (9822) [취득세] 국가유공자 주택취득시 감면 / 답변1
  + [3970] ntt=20255 (9821) [지방세징수법] 체납자 예금압류 추심건에 대해서 문의합니다, / 답변2
  + [3971] ntt=20254 (9820) [취득세] 자경농민 취득세 감면농지 추징과 관련하여 질문드립니다. / 답변1
[page 1393 완료] 누적 신규 3971건  (이 게시판 저장 총 41,645건)
  + [3972] ntt=20253 (9819) [취득세] 이륜자동차 취등록세 질문입니다.(125cc이하) / 답변3
  + [3973] ntt=20252 (9818) [취득세] 분양대금 잔금지급전에 전매한후 같은날 최종매수자가 잔금을. / 답변2
  + [3974] ntt=20251 (9817) [등록면허세] 구등록세 세율 문의 / 답변1
  + [3975] ntt=20250 (9816) [재산세] 고지성 송달의 효력(경비원 또는 우체국 직원 ) / 답변2
  + [3976] ntt=20249 (9815) [취득세] 교회가 식당으로 사용하는 부동산 / 답변2
  + [3977] ntt=20247 (9814) [지방세징수법] 신탁용 납세증명서 발급시 해당 재산세 미납이 있을경우 발. / 답변1
  + [3978] ntt=20245 (9813) [재산세] 2019년 9월 토지분재산세가 경정청구 대상인지? / 답변4
  + [3979] ntt=20243 (9812) [취득세] 차량구조변경 문의 / 답변1
  + [3980] ntt=20242 (9811) [재산세] 재산세 납세의무자 문의 / 답변2
  + [3981] ntt=20241 (9810) [취득세] 상속 차량 취득세 납세지 관련 / 답변2
  + [3982] ntt=20240 (9809) [취득세] 1개의 과세물건의 취득세 산출세액을 2건 이상의 고지서로. / 답변2
  + [3983] ntt=20237 (9808) [취득세] 차량 취득세 납세지 관련 질문 / 답변1
  + [3984] ntt=20235 (9807) [등록면허세] 차량 등록면허세 지점명 변경 문의 / 답변1
  + [3985] ntt=20234 (9806) [취득세] 다자녀 구조변경 (캠핑카) / 답변2
  + [3986] ntt=20232 (9805) [취득세] 마을회 감면문의 / 답변1
  + [3987] ntt=20231 (9804) [재산세] 고지서(등기) 관련 문의 / 답변3
  + [3988] ntt=20230 (9803) [취득세] 상속1가구1주택 감면에 관한 경정청구 건입니다. / 답변1
  + [3989] ntt=20229 (9802) [지방소득세] 결손금소급공제 환급세액 계산 및 이자기산일 / 답변1
  + [3990] ntt=20228 (9801) [지방소득세] 지방소득세(특별징수) 지차체 이체요청 (연말정산으로 납부. / 답변2
  + [3991] ntt=20226 (9800) [취득세] 취득세 환급가능한지 문의드립니다. / 답변1
  + [3992] ntt=20225 (9799) [재산세] 재산세, 취득세(지목변경) 관련하여 신문고가 들어왔습니다. / 답변2
  + [3993] ntt=20223 (9798) [취득세] 영농조합법인의  당해 조합원의 과점주주 해당 여부 질의?. / 답변1
  + [3994] ntt=20221 (9797) [지방소득세] 지방소득세(양도소득) 세무서 부과고지 전 지방소득세 수시. / 답변0
  + [3995] ntt=20220 (9796) [취득세] 부부간의 부담부증여 문의 / 답변1
  + [3996] ntt=20218 (9795) [지방세징수법] (차량공매) 근저당의 채권액의 범위를 어디까지 보아야 할. / 답변3
  + [3997] ntt=20217 (9794) [주민세] 주민세(종업원분) / 답변1
  + [3998] ntt=20216 (9793) [취득세] 지방세특례제한법상 일반적 추징규정의 적용범위 와 관련 문. / 답변1
  + [3999] ntt=20215 (9792) [취득세] 임대주택사업자가 감면후 신탁을 했으면 추징인가요? / 답변1
  + [4000] ntt=20214 (9791) [취득세] 농지 취득일 현재 기존 농지 이미 매각한 경우 자경농민으. / 답변0
  + [4001] ntt=20213 (9790) [지방소득세] 결손금 소급공제 대상 여부 / 답변2
[page 1394 완료] 누적 신규 4001건  (이 게시판 저장 총 41,675건)
  + [4002] ntt=20212 (9789) [주민세] 종업원분 주민세 과세대상 문의요 / 답변3
  + [4003] ntt=20211 (9788) [취득세] 20년전 분양콘도 관련 취등록세 질의... / 답변3
  + [4004] ntt=20208 (9787) [지방소득세] 양도소득세 세입경정 질문입니다! / 답변1
  + [4005] ntt=20206 (9786) [취득세] 지자체에 편입된 토지를 다시 원소유자에게 돌려주는 경우 . / 답변0
  + [4006] ntt=20205 (9785) [지방세징수법] 무재산 결손처분에 대해서 질문있습니다. / 답변2
  + [4007] ntt=20204 (9784) [등록면허세] 등록면허세(면허) 문의 / 답변1
  + [4008] ntt=20203 (9783) [지방세징수법] 사망자 금융채권 압류해제 관련 / 답변1
  + [4009] ntt=20202 (9782) [취득세] 냉난방 개수 취득세 부과 / 답변1
  + [4010] ntt=20199 (9781) [취득세] 법인 지목변경 취득세 문의 / 답변2
  + [4011] ntt=20196 (9780) [자동차세] 부과제척기간이 지난 이후에 납부한건 감액 및 환급 문의 / 답변3
  + [4012] ntt=20195 (9779) [자동차세] 도난신고, 부과제척기간 질문있습니다! / 답변4
  + [4013] ntt=20193 (9778) [기타] 공익사업 편입토지로 인한 재산세 자료 요청시 / 답변0
  + [4014] ntt=20189 (9777) [취득세] 차량 대체취득 자진신고 가산세 관련 / 답변1
  + [4015] ntt=20188 (9776) [취득세] 장애인 차량 대체취득 / 답변4
  + [4016] ntt=20186 (9775) [기타] 지방세 환급금 지급 시 연대납세자가 있을경우 문의 / 답변0
  + [4017] ntt=20185 (9774) [취득세] 창업중소기업 / 답변0
  + [4018] ntt=20184 (9773) [재산세] 이혼에 의한 재산분할에 의한 취득도 개발제한구역 임야 1. / 답변1
  + [4019] ntt=20183 (9772) [등록면허세] 지특법 10조 영농자금 융자 관련 질문있어요! / 답변1
  + [4020] ntt=20178 (9771) [취득세] 단독주택 농특세 감면 / 답변2
  + [4021] ntt=20177 (9770) [취득세] 주상복합건물 중 토지를 제외한 건물만 취득할 경우 취득세. / 답변0
  + [4022] ntt=20175 (9769) [취득세] 마을회 감면문의 / 답변1
  + [4023] ntt=20173 (9768) [취득세] 택지개발 등 지목변경에 소요된 기반시설 공사비 및 기반시. / 답변0
  + [4024] ntt=20170 (9767) [취득세] 주거용오피스텔  농어촌특별세 관련 질의 / 답변2
  + [4025] ntt=20167 (9766) [취득세] 위수탁 차량 취득세 문의.. / 답변4
  + [4026] ntt=20166 (9765) [취득세] 취득세 감면시 농어촌특별세 관련 질문드립니다., / 답변6
  + [4027] ntt=20165 (9764) [재산세] 종중 재산 문의드립니다. / 답변0
  + [4028] ntt=20164 (9763) [주민세] 경비용역 주민세 문의.. (법인 입주자대표회의 자체일 경. / 답변2
  + [4029] ntt=20162 (9762) [재산세] 감면토지관련 재산세 구분 / 답변3
  + [4030] ntt=20161 (9761) [자동차세] 자동차세 일할 계산시 시작일 문의 / 답변3
  + [4031] ntt=20159 (9760) [주민세] 법인의 자본금 문의 / 답변1
[page 1395 완료] 누적 신규 4031건  (이 게시판 저장 총 41,705건)
  + [4032] ntt=20157 (9759) [지방세징수법] 부분결손 관련 / 답변3
  + [4033] ntt=20156 (9758) [취득세] 창업중소기업 감면 / 답변0
  + [4034] ntt=20152 (9757) [취득세] 자경농민 취득세 감면 추징 / 답변1
  + [4035] ntt=20151 (9756) [재산세] 재산세부과시 주택에서 사무소 용도변경 가능여부 문의 / 답변3
  + [4036] ntt=20150 (9755) [지방소득세] 법인지방소득세 과소신고가산세(일반)  기준금액? / 답변1
  + [4037] ntt=20149 (9754) [취득세] 신의성실 원칙 관련하여 질의드립니다. / 답변2
  + [4038] ntt=20146 (9753) [등록면허세] 등록면허세 연면적증가 / 답변2
  + [4039] ntt=20144 (9752) [주민세] 행안부 감찰 관련 자료 요청 / 답변2
  + [4040] ntt=20143 (9751) [세외수입] 세외수입 환급 이자 관련 / 답변2
  + [4041] ntt=20142 (9750) [취득세] 이륜차관련 질문있습니다. / 답변2
  + [4042] ntt=20140 (9749) [취득세] 지목변경 취득세 관련 / 답변2
  + [4043] ntt=20139 (9748) [취득세] 대물변제약정을 원인으로 한 소유권이전 판결 취득일 문의입. / 답변3
  + [4044] ntt=20137 (9747) [취득세] 2018년 12월 단독명의(비장애인)로 등록후 (취득세납. / 답변2
  + [4045] ntt=20134 (9746) [취득세] 취득세, 농특세 문의. / 답변3
  + [4046] ntt=20131 (9745) [지방세징수법] 충주시 충주호리조트 소유 법인 전체 재산세 납부부과, 징. / 답변1
  + [4047] ntt=20130 (9744) [취득세] 창업중소기업 감면(자동차) / 답변0
  + [4048] ntt=20129 (9743) [취득세] 합유의 지분을 인정해야 할까요? / 답변2
  + [4049] ntt=20127 (9742) [취득세] 대표자 변경에 따른 과점주주 해당여부 / 답변2
  + [4050] ntt=20125 (9741) [취득세] 임대주택 감면 문의드립니다 / 답변1
  + [4051] ntt=20121 (9740) [재산세] 재산세 임대사업자 추징관련 질의(지특법 31조 및 31조. / 답변2
  + [4052] ntt=20120 (9739) [재산세] 주택부속토지 범위 산정 / 답변1
  + [4053] ntt=20119 (9738) [취득세] 자동차 취득세 장애인 대체취득시 공동등록인으로 이전하고 . / 답변3
  + [4054] ntt=20116 (9737) [지방세징수법] 공매배당금  관련하여.... / 답변2
  + [4055] ntt=20115 (9736) [취득세] 경매 경락된 기계장비 취득세 부과시 과표기준문의 / 답변3
  + [4056] ntt=20111 (9735) [취득세] 종교단체 취득세 감면문의 / 답변5
  + [4057] ntt=20110 (9734) [등록면허세] 면허세 매뉴얼 해석 문의 / 답변1
  + [4058] ntt=20108 (9733) [취득세] 사실상 혼인이 입증 될 경우 장애인 자동차 감면 추징여부 / 답변1
  + [4059] ntt=20107 (9732) [세외수입] 포상금 처리에 관하여 / 답변0
  + [4060] ntt=20106 (9731) [취득세] 기신고한 가설건축물을 등기하고자할 때 취득세, 등록면허세. / 답변0
  + [4061] ntt=20104 (9730) [재산세] 지특법 제31조의4 주택임대사업에 투자하는 부동산투자회사. / 답변1
[page 1396 완료] 누적 신규 4061건  (이 게시판 저장 총 41,735건)
  + [4062] ntt=20101 (9729) [주민세] 주민세 법인균등분 데이터 감찰 추징 관련 과세예고 문의 / 답변1
  + [4063] ntt=20098 (9728) [자동차세] 자동차세 감면 문의드립니다. / 답변2
  + [4064] ntt=20096 (9727) [주민세] 보험회사 건물내 '000보험대리점' 개인사업자 물적설비없. / 답변1
  + [4065] ntt=20095 (9726) [취득세] 옹벽 이행강제금 부과부서 시가표준액 산정 요청에 따른 산. / 답변0
  + [4066] ntt=20091 (9725) [취득세] 가설건축물 무상이전관련 취득세  문의 / 답변1
  + [4067] ntt=20090 (9724) [등록면허세] 지특법 10조-농협중앙회 융자감면 필요서류가 뭐가 있나요. / 답변2
  + [4068] ntt=20089 (9723) [취득세] 지특법 제31조의4(주택임대사업에 투자하는 부동산투자회사. / 답변1
  + [4069] ntt=20085 (9722) [기타] 전자송달 신청 건인데 종이고지서 병행발송에 대해 어떻게 . / 답변3
  + [4070] ntt=20084 (9721) [재산세] 주택 부속토지 관련입니다. / 답변3
  + [4071] ntt=20082 (9720) [취득세] 상속관련취득세 / 답변2
  + [4072] ntt=20080 (9719) [취득세] 용도 미사용으로 인한 추징 / 답변3
  + [4073] ntt=20079 (9718) [지방세징수법] 공매차량 매매상사 취득시 원차주 주민번호확인의 적법성 여. / 답변1
  + [4074] ntt=20078 (9717) [취득세] 1가구1주택 세율특례(동시에 2채를 지분별로 받았을 경우. / 답변2
  + [4075] ntt=20076 (9716) [취득세] 합유->공유 , 공유->합유로 변경시 취득세 문의 드립니. / 답변1
  + [4076] ntt=20075 (9715) [등록면허세] 용도변경 면허세 부과 질문 / 답변2
  + [4077] ntt=20074 (9714) [취득세] 다목적 지프 차량에 대하여 문의드립니다. / 답변2
  + [4078] ntt=20073 (9713) [주민세] 데이터감찰 주민세(법인균등)과세등록 / 답변3
  + [4079] ntt=20071 (9712) [취득세] 운전전문학원 장내사용 미등록 차량 상속취득세 문의 / 답변1
  + [4080] ntt=20067 (9711) [취득세] 회사 단순분할로 법인이름 일부와 법인등록번호 변경되었을 . / 답변2
  + [4081] ntt=20064 (9710) [취득세] 법인 취득세 중과세 관련 질문입니다. / 답변0
  + [4082] ntt=20063 (9709) [취득세] 지특법31조 감면 (최초분양에 대하여) / 답변0
  + [4083] ntt=20061 (9708) [취득세] 가스관(도관시설)  제어설비가 가스관 취득세 과세표준액에. / 답변2
  + [4084] ntt=20060 (9707) [자동차세] 대체취득 자동차세 기간??ㅠㅠ / 답변4
  + [4085] ntt=20059 (9706) [지방세징수법] 결손액 소멸시효 계산 질문 / 답변3
  + [4086] ntt=20058 (9705) [등록면허세] 면허를 받은자가 변경되는경우(법인번호변경) / 답변1
  + [4087] ntt=20057 (9704) [취득세] 차량취득세 세대분리 추징 질문드립니다. / 답변3
  + [4088] ntt=20055 (9703) [취득세] 부동산 취득 후 사회적기업 인증시 소급사후감면 가능 여부 / 답변1
  + [4089] ntt=20054 (9702) [재산세] 재산조회 문의 / 답변1
  + [4090] ntt=20051 (9701) [취득세] 법인 건물 신축시 과표문의 / 답변1
  + [4091] ntt=20050 (9700) [취득세] 가설건축물 연면적 변경 / 답변1
[page 1397 완료] 누적 신규 4091건  (이 게시판 저장 총 41,765건)
  + [4092] ntt=20049 (9699) [취득세] 상속 취득 시, 지방교육세 문의 / 답변0
  + [4093] ntt=20046 (9698) [재산세] 임대 공동주택 착공 시 토지 감면 여부 / 답변1
  + [4094] ntt=20045 (9697) [재산세] 재산세와 소유권과의 관계 / 답변1
  + [4095] ntt=20044 (9696) [세외수입] 체납세 계좌번호 공유 / 답변1
  + [4096] ntt=20043 (9695) [취득세] 과점주주 신탁주식 관련문의 / 답변1
  + [4097] ntt=20042 (9694) [주민세] 행안부 감찰관련 법인균등분 주민세 재문의 / 답변0
  + [4098] ntt=20040 (9693) [주민세] 데이터 감찰 관련 / 답변1
  + [4099] ntt=20039 (9692) [자동차세] 자동차세 승합 승용 과세 질의 / 답변4
  + [4100] ntt=20037 (9691) [지방세징수법] 차량 공매 배분금 중 소유자 입금분 예탁 관련 질의 / 답변1
  + [4101] ntt=20035 (9690) [기타] 서민주택 농어촌특별세 비과세 여부 문의 / 답변0
  + [4102] ntt=20034 (9689) [취득세] 배우자 및 직계존비속 간 거래 / 답변0
  + [4103] ntt=20033 (9688) [취득세] 관광버스 위수탁계약 및 현물출자? / 답변1
  + [4104] ntt=20030 (9687) [취득세] 장애인 감면 후 파산신청 및 공매로 차량이 이전된 경우 . / 답변1
  + [4105] ntt=20026 (9686) [취득세] 과점주주 과세 대상 여부 질의?(농업협동조합) / 답변2
  + [4106] ntt=20023 (9685) [기타] 제3자 착오납부에 따른 환급금 관련 질문입니다 / 답변3
  + [4107] ntt=20022 (9684) [기타] 전자고지 관련입니다. / 답변2
  + [4108] ntt=20018 (9683) [주민세] 재외국민등록? / 답변2
  + [4109] ntt=20016 (9682) [취득세] 법인이 취득세신고할때! / 답변1
    [retry 1/3] ReadTimeout
  + [4110] ntt=20015 (9681) [취득세] 부동산 경매시 임차보증금을 인수할 경우 취득세 과세표준 . / 답변1
  + [4111] ntt=20014 (9680) [지방세징수법] 자동차 번호판 영치에 대해서 질문 있습니다. / 답변3
  + [4112] ntt=20013 (9679) [주민세] 시설물 수탁자 도시공사에 대한 재산분 주민세 부과여부 / 답변0
  + [4113] ntt=20012 (9678) [지방소득세] 회사정리절차 개시 후 부과처분한 주민세 정리채권에 해당여. / 답변1
  + [4114] ntt=20009 (9677) [취득세] 감면대상을  취득한 날부터 60일 이후  환급신청 / 답변1
  + [4115] ntt=20008 (9676) [기타] 징수유예 납세담보로 전세보증금을 담보하는 경우(긴급!!) / 답변1
  + [4116] ntt=20007 (9675) [취득세] 지특법  8조 임야취득시 감면문의 / 답변0
  + [4117] ntt=20006 (9674) [등록면허세] 주소이전 / 답변3
  + [4118] ntt=20005 (9673) [재산세] 신탁재산 재산세 추징관련 / 답변1
  + [4119] ntt=20004 (9672) [세외수입] 상속한정승인으로 인한 과태료 감액 여부 / 답변3
  + [4120] ntt=20003 (9671) [등록면허세] 등록면허세(면허) 폐업관련 문의 / 답변3
    [retry 1/3] ReadTimeout
    [retry 2/3] ConnectTimeout
  + [4121] ntt=20001 (9670) [지방세징수법] 차량공매 순환배분 문의 / 답변1
[page 1398 완료] 누적 신규 4121건  (이 게시판 저장 총 41,795건)
  + [4122] ntt=20000 (9669) [등록면허세] 등록세 감면 문의 / 답변0
  + [4123] ntt=19999 (9668) [취득세] 과점주주 해설 / 답변1
  + [4124] ntt=19998 (9667) [취득세] 임대의무기간 내에 재개발 사업 등으로 인해 주택이 철거된. / 답변0
  + [4125] ntt=19997 (9666) [취득세] 구조변경 취득세 과세/미과세 질문 / 답변0
  + [4126] ntt=19995 (9665) [재산세] 근생건축물(상가)의 1층 필로티주차장 면적의 안분과 재산. / 답변1
  + [4127] ntt=19994 (9664) [재산세] 종교감면 관련입니다. / 답변1
  + [4128] ntt=19993 (9663) [취득세] 사용승인 전 사실상 사용일로 취득일자를 볼 때 감면 가능. / 답변2
  + [4129] ntt=19992 (9662) [취득세] 저장조 신축 취득세 관련 / 답변2
  + [4130] ntt=19991 (9661) [취득세] 공항버스 취득세 감면 여부(천연가스 아님) / 답변1
  + [4131] ntt=19990 (9660) [자동차세] 구조변경전으로 과세해야할지... / 답변2
  + [4132] ntt=19987 (9659) [주민세] 조직변경해산에 따라 주식회사에서 유한회사로 변경된 법인에. / 답변1
  + [4133] ntt=19985 (9658) [자동차세] 장애인 자동차세 감면 관련해서 질의 올립니다. / 답변3
  + [4134] ntt=19984 (9657) [주민세] 주민세 (종업원분) 인정상여에 대해서 문의드립니다. / 답변1
  + [4135] ntt=19981 (9656) [취득세] 증여 취득세 신고 후 감정평가액으로 수정신고 가능한지의 . / 답변1
  + [4136] ntt=19980 (9655) [취득세] 마을기업 인증 법인 / 답변1
  + [4137] ntt=19975 (9654) [재산세] 염소  사육사는 목장용지로 볼수 없는가요? / 답변1
  + [4138] ntt=19974 (9653) [취득세] 개인끼리 구획정리 취득세 문의입니다. / 답변1
    [retry 1/3] ReadTimeout
  + [4139] ntt=19970 (9652) [주민세] 관리사무소 법인균등분 과세여부 / 답변1
  + [4140] ntt=19969 (9651) [지방소득세] 공시송달 관련 부과철회질문입니다. / 답변1
  + [4141] ntt=19967 (9650) [재산세] 법인이 개인의 농지를 매수하여 재산세 납세의무자로 변경 . / 답변1
  + [4142] ntt=19966 (9649) [취득세] 종교단체(원불교)의 사택감면 문의드립니다. / 답변0
  + [4143] ntt=19965 (9648) [지방세징수법] 체납자가 이사를 가서 집주인이 체납자의 독촉장 등 고지서. / 답변5
  + [4144] ntt=19964 (9647) [취득세] 태양광 부지 지목변경 문의 / 답변1
  + [4145] ntt=19960 (9646) [세외수입] 압류관련 문의입니다. / 답변1
  + [4146] ntt=19958 (9645) [세외수입] 예금압류 해제여부 문의 / 답변5
  + [4147] ntt=19956 (9644) [자동차세] 장애등록일과 비과감면 시작일 문의 / 답변3
  + [4148] ntt=19955 (9643) [취득세] 취득세중 농특세문의 / 답변1
  + [4149] ntt=19953 (9642) [취득세] 차량구조변경 인터넷신고 / 답변1
  + [4150] ntt=19949 (9641) [지방세징수법] 공매 배분순위 / 답변3
  + [4151] ntt=19946 (9640) [등록면허세] 유효기간 관련 등록면허세(면허) 문의 / 답변1
[page 1399 완료] 누적 신규 4151건  (이 게시판 저장 총 41,825건)
  + [4152] ntt=19945 (9639) [지방세징수법] 연대납세의무자 물건 체납처분 가능 문의 / 답변2
  + [4153] ntt=19943 (9638) [주민세] 경비용역 주민세 납세의무자 문의 / 답변1
  + [4154] ntt=19941 (9637) [재산세] 소유자 확인 불가 토지 처리방법 문의드립니다. / 답변2
  + [4155] ntt=19940 (9636) [주민세] 경비용역 주민세 관련 문의합니다. / 답변3
  + [4156] ntt=19939 (9635) [주민세] 경비용역 주민세 문의.. / 답변1
  + [4157] ntt=19938 (9634) [취득세] 신축건물이 화장실인데 용도코드 뭘로 넣으시나요? / 답변1
  + [4158] ntt=19937 (9633) [취득세] 교환으로 대체취득 감면이 될까요? / 답변1
  + [4159] ntt=19936 (9632) [취득세] 차량 대체취득 감면 관련 질문드립니다. / 답변3
  + [4160] ntt=19935 (9631) [취득세] 취득세  자경농민의  농지 상속 취득 경정청구 / 답변1
  + [4161] ntt=19934 (9630) [지방세징수법] 체납자 주소지 방문시 탐문활동 관련 / 답변1
  + [4162] ntt=19933 (9629) [취득세] 종교단체 감면 / 답변1
  + [4163] ntt=19932 (9628) [취득세] 장애인 공동명의차량 이전후 신차 취득시 / 답변2
    [retry 1/3] ReadTimeout
  + [4164] ntt=19931 (9627) [취득세] 무허가건물 미신고 취득 / 답변3
  + [4165] ntt=19930 (9626) [취득세] 리프트 취득세 과세대상 여부 / 답변1
  + [4166] ntt=19929 (9625) [재산세] 한국토지주택공사 임대사업자 감면 관련하여..(지특법제31. / 답변0
  + [4167] ntt=19925 (9624) [주민세] 주민세(재산분)오염물질배출 중과 관련 문의드립니다. / 답변0
  + [4168] ntt=19922 (9623) [등록면허세] 등록면허세(면허) 감액사유 여부 문의 / 답변2
  + [4169] ntt=19919 (9622) [취득세] 아파트 보존등기시 신탁재산 취득... / 답변2
  + [4170] ntt=19917 (9621) [기타] 반출된 담배 회수로 인한 환급 및 공제에 관하여 / 답변1
  + [4171] ntt=19915 (9620) [취득세] 상속재산 신고 납부 후 등기가 미이행시 재협의로 재신고하. / 답변2
  + [4172] ntt=19914 (9619) [취득세] 합유자 사망시 취득세 부과 문제 / 답변2
  + [4173] ntt=19912 (9618) [재산세] 신탁 부동산에 관한 질문 있습니다. / 답변3
    [retry 1/3] ReadTimeout
  + [4174] ntt=19910 (9617) [취득세] 감정가로 증여취득세 신고 후 경정청구 / 답변1
  + [4175] ntt=19909 (9616) [취득세] 지목변경 부과 대상 문의드립니다. / 답변0
  + [4176] ntt=19906 (9615) [자동차세] 자동차세 납세의무자???? / 답변2
  + [4177] ntt=19904 (9614) [지방세징수법] 공동 소유자 차량 공매 문의 드립니다. / 답변4
  + [4178] ntt=19900 (9613) [취득세] 공부지목 현황지목 관련 문의입니다. / 답변3
  + [4179] ntt=19898 (9612) [재산세] 무허가주택 재산세 납세의무자 질의 / 답변2
  + [4180] ntt=19895 (9611) [취득세] 차량 취득세 공급가액 착오관련 / 답변2
  + [4181] ntt=19894 (9610) [취득세] 민간투자사업 여러지자체 동시 진행시 과세표준산정방법 / 답변1
[page 1400 완료] 누적 신규 4181건  (이 게시판 저장 총 41,855건)
  + [4182] ntt=19893 (9609) [지방세징수법] 경매배당순위 문의 드립니다. / 답변2
  + [4183] ntt=19892 (9608) [취득세] 취득세 경정청구 관련 문의드립니다. / 답변1
  + [4184] ntt=19889 (9607) [재산세] 재산세 납세의무자 사망시 부과 관련 문의 / 답변2
  + [4185] ntt=19888 (9606) [취득세] 태양광 시설물 취득세 납부여부 / 답변1
  + [4186] ntt=19886 (9605) [등록면허세] 부동산중개사무소 이전신고(전입) 면허세 / 답변1
  + [4187] ntt=19885 (9604) [세외수입] 충당 후 잔여금(공탁금 이자) 처리방법 질문 / 답변0
  + [4188] ntt=19883 (9603) [주민세] 주민세 행안부 감찰 관련 문의합니다. / 답변1
  + [4189] ntt=19882 (9602) [주민세] 주민세 데이터 감찰 2015년 부터 추징하시나요? / 답변2
  + [4190] ntt=19880 (9601) [재산세] 주택으로 볼 수 있는지 여부 / 답변6
  + [4191] ntt=19879 (9600) [취득세] 국가유공자 감면 추징(1년이내에 공동명의 지분이전 및 주. / 답변4
  + [4192] ntt=19876 (9599) [취득세] 가설건축물 취득세 문의드립니다. / 답변1
  + [4193] ntt=19875 (9598) [주민세] 대표자가 바뀐 아파트 관리사무소에 대한 주민세 추징 여부. / 답변0
  + [4194] ntt=19874 (9597) [등록면허세] 형식적경매(공유물분할경매) 관련 질문드립니다. / 답변1
  + [4195] ntt=19869 (9596) [취득세] 자경농민 감면에 대해 문의드립니다~! / 답변1
  + [4196] ntt=19868 (9595) [재산세] 종교단체(교회) 재산세 감면 / 답변4
  + [4197] ntt=19866 (9594) [등록면허세] 농어업인 융자관련 농업인 기준 / 답변1
  + [4198] ntt=19865 (9593) [취득세] 1가구 1주택의 상속취득 , 상속재산분할협의가 안되었을 . / 답변2
  + [4199] ntt=19864 (9592) [재산세] 짚트랙(짚라인) 재산세 부과 관련 문의입니다! / 답변1
  + [4200] ntt=19863 (9591) [취득세] 과점주주 / 답변2
  + [4201] ntt=19862 (9590) [취득세] 다자녀 감면 취득세 추징 관련 문의드립니다~ / 답변1
  + [4202] ntt=19861 (9589) [취득세] 농지세율(일시적 휴경) 적용여부 / 답변1
  + [4203] ntt=19859 (9588) [취득세] 농업회사법인 취득세 감면 해당 여부 문의 / 답변1
  + [4204] ntt=19857 (9587) [자동차세] 해외체류자에 대한 자동차세 부과 / 답변2
    [retry 1/3] ReadTimeout
  + [4205] ntt=19856 (9586) [등록면허세] 개인이 토지 분할 (분필)하는것 도 지방세법26조에 의해. / 답변3
  + [4206] ntt=19855 (9585) [취득세] 취득세 창업중소기업 감면분 추징문의 / 답변2
  + [4207] ntt=19854 (9584) [등록면허세] 일반음식점의 휴업가능여부 질문 / 답변1
  + [4208] ntt=19851 (9583) [취득세] 공유제지분 콘도회원권 과표적용시 부가가치세 제외? / 답변0
  + [4209] ntt=19850 (9582) [주민세] 데이터감찰(주민세) 과세대상 여부 / 답변1
  + [4210] ntt=19845 (9581) [취득세] 장애인 취득세 감면 및 추징 문의 / 답변4
  + [4211] ntt=19844 (9580) [주민세] 개인사업장 주민세 문의 / 답변2
[page 1401 완료] 누적 신규 4211건  (이 게시판 저장 총 41,885건)
  + [4212] ntt=19841 (9579) [등록면허세] 부과를 해야하는 것과 하지 말아야하는 것 구분이.. / 답변2
  + [4213] ntt=19838 (9578) [주민세] 주민세 법인균등분 질문 / 답변4
  + [4214] ntt=19836 (9577) [등록면허세] 경매받은차량 압류해제 등록면허세?? / 답변1
  + [4215] ntt=19835 (9576) [재산세] 공장 등 옥상 물탱크 과세 / 답변2
  + [4216] ntt=19833 (9575) [기타] 보험 압류 해제 / 답변1
  + [4217] ntt=19832 (9574) [주민세] 주민세 종업원분 질문 (중소기업 특례 관련..) / 답변0
  + [4218] ntt=19830 (9573) [재산세] 집합건축물 과세대장 입력관련 문의입니다..! / 답변1
  + [4219] ntt=19829 (9572) [취득세] 공장이전 감면 관련입니다 / 답변0
  + [4220] ntt=19823 (9571) [취득세] 차량 취득세 등록면허세 실무편람 발간을 한국지방세연구원에. / 답변5
  + [4221] ntt=19821 (9570) [지방소득세] 지방소득세 가산세 환급 관련 질의드려요. / 답변3
  + [4222] ntt=19820 (9569) [등록면허세] 산림경영계획 인가시 입목벌채 허가에 대한 면허세 과세 여. / 답변1
  + [4223] ntt=19818 (9568) [주민세] 주민세 법인균등분 과세대상 문의 / 답변1
  + [4224] ntt=19816 (9567) [취득세] 장애인차량 취득세 관련 / 답변2
  + [4225] ntt=19815 (9566) [등록면허세] 면허세 질문입니다. / 답변1
  + [4226] ntt=19814 (9565) [취득세] 전업농어가주택창고 판단 질의 / 답변1
  + [4227] ntt=19810 (9564) [취득세] 국가유공자 자동차 취득세 관련 질의 / 답변4
  + [4228] ntt=19809 (9563) [취득세] 콘도회원권 과표 질문 / 답변0
  + [4229] ntt=19806 (9562) [취득세] 자경농민 소득금액증명원 2장 합쳐서 3700만원이상이면 / 답변1
  + [4230] ntt=19805 (9561) [취득세] 장애인 자동차 취득세 감면 관련 / 답변2
  + [4231] ntt=19804 (9560) [취득세] 직계존비속간 유상거래시 소득관련 문의 / 답변1
  + [4232] ntt=19803 (9559) [취득세] 광업권 관련 질문 드립니다. / 답변0
  + [4233] ntt=19802 (9558) [기타] 지방세 과세내역도 보존연도가 있나요? / 답변4
  + [4234] ntt=19800 (9557) [취득세] 이혼으로 취득시 취득세 질문있습니다. / 답변3
  + [4235] ntt=19797 (9556) [취득세] 매매용 중고자동차 취득세 추징 관련 질문입니다 / 답변1
  + [4236] ntt=19795 (9555) [재산세] 산업단지내에 나대지 위에 선박관련 자재 물류, 유통용 토. / 답변1
  + [4237] ntt=19791 (9554) [재산세] 결번토지 재산세 부과 / 답변1
  + [4238] ntt=19786 (9553) [취득세] 과점주주 간주취득세 지분율 계산? / 답변2
  + [4239] ntt=19783 (9552) [주민세] 주민세(종업원분) 중소기업 고용지원 특례 질문 / 답변1
  + [4240] ntt=19780 (9551) [재산세] 재산세 수시분 납부기한 문의 / 답변2
  + [4241] ntt=19779 (9550) [취득세] 이전공공기관 이전 임직원 감면관련하여 질의 드립니다 / 답변0
[page 1402 완료] 누적 신규 4241건  (이 게시판 저장 총 41,915건)
  + [4242] ntt=19777 (9549) [취득세] 토지 연부취득의 권리의무승계시 취득시기 / 답변1
  + [4243] ntt=19776 (9548) [취득세] 수용당한 재개발 구역의 입주권(토지)을 대체취득하는경우 . / 답변2
  + [4244] ntt=19774 (9547) [취득세] 1가구1주택감면여부(상속취득세) / 답변2
  + [4245] ntt=19773 (9546) [취득세] 차량 장애인 감면 및 추징 질문드립니다. / 답변3
  + [4246] ntt=19772 (9545) [재산세] 회원제 및 대중제 골프장 문의드립니다. / 답변0
  + [4247] ntt=19769 (9544) [취득세] 창업벤처기업 감면 문의드립니다. / 답변2
  + [4248] ntt=19768 (9543) [지방세징수법] 종교단체 취득세 추징 / 답변2
  + [4249] ntt=19766 (9542) [재산세] 산업입지 및 개발에 관한 법률에 따라 지정된 산업단지 내. / 답변1
  + [4250] ntt=19765 (9541) [재산세] 미등기건물 과세대장 등재 문의드립니다. / 답변2
  + [4251] ntt=19761 (9540) [취득세] 렉스턴스포츠도 화물로 장애인감면 가능한가요?? / 답변3
  + [4252] ntt=19760 (9539) [재산세] 의료법인 주차장 감면 / 답변1
  + [4253] ntt=19759 (9538) [자동차세] 장애인 자동차세 감면 질문합니다. / 답변2
  + [4254] ntt=19758 (9537) [주민세] 주민세 관련 경비용역 부과문의 / 답변4
  + [4255] ntt=19752 (9536) [취득세] 차량 취득세 과세 및 등록면허세 과세여부 / 답변3
  + [4256] ntt=19751 (9535) [재산세] 집합건물에 대한 신탁등기는 있으나, 토지(대지권설정된)에. / 답변1
  + [4257] ntt=19750 (9534) [재산세] 숙박시설 지역자원시설세 3배중과 규정 문의입니다. / 답변1
  + [4258] ntt=19749 (9533) [취득세] 주택토지에 창고신축시 전업농어가창고 코드적용여부? / 답변2
  + [4259] ntt=19748 (9532) [취득세] 지역주택조합  건물 준공시 일반 분양분  취득세 납세의무. / 답변1
  + [4260] ntt=19747 (9531) [취득세] 하이브리드차  감면 / 답변2
  + [4261] ntt=19746 (9530) [취득세] 신탁해지 전 위탁자 사망 후 상속 등기 관련 문의 / 답변2
    [retry 1/3] ReadTimeout
  + [4262] ntt=19743 (9529) [취득세] 공동소유 아파트의 1/2지분을 이혼재산분할하는데 지분에 . / 답변2
  + [4263] ntt=19742 (9528) [취득세] 상속인 중 외국 시민권자가 있는 경우 취득세 신고납부기한. / 답변1
  + [4264] ntt=19741 (9527) [취득세] 국가유공자 당초에 세대 같이 안하는 상태에서 취득세 감면. / 답변6
  + [4265] ntt=19740 (9526) [세외수입] 충당 후 잔여금(공탁금 이자) 처리방법을 알고 싶습니다. / 답변0
  + [4266] ntt=19739 (9525) [취득세] 서로 재산을 주고 받는 재산분할 협의서도 이혼으로 인한 . / 답변3
  + [4267] ntt=19737 (9524) [취득세] 상속 취득세 관련 질의 / 답변2
  + [4268] ntt=19735 (9523) [취득세] 종교단체가 감면받은 부동산을 2년미만 사용하고 분리독립한. / 답변3
  + [4269] ntt=19732 (9522) [세외수입] 차령초과말소 대체압류 권리행사기간 관련하여 궁금합니다. / 답변2
  + [4270] ntt=19729 (9521) [주민세] 주민세 법인균등분 과세 관련 질문드려요 / 답변2
  + [4271] ntt=19728 (9520) [취득세] 상속등록 없이 차량 이전 등기 가능 여부 질의 / 답변1
[page 1403 완료] 누적 신규 4271건  (이 게시판 저장 총 41,945건)
  + [4272] ntt=19727 (9519) [취득세] 자경농민감면 거주지 조건 문의 / 답변1
  + [4273] ntt=19726 (9518) [취득세] 임대주택 관련 판결 사례 알려주세요 / 답변2
  + [4274] ntt=19724 (9517) [취득세] 건물신축시 지방세시스템에 엘리베이터 입력여부 / 답변2
  + [4275] ntt=19723 (9516) [등록면허세] 법인분할에 의한 신설법인 설립 중과관련 / 답변1
  + [4276] ntt=19721 (9515) [취득세] 차량 취득세 감면 추징 질문드립니다. (세대분리) / 답변3
  + [4277] ntt=19720 (9514) [등록면허세] 등록면허세(면허) 휴업기간 문의 / 답변1
  + [4278] ntt=19718 (9513) [취득세] 장애인 감면차량 추징 / 답변3
  + [4279] ntt=19716 (9512) [재산세] 재산세 납세의무자 변경 / 답변1
  + [4280] ntt=19715 (9511) [취득세] 자경농민 감면 소유농지, 소득금액 확인 범위 / 답변0
  + [4281] ntt=19711 (9510) [세외수입] 은행 정보공개 청구관련 질문있습니다. / 답변2
  + [4282] ntt=19708 (9509) [주민세] 주민세 법인균등 데이터감찰 관련 질의입니다. / 답변2
  + [4283] ntt=19707 (9508) [주민세] 낚시터 좌대가 주민세(재산분) 과세대상에 해당하는지의 여. / 답변1
  + [4284] ntt=19706 (9507) [자동차세] 번호판 영치 / 답변2
  + [4285] ntt=19705 (9506) [주민세] 경비용역 주민세 부과 및 대장관리 관련 문의 / 답변3
  + [4286] ntt=19701 (9505) [주민세] 330㎡ 이상 상업시설 / 데이터감찰(주민세 균등분) / 답변2
  + [4287] ntt=19700 (9504) [지방소득세] 건설공사현장의 하도급업체 직원(일용직+상용직)의  지방소. / 답변1
  + [4288] ntt=19699 (9503) [취득세] 구조변경 취득세 문의 드립니다. / 답변2
  + [4289] ntt=19698 (9502) [취득세] 장애인 비과감면차량 취득세 추징질문 / 답변2
  + [4290] ntt=19697 (9501) [취득세] 영농조합법인 취득부동산 감면 / 답변1
  + [4291] ntt=19696 (9500) [등록면허세] 자동판매기의 대수 증가시 수시분 면허세 과세하시는지요? / 답변1
  + [4292] ntt=19693 (9499) [주민세] 경비용역 주민세(법인균등분) 부과와 관련하여 문의합니다 / 답변2
  + [4293] ntt=19691 (9498) [취득세] 건물의 경매낙찰 후 세입자의 보증금 지급시 취득가액에 포. / 답변3
  + [4294] ntt=19690 (9497) [지방소득세] (법인지방소득세) 경정분에 감면분추가납부세액이 있는 경우. / 답변0
  + [4295] ntt=19686 (9496) [지방소득세] 법인지방소득세 가산세 관련 문의 / 답변1
  + [4296] ntt=19679 (9495) [재산세] 종교 단체 감면에 대한 재산세 질의 / 답변1
  + [4297] ntt=19678 (9494) [등록면허세] 등록면허세(면허) 문의 / 답변1
  + [4298] ntt=19677 (9493) [취득세] 주택 지분만큼만 취득시에 지방세 정보시스템에서... / 답변0
  + [4299] ntt=19673 (9492) [취득세] 무허가건축물 취득시기 / 답변1
  + [4300] ntt=19669 (9491) [취득세] 취득세  비과세 (지방세법9조1항) 자기와 자기외의 구분. / 답변1
  + [4301] ntt=19668 (9490) [취득세] 상품용으로 감면 받은 중고매매업자가 폐업을 하게 됐을 경. / 답변2
[page 1404 완료] 누적 신규 4301건  (이 게시판 저장 총 41,975건)
  + [4302] ntt=19667 (9489) [취득세] 취득세 실무 요약정리한 파일 부탁드립니다. / 답변0
  + [4303] ntt=19666 (9488) [자동차세] 장애인 차량 대체취득 자동차세 감면 / 답변2
  + [4304] ntt=19665 (9487) [재산세] 지특법 제19조의2 아동복지시설에 대한 재산세 감면 문의. / 답변2
  + [4305] ntt=19662 (9486) [취득세] 직계존비속 간 부담부증여 문의드립니다. / 답변0
  + [4306] ntt=19658 (9485) [주민세] 경비용역 주민세(법인균등) 문의.. / 답변3
  + [4307] ntt=19656 (9484) [지방소득세] 과다환급에 대한 부과시 가산세문의 / 답변1
  + [4308] ntt=19655 (9483) [취득세] 유언으로 인한 상속시 취득세 필요서류에 관해서 / 답변1
  + [4309] ntt=19654 (9482) [자동차세] 사실상 폐차 해석의 범위 / 답변2
  + [4310] ntt=19651 (9481) [지방세징수법] 채권압류후 후속조치를 통한 체납처분 방법에 대한 문의 / 답변0
  + [4311] ntt=19650 (9480) [취득세] 차량 구조변경 과세/미과세 질의 / 답변0
  + [4312] ntt=19644 (9479) [취득세] 시 보조금(지원금) 취득세 과세표준 포함 여부 문의 / 답변0
  + [4313] ntt=19642 (9478) [취득세] 승강기 부품교체 관련 취득세 부과 질의 / 답변1
  + [4314] ntt=19638 (9477) [기타] 지방세 과세 정보 공개여부 / 답변1
  + [4315] ntt=19637 (9476) [자동차세] 사망자 명의 차량 자동차세  상속포기 외에는 상속대상자에. / 답변3
    [retry 1/3] ReadTimeout
  + [4316] ntt=19635 (9475) [취득세] 법원판결후 사망시 취득세 부과에 대해서 / 답변0
  + [4317] ntt=19634 (9474) [취득세] 과점주주 취득세 성립여부 판단 / 답변0
  + [4318] ntt=19631 (9473) [등록면허세] 통신판매업 관련 등록면허세(면허) 문의 / 답변2
  + [4319] ntt=19629 (9472) [지방소득세] 당해년도 지방소득세 환급 / 답변2
  + [4320] ntt=19627 (9471) [재산세] 숙박시설 객실 면적 60제곱미터 미만인 경우 / 답변0
  + [4321] ntt=19626 (9470) [재산세] 사권제한토지 집행 여부 / 답변3
  + [4322] ntt=19625 (9469) [취득세] 이륜차취득세 과표 어떻게 적용 하시나요? / 답변4
  + [4323] ntt=19622 (9468) [취득세] 이륜차 / 답변5
  + [4324] ntt=19621 (9467) [취득세] 가설건축물 리모델링 관련해서 질문드립니다. / 답변2
  + [4325] ntt=19620 (9466) [지방세징수법] 부동산 압류 효력 / 답변3
  + [4326] ntt=19617 (9465) [취득세] 미등기 전매 해당여부 / 답변2
  + [4327] ntt=19614 (9464) [지방세징수법] 예금압류 체납액의 적정선 여부 / 답변4
  + [4328] ntt=19613 (9463) [취득세] 과점주주 취득세 문의(특수관계인) / 답변2
  + [4329] ntt=19612 (9462) [취득세] 택지개발 부담금 및 기반시설설치비 등 지목변경 취득세와 . / 답변1
  + [4330] ntt=19611 (9461) [취득세] 취득세 감면 신청 시 업무처리 절차 부탁합니다. / 답변3
  + [4331] ntt=19607 (9460) [재산세] 주 구조가 철골조 인데 벽면이 칼라강판이나 조립식패널인 . / 답변1
[page 1405 완료] 누적 신규 4331건  (이 게시판 저장 총 42,005건)
  + [4332] ntt=19606 (9459) [취득세] 기계장비 기종검색을하면 기준가액이 취득일자에 따라 달라지. / 답변2
  + [4333] ntt=19604 (9458) [재산세] (별도합산, 감면 관련) 연구소 부속토지 면적 계산 질의 / 답변1
  + [4334] ntt=19601 (9457) [취득세] 농업회사법인이 버섯재배사로 건물을 취득하는 경우 100%. / 답변1
  + [4335] ntt=19600 (9456) [취득세] 재건축사업 소유권이전고시 관련 토지 취득세 문의(조합원/. / 답변0
    [retry 1/3] ReadTimeout
    [retry 2/3] ConnectTimeout
  + [4336] ntt=19599 (9455) [취득세] 창업중소기업 감면신청서류 / 답변3
  + [4337] ntt=19597 (9454) [취득세] 이륜차관련질문있습니다. / 답변2
  + [4338] ntt=19596 (9453) [취득세] 지목변경관련)토목공사가 완료된 토지를 매수한 법인이 지목. / 답변0
  + [4339] ntt=19595 (9452) [기타] 성실납세자 선정 문의합니다. / 답변3
  + [4340] ntt=19593 (9451) [주민세] 주민세 재산분, 다업체1사업장 신고 문의 / 답변1
  + [4341] ntt=19591 (9450) [자동차세] 자동차세 도난말소 후 환급가능여부 / 답변1
  + [4342] ntt=19590 (9449) [취득세] 지방세특례제한법의 중복감면 배제규정에 관한 질의 / 답변1
  + [4343] ntt=19589 (9448) [자동차세] 관련 법령 문의 (자동차세) / 답변3
  + [4344] ntt=19587 (9447) [취득세] 곤충사육사 농업생산시설(축사) 자경농민 감면대상 / 답변0
  + [4345] ntt=19584 (9446) [주민세] 사업소 요건 관련 질의 / 답변1
  + [4346] ntt=19583 (9445) [취득세] 지목변경 중과 관련하여 질문드립니다. / 답변0
  + [4347] ntt=19582 (9444) [취득세] 장애인 대체취득 60일에 관하여 질문 드립니다 / 답변2
  + [4348] ntt=19581 (9443) [자동차세] 주소지 동일 세대분가 자동차세 추징문의 / 답변4
  + [4349] ntt=19580 (9442) [취득세] 영어조합법인의 사료저장창고를 영어에 직접사용하는 부동산으. / 답변1
  + [4350] ntt=19579 (9441) [등록면허세] 건설기계 취득세, 등록면허세 세율 / 답변4
  + [4351] ntt=19578 (9440) [취득세] 잔금미지급하였다는 소명자료 / 답변1
  + [4352] ntt=19576 (9439) [취득세] 이중납부의 정의에 대하여 질문입니다. / 답변2
  + [4353] ntt=19575 (9438) [주민세] 주민세 균등분 사망자 문의드립니다. / 답변3
  + [4354] ntt=19573 (9437) [취득세] 추징사유발생일 질의 / 답변4
  + [4355] ntt=19572 (9436) [취득세] 상속시 과세표준 / 답변4
  + [4356] ntt=19571 (9435) [주민세] 법인균등(아파트관리사무소) 문의 / 답변2
  + [4357] ntt=19570 (9434) [자동차세] 경차? 소형화물? / 답변5
  + [4358] ntt=19569 (9433) [취득세] 지목변경 취득세의 납세의무자 특정 질의 / 답변1
  + [4359] ntt=19568 (9432) [지방세징수법] 법인지방소득세 수시분(과점주주 2차납세자관련) / 답변1
  + [4360] ntt=19567 (9431) [취득세] 법원 보정명령... / 답변2
  + [4361] ntt=19566 (9430) [취득세] 지특법 12조 어업법인 감면 질문있어요 / 답변0
[page 1406 완료] 누적 신규 4361건  (이 게시판 저장 총 42,035건)
  + [4362] ntt=19562 (9429) [재산세] 한국농어촌공사 토지 관련입니다. / 답변0
  + [4363] ntt=19561 (9428) [세외수입] 보조금환수금에 대한 징수 / 답변1
  + [4364] ntt=19560 (9427) [취득세] 캠핑카 승차정원 변경 취득세 문의드립니다. / 답변4
  + [4365] ntt=19559 (9426) [취득세] 계약해제 후 재 계약시 취득세 납세의무 관련 문의입니다. / 답변5
  + [4366] ntt=19556 (9425) [취득세] 1가구 1주택 감면 질의드립니다~ / 답변2
  + [4367] ntt=19555 (9424) [취득세] 원인무효 판결 후, 취득세 환급관련 문의드립니다. / 답변1
  + [4368] ntt=19554 (9423) [취득세] 화해권고결정-무효결정에 따른 원취득자의 취득세 환급여부 / 답변1
  + [4369] ntt=19553 (9422) [취득세] 주택 공유물분할 초과지분 취득세율 문의 / 답변0
  + [4370] ntt=19552 (9421) [재산세] 재산세 다가구 주택 입력시 문의 / 답변3
  + [4371] ntt=19550 (9420) [지방소득세] 사채이자가 지방소득세(특별징수) 과표에 포함 되는지요? / 답변2
  + [4372] ntt=19549 (9419) [기타] 1가구1주택 상속취득후  매도시 추징여부 / 답변5
  + [4373] ntt=19548 (9418) [지방세징수법] 당해세 질의 / 답변6
  + [4374] ntt=19546 (9417) [주민세] 주민세(개인균등) 관련 / 답변6
  + [4375] ntt=19545 (9416) [취득세] 차량 취득세 납세자 경정(리스) 관련 / 답변1
  + [4376] ntt=19543 (9415) [취득세] 취득세 감면시 농특세 세율 관련 / 답변2
  + [4377] ntt=19542 (9414) [취득세] 신혼부부 생애최초 취득세 감면에 따른 환급문의입니다. / 답변3
    [retry 1/3] ReadTimeout
    [retry 2/3] ConnectTimeout
    [retry 3/3] ConnectTimeout
  + [4378] ntt=19539 (9412) [재산세] 지자체로부터 사용료를 받고 있는 도로에 대한 사권제한 감. / 답변1
  + [4379] ntt=19538 (9411) [취득세] 어촌계에서 어업권 취득하는건 감면없는거죠?? / 답변0
  + [4380] ntt=19537 (9410) [재산세] 미등기건물을 사망으로 인하여 직권등재된 경우 / 답변4
  + [4381] ntt=19534 (9409) [취득세] 상속 시 등록세는 납부하지 않고 취득세만 납부할 수 있는. / 답변3
  + [4382] ntt=19533 (9408) [취득세] 매매계약 후 매도자가 잔금 치루기 전 사망 시 취득세 관. / 답변5
  + [4383] ntt=19532 (9407) [재산세] 파산자 재산세부과 / 답변5
  + [4384] ntt=19531 (9406) [기타] 개인정보 관련 문의합니다. / 답변0
  + [4385] ntt=19530 (9405) [기타] 신고되어 체납된 취득세를 부과취소 혹은 징수유예하는 것이. / 답변3
  + [4386] ntt=19528 (9404) [등록면허세] 어업변경허가(지분) / 답변1
  + [4387] ntt=19527 (9403) [취득세] 환지된 토지를 공유물 분할할 경우 취득세 과세 문의입니다. / 답변0
  + [4388] ntt=19522 (9402) [취득세] 단기임대의무기간? / 답변0
  + [4389] ntt=19520 (9401) [주민세] 퇴직자에게 지급한 상여금 과세표준 포함여부와 관련하여 종. / 답변0
  + [4390] ntt=19519 (9400) [재산세] 가설건축물(콘테이너) 임시 주거용 사용시 주택분 과세여부 / 답변6
[page 1407 완료] 누적 신규 4390건  (이 게시판 저장 총 42,064건)
  + [4391] ntt=19518 (9399) [등록면허세] 망자 차량 폐차 시 등록면허세 납부 여부 질의 합니다. / 답변2
  + [4392] ntt=19514 (9398) [재산세] 신탁원부 보는 방법??? / 답변3
  + [4393] ntt=19511 (9397) [취득세] 장애인과 국가유공자 중복 감면신청 / 답변3
  + [4394] ntt=19510 (9396) [취득세] 차량 취득세 장애인 감면 관련입니다! / 답변2
  + [4395] ntt=19509 (9395) [기타] 현장 추심 징수요원 운영 관련 문의합니다. / 답변0
  + [4396] ntt=19507 (9394) [지방세징수법] 경매에 따른 배분계산 / 답변8
  + [4397] ntt=19506 (9393) [취득세] 신축건축물 / 답변1
  + [4398] ntt=19505 (9392) [취득세] 어린이집 건물 감면 후 토지감면 / 답변1
  + [4399] ntt=19504 (9391) [기타] 개별주택 관련 프로그램은?? / 답변2
  + [4400] ntt=19503 (9390) [취득세] 신혼부부 취득세 감면 문의(경정청구) / 답변1
  + [4401] ntt=19497 (9389) [취득세] 장애 감면 차량 세대분리 추징 문의드립니다. / 답변1
  + [4402] ntt=19495 (9388) [재산세] 농촌주택개량사업 재산세 감면 / 답변1
  + [4403] ntt=19494 (9387) [취득세] 법인 부동산 취득시 취득세 중과? / 답변2
  + [4404] ntt=19493 (9386) [취득세] 신혼부부 생애최초 감면 문의드립니다. / 답변0
  + [4405] ntt=19492 (9385) [취득세] 작년소득 6,200만원 올해 퇴사 / 신혼부부 최초주택 . / 답변0
  + [4406] ntt=19488 (9384) [취득세] 교회용 차량 취득세 추징대상인지 질문드립니다. / 답변5
  + [4407] ntt=19487 (9383) [취득세] 장애인차 +전기차 추징 질문있습니다. / 답변5
  + [4408] ntt=19486 (9382) [취득세] 매도자가 법인일때 거래계약해제시 취득세 취소 문의 / 답변2
  + [4409] ntt=19484 (9381) [주민세] 주민세 법인균등분 관련입니다. (관리사무소) / 답변2
  + [4410] ntt=19483 (9380) [재산세] 상속대표자신고자를 재산세 납세의무자로?? / 답변3
  + [4411] ntt=19482 (9379) [취득세] 지입차량 취득세 부과 시기 / 답변5
  + [4412] ntt=19481 (9378) [취득세] 취득세 가산세 문의드립니다. / 답변4
  + [4413] ntt=19477 (9377) [취득세] 어린이집 공동 쥐득 시  취득세 감면여부 / 답변3
  + [4414] ntt=19475 (9376) [기타] 창고 가설건축물에서 비닐이나 천막같은 재질의 사용에 대한. / 답변0
  + [4415] ntt=19474 (9375) [재산세] 미등기건물(누락건물) 재산세 과세대장 등재 관련문의드립니. / 답변6
  + [4416] ntt=19473 (9374) [재산세] 하자로 인한 분양대금 반환 청구소송에 따른 취득세 재산세. / 답변0
  + [4417] ntt=19471 (9373) [자동차세] 국가유공자 감면 문의 드립니다. / 답변11
  + [4418] ntt=19470 (9372) [취득세] 임차인이 설치한 에스컬레이터 취득세 납세의무자 / 답변5
  + [4419] ntt=19469 (9371) [취득세] 자경농민  주택 감면? / 답변4
  + [4420] ntt=19468 (9370) [취득세] 자동차세 및 취득세 장애감면 중 공동명의자가 3명일 경우. / 답변6
[page 1408 완료] 누적 신규 4420건  (이 게시판 저장 총 42,094건)
  + [4421] ntt=19467 (9369) [주민세] 주민세(법인균등분) 관련 문의 드립니다. / 답변5
  + [4422] ntt=19466 (9368) [등록면허세] 건축허가 등록면허세 문의 / 답변3
  + [4423] ntt=19462 (9367) [기타] 법인등기각하된 법인등록면허세 환급 관련 문의 / 답변3
  + [4424] ntt=19461 (9366) [재산세] 상속인 직권등재 / 답변3
  + [4425] ntt=19459 (9365) [취득세] 주택개량사업 선정시 창고면적 포함여부 / 답변3
  + [4426] ntt=19458 (9364) [지방소득세] 연말정산 환급액 차감 관련 / 답변1
  + [4427] ntt=19455 (9363) [재산세] 상속포기 판결 후 상속등기이전된 소유자의 재산세 납부여부 / 답변0
  + [4428] ntt=19454 (9362) [취득세] 취득세 특약사항의 대출금 승계 과세표준 포함 여부 관련 / 답변0
  + [4429] ntt=19453 (9361) [취득세] 과점주주 취득세 과세대상에 해당하지 궁금합니다. / 답변2
  + [4430] ntt=19452 (9360) [취득세] 법인 취득 자산 취득세 신고시 장부가액 / 답변3
  + [4431] ntt=19450 (9359) [취득세] 농업회사법인 감면분 추징관련 / 답변0
  + [4432] ntt=19449 (9358) [재산세] 임대사업자 감면 환급 관련 문의드립니다. / 답변2
  + [4433] ntt=19448 (9357) [재산세] 부과제척기간이 경과한 재산세 과세자료 납세자 번호 정정 . / 답변1
  + [4434] ntt=19446 (9356) [취득세] 가설건축물(흡연부스)취득세문의 / 답변0
  + [4435] ntt=19445 (9355) [취득세] 1가구1주택 감면 질의 / 답변2
  + [4436] ntt=19443 (9354) [등록면허세] 근저당권'이전' 시에도 농지원부 첨부하여 영농자금 융자 . / 답변0
  + [4437] ntt=19442 (9353) [취득세] 차량 취득세 추징 국가유공자 이면서 다자녀 해당요건에 될. / 답변5
  + [4438] ntt=19441 (9352) [기타] 개별주택가격 열람 등 홍보 방안 / 답변2
  + [4439] ntt=19439 (9351) [취득세] 과점주주 관련 신탁주식 문의 / 답변0
  + [4440] ntt=19436 (9350) [취득세] 지특법 33조 주택건설사업자 행안부 해석 나왔네요 / 답변0
  + [4441] ntt=19433 (9349) [기타] 개인정보수집동의 / 답변3
  + [4442] ntt=19432 (9348) [취득세] 다자녀차랑 질문있어요! / 답변6
  + [4443] ntt=19431 (9347) [재산세] 농업회사법인이 취득한 부동산의 해당 용도에 직접 사용범위 / 답변2
  + [4444] ntt=19429 (9346) [취득세] 개인 신축, 법인시공자 파산으로 증빙 자료 미제출시 과표. / 답변0
  + [4445] ntt=19428 (9345) [취득세] 과점주주 간주취득 / 답변2
  + [4446] ntt=19425 (9344) [취득세] 지특법 제57조의2 기업합병 감면 관련 질의 / 답변0
  + [4447] ntt=19424 (9343) [등록면허세] 차량 직권말소 등록면허세 문의,,, / 답변3
  + [4448] ntt=19423 (9342) [취득세] 징발재선정리에 관한 특별조치법(지방세법 9조 4항)에 따. / 답변0
  + [4449] ntt=19422 (9341) [자동차세] 중복으로 감면되고 있던 장애인 자동차세 감면과 추징 / 답변4
  + [4450] ntt=19421 (9340) [취득세] 지특법 57조의2 1항 기업합병 / 답변0
[page 1409 완료] 누적 신규 4450건  (이 게시판 저장 총 42,124건)
  + [4451] ntt=19419 (9339) [취득세] 유증기회수설비 취득세 과세처리 문의 / 답변0
  + [4452] ntt=19418 (9338) [지방소득세] 지방소득세(특별징수) 납세지 문의 / 답변4
  + [4453] ntt=19417 (9337) [기타] 11층이상 고층건물에 대한 지역자원시설세 3배 중과 문의. / 답변1
  + [4454] ntt=19416 (9336) [기타] 재산세 제척기간 경과 후 납세자번호 변경 가능 여부 질의. / 답변2
  + [4455] ntt=19414 (9335) [기타] 농공단지 대체입주 감면 기간 / 답변0
  + [4456] ntt=19410 (9334) [기타] 개인이 건물 신축시 신고가액 인정 여부 / 답변2
  + [4457] ntt=19407 (9333) [기타] 이카운티 25인승 -> 캠핑카로 튜닝 후 승차인원 9인승. / 답변5
  + [4458] ntt=19405 (9332) [취득세] 재건축 정비기반시설 취득세 비과세 여부 / 답변0
  + [4459] ntt=19403 (9331) [기타] 용도변경된 신축건물 과표 관련 질의 / 답변0
  + [4460] ntt=19402 (9330) [기타] 매매취소 후 미등기 상태로 60일 넘었을 경우 업무처리 . / 답변2
    [retry 1/3] ReadTimeout
  + [4461] ntt=19397 (9329) [기타] 자동차세 연대납세자 / 답변4
  + [4462] ntt=19396 (9328) [기타] 공유토지에 대한 재산세 관련 / 답변0
  + [4463] ntt=19395 (9327) [기타] 공매 배분 관련하여 질의합니다. / 답변1
  + [4464] ntt=19392 (9326) [기타] 공장 경락취득 시 기계기구 및 제시 외 건물 과세여부 / 답변1
  + [4465] ntt=19385 (9325) [기타] 침수차량 취득세 감면과 관련하여 문의 드립니다. / 답변4
  + [4466] ntt=19382 (9324) [기타] 재산세-개발제한구역 임야 분리과세 문의 / 답변0
  + [4467] ntt=19381 (9323) [기타] 대도시내 법인 부동산 취득 중과 여부 / 답변0
  + [4468] ntt=19380 (9322) [기타] 자동차세 장애인 감면 문의드립니다 / 답변4
  + [4469] ntt=19378 (9321) [기타] 상속한정승인 관련 질문입니다. / 답변4
  + [4470] ntt=19377 (9320) [기타] 무허가건물 취득세문의 / 답변5
  + [4471] ntt=19371 (9319) [기타] 등록면허세(면허) 위탁관련 문의 / 답변2
  + [4472] ntt=19370 (9318) [기타] 주민세(개인사업장분)- 부동산 임대업 - 과세 여부 / 답변3
  + [4473] ntt=19366 (9317) [기타] 상속취득세 연대납세의무로 부과할때, 대표자만신고할경우 / 답변3
  + [4474] ntt=19361 (9316) [기타] 농지 중 일부만 밭작물 경작할 경우 농지로 볼 수 있는지. / 답변7
  + [4475] ntt=19360 (9315) [기타] 계약해제에 따른 재산세 납세의무자 질의입니다. / 답변3
  + [4476] ntt=19358 (9314) [기타] 유언대용신탁에 따른 취득의 상속인 납세의무자 여부 / 답변2
  + [4477] ntt=19356 (9313) [기타] 과세자료제출명령에 대해 회신하는데 질문입니다. / 답변1
  + [4478] ntt=19354 (9312) [기타] 노인복지시설 감면 구비서류? / 답변0
  + [4479] ntt=19353 (9311) [기타] 주택임대사업자 다가구주택(원룸) 은 몇호실이든 간에 1채. / 답변5
  + [4480] ntt=19351 (9310) [기타] 장애인감면 세대분리 질문있어요 / 답변6
[page 1410 완료] 누적 신규 4480건  (이 게시판 저장 총 42,154건)
  + [4481] ntt=19350 (9309) [기타] 차량취득시 유공자감면분 지분만큼만 부과가능할까요? / 답변2
  + [4482] ntt=19348 (9308) [기타] 개별주택가격 산정시 대단위 주택부속토지 면적 결정 / 답변1
  + [4483] ntt=19346 (9307) [기타] 화해권고결정에 대해 등기상 소유자로 부과할지 실사용자로 . / 답변3
  + [4484] ntt=19344 (9306) [기타] 실거래금액 변동 후 취득세 추가부과문의 / 답변0
  + [4485] ntt=19343 (9305) [기타] 천재지변 관련 건물 원시취득 취득세 감면문의 / 답변2
  + [4486] ntt=19341 (9304) [기타] 차량 지분압류 하는 법 질의 / 답변2
  + [4487] ntt=19340 (9303) [기타] 미공시 공동주택가격 지방세 심의위원회 / 답변1
  + [4488] ntt=19338 (9302) [기타] 사유발생일 어떻게들 생각하시는지요? / 답변2
    [retry 1/3] ReadTimeout
  + [4489] ntt=19337 (9301) [기타] 장애인 감면 차량 대체취득 문의합니다. / 답변6
    [retry 1/3] ReadTimeout
  + [4490] ntt=19336 (9300) [기타] 지식산업센터 재산세 감면 관련 문의입니다. / 답변2
  + [4491] ntt=19335 (9299) [기타] 국가유공자 취득세 감면문의드립니다. / 답변3
  + [4492] ntt=19332 (9298) [기타] 전자고지 신청자의 경우 가산금 감액 / 답변6
  + [4493] ntt=19329 (9297) [기타] 가산세 문의드립니다. / 답변3
  + [4494] ntt=19328 (9296) [기타] 자동차세 선납제도 도입 배경 / 답변3
  + [4495] ntt=19327 (9295) [기타] 불법 용도변경 재산세 부과 관련 / 답변2
  + [4496] ntt=19325 (9294) [기타] 리스차량 이전관련 질의해요 / 답변4
  + [4497] ntt=19323 (9293) [기타] 차량취득세 장애인감면 관련 / 답변3
  + [4498] ntt=19322 (9292) [기타] 차량 취득세 추징 납기 관련으로 질문드립니다 / 답변2
  + [4499] ntt=19319 (9291) [기타] 법인지방소득세 신고 및 납부불성실 가산세 계산 문의 / 답변2
  + [4500] ntt=19316 (9290) [기타] 취득세 관련 질의(지목변경, 이재민 건물신축) / 답변2
  + [4501] ntt=19315 (9289) [기타] 이혼으로 인한 협의분할 취득을 매매로 신고하는 경우 / 답변2
  + [4502] ntt=19314 (9288) [기타] 사실상 폐차차량의 자동차세 관련 입니다.. / 답변2
  + [4503] ntt=19313 (9287) [기타] 재산세 별도합산토지 가능 여부 관련 질문드립니다. / 답변2
  + [4504] ntt=19312 (9286) [기타] 총기 소지 갱신 허가 시에 등록면허세 부과여부 / 답변4
  + [4505] ntt=19311 (9285) [기타] 농협(지역축협)의 고유목적 사업 해당여부(가축병원) / 답변0
  + [4506] ntt=19310 (9284) [기타] 법인이 아닌 단체의 대표자에게 부과된 납세자관리 / 답변0
  + [4507] ntt=19309 (9283) [기타] 임대사업자 감면 개정관련 질의 / 답변1
  + [4508] ntt=19306 (9282) [기타] (재산세) 주택부속토지 면적 안분 / 답변1
  + [4509] ntt=19304 (9281) [기타] 등록면허세 문의 / 답변2
  + [4510] ntt=19303 (9280) [기타] 경형자동차에 대한 취득세 감면 / 답변3
[page 1411 완료] 누적 신규 4510건  (이 게시판 저장 총 42,184건)
  + [4511] ntt=19299 (9279) [기타] 공부상 개인명의 토지 문중으로 납세의무자 변경 / 답변0
  + [4512] ntt=19297 (9278) [기타] 개인사업자 지방소득세(특별징수) 납세지 문의 / 답변2
  + [4513] ntt=19296 (9277) [기타] 장애인 차량 대체취득에 대해서 질문드립니다! / 답변5
  + [4514] ntt=19294 (9276) [기타] 사망한 전남편 명의의 토지 를  다른 사람과 재혼한 배우. / 답변1
  + [4515] ntt=19288 (9275) [기타] 연부계약 잔금지급시 취득시기 / 답변1
  + [4516] ntt=19284 (9274) [기타] 선순위채권과다등으로 평가액부족시 결손처분사유는 어디에 속. / 답변3
  + [4517] ntt=19283 (9273) [기타] 태양광발전시스템이 주민세 과세대상인 사업소에 해당되는지 . / 답변0
  + [4518] ntt=19281 (9272) [기타] 귀농인 감면한 토지에대해서 추징여부 / 답변2
  + [4519] ntt=19280 (9271) [기타] 상속한정승인 질문 / 답변2
  + [4520] ntt=19279 (9270) [기타] 상속 대위등기 후 화해 권고 결정 / 답변0
  + [4521] ntt=19276 (9269) [기타] 1가구1주택감면질의(도와주세요~~) / 답변4
  + [4522] ntt=19275 (9268) [기타] 지방세특례제한법 제46조 1항 관련해서 질문드립니다 / 답변2
  + [4523] ntt=19274 (9267) [기타] 일반주거지역내 대지에 농사를 지울경우 재산세 도시지역분 / 답변4
  + [4524] ntt=19272 (9266) [기타] 개인이 신청한 지목변경에 대해서 법인장부 과표적용 질의 / 답변0
  + [4525] ntt=19271 (9265) [기타] (재산세) 부과 제척기간 기산일 / 답변3
  + [4526] ntt=19269 (9264) [기타] 재개발구역내 무허가주택 취득세율 적용 질의 / 답변0
  + [4527] ntt=19265 (9263) [기타] 신규아파트 분양시 잔금유예 관련 취득세 / 답변2
  + [4528] ntt=19260 (9262) [기타] 포상금 지급 관련 민원신청 / 답변0
  + [4529] ntt=19259 (9261) [기타] 종교단체 수양원 질문 / 답변0
  + [4530] ntt=19257 (9260) [기타] 임차인이 설치한 시스템에어컨 / 답변3
  + [4531] ntt=19256 (9259) [기타] 지방세기본법 제50조 제2항_후발적 사유에 따른 경정청구. / 답변1
  + [4532] ntt=19253 (9258) [기타] 과점주주 취득세 최초 도입시기 및 배경 등 / 답변0
  + [4533] ntt=19247 (9257) [기타] 법인지방소득세 인터넷 경정청구 / 답변1
  + [4534] ntt=19246 (9256) [기타] 종교단체 감면 종교단체의 범위 질문 / 답변3
  + [4535] ntt=19245 (9255) [기타] 무허가건물 상속 취득세 문의드립니다. / 답변4
  + [4536] ntt=19241 (9254) [기타] 이륜자동차 관련 과태료 문의드려요 / 답변1
  + [4537] ntt=19239 (9253) [기타] 등록면허세 위험물이동탱크저장소(면허) 관련 질의 / 답변3
  + [4538] ntt=19238 (9252) [기타] 무허가 건축물을 재산세 대장에 등재 요청하는 경우 / 답변1
  + [4539] ntt=19237 (9251) [기타] 천재지변 대체취득 관련 문의입니다. / 답변4
  + [4540] ntt=19236 (9250) [기타] 지입차량 대체압류 해제관련 궁금합니다. / 답변2
[page 1412 완료] 누적 신규 4540건  (이 게시판 저장 총 42,214건)
  + [4541] ntt=19234 (9249) [기타] 무허가 주택 상속 재분할 질의드립니다. / 답변4
  + [4542] ntt=19230 (9248) [기타] 직권등재 관련하여 질문이 있습니다 / 답변1
  + [4543] ntt=19229 (9247) [기타] 한국수자원공사 소유의 현황지목  공원용지 과세 문의~~~ / 답변0
  + [4544] ntt=19228 (9246) [기타] 취득세 과표에 산입여부 질의 / 답변4
  + [4545] ntt=19227 (9245) [기타] 사회복지법인 직접사용 범위 문의 / 답변3
  + [4546] ntt=19226 (9244) [기타] 압류한 물건별 체납납부후 개별 압류해제 가능여부 / 답변2
  + [4547] ntt=19224 (9243) [기타] 타시군 번호판 영치차량 공매 / 답변3
  + [4548] ntt=19222 (9242) [기타] 취득세 관련 고급주택 과세기준 질의 / 답변1
  + [4549] ntt=19220 (9241) [기타] 대체취득 감면기간 적용 관련 문의 / 답변1
  + [4550] ntt=19219 (9240) [기타] 급여 추심시 제3채무자에 대한  제재 / 답변1
  + [4551] ntt=19217 (9239) [기타] 취득세 및 등록면허세(등록) 대사자료 처리관련 문의 / 답변7
  + [4552] ntt=19215 (9238) [기타] 차량 등록면허세(대표자변경) / 답변3
  + [4553] ntt=19212 (9237) [기타] 차령초과 말소와 멸실 차이점? / 답변4
  + [4554] ntt=19211 (9236) [기타] 지방소득세 양도소득 환급 질문입니다 / 답변1
  + [4555] ntt=19208 (9235) [기타] 지방소득세(특별징수) 납세지 문의 / 답변1
  + [4556] ntt=19206 (9234) [기타] 창업중소기업 재산세 감면 관련 / 답변0
  + [4557] ntt=19204 (9233) [기타] 환급 기간 관련 질의 부탁드립니다~~ / 답변2
  + [4558] ntt=19203 (9232) [기타] 아래 지방세법 제68조(매매용 및) 보충 질의합니다. / 답변4
  + [4559] ntt=19201 (9231) [기타] 지방세법 제68조(매매용 및 수출용 중고자동차 등에 대한. / 답변5
  + [4560] ntt=19200 (9230) [기타] 재산세 과세대장 문의입니다. / 답변5
  + [4561] ntt=19199 (9229) [기타] 공유물 분할시 개인아닌 법인간 공유물 분할시의 과표금액 . / 답변0
  + [4562] ntt=19198 (9228) [기타] 주민세(개인균등분) 시군조례 감면 여부? (인천광역시 2. / 답변2
  + [4563] ntt=19197 (9227) [기타] 1가구1주택(상속)관련 질의 / 답변1
  + [4564] ntt=19191 (9226) [기타] 감면조항 변경 가능여부 / 답변2
  + [4565] ntt=19190 (9225) [기타] 지입차량 취득세 관련 질의 / 답변4
  + [4566] ntt=19187 (9224) [기타] 종교단체 감면 관련 / 답변2
  + [4567] ntt=19182 (9223) [기타] 취득세도 당해세에 포함되나요? / 답변5
  + [4568] ntt=19181 (9222) [기타] 종업원분 주민세 월평균급여총액 문의 / 답변3
  + [4569] ntt=19180 (9221) [기타] (재산세) 업무 분장 관련 / 답변7
  + [4570] ntt=19178 (9220) [기타] 직계존비속 부담부증여시 취득세 과세표준액 질의 / 답변3
[page 1413 완료] 누적 신규 4570건  (이 게시판 저장 총 42,244건)
  + [4571] ntt=19177 (9219) [기타] 재산세(주택_ 납세의무자 문의드립니다. / 답변4
  + [4572] ntt=19175 (9218) [기타] 지특법 제73조관련 부재부동산 소유자 / 답변0
  + [4573] ntt=19173 (9217) [기타] 이륜차관련 질문입니다 / 답변3
  + [4574] ntt=19172 (9216) [기타] 공부상 지목이 묘지가 아닌데 현황이 묘지일 경우 과세 / 답변4
  + [4575] ntt=19171 (9215) [기타] (재산세) 상속 포기 판결문의 부과 제외 기준일 / 답변4
  + [4576] ntt=19169 (9214) [기타] 임대사업자 면허세 임대물건 매각 / 답변3
  + [4577] ntt=19167 (9213) [기타] 법인 신축 취득세 관련 도급업체 파산시 과표산정 문의 / 답변0
  + [4578] ntt=19166 (9212) [기타] 환급금 양도시 체납이 있는 경우 / 답변0
  + [4579] ntt=19165 (9211) [기타] 장애인과 장애인의 공동명의로 등록한 차량 / 답변5
  + [4580] ntt=19164 (9210) [기타] 대지권 등기시 등록세 납부 / 답변0
  + [4581] ntt=19163 (9209) [기타] 국세 경정할때 개인지방소득세 고지서 / 답변2
  + [4582] ntt=19162 (9208) [기타] 취득세 관련 기부채납 질의 / 답변0
  + [4583] ntt=19161 (9207) [기타] 감면차량 세대분리 추징후 부득이한 사유인정시 취득세/자동. / 답변5
  + [4584] ntt=19160 (9206) [기타] 장애인차량 세대분리할때 질문있어요 / 답변6
  + [4585] ntt=19159 (9205) [기타] 비닐하우스 상속 취득세 부과 문의 / 답변2
  + [4586] ntt=19157 (9204) [기타] 농어촌특별세 감면 대상 / 답변1
  + [4587] ntt=19155 (9203) [기타] 지방세징수법 제21조 상계금지의 의미란? / 답변1
  + [4588] ntt=19154 (9202) [기타] 자동차세 장애인 감면기간 문의드립니다. / 답변3
  + [4589] ntt=19153 (9201) [기타] 농업법인에서 일반법인으로 전환시 추징 관련 / 답변1
  + [4590] ntt=19151 (9200) [기타] 자동차세 상속 문의 / 답변6
  + [4591] ntt=19148 (9199) [기타] 임대사업자 추징제외사유에 상속이전이 들어가는지 ?? / 답변2
  + [4592] ntt=19146 (9198) [기타] 체납고지서 고지의무는 어디까지가 맞나요? / 답변4
  + [4593] ntt=19145 (9197) [기타] 지방소득세 세율관련 문의 / 답변1
  + [4594] ntt=19142 (9196) [기타] 등록면허세 면허 문의 / 답변2
  + [4595] ntt=19139 (9195) [기타] 창업중소기업 법해석 문의 / 답변2
  + [4596] ntt=19132 (9194) [기타] 면허세 방문민원 제로화 사업 / 답변3
  + [4597] ntt=19129 (9193) [기타] 소유권 이전등기 말소된 소유자의 당해세 배당 여부 / 답변3
  + [4598] ntt=19127 (9192) [기타] 일몰로 종료된 지특법 제33조 제1항 주택건설사업자 관련. / 답변3
  + [4599] ntt=19126 (9191) [기타] 상속 1가구 1주택 취득시 가족관계증명서 필요여부 질의 / 답변5
  + [4600] ntt=19123 (9190) [기타] 주민세 개인사업자균등분 '사업소' 문의 / 답변1
[page 1414 완료] 누적 신규 4600건  (이 게시판 저장 총 42,274건)
  + [4601] ntt=19120 (9189) [기타] 광역교통시설부담금과 관련된 소송비용이 취득가액에 포함되는. / 답변0
    [retry 1/3] ReadTimeout
  + [4602] ntt=19119 (9188) [기타] 1가구 1주택 상속 취득세 감면에 대해 문의드립니다. / 답변4
  + [4603] ntt=19118 (9187) [기타] 상품용 차량 구조변경 취득세 / 답변5
  + [4604] ntt=19117 (9186) [기타] 장애인차량 추징후 신차 감면할때 질문요 / 답변6
  + [4605] ntt=19114 (9185) [기타] 아파트 지목 변경 취득세 과표 산정시 조경시설물 공사비 . / 답변3
  + [4606] ntt=19113 (9184) [기타] 주민세(종업원분) 종업원 급여 지급일 관련입니다. / 답변1
  + [4607] ntt=19112 (9183) [기타] 단독주택 건물보존시 다락면적 과세여부 / 답변5
  + [4608] ntt=19111 (9182) [기타] [재산세] 타인명의 학교용지 감면 / 답변0
  + [4609] ntt=19110 (9181) [기타] 주민세 균등분(개인사업) 질의 드립니다. / 답변5
  + [4610] ntt=19109 (9180) [기타] 면허세 정기분 없는게 낫지 않을까요? / 답변5
  + [4611] ntt=19108 (9179) [기타] 요양원 입소자 주민세(개인균등)  부과문의 / 답변3
  + [4612] ntt=19107 (9178) [기타] 법인지방소득세 국세청통보자료 문의 / 답변2
  + [4613] ntt=19106 (9177) [기타] 과점주주의 과점주주 간주취득세 문의 / 답변1
  + [4614] ntt=19104 (9176) [기타] 장애인차량 대체취득할때 질문있습니다 / 답변6
  + [4615] ntt=19103 (9175) [기타] 지방세 환급 서류관련 / 답변4
  + [4616] ntt=19102 (9174) [기타] 기부채납 관련입니다. / 답변0
  + [4617] ntt=19101 (9173) [기타] 세외수입 예금압류,추심 관련 궁금합니다. / 답변3
  + [4618] ntt=19099 (9172) [기타] 선박 재산세 문의합니다. / 답변4
  + [4619] ntt=19096 (9171) [기타] 지역특산품생산단지가 있는 지역 있으신가요? / 답변0
  + [4620] ntt=19095 (9170) [기타] 태양광발전소 지목변경 취득시기 / 답변3
  + [4621] ntt=19092 (9169) [기타] 유흥업소 중과대상 재산세 문의 / 답변5
  + [4622] ntt=19091 (9168) [기타] 종교단체 감면 문의(재산세) / 답변1
  + [4623] ntt=19090 (9167) [기타] (취득세) 폐가인 경우 시가표준액 처리방법 문의 / 답변4
  + [4624] ntt=19086 (9166) [기타] 이혼에 따른 재산분할로 인한 취득세 세율 / 답변7
  + [4625] ntt=19079 (9165) [기타] 무허가 건물 명의이전에 관하여 질의 / 답변5
  + [4626] ntt=19078 (9164) [기타] 세외수입관련인데...도움좀.. / 답변1
  + [4627] ntt=19077 (9163) [기타] 주민세(재산분) 문의드립니다. / 답변4
  + [4628] ntt=19076 (9162) [기타] 지목변경 취득시기 문의 / 답변4
  + [4629] ntt=19073 (9161) [기타] 결손취소 통지 질의 / 답변5
  + [4630] ntt=19072 (9160) [기타] 별도합산 면적 계산 / 답변3
[page 1415 완료] 누적 신규 4630건  (이 게시판 저장 총 42,304건)
  + [4631] ntt=19070 (9159) [기타] 실제 잔금지급이 이뤄지지 않은 상태에서 취득일로부터 60. / 답변6
  + [4632] ntt=19067 (9158) [기타] 위기지역내 중소기업 감면 궁금한거 있습니다.(지특법 75. / 답변0
  + [4633] ntt=19066 (9157) [기타] 상속취득세지분관련질의(아주어려움) / 답변5
  + [4634] ntt=19064 (9156) [기타] 주민세(균등분 재산분 종업원분) 사업장 판단 종업원 관련. / 답변1
  + [4635] ntt=19061 (9155) [기타] 취득세 - 신탁 관련하여 문의 / 답변3
  + [4636] ntt=19059 (9154) [기타] 사후감면시 감면분 농특세 부과 관련하여~ / 답변0
  + [4637] ntt=19057 (9153) [기타] 기숙사 거주시 주민세 면제되는 지침이 있었나요? / 답변2
  + [4638] ntt=19053 (9152) [기타] 지입회사 내 실차주 변경 취득세 추징 질문 / 답변2
  + [4639] ntt=19052 (9151) [기타] 다자녀감면 차량 추징후 다른차량을 사후 환급신청할 경우 / 답변2
  + [4640] ntt=19051 (9150) [기타] (취득세) 증여계약서상 기재된 프리미엄 인정여부 / 답변1
  + [4641] ntt=19050 (9149) [기타] 1가구 1주택 자격 요건 / 답변2
  + [4642] ntt=19048 (9148) [기타] 재단채권 포함여부는 부과일자로 보아야하나요 납세의무성립일. / 답변1
  + [4643] ntt=19046 (9147) [기타] 법인지방소득세 외국납부세액 관련 판례 공유 부탁드립니다. / 답변1
  + [4644] ntt=19043 (9146) [기타] 폐차인수증명서 문의드립니다. / 답변3
  + [4645] ntt=19042 (9145) [기타] 면허의 취소에 관한 질문드립니다! / 답변1
  + [4646] ntt=19041 (9144) [기타] 법인 분할 / 답변2
  + [4647] ntt=19040 (9143) [기타] 과태료 체납차량 영치 관련 문의 / 답변0
  + [4648] ntt=19038 (9142) [기타] 세무조사 대상법인의 폐업 / 답변2
  + [4649] ntt=19037 (9141) [기타] 아파트 신축건물 과표 포함여부 / 답변3
  + [4650] ntt=19036 (9140) [기타] 장애인 자동차 취득세 감면문의입니다 / 답변1
  + [4651] ntt=19035 (9139) [기타] 과점주주가 외국법인일 경우 간주취득세 부과 절차 문의 / 답변1
  + [4652] ntt=19033 (9138) [기타] 개인소유의 종교용토지 문의 / 답변2
  + [4653] ntt=19030 (9137) [기타] 출입국관련 주민세개인균등분 질문입니다. / 답변0
  + [4654] ntt=19029 (9136) [기타] 행안부 유권해석 자료를 구합니다. / 답변2
  + [4655] ntt=19028 (9135) [기타] 미등기&미등록 부동산에 대해 재산세 납부로 소유권을 주장. / 답변4
  + [4656] ntt=19026 (9134) [기타] 학교법인 소유 임야를 교육용 재산으로 비과세 / 답변4
  + [4657] ntt=19025 (9133) [기타] 다자녀 양육자랑 장애 자녀랑 공동명의해서 다자녀 감면 가. / 답변3
  + [4658] ntt=19024 (9132) [기타] 공매 배분 문의 / 답변3
  + [4659] ntt=19023 (9131) [기타] 공동주택 등 공시가격 적용시점 문의 / 답변4
  + [4660] ntt=19021 (9130) [기타] 상속취득세 안내를 위해 사망자 명단을 추려내는 방법 / 답변3
[page 1416 완료] 누적 신규 4660건  (이 게시판 저장 총 42,334건)
  + [4661] ntt=19020 (9129) [기타] 과점주주 특수관계인 판단 시 '지배적 영향력'에 대하여 / 답변4
    [retry 1/3] ReadTimeout
    [retry 2/3] ConnectTimeout
  + [4662] ntt=19019 (9128) [기타] 공시송달 문의 / 답변0
  + [4663] ntt=19017 (9127) [기타] 압류한 물건의 평가금액을 제외한 나머지 체납액을 부분결손. / 답변3
  + [4664] ntt=19015 (9126) [기타] 도로점용허가 재교부 관련 면허세 질문입니다 / 답변3
  + [4665] ntt=19014 (9125) [기타] 토지수용 대체취득 질문있어요! / 답변3
  + [4666] ntt=19013 (9124) [기타] 경매낙찰, 압류, 소유권이전등기 / 답변6
  + [4667] ntt=19012 (9123) [기타] 창업중소기업 감면 / 답변0
  + [4668] ntt=19011 (9122) [기타] 과태료로 공매대행가능여부 / 답변3
  + [4669] ntt=19009 (9121) [기타] 지방세징수법 (압류해제의 요건 vs 체납처분중지)에 관해 / 답변2
  + [4670] ntt=19008 (9120) [기타] 장애인 자동차세 감면 질문입니다., / 답변5
  + [4671] ntt=19002 (9119) [기타] 국세청 원천징수신고내역 통보자료대사 관련 / 답변1
  + [4672] ntt=19001 (9118) [기타] 과세예고통지서 미배달시 송달방법? / 답변1
  + [4673] ntt=18998 (9117) [기타] 상속재산분할협의서 받으실 때 / 답변2
  + [4674] ntt=18996 (9116) [기타] 기타유원시설업 안전성 확인검사 대상 유기기구 취득세 과세. / 답변0
  + [4675] ntt=18995 (9115) [기타] 부가가치세법에 의한 폐업 시 면허분 등록면허세 비과세 대. / 답변4
  + [4676] ntt=18994 (9114) [기타] 직계존비속 간의 유상거래 입증서류 / 답변2
  + [4677] ntt=18993 (9113) [기타] 지방세환급금 소멸시효 / 답변2
  + [4678] ntt=18992 (9112) [기타] 지방소득세 가산세 소액징수면제규정 / 답변0
  + [4679] ntt=18991 (9111) [기타] 등기완료 후 매매금액 정정 / 답변2
  + [4680] ntt=18989 (9110) [기타] 공매 입고차량 반환된 경우 자동차세 부과여부 / 답변3
  + [4681] ntt=18988 (9109) [기타] 차량 취득세 납세자 문의 / 답변6
  + [4682] ntt=18986 (9108) [기타] 소멸시효 완성된 지방세환급금 세입처리 / 답변0
  + [4683] ntt=18984 (9107) [기타] 가처분 취소에 대한 등록세 환급질의 / 답변3
  + [4684] ntt=18981 (9106) [기타] 지목변경 취득세 공동소유의 토지의 부과방법에 대해서 / 답변2
  + [4685] ntt=18979 (9105) [기타] 등록면허세(면허) 중 위험물제조소 추가 등록으로 인한 변. / 답변2
  + [4686] ntt=18977 (9104) [기타] 고지서 납부기한 연장사유가 되는지 문의드립니다. / 답변0
  + [4687] ntt=18975 (9103) [기타] 자동차세액 계산 방법 문의 / 답변3
  + [4688] ntt=18974 (9102) [기타] 과태료 부과 사전통지 반송분에 대한 공시송달 / 답변0
  + [4689] ntt=18973 (9101) [기타] 합유자 사망 시 재산세 부과 / 답변5
  + [4690] ntt=18971 (9100) [기타] 재산세(주택)_ 납세의무자 문의드립니다. / 답변2
[page 1417 완료] 누적 신규 4690건  (이 게시판 저장 총 42,364건)
  + [4691] ntt=18968 (9099) [기타] 과세기준일  7.1 휴업자 주민세 균등분(개인사업자) 과. / 답변3
  + [4692] ntt=18967 (9098) [기타] 재산세 주택 과세 여부 입니다. / 답변4
  + [4693] ntt=18965 (9097) [기타] 지방세환급금관련입니다. / 답변1
  + [4694] ntt=18963 (9096) [기타] 압류통지서 공시송달 질문 / 답변2
  + [4695] ntt=18962 (9095) [기타] 지특법 19조 어린이집 취득세 감면 질문있어요 / 답변3
  + [4696] ntt=18960 (9094) [기타] 취득세 중과세 대상인지의 여부에 대해서 문의 드립니다. / 답변1
  + [4697] ntt=18958 (9093) [기타] 미상속 부동산 직권등재 관련 문의 / 답변3
  + [4698] ntt=18957 (9092) [기타] 사망자 차량 공매 가능여부 문의 / 답변2
  + [4699] ntt=18956 (9091) [기타] 산업단지 시행자 무상공급대상 토지 재산세 질의 / 답변2
  + [4700] ntt=18954 (9090) [기타] 차량 법인 장부가액 인정 (보험지급금 관련) / 답변0
  + [4701] ntt=18952 (9089) [기타] 창업중소기업 업종추가... / 답변1
  + [4702] ntt=18951 (9088) [기타] 지역주택조합 승계 조합원 토지취득건에 대한 취득세 과표문. / 답변1
  + [4703] ntt=18948 (9087) [기타] 사업자등록 폐업한 영농조합법인 감면 문의 / 답변1
  + [4704] ntt=18947 (9086) [기타] 이륜차관련 질문입니다 / 답변5
  + [4705] ntt=18946 (9085) [기타] 재산세 관련문의드립니다.(기부채납) / 답변1
  + [4706] ntt=18944 (9084) [기타] 도시계획 재산세 공원 조성하는 지역 / 답변0
  + [4707] ntt=18942 (9083) [기타] 차량 재공매 후, 낙찰포기한 입찰보증금 충당 질의 / 답변2
  + [4708] ntt=18941 (9082) [기타] 기부채납용 부동산 비과세(지위승계 여부) / 답변0
  + [4709] ntt=18940 (9081) [기타] 취득세감면/ 이주단지에 토지 대체취득 후 건물 신축할 경. / 답변2
    [retry 1/3] ReadTimeout
    [retry 2/3] ConnectTimeout
  + [4710] ntt=18939 (9080) [기타] 법인지방소득세 산출세액이 오르락내리락하는 경우 가산세 계. / 답변1
  + [4711] ntt=18937 (9079) [기타] 장애인 차량감면  관련   등록 취소 하면 환급 가능합니. / 답변5
  + [4712] ntt=18936 (9078) [기타] 직계존비속 간 거래에 있어 실제 거래사실 증빙서류 문의입. / 답변0
  + [4713] ntt=18934 (9077) [기타] 취득세 추징 시, 적용방법 문의 (직계존비속 간 부동산 . / 답변2
  + [4714] ntt=18932 (9076) [기타] (재산세) 소액부징수 질문드립니다~~~ / 답변4
  + [4715] ntt=18930 (9075) [기타] 농촌주택개량사업 지목변경 취득세 / 답변2
  + [4716] ntt=18929 (9074) [기타] 지목변경시 자경농민 감면적용여부 / 답변2
  + [4717] ntt=18928 (9073) [기타] 파산관재인이  재산(자동차) 처분시 / 답변2
  + [4718] ntt=18927 (9072) [기타] 기제출한 서류를 세무대리인이 열람요청을 하였을때? / 답변2
  + [4719] ntt=18926 (9071) [기타] 1가구1주택 감면 관련 질문드립니다. / 답변7
  + [4720] ntt=18925 (9070) [기타] 공동명의자 사망에 따른 자동차세 감액 문의 / 답변0
[page 1418 완료] 누적 신규 4720건  (이 게시판 저장 총 42,394건)
  + [4721] ntt=18923 (9069) [기타] 처분금지 가처분 등록세 질의합니다 / 답변2
  + [4722] ntt=18922 (9068) [기타] 시도군의원에 대한 과세자료 제공가능 여부 / 답변1
  + [4723] ntt=18920 (9067) [기타] 종합소득세 납세지 / 답변0
  + [4724] ntt=18918 (9066) [기타] 어업허가 등록면허세(면허)  문의 / 답변2
    [retry 1/3] ReadTimeout
    [retry 2/3] ConnectTimeout
    [retry 3/3] ConnectTimeout
  + [4725] ntt=18915 (9064) [기타] 양도소득세 납세지 질문입니다!! / 답변3
  + [4726] ntt=18914 (9063) [기타] 상속으로 인한 연대납세자에대한 지분별과세에 대해서 / 답변3
  + [4727] ntt=18911 (9062) [기타] 임업후계자 자경농민 취득세 감면 문의드립니다 / 답변1
  + [4728] ntt=18910 (9061) [기타] 차량 상속관련 질문입니다... / 답변4
  + [4729] ntt=18909 (9060) [기타] 산림경영계획 인가일과 계획기간관련해서 문의좀 드리겠습니다. / 답변0
  + [4730] ntt=18908 (9059) [기타] 정당한 사유 없이 그 취득일부터 1년이 경과할 때까지 해. / 답변2
  + [4731] ntt=18906 (9058) [기타] 취득세 원인무효 판결시 환급 / 답변2
  + [4732] ntt=18901 (9057) [기타] 직권등재 문의 / 답변1
  + [4733] ntt=18900 (9056) [기타] 개별주택가격 "변전소와의 거리" 측정결과 배포 / 답변0
  + [4734] ntt=18898 (9055) [기타] 향교 종교단체 감면여부 / 답변0
  + [4735] ntt=18897 (9054) [기타] 연부계약 해제(계약파기)에 따른 환급가능여부 / 답변1
  + [4736] ntt=18895 (9053) [기타] 세외수입(차량과태료) 관련 감액사유가 될지 궁금합니다. / 답변2
  + [4737] ntt=18894 (9052) [기타] 소유권 합의해제 환급관련 문의 / 답변3
  + [4738] ntt=18892 (9051) [기타] 임대주택 감면 관련 질문드립니다. / 답변1
  + [4739] ntt=18891 (9050) [기타] 과수원 관련 재산세 문의합니다. / 답변1
  + [4740] ntt=18890 (9049) [기타] 지특법 79조 본점이전하여 취득하는 부동산 감면 관련 질. / 답변1
  + [4741] ntt=18888 (9048) [기타] 골프장 원형보존지 재산세(토지) 관련 궁금합니다. / 답변3
  + [4742] ntt=18887 (9047) [기타] 자동차세 담당자님들에게 질문!! / 답변4
  + [4743] ntt=18886 (9046) [기타] 양도소득세 사망자 부과 질문 / 답변2
  + [4744] ntt=18885 (9045) [기타] 주택 유상거래시 무허가 부분 세율 적용 / 답변1
  + [4745] ntt=18882 (9044) [기타] 지입회사변경 문의 / 답변2
  + [4746] ntt=18879 (9043) [기타] 지방소득세 납세지문의 / 답변0
  + [4747] ntt=18877 (9042) [기타] 지방소비세 관련 문의 드립니다. / 답변1
  + [4748] ntt=18875 (9041) [기타] 귀농인 감면 질의(동일 시군내 이전시 감면 가능여부) / 답변1
  + [4749] ntt=18874 (9040) [기타] 공매후 낙찰자 자동차명의이전 문의 / 답변1
[page 1419 완료] 누적 신규 4749건  (이 게시판 저장 총 42,423건)
  + [4750] ntt=18873 (9039) [기타] 종교단체 소유 농지 감면여부 질의 / 답변2
  + [4751] ntt=18870 (9038) [기타] 공유물 분할인지 여부 / 답변2
  + [4752] ntt=18868 (9037) [기타] 이혼에 의한 재산분할 관련 문의 / 답변3
  + [4753] ntt=18867 (9036) [기타] 체납된 건을 분납으로 납부할 경우 소멸시효가 중단된다는데. / 답변2
  + [4754] ntt=18866 (9035) [기타] 주민세 종업원분 미신고 된거 조사중인데 궁금한게 있어요 / 답변3
  + [4755] ntt=18864 (9034) [기타] 개인 명의로 등재되어 있는 사실상 종중재산 관련 서류 / 답변1
  + [4756] ntt=18863 (9033) [기타] 부동산 압류 해제 / 답변2
  + [4757] ntt=18862 (9032) [기타] 농지만 가지고 있다가 축사까지 취득시 자경농민 감면 될까. / 답변0
  + [4758] ntt=18861 (9031) [기타] 재산세(상속미등기이행) / 답변1
  + [4759] ntt=18860 (9030) [기타] 재산세 사실상의 소유자(과세기준일 기준) / 답변5
  + [4760] ntt=18859 (9029) [기타] 증여계약  문의 드립니다.(환원) / 답변3
  + [4761] ntt=18856 (9028) [기타] 임대업변경 / 답변2
  + [4762] ntt=18853 (9027) [기타] 경락받은 양어장의 기계기구에 대한 취득세 부과방법 / 답변2
  + [4763] ntt=18850 (9026) [기타] 사망자의 재산 압류 / 답변3
  + [4764] ntt=18848 (9025) [기타] (재질의) 공유물 분할 판결에 의한 취득세 과표선정 / 답변1
  + [4765] ntt=18846 (9024) [기타] 과점주주여부 관련 / 답변2
  + [4766] ntt=18843 (9023) [기타] 타 자치단체 전자송달 방법 문의 및 민원대응요령 / 답변5
  + [4767] ntt=18840 (9022) [기타] 가설건축물 중과세 여부 질의드립니다. / 답변2
  + [4768] ntt=18839 (9021) [기타] 개인균등분 주민세 비과세대상 중 수급자의 범위 / 답변3
  + [4769] ntt=18838 (9020) [기타] 주민세 종업원문 문의드립니다. / 답변2
  + [4770] ntt=18837 (9019) [기타] 교통사고차량 법인장부가액 인정 구체적 기준에 대한 문의드. / 답변0
  + [4771] ntt=18836 (9018) [기타] 주민세 종업원분 문의드립니다. / 답변2
  + [4772] ntt=18835 (9017) [기타] 대위변제하는 임대료에 대한 압류가능 여부 / 답변1
  + [4773] ntt=18833 (9016) [기타] 법인전환에 따른 추징 문의(창업중소기업, 산업단지 입주기. / 답변2
  + [4774] ntt=18832 (9015) [기타] 주민세(개인사업자 균등분) 과세,면세 겸업 관련입니다. / 답변2
  + [4775] ntt=18830 (9014) [기타] 후계어업인 취득세 감면받을때 서류 어떤게 필요한가요? / 답변0
  + [4776] ntt=18829 (9013) [기타] (재산세) 상속포기로 인한 납세의무자 설정(?) / 답변4
  + [4777] ntt=18827 (9012) [기타] [자동차 취득세]국가유공자,장애인 등 대체취득감면 질의 / 답변4
  + [4778] ntt=18826 (9011) [기타] 지방세특례제한법제31조3 항의  공공주택특별법 제50조의. / 답변1
  + [4779] ntt=18821 (9010) [기타] 가설건축물(컨테이너) 이전할 때 취득세 문의 / 답변2
[page 1420 완료] 누적 신규 4779건  (이 게시판 저장 총 42,453건)
  + [4780] ntt=18820 (9009) [기타] 영농조합법인 설립 감면에 대한 문의 / 답변1
  + [4781] ntt=18817 (9008) [기타] 지자체 공동기숙사(00학사)  주민세 재산분 관련 질문드. / 답변0
  + [4782] ntt=18815 (9007) [기타] 주택신축 시 농어촌특별세 주거전용부속토지 배율표 적용 여. / 답변0
  + [4783] ntt=18814 (9006) [기타] 주민세(법인균등분) - 내용 추가 / 답변1
  + [4784] ntt=18811 (9005) [기타] 폐차장 체납확인과 개인정보 관련 / 답변2
  + [4785] ntt=18810 (9004) [기타] 감면할때 가산세는 감면 안하는게 맞는거죠? / 답변7
  + [4786] ntt=18808 (9003) [기타] 한국도로공사 관련 문의드립니다. / 답변1
  + [4787] ntt=18806 (9002) [기타] 자동차세 감액 여부 질의드립니다. / 답변2
  + [4788] ntt=18805 (9001) [기타] 분할납부 신청 / 답변4
  + [4789] ntt=18803 (9000) [기타] 대물변제 관련 질의드립니다. / 답변1
  + [4790] ntt=18799 (8999) [기타] 증여관련 취득세 문의입니다. / 답변1
  + [4791] ntt=18797 (8998) [기타] 지목변경시 납세의무자에대해서 / 답변1
  + [4792] ntt=18796 (8997) [기타] 주민세(법인균등분) 문의 / 답변6
  + [4793] ntt=18794 (8996) [기타] 기부채납 관련 문의드립니다. / 답변0
  + [4794] ntt=18791 (8995) [기타] [재산세 토지] 산지전용을 받지 않고 농지로 사용하는 경. / 답변1
  + [4795] ntt=18790 (8994) [기타] 폐염전에 딸린 유지 분리과세 여부 / 답변0
  + [4796] ntt=18789 (8993) [기타] 가산세 법정기일 문의드립니다. / 답변1
  + [4797] ntt=18788 (8992) [기타] 구도심 빌딩 산업기술단지 감면 적용 / 답변0
  + [4798] ntt=18787 (8991) [기타] 세부담 재산세문의 / 답변4
  + [4799] ntt=18786 (8990) [기타] 취득세 가산세 여부 문의합니다. / 답변2
  + [4800] ntt=18785 (8989) [기타] 취득세 추징 관련 문의드립니다. / 답변3
  + [4801] ntt=18783 (8988) [기타] 자동차 소유자 사망 후 / 답변3
  + [4802] ntt=18780 (8987) [기타] 대체취득 감면 관련 "수용(매수)확인서" 문의 / 답변2
  + [4803] ntt=18779 (8986) [기타] 장애인/유공자 차량 취득세 공동명의 감면 후 지분이전 뒤. / 답변10
  + [4804] ntt=18775 (8985) [기타] 재건축 조합원 아파트 취득세 임대사업자 감면 / 답변2
  + [4805] ntt=18774 (8984) [기타] 30세 미만 미혼 세대주 주민세 수시부과 / 답변4
  + [4806] ntt=18772 (8983) [기타] 가족간 유상거래 증빙자료로 어떤것을 받고 계신지 시군의견. / 답변1
  + [4807] ntt=18771 (8982) [기타] 개인지방소득세 2020년 본예산 다들 세우셨나요? / 답변1
  + [4808] ntt=18768 (8981) [기타] 이자소득만 있는 비영리법인 기한후 신고 / 답변1
  + [4809] ntt=18767 (8980) [기타] 건축물 철거로 보아 재산세를 부과할 수 있는지? / 답변4
[page 1421 완료] 누적 신규 4809건  (이 게시판 저장 총 42,483건)
  + [4810] ntt=18764 (8979) [기타] 체납자의 공탁보증 보험 압류 가능 여부 질의 / 답변0
  + [4811] ntt=18763 (8978) [기타] 승차정원감소(원형)시 취득세 비과세 대상일까요 / 답변2
  + [4812] ntt=18759 (8977) [기타] 산림화를 위한 농지전용한 토지 재산세 부과 / 답변2
  + [4813] ntt=18756 (8976) [기타] 한국도로공사 관련 재산세 토지 문의드립니다. / 답변1
  + [4814] ntt=18752 (8975) [기타] 노인복지시설 감면관련 정당한 사유에 대한 문의입니다 / 답변1
  + [4815] ntt=18750 (8974) [기타] 법적 근거 요청 / 답변2
  + [4816] ntt=18749 (8973) [기타] 임대사업자 관련 질문드립니다. / 답변3
  + [4817] ntt=18748 (8972) [기타] 장애인 자동차세 감면 후  장애인 차량 취득세 감면을 또. / 답변4
  + [4818] ntt=18747 (8971) [기타] 배우자간 유상취득 추징질의 / 답변2
  + [4819] ntt=18744 (8970) [기타] 자동차세 자체 조사에 의한 멸실처리 문의. / 답변1
  + [4820] ntt=18743 (8969) [기타] 결손처분에 대해서 질문 있습니다. / 답변4
  + [4821] ntt=18740 (8968) [기타] 부담부증여시 소유재산 처분금액 인정가능여부 문의 / 답변0
  + [4822] ntt=18736 (8967) [기타] 자경 농민 상속(배우자) 요건 / 답변3
  + [4823] ntt=18735 (8966) [기타] 차량 구조변경 관련 문의드립니다. / 답변1
  + [4824] ntt=18734 (8965) [기타] 기업부설연구소 재산세 감면 관련 문의드립니다 / 답변1
  + [4825] ntt=18733 (8964) [기타] 주민세 법인균등분 폐업관련입니다. / 답변3
  + [4826] ntt=18732 (8963) [기타] 다수의 납세자가 경정청구 들어온 경우의 통지서는 어떤식으. / 답변1
  + [4827] ntt=18730 (8962) [기타] 마을회(체험장 등) 관련하여 감면 여부 / 답변2
  + [4828] ntt=18729 (8961) [기타] 갯벌 경우 어떻게 부과? / 답변1
  + [4829] ntt=18728 (8960) [기타] 법인합병에 따른 사업용재산 취득세 감면 문의드립니다. / 답변0
  + [4830] ntt=18726 (8959) [기타] 사망자 주민세 균등분 / 답변2
  + [4831] ntt=18725 (8958) [기타] 농지관련(토지분) / 답변2
  + [4832] ntt=18723 (8957) [기타] 재산세 부과 및 감액 문의입니다. / 답변3
  + [4833] ntt=18721 (8956) [기타] 사단법인이 운영하는 어린이집 주민세 법인균등분 과세문의 / 답변1
  + [4834] ntt=18718 (8955) [기타] 장애인 차량중 정당한 사유 질문있습니다~! / 답변5
  + [4835] ntt=18717 (8954) [기타] 납세자 주소 정보 3자에게 제공 가능한가요? / 답변8
  + [4836] ntt=18714 (8953) [기타] 지방세특례제한법 제31조 3항의 적용 문의 / 답변2
  + [4837] ntt=18711 (8952) [기타] 재산세 토지분 부과 제척기간 문의입니다. / 답변4
  + [4838] ntt=18708 (8951) [기타] (재산세) 노인복지시설 감면 관련 / 답변1
  + [4839] ntt=18705 (8950) [기타] 법인이 발급한 현금영수증을 취득가액으로 적용여부(이륜차취. / 답변4
[page 1422 완료] 누적 신규 4839건  (이 게시판 저장 총 42,513건)
  + [4840] ntt=18700 (8949) [기타] 자경농민 감면 질의ㅇㅇ / 답변1
  + [4841] ntt=18694 (8948) [기타] 선박(수상레저기구) 시가표준액 산정 문의 / 답변1
  + [4842] ntt=18693 (8947) [기타] 상속 1가구 1주택 문의드립니다 / 답변2
  + [4843] ntt=18692 (8946) [기타] 개인회생관련 질문 / 답변3
  + [4844] ntt=18691 (8945) [기타] 공동사업자 신용카드 매출채권 압류 관련 / 답변0
  + [4845] ntt=18690 (8944) [기타] 해외 체류때 경비원이 대신 받은 세금고지서 무효 관련 / 답변2
  + [4846] ntt=18688 (8943) [기타] 회생채권 신고 / 답변1
  + [4847] ntt=18687 (8942) [기타] 공유물 분할로 인한 이전시 부동산 압류 해제 가능 여부 / 답변0
  + [4848] ntt=18685 (8941) [기타] 다자녀 감면 차량 취득세... / 답변3
  + [4849] ntt=18683 (8940) [기타] 취득세 신고납부 후 7년지나 등록세 신고하는 경우 / 답변2
  + [4850] ntt=18682 (8939) [기타] 검찰청 사실조회 / 답변7
  + [4851] ntt=18681 (8938) [기타] 자경농민 감면 부동산 타인 직불금 수령에 따른 조사계획 . / 답변1
  + [4852] ntt=18679 (8937) [기타] 종교단체 지목변경 취득세 질문드립니다 / 답변2
  + [4853] ntt=18678 (8936) [기타] 농업회사법인감면 문의드립니다 / 답변1
  + [4854] ntt=18675 (8935) [기타] 마을회가 사용하는 주차장 감면문의 / 답변1
  + [4855] ntt=18669 (8934) [기타] 주민세재산분 직권부과 문의드립니다. / 답변2
  + [4856] ntt=18667 (8933) [기타] 지목변경 과세표준은 시가표준액? 신고가액? / 답변3
  + [4857] ntt=18666 (8932) [기타] 공매차량 저당권자 채권신고 관련 질문드립니다. / 답변0
  + [4858] ntt=18664 (8931) [기타] 공매배분 관련 문의드립니다. / 답변3
  + [4859] ntt=18663 (8930) [기타] 골프장 현황조사 방법 가르쳐주세요 / 답변4
  + [4860] ntt=18659 (8929) [기타] 압류금액관련문의드립니다 / 답변4
  + [4861] ntt=18657 (8928) [기타] 증여등기 이행불능시 취득세 과세방법 문의 / 답변1
  + [4862] ntt=18656 (8927) [기타] 다자녀감면 취득세 관련 질의합니다. / 답변3
  + [4863] ntt=18655 (8926) [기타] 가산세 감면 질문드립니다 / 답변1
  + [4864] ntt=18654 (8925) [기타] 경매배당에서 수탁자 재산세가 우선충당에 해당되는지 / 답변0
  + [4865] ntt=18653 (8924) [기타] 분명 종합소득세 화면인데.....??? / 답변2
  + [4866] ntt=18652 (8923) [기타] 종합소득세 수정분 질문입니다 / 답변0
  + [4867] ntt=18651 (8922) [기타] 납세의무자 변동신고 관련 문의 / 답변0
  + [4868] ntt=18650 (8921) [기타] 자경농민 취득 농업용시설 감면 관련 / 답변1
  + [4869] ntt=18649 (8920) [기타] 상속재산 취득 등기 완료 후 재협의분할 상속 취득시 / 답변3
[page 1423 완료] 누적 신규 4869건  (이 게시판 저장 총 42,543건)
  + [4870] ntt=18648 (8919) [기타] 대체산림조성비 취득세 포함여부 질의 드립니다. / 답변1
  + [4871] ntt=18647 (8918) [기타] 1가구1주택 상속취득세 세율의 특례 적용 문의 / 답변5
  + [4872] ntt=18646 (8917) [기타] 차량 취득세 추징 관련하여 질의드립니다. / 답변5
  + [4873] ntt=18644 (8916) [기타] 지방소득세(종합) 납세지문의 / 답변1
  + [4874] ntt=18643 (8915) [기타] 등록면허세(건축허가)-대지면적 질문입니다. / 답변3
  + [4875] ntt=18642 (8914) [기타] 지방세 감면 신청 문의드립니다. / 답변2
  + [4876] ntt=18640 (8913) [기타] 차량 승차정원 구조변경 취득세 과세여부 / 답변1
  + [4877] ntt=18639 (8912) [기타] 지방세환급금의 소멸시효에 관한 궁금점 / 답변4
  + [4878] ntt=18637 (8911) [기타] 임업후계자 관련 감면 문의 드립니다. / 답변0
  + [4879] ntt=18636 (8910) [기타] 장애인 공동명의 지분 취득세 감면 여부 / 답변8
  + [4880] ntt=18635 (8909) [기타] 법인지방세(당초0과표->경정 과표 있는 경우) 부과여부? / 답변1
  + [4881] ntt=18631 (8908) [기타] 행안부 질의 회신에 대한 불만 / 답변14
  + [4882] ntt=18628 (8907) [기타] 법인지방소득세(-과표) 경정분에 지출증명서류미수취 가산세. / 답변2
  + [4883] ntt=18627 (8906) [기타] 세무공무원의 자긍심 / 답변9
  + [4884] ntt=18626 (8905) [기타] 법인 전출 취소시 등록면허세 환급 여부 / 답변1
  + [4885] ntt=18625 (8904) [기타] 법인 전출 취소시 등록면허세 환급 여부 / 답변1
  + [4886] ntt=18624 (8903) [기타] 법인 전출 취소시 등록면허세 환급 여부 / 답변4
  + [4887] ntt=18623 (8902) [기타] 공유물분할 관련(토지+건축물 2동을 각각의 소유로) / 답변2
  + [4888] ntt=18622 (8901) [기타] 현물출자로 인한 증자분 취득일 판단 / 답변0
  + [4889] ntt=18621 (8900) [기타] 오피스텔 임대사업자관련 질문입니다 / 답변3
  + [4890] ntt=18615 (8899) [기타] 자경농민 취득세 추징 발생일 문의드립니다 / 답변2
  + [4891] ntt=18613 (8898) [기타] 농협 하나로마트 신축부지 감면신청관련해서 / 답변2
  + [4892] ntt=18612 (8897) [기타] 재산세 도시지역분 부과액 추출 / 답변2
  + [4893] ntt=18610 (8896) [기타] 창업중소기업 감면받은 건축물 철거 관련 / 답변1
  + [4894] ntt=18608 (8895) [기타] 지방소득세(특징분) 수정신고시 납세지 / 답변1
  + [4895] ntt=18606 (8894) [기타] 재산세(주택) 대장 입력 문의드립니다. / 답변4
  + [4896] ntt=18602 (8893) [기타] 지방세 관련 질의 공문 어떻게 보내시는지요? / 답변7
  + [4897] ntt=18601 (8892) [기타] 등록면허세- 납부부족액 법원통보자료 납세의무자? / 답변4
  + [4898] ntt=18599 (8891) [기타] 판례를 찾습니다.(대법원 2012두13825, 2012.. / 답변1
  + [4899] ntt=18597 (8890) [기타] 다자녀감면 대체취득 / 답변5
[page 1424 완료] 누적 신규 4899건  (이 게시판 저장 총 42,573건)
  + [4900] ntt=18594 (8889) [기타] 1가구 1주택 사후환급 관련해서 질문있습니다 / 답변3
  + [4901] ntt=18593 (8888) [기타] 구조변경차 다자녀감면 여부(화물->특수) / 답변3
  + [4902] ntt=18592 (8887) [기타] 자경농민 감면(지방세특례제한법 6조 1항과 2항)의 추징. / 답변3
  + [4903] ntt=18588 (8886) [기타] 1년미만 가설가축물 연장신고 미신고에 따른 재산세 부과여. / 답변5
  + [4904] ntt=18586 (8885) [기타] 농협협동조합에서 농협경제지주주식회사로 분리될때 경제지주주. / 답변0
  + [4905] ntt=18584 (8884) [기타] 재산세 토지분 납세자 관련(다툼문의) / 답변3
  + [4906] ntt=18582 (8883) [기타] 법원제출명령말고 등기소제출명령도 효력이 있나요? / 답변2
  + [4907] ntt=18581 (8882) [기타] 고액체납자 명단공개 관련 질문입니다. / 답변1
  + [4908] ntt=18580 (8881) [기타] 국외 거주자에 대한 주민세 부과 / 답변4
  + [4909] ntt=18578 (8880) [기타] 주민세재산분 문의드립니다. / 답변6
  + [4910] ntt=18577 (8879) [기타] 연부취득 완료시 납부확인서? 완납증명서? 이외 구비서류 . / 답변0
  + [4911] ntt=18571 (8878) [기타] 공시송달건 고지서발송문의 / 답변2
  + [4912] ntt=18568 (8877) [기타] 대위등기 서류 관련 질문드립니다. / 답변0
  + [4913] ntt=18567 (8876) [기타] (재산세) 신탁회사에 신탁된 물건(어떻게 생각하실까요?) / 답변8
  + [4914] ntt=18566 (8875) [기타] 건축물 용도지수 적용 관련 ^^ / 답변4
  + [4915] ntt=18565 (8874) [기타] 취득 후 등기전에 상속인 사망에 따른 과세처리 방법 / 답변1
  + [4916] ntt=18564 (8873) [기타] 농업기계화 촉진법에 따른 농업기계 과세 대상 여부 / 답변1
  + [4917] ntt=18563 (8872) [기타] 전출 법인 주민세 / 답변6
  + [4918] ntt=18561 (8871) [기타] 주민세 균등분(개인사업장) / 답변2
  + [4919] ntt=18560 (8870) [기타] 건축물부속토지 범위 재산세문의 / 답변2
  + [4920] ntt=18559 (8869) [기타] 지자체간 지방소득세 환급문제에 대한 질의. / 답변0
  + [4921] ntt=18557 (8868) [기타] 주민세 수시부과 문의드립니다. / 답변5
  + [4922] ntt=18555 (8867) [기타] 등록면허세(등록) 비과세 질의 / 답변2
  + [4923] ntt=18554 (8866) [기타] 주민세 재산분 질문드립니다. / 답변2
  + [4924] ntt=18552 (8865) [기타] 취득세 수시분 납기일자에 관한 질의 / 답변3
  + [4925] ntt=18550 (8864) [기타] 상속인이 수증하는 사인증여는 상속? 증여? / 답변3
  + [4926] ntt=18549 (8863) [기타] 주민세 외국인 출국자 조회 어떻게 하나요? / 답변5
  + [4927] ntt=18548 (8862) [기타] 과점주주 간주취득세 판단시 임원*사용인 등~ / 답변3
  + [4928] ntt=18547 (8861) [기타] 산업단지조성완료시 소유권보존 신고할때 / 답변1
  + [4929] ntt=18545 (8860) [기타] 부동산 공매를 할 때 궁금한 점이 있습니다. / 답변4
[page 1425 완료] 누적 신규 4929건  (이 게시판 저장 총 42,603건)
  + [4930] ntt=18544 (8859) [기타] 사망자의 자동차세 문의 / 답변5
  + [4931] ntt=18543 (8858) [기타] 일반임대사업자의 주거용오피스텔 재산세 과세 문의 / 답변4
  + [4932] ntt=18542 (8857) [기타] 취득세 필지별로 신고받아야 하나요?(필지 2개, 각 7백. / 답변4
  + [4933] ntt=18538 (8856) [기타] 예금 압류해제 관련 질문 드립니다. / 답변4
  + [4934] ntt=18537 (8855) [기타] 자경농민 감면 시 소득기준 관련 문의입니다. / 답변3
  + [4935] ntt=18536 (8854) [기타] 지방소득세 납세의무자가 사망하여 상속인에 과세하는거 맞는. / 답변0
  + [4936] ntt=18535 (8853) [기타] 직계존비속간 매매시 감정평가액(매매+증여 혼재 계약) 과. / 답변4
  + [4937] ntt=18534 (8852) [기타] 공탁금 추심 우선순위(2개 시군 동시 압류) 질의합니다. / 답변0
  + [4938] ntt=18533 (8851) [기타] 중과(유흥주점) 및 특례(재산분할) 중복 적용 / 답변0
  + [4939] ntt=18531 (8850) [기타] 재산세 납세의무자 질의 / 답변3
    [retry 1/3] ReadTimeout
    [retry 2/3] ConnectTimeout
  + [4940] ntt=18530 (8849) [기타] 동일건물 사업소 주민세 / 답변1
  + [4941] ntt=18527 (8848) [기타] 창업 벤처기업 취득세 감면 질의 / 답변1
  + [4942] ntt=18525 (8847) [기타] 예금압류해제일과 시효소멸 판단여부 / 답변3
  + [4943] ntt=18523 (8846) [기타] 임대사업자 취득세 감면 후 법인전환 현물출자 시, 감면된. / 답변1
  + [4944] ntt=18521 (8845) [기타] 증여계약서로 등기 후 부담부증여라는 주장시 취득세 환급여. / 답변2
  + [4945] ntt=18518 (8844) [기타] 과점주주 부과방법 / 답변1
  + [4946] ntt=18517 (8843) [기타] 귀농인 취득세 감면 관련 질의 입니다. (1주일간 주소 . / 답변1
  + [4947] ntt=18516 (8842) [기타] 직계존비속간 유상승계 취득으로 신고를 완료 후 사실관계 . / 답변1
  + [4948] ntt=18511 (8841) [기타] 공탁금 압류 관련 / 답변3
  + [4949] ntt=18510 (8840) [기타] 근저당권자인 은행에서 대납으로 공매 중지 요청 / 답변3
  + [4950] ntt=18509 (8839) [기타] 전자예금압류 해제 관련 / 답변5
  + [4951] ntt=18508 (8838) [기타] 법원 배당금 수령시 관련입니다. / 답변1
  + [4952] ntt=18506 (8837) [기타] 전문건설업 영업정지에 대한 등록면허세 질의 / 답변3
  + [4953] ntt=18503 (8836) [기타] 재단법인의 등기부등본 상에 기타사항 변경(자산 추가)의 . / 답변1
  + [4954] ntt=18502 (8835) [기타] 법인균등분 주민세 문의 (무인 주차장) / 답변4
  + [4955] ntt=18500 (8834) [기타] 등록면허세 (면허) 매뉴얼 / 답변4
    [retry 1/3] ReadTimeout
  + [4956] ntt=18496 (8833) [기타] 개발행위 변경허가 시 등록면허세(면허)  문의 / 답변1
  + [4957] ntt=18495 (8832) [기타] 도시지역분 해석에 관하여 / 답변2
  + [4958] ntt=18493 (8831) [기타] 종교용 부동산 감면후 추징시 세율 / 답변1
  + [4959] ntt=18490 (8830) [기타] 지방세환급가산금 문의~~ / 답변4
[page 1426 완료] 누적 신규 4959건  (이 게시판 저장 총 42,633건)
  + [4960] ntt=18487 (8829) [기타] 과세정보 제공 가능 여부 / 답변4
  + [4961] ntt=18486 (8828) [기타] 무허가주택 취득시 취득세 중과 여부 문의 / 답변2
  + [4962] ntt=18485 (8827) [기타] 직계존비속간 유상거래 질의 / 답변2
  + [4963] ntt=18484 (8826) [기타] 주민세(개인사업)-낙농업 소득금액없음 / 답변3
  + [4964] ntt=18483 (8825) [기타] 자동차세 상속 문의 / 답변2
  + [4965] ntt=18480 (8824) [기타] 이륜차량 질문드립니다!! / 답변5
  + [4966] ntt=18479 (8823) [기타] 상속 취득세 1가구 1주택 인정여부 / 답변1
  + [4967] ntt=18478 (8822) [기타] 긴급) 개인사업장 균등분 과세여부 / 답변2
  + [4968] ntt=18475 (8821) [기타] 취득세 과표 포함여부 질의드립니다. / 답변0
  + [4969] ntt=18474 (8820) [기타] 재산세 사권제한 도시지역분 질문입니다. / 답변1
  + [4970] ntt=18471 (8819) [기타] 가산금 발생 시점 관련 질문입니다. / 답변0
  + [4971] ntt=18469 (8818) [기타] 1회성 면허(개발행위, 산지, 농지전용) - 필지 당 1. / 답변3
  + [4972] ntt=18468 (8817) [기타] 경매 배당금 관련 추가 질문 / 답변3
  + [4973] ntt=18467 (8816) [기타] 경매 배당금 관련 / 답변4
  + [4974] ntt=18465 (8815) [기타] 원인무효소송 승소에 따른 취득세 환급에 대하여 문의합니다. / 답변2
  + [4975] ntt=18461 (8814) [기타] 지방소득세(양도소득분) 가산세 관련 / 답변1
    [retry 1/3] ReadTimeout
  + [4976] ntt=18459 (8813) [기타] 농어촌공사 토지 관련 문의 드립니다 / 답변0
  + [4977] ntt=18458 (8812) [기타] 주차장 취득세 문의 / 답변2
  + [4978] ntt=18453 (8811) [기타] 주민세(종업원분) 질문있습니다 / 답변1
  + [4979] ntt=18452 (8810) [기타] [재산세] 산업단지  건축물 증축 부분 토지 감면 문의 / 답변1
  + [4980] ntt=18450 (8809) [기타] 주민세 개인사업자 면세사업자 동일건물내 겸업 부과 문의 / 답변1
  + [4981] ntt=18449 (8808) [기타] 장애 차량취득세 감면여부 질문입니다 / 답변7
  + [4982] ntt=18447 (8807) [기타] 공매 배분시 당해세간 우선순위 문의 / 답변3
  + [4983] ntt=18446 (8806) [기타] 일시적 휴경에 관한 문의드립니다. / 답변3
  + [4984] ntt=18445 (8805) [기타] 임차권설정 과표문의 / 답변0
  + [4985] ntt=18444 (8804) [기타] 노인회가 경로당신축을 위해 취득하는 부동산 감면 / 답변1
  + [4986] ntt=18443 (8803) [기타] 부과제척기간 지난 재산세 환급(감액 vs 추경, 예비비) / 답변3
  + [4987] ntt=18440 (8802) [기타] 주민세개인균등분질문입니다. / 답변0
  + [4988] ntt=18439 (8801) [기타] 부과제척기간 지난 재산세 환급(감액 vs 추경, 예비비) / 답변0
  + [4989] ntt=18436 (8800) [기타] 장애인 감면 대체취득 추징 시 기준일자 / 답변2
[page 1427 완료] 누적 신규 4989건  (이 게시판 저장 총 42,663건)
  + [4990] ntt=18435 (8799) [기타] 지특법31조 1항 최초분양해석에 대해서.. / 답변2
  + [4991] ntt=18433 (8798) [기타] 재산세 사권 제한토지 등에 대한 감면에 대한 질문입니다. / 답변1
  + [4992] ntt=18432 (8797) [기타] 최저생계비 관련 / 답변4
  + [4993] ntt=18431 (8796) [기타] 신혼부부 감면 추징 문의 / 답변3
    [retry 1/3] ReadTimeout
  + [4994] ntt=18429 (8795) [기타] 개인지방소득세 대사 / 답변3
  + [4995] ntt=18428 (8794) [기타] 근저당 물건 추가시 등록면허세 납부 문의 / 답변2
    [retry 1/3] ReadTimeout
  + [4996] ntt=18425 (8793) [기타] 1가구 1주택  상속 감면 문의드립니다. / 답변3
    [retry 1/3] ReadTimeout
  + [4997] ntt=18424 (8792) [기타] (재산세) 임대사업자의 신탁물건 감면 여부 / 답변2
  + [4998] ntt=18423 (8791) [기타] 명의신탁해지 소송관련 취득세 신고 / 답변1
  + [4999] ntt=18422 (8790) [기타] 종교감면 지방세 프로그램에서 입력할때 질문있습니다. / 답변2
  + [5000] ntt=18420 (8789) [기타] 농촌주택개량사업 감면에 대하여 질의합니다. / 답변1
  + [5001] ntt=18417 (8788) [기타] 법인균등분 주민세문의입니다. / 답변2
  + [5002] ntt=18416 (8787) [기타] 서민주택에 대한 1가구 1주택 감면 적용시 임대목적물 등. / 답변2
  + [5003] ntt=18415 (8786) [기타] 개인사업자가 개인에게 공급한 경우 / 답변2
  + [5004] ntt=18414 (8785) [기타] 주민세개인균등분 질문드립니다. / 답변2
  + [5005] ntt=18413 (8784) [기타] 지방소득세(종합소득) 환급 / 답변0
  + [5006] ntt=18412 (8783) [기타] 지방소득세(종합소득) 환급 / 답변0
  + [5007] ntt=18411 (8782) [기타] 지방소득세(종합소득) 환급 / 답변0
  + [5008] ntt=18410 (8781) [기타] (재산세) 임대주택 감면시 주택물건 수 산정 / 답변3
  + [5009] ntt=18409 (8780) [기타] 주민세(법인균등) 법인 해산 청산종결 / 답변2
  + [5010] ntt=18408 (8779) [기타] 과점주주 취득세관련 유상증자일은 언제인가요? / 답변1
  + [5011] ntt=18407 (8778) [기타] 부동산 공매 관련 질문 있습니다. / 답변3
  + [5012] ntt=18405 (8777) [기타] 주택 유상거래 관련 / 답변0
  + [5013] ntt=18404 (8776) [기타] 재산세 납세의무자 문의드립니다. / 답변2
  + [5014] ntt=18402 (8775) [기타] 주민세 물적시설무 코드 관련 질문 / 답변3
  + [5015] ntt=18401 (8774) [기타] 직계존비속 주택 유상거래 관련 / 답변0
    [retry 1/3] ReadTimeout
  + [5016] ntt=18397 (8773) [기타] 주택 유상거래 관련 / 답변0
  + [5017] ntt=18396 (8772) [기타] 주민세개인사업장질문입니다. / 답변1
  + [5018] ntt=18395 (8771) [기타] 재산세 토지 건물 소유주 관련 / 답변2
  + [5019] ntt=18394 (8770) [기타] (재산세) 임대사업자 감면 적용시 임대종류 문의 등 / 답변4
[page 1428 완료] 누적 신규 5019건  (이 게시판 저장 총 42,693건)
  + [5020] ntt=18389 (8769) [기타] 무허가건축물 상속에 관련해서. / 답변4
  + [5021] ntt=18386 (8768) [기타] 차량 취득세액 과다신고에 관하여 질문 드립니다 / 답변3
  + [5022] ntt=18385 (8767) [기타] 단독주택으로 용도변경 시 과표산정 여부 / 답변2
  + [5023] ntt=18384 (8766) [기타] 직권등재자가 이민자일 경우 / 답변2
  + [5024] ntt=18382 (8765) [기타] 주택 임대감면 문의드립니다. / 답변2
  + [5025] ntt=18380 (8764) [기타] 임의경매개시결정 후 매매, 그리고 매각 / 답변5
  + [5026] ntt=18378 (8763) [기타] 이전공공기관 소속 직원 1가구1주택 취득세 감면 농특세 . / 답변1
  + [5027] ntt=18377 (8762) [기타] 지방세 납부 순위 공개 가능 여부 / 답변3
  + [5028] ntt=18373 (8761) [기타] 상속 1가구1주택 문의(건축물과 부속토지 상속인 다른 경. / 답변1
  + [5029] ntt=18372 (8760) [기타] 등록면허세(면허) 별표 해석문의 / 답변2
  + [5030] ntt=18367 (8759) [기타] 재산세 토지분 안분 방법 좀 알려주세요 / 답변4
    [retry 1/3] ReadTimeout
    [retry 2/3] ConnectTimeout
    [retry 3/3] ConnectTimeout
  + [5031] ntt=18362 (8757) [기타] 차량운반구에 대한 과점주주 취득세 -> 농특세 부과하는지 / 답변4
  + [5032] ntt=18360 (8756) [기타] 공매 배분 질의(압류선착, 흡수) / 답변2
  + [5033] ntt=18359 (8755) [기타] 중소기업 고용지원(주민세 종업원분);급해요... / 답변0
  + [5034] ntt=18358 (8754) [기타] 법인균등분 종중 문의 / 답변5
  + [5035] ntt=18357 (8753) [기타] 무료 노인복지시설 서류 어떤거 받으세요? / 답변2
  + [5036] ntt=18356 (8752) [기타] 차량 취득세 신고가액 과다신고 건... / 답변3
  + [5037] ntt=18355 (8751) [기타] 법인균등 주민세에서 종업원수 질문드립니다. / 답변2
  + [5038] ntt=18354 (8750) [기타] 지목변경 부과 대상 문의드립니다. / 답변2
  + [5039] ntt=18351 (8749) [기타] 임대사업자 신탁물건의 재산세 감면 / 답변2
  + [5040] ntt=18346 (8748) [기타] 교회내 작은도서관 취득세 과세여부 / 답변2
  + [5041] ntt=18345 (8747) [기타] 재산세 과세에 대한 문의입니다.(세부담상환 관련) / 답변2
  + [5042] ntt=18342 (8746) [기타] 재산세(재개발구역내 공시지가 상승한 토지의 상한 적용문의. / 답변1
  + [5043] ntt=18339 (8745) [기타] 기업합병 사업용 자산 범위 / 답변1
  + [5044] ntt=18330 (8744) [기타] 가등기에대한 본등기절차이행(취득일질문) / 답변2
  + [5045] ntt=18329 (8743) [기타] 임대사업자 공동소유물건, 소유자중 1인만 임대사업자등록된. / 답변1
  + [5046] ntt=18328 (8742) [기타] 특별징수분 연말정산 수정신고분 환급지 문의 / 답변0
  + [5047] ntt=18327 (8741) [기타] 매도(법인) 매수(개인) 취득세 질문입니다. / 답변2
  + [5048] ntt=18326 (8740) [기타] 체납자 와 연대납세의무자의 전산에 등록된 금액 수정 가능. / 답변1
[page 1429 완료] 누적 신규 5048건  (이 게시판 저장 총 42,722건)
  + [5049] ntt=18324 (8739) [기타] 농어업인 융자 시 등록면허세 감면은 영농자금만 되는지? / 답변2
  + [5050] ntt=18323 (8738) [기타] 등록면허세(면허) 사업자 폐업 시 과세 문의 / 답변1
  + [5051] ntt=18321 (8737) [기타] 종합소득 세입금 경정 요청 관련 문의입니다. / 답변1
  + [5052] ntt=18320 (8736) [기타] 차량공매관련하여 문의드립니다. / 답변2
  + [5053] ntt=18319 (8735) [기타] 자경농민 감면 요건에대해 질문있습니다 / 답변0
  + [5054] ntt=18318 (8734) [기타] 재산세(주택) 납세의무자 문의드립니다. / 답변0
  + [5055] ntt=18317 (8733) [기타] 면허세 관련 선배님들께 질문드립니다. / 답변1
  + [5056] ntt=18316 (8732) [기타] 균등분 주민세 민원 / 답변2
  + [5057] ntt=18315 (8731) [기타] 배우자에게 부담부증여을 했을 시 취득세 질의 / 답변4
  + [5058] ntt=18313 (8730) [기타] 주민세(개인균등분) 체납을 근거로 거주불명등록 요청이 가. / 답변5
  + [5059] ntt=18312 (8729) [기타] 주민세 법인균등 지점과세 질의 / 답변5
  + [5060] ntt=18311 (8728) [기타] 자동차세 부과 문의드립니다. / 답변3
  + [5061] ntt=18310 (8727) [기타] 국립대학교 산하 연구실, 학회, 사업단 등에 대한 주민세. / 답변3
  + [5062] ntt=18309 (8726) [기타] 질서위반행위규제법 제3조3항 법적용 문의 / 답변3
  + [5063] ntt=18307 (8725) [기타] 한정승인 문의 / 답변4
  + [5064] ntt=18306 (8724) [기타] 장애인 차량 감면 장애인 등급 문의 / 답변3
  + [5065] ntt=18304 (8723) [기타] 취득세 부과제척 기간 문의드립니다. / 답변2
  + [5066] ntt=18303 (8722) [기타] 감면코드 착오적용으로 농특세만 추가 신고할때 가산세 문제 / 답변0
  + [5067] ntt=18302 (8721) [기타] 재산세 주된상속자 관련 / 답변5
  + [5068] ntt=18301 (8720) [기타] 종합소득세 독자신고 관련 2020년 예산편성 / 답변1
  + [5069] ntt=18299 (8719) [기타] 지방세납세증명서 발급시? / 답변5
  + [5070] ntt=18295 (8718) [기타] 재산세 고지서 문의입니다. / 답변5
  + [5071] ntt=18294 (8717) [기타] 지법 제112조 재산세도시지역분 / 답변0
  + [5072] ntt=18292 (8716) [기타] 파산된 콘도의 회원권(재산세) / 답변3
  + [5073] ntt=18291 (8715) [기타] 파산 법인 지방세환급 / 답변1
    [retry 1/3] ReadTimeout
    [retry 2/3] ConnectTimeout
  + [5074] ntt=18289 (8714) [기타] 압류금지재산 포함여부 / 답변0
  + [5075] ntt=18288 (8713) [기타] 압류금지재산 포함여부 / 답변0
  + [5076] ntt=18287 (8712) [기타] 압류되어있는 부동산의 소유자가 사망했을 경우 상속취득세 / 답변4
  + [5077] ntt=18286 (8711) [기타] 취득세 감면 업무처리 요령 파일 부탁드립니다. / 답변2
  + [5078] ntt=18285 (8710) [기타] 지방세과세여부 개인정보 비공개 대상인지 / 답변3
[page 1430 완료] 누적 신규 5078건  (이 게시판 저장 총 42,752건)
  + [5079] ntt=18284 (8709) [기타] 지특법 제31조의 4 관련 문의.. / 답변1
  + [5080] ntt=18283 (8708) [기타] 과점주주 취득세관련 문의드립니다. / 답변3
  + [5081] ntt=18282 (8707) [기타] 주민세(개인사업) 질문 / 답변3
  + [5082] ntt=18281 (8706) [기타] 과점주주 취득세 문의(혼인으로 인함) / 답변4
  + [5083] ntt=18278 (8705) [기타] 소규모 창업기업 기숙사 감면 여부 / 답변0
  + [5084] ntt=18275 (8704) [기타] 취득세 지목변경 취득시기 문의드립니다 / 답변1
  + [5085] ntt=18274 (8703) [기타] 주민세개인균등분질문입니다 / 답변1
  + [5086] ntt=18271 (8702) [기타] 상속 신고납부 후 지분변경 문의 / 답변3
  + [5087] ntt=18269 (8701) [기타] 구획되지 않는 집합건축물(오픈상가) 공매가 가능하는지요? / 답변0
  + [5088] ntt=18263 (8700) [기타] 종합소득 사망자 통보 / 답변2
  + [5089] ntt=18262 (8699) [기타] 신탁재산의 취득부동산을 신탁회사 소유로 봐야하는지 문의드. / 답변2
  + [5090] ntt=18261 (8698) [기타] 2차납세의무자 지정관련 문의드립니다. / 답변2
  + [5091] ntt=18260 (8697) [기타] 2차납세의무자 지정관련 문의드립니다. / 답변0
  + [5092] ntt=18259 (8696) [기타] 2차납세의무자 지정관련 문의드립니다. / 답변0
  + [5093] ntt=18256 (8695) [기타] 체납시 제2차 납세의무 지정 기한에 대해 궁금합니다. / 답변0
  + [5094] ntt=18254 (8694) [기타] 자동차세 감면대상 여부 / 답변3
  + [5095] ntt=18253 (8693) [기타] 부동산 취득시 취득시기 관련 질문입니다. / 답변2
  + [5096] ntt=18252 (8692) [기타] 상속인부존재확정으로 소유권이전되었을시 압류해제가능여부 문. / 답변1
  + [5097] ntt=18249 (8691) [기타] 주민세(법인) 지역농협입니다. / 답변1
  + [5098] ntt=18248 (8690) [기타] 주민세 법인균등분관련 질문입니다! / 답변2
  + [5099] ntt=18246 (8689) [기타] 공부상 주택-현황 교회인 경우 재산세 감면 / 답변7
  + [5100] ntt=18245 (8688) [기타] 건축관계자 변경신고 시, 건축주 변경면허세 문의드립니다 / 답변1
  + [5101] ntt=18241 (8687) [기타] 법인지방소득세 과세대상 해당여부 / 답변0
  + [5102] ntt=18235 (8686) [기타] 공동명의 임대사업자 사망 후 취득세 추징여부 / 답변1
  + [5103] ntt=18234 (8685) [기타] [재산세] 산림경영계획인가 받은 임야 별도합산 적용 문의 / 답변1
  + [5104] ntt=18230 (8684) [기타] 현물출자 취득세 감면 문의드려요(지특법 57조의2 제4항. / 답변1
  + [5105] ntt=18229 (8683) [기타] 주민세담당자분들 어떻게 하고 계신지요 / 답변4
  + [5106] ntt=18228 (8682) [기타] 압류금지 재산 판단 여부 / 답변2
  + [5107] ntt=18224 (8681) [기타] 사망자 과태료 부과 문의(장애인전용주차구역 과태료) / 답변3
  + [5108] ntt=18223 (8680) [기타] 개인균등분 주민세 문의 / 답변4
[page 1431 완료] 누적 신규 5108건  (이 게시판 저장 총 42,782건)
  + [5109] ntt=18222 (8679) [기타] 재산세 분리과세 시기판단 질의 / 답변1
  + [5110] ntt=18221 (8678) [기타] 열수송관 취득세 과표관련 / 답변0
  + [5111] ntt=18218 (8677) [기타] 임대인 현주소확인 / 답변4
  + [5112] ntt=18216 (8676) [기타] 지역농협의 출장소 주민세(법인균등) 관련 질문드립니다. / 답변2
  + [5113] ntt=18215 (8675) [기타] 농협중앙회(본부와 지부) 주민세(법인균등) 문의 입니다. / 답변3
  + [5114] ntt=18214 (8674) [기타] 학교가 지목변경한것도 취득세 감면되나요? / 답변3
  + [5115] ntt=18213 (8673) [기타] 건축물 건축허가 변경(용도변경)시 등록면허세 과세 문의 / 답변2
  + [5116] ntt=18212 (8672) [기타] 법인 균등분(피비파트너즈) / 답변0
  + [5117] ntt=18209 (8671) [기타] 과점주주 간주취득세 질의 (과점주주가 된날 토지매입) / 답변3
  + [5118] ntt=18208 (8670) [기타] 법인지방소득세  안분 / 답변1
  + [5119] ntt=18205 (8669) [기타] 주민세(개인균등분) 질문이 있습니다.. / 답변4
  + [5120] ntt=18203 (8668) [기타] 등록면허세 등록분 환급관련해서 질문드립니다. / 답변3
  + [5121] ntt=18202 (8667) [기타] 법인 부동산 취득시 취득가액에 대해 여쭤봅니다. / 답변2
  + [5122] ntt=18201 (8666) [기타] 상속 취득세 문의 / 답변1
  + [5123] ntt=18200 (8665) [기타] 지하수급배수시설관련(취득세) 궁금한점 올립니다 / 답변0
  + [5124] ntt=18199 (8664) [기타] 과점주주 자기자본 취득후 균등 유상증자시 취득세 과세에 . / 답변1
  + [5125] ntt=18198 (8663) [기타] 어업권 이전에 따른 면허세 부과 질문입니다. / 답변1
  + [5126] ntt=18193 (8662) [기타] 이전공공기관을 따라 이주하는 소속 임직원의 주택 취득 감. / 답변2
  + [5127] ntt=18192 (8661) [기타] 주민등록세대분리 가족에 대한 주민세(개인균등) 부과관련 / 답변2
  + [5128] ntt=18191 (8660) [기타] 주민세(법인균등)질문드립니다. / 답변4
  + [5129] ntt=18190 (8659) [기타] 한국농어촌공사 농업생산기반정비계획에 따른 취득 유뮤 판단 / 답변1
  + [5130] ntt=18189 (8658) [기타] 창업중소기업의 과밀억제권역 내 지점 설립시 문의 / 답변1
  + [5131] ntt=18188 (8657) [기타] 시설물 취득세 과세여부에대해 문의드립니다. / 답변3
  + [5132] ntt=18187 (8656) [기타] 주민세(개인균등) 부과 관련 (해외거주) / 답변2
  + [5133] ntt=18186 (8655) [기타] 부담부증여 수증인이 법인일때 서류 / 답변1
  + [5134] ntt=18185 (8654) [기타] 자경농민 감면 문의입니다. / 답변4
  + [5135] ntt=18184 (8653) [기타] 사망자 과태료 체납에 대한 상속인 지정에 대해 문의드립니. / 답변3
  + [5136] ntt=18181 (8652) [기타] 부동산공매관련문의드립니다 / 답변4
  + [5137] ntt=18180 (8651) [기타] 남양주시에서 전국구로 보낸 피상속인 체납액 조회관련입니다. / 답변4
  + [5138] ntt=18179 (8650) [기타] 차량구조변경(유압탱크,펌프, 공기압축기) / 답변1
[page 1432 완료] 누적 신규 5138건  (이 게시판 저장 총 42,812건)
  + [5139] ntt=18177 (8649) [기타] 장애인 취득세 대체취득 감면 문의 / 답변3
  + [5140] ntt=18175 (8648) [기타] 법인 균등할 주민세 위탁 사업장 / 답변1
  + [5141] ntt=18174 (8647) [기타] 주민세(법인균등) 부과 문의 / 답변2
  + [5142] ntt=18173 (8646) [기타] 법인의 대표자가 법인에게 기계장비 이전 시 취득세 감면 . / 답변0
  + [5143] ntt=18170 (8645) [기타] 취득 원인이 허위인 경우 취득세 중복 부과 여부 문의 / 답변1
  + [5144] ntt=18169 (8644) [기타] 주택토지의 일부지분 상속 취득시 1주택 감면 문의 / 답변3
  + [5145] ntt=18167 (8643) [기타] 양도소득 국세청 통보자료 대사 (기초적인 질문입니다..) / 답변1
  + [5146] ntt=18164 (8642) [기타] 예금 압류 및 추심 관련 법령 문의 / 답변4
  + [5147] ntt=18163 (8641) [기타] 동일건물에 소재하는 사업소가 수개인 경우 법인균등분 주민. / 답변2
  + [5148] ntt=18162 (8640) [기타] 영업용 차량 공매관련 / 답변2
  + [5149] ntt=18161 (8639) [기타] 자동차세 연납 후 사망시, 환급 서류? / 답변3
  + [5150] ntt=18160 (8638) [기타] 주민세(개인균등분) 관련 문의 / 답변2
  + [5151] ntt=18158 (8637) [기타] 전기사업허가(태양광) 등록면허세 관련 문의드립니다~ / 답변3
  + [5152] ntt=18157 (8636) [기타] 채무자 변경 등록면허세 관련 문의 / 답변5
  + [5153] ntt=18156 (8635) [기타] 법인회생결정 후 법인재산 경매에 따른 배당순위는? 조세채. / 답변0
  + [5154] ntt=18155 (8634) [기타] 지방소득세 관련 가산세 문의 / 답변0
  + [5155] ntt=18154 (8633) [기타] 부동산 취득 전 중과제외업종으로 등록하였을때 기존건축물 . / 답변2
  + [5156] ntt=18153 (8632) [기타] 주민세 균등분 사망자질문 / 답변5
  + [5157] ntt=18152 (8631) [기타] 시무목사랑 담임목사랑 다른거죠? / 답변4
  + [5158] ntt=18151 (8630) [기타] 압류, 체납 기록이 없는 부동산 압류의 압류해제 / 답변5
  + [5159] ntt=18150 (8629) [기타] 유증의 부담부증여 가능 여부(취득세) / 답변1
  + [5160] ntt=18146 (8628) [기타] 법인지방소득세 과세대상 해당여부 / 답변2
  + [5161] ntt=18141 (8627) [기타] 주민세 법인균등분 인적설비 및 물적설비 무 증빙서류 / 답변3
  + [5162] ntt=18140 (8626) [기타] LH 기업형 임대주택 재산세 감면 / 답변1
  + [5163] ntt=18139 (8625) [기타] 위택스로 주민세 재산분을 신고납부하였으나 착오로 타지자체. / 답변4
  + [5164] ntt=18138 (8624) [기타] 경매가 개시된 후에도 압류가 가능한가요? / 답변5
  + [5165] ntt=18137 (8623) [기타] 재산세 도시지역분 관련 / 답변1
  + [5166] ntt=18136 (8622) [기타] 감정평가액 인정여부 문의드립니다. / 답변2
  + [5167] ntt=18135 (8621) [기타] 주민세개인균등분 질문드립니다. / 답변3
  + [5168] ntt=18134 (8620) [기타] 재산세 용도지역별 적용배율관련하여 / 답변3
[page 1433 완료] 누적 신규 5168건  (이 게시판 저장 총 42,842건)
  + [5169] ntt=18131 (8619) [기타] 개인균등분 주민세 문의 / 답변3
  + [5170] ntt=18129 (8618) [기타] 다자녀감면 세대분리 추징? / 답변7
  + [5171] ntt=18128 (8617) [기타] 재산세 지식산업센터용 토지 / 답변2
  + [5172] ntt=18127 (8616) [기타] 농업회사법인 법인 설립 등록면허세 감면질의 / 답변1
  + [5173] ntt=18126 (8615) [기타] 오피스텔 임대사업자(건설임대) 재산세 감면 문의드립니다. / 답변3
  + [5174] ntt=18125 (8614) [기타] 토지형태관련 문의드립니다. / 답변3
  + [5175] ntt=18124 (8613) [기타] 건축허가 등록면허세(면허) 문의 / 답변3
  + [5176] ntt=18122 (8612) [기타] 창업중소기업감면 문의 / 답변2
  + [5177] ntt=18121 (8611) [기타] 취득세 제척기간 경과 후 부동산실거래가 신고에 의한 취득. / 답변3
  + [5178] ntt=18119 (8610) [기타] 개시후기타채권에 대한 압류 질문드립니다. / 답변3
  + [5179] ntt=18118 (8609) [기타] 부재부동산 소유자 관련 문의드립니다. / 답변4
  + [5180] ntt=18116 (8608) [기타] 재산세 도시지역분 고시 절차 / 답변5
  + [5181] ntt=18114 (8607) [기타] 상속을 원인으로 한 취득세 부과제척 기간 문의 / 답변6
  + [5182] ntt=18113 (8606) [기타] 재산세 세부담 상한 적용대상 / 답변4
  + [5183] ntt=18111 (8605) [기타] 상속자경농민감면 관련 / 답변4
    [retry 1/3] ReadTimeout
  + [5184] ntt=18110 (8604) [기타] 농지취득세 적용방법 (취득당시 현황이 대지일 경우) / 답변2
  + [5185] ntt=18109 (8603) [기타] 법인지방소득세 착오지 납부 / 답변0
  + [5186] ntt=18106 (8602) [기타] 한국도로공사 서비스주식회사 주민세(법인) 부과 문의 / 답변3
  + [5187] ntt=18105 (8601) [기타] 주민세 법인균등분 문의 / 답변3
  + [5188] ntt=18104 (8600) [기타] 개인사업장의 경우 사업주에게 세금 부과되는게 일반적이죠? / 답변3
  + [5189] ntt=18103 (8599) [기타] 이의신청 기간 문의(공시송달 후 기간) / 답변3
  + [5190] ntt=18102 (8598) [기타] 숙직실? 주택여부 및 취득세율 문의드립니다~^^ / 답변2
  + [5191] ntt=18101 (8597) [기타] 도시지역 재산세(주택)관련 감면되는 사항이 있는지요??? / 답변4
  + [5192] ntt=18099 (8596) [기타] 주민세 사망자 문의 / 답변6
  + [5193] ntt=18098 (8595) [기타] 주민세 균등분의 사업소 영업기간에 따른 감면 여부 / 답변1
  + [5194] ntt=18097 (8594) [기타] 가설건축물 컨테이너 관련 문의입니다. / 답변3
  + [5195] ntt=18096 (8593) [기타] 지목변경(도로)에 따른 취득세 부과 문의 / 답변5
  + [5196] ntt=18089 (8592) [기타] 가설건축물 취득세 신고여부 문의 / 답변3
  + [5197] ntt=18088 (8591) [기타] 심판청구결과관련 특별징수분 환급시 환급가산금기산일 / 답변2
  + [5198] ntt=18087 (8590) [기타] 골프장 저수지 펌프 시설물 과세대상인가요? / 답변1
[page 1434 완료] 누적 신규 5198건  (이 게시판 저장 총 42,872건)
  + [5199] ntt=18085 (8589) [기타] 주민세(법인균등) 출자금 문의 / 답변2
  + [5200] ntt=18081 (8588) [기타] 개인사업장분 주민세 문의드립니다. / 답변2
  + [5201] ntt=18079 (8587) [기타] 대위등기 관련 취득세 환부 / 답변2
  + [5202] ntt=18077 (8586) [기타] 주민세 개인사업장 부과 문의 / 답변5
  + [5203] ntt=18075 (8585) [기타] 2019 지방세 업무 매뉴얼 파일로 구할 수 있을까요? / 답변2
    [retry 1/3] ReadTimeout
  + [5204] ntt=18074 (8584) [기타] 상속받지 않고 말소된 자동차에 대한 자동차세 / 답변5
  + [5205] ntt=18071 (8583) [기타] 주민세 재산분, 법인균등분 공장미가동, 경비원만 존재 / 답변1
  + [5206] ntt=18068 (8582) [기타] 주민세 종업원분 추징 문의 / 답변3
  + [5207] ntt=18067 (8581) [기타] 자동차세 관련 문의 / 답변3
  + [5208] ntt=18066 (8580) [기타] 지방소득세 별징수관련 시스템 문의합니다. / 답변0
  + [5209] ntt=18065 (8579) [기타] 주민세 재산분 가산세관련 질문있어요 / 답변3
  + [5210] ntt=18064 (8578) [기타] 최저면적기준에 대해 문의 드립니다. / 답변3
  + [5211] ntt=18062 (8577) [기타] 주민세 개인균등분 30세미만 미혼 세대주 비과세 관련 문. / 답변5
  + [5212] ntt=18061 (8576) [기타] 압류 후 공시송달 등 질의합니다. / 답변3
  + [5213] ntt=18060 (8575) [기타] 임대주택 감면조항 해석 문의드립니다.(지특법31조, 31. / 답변2
  + [5214] ntt=18059 (8574) [기타] 압류 후 공시송달 등 질의합니다. / 답변0
  + [5215] ntt=18058 (8573) [기타] 연대납세자의 환급금을 체납세에 충당가능한지 질의드립니다. / 답변3
  + [5216] ntt=18056 (8572) [기타] 개인사업자 법인전환 감면서류 적정성 문의 / 답변1
  + [5217] ntt=18055 (8571) [기타] 주민세 개인균등분 외국인 질의드립니다 / 답변3
  + [5218] ntt=18054 (8570) [기타] 법인균등분 문의입니다. / 답변4
  + [5219] ntt=18053 (8569) [기타] 주민세(재산분) 세입경정 요청 관련 / 답변3
  + [5220] ntt=18052 (8568) [기타] 상속 취득세 납부후 등기전 사망으로 인한 취득세 납세의무. / 답변2
  + [5221] ntt=18051 (8567) [기타] 법인균등분 자본금 문의입니다. / 답변4
  + [5222] ntt=18049 (8566) [기타] 임대사업감면 관련 문의드립니다.(재산세 주택분) / 답변4
  + [5223] ntt=18047 (8565) [기타] 취득세 수정신고 가능여부 / 답변2
  + [5224] ntt=18046 (8564) [기타] 주민세 외국인 부과 질의드립니다. / 답변1
  + [5225] ntt=18045 (8563) [기타] 밤나무를 식재한 임야의 과세형태 구분(재산세) / 답변4
  + [5226] ntt=18043 (8562) [기타] 1가구1주택 상속 취득세 세율특례 취소시(감면분 추징) . / 답변1
  + [5227] ntt=18042 (8561) [기타] 내진성능 확보 건축물 감면 적용 시기 문의 / 답변1
  + [5228] ntt=18041 (8560) [기타] 과점주주 취득세 납세의무 성립여부 문의 / 답변2
[page 1435 완료] 누적 신규 5228건  (이 게시판 저장 총 42,902건)
  + [5229] ntt=18039 (8559) [기타] 건축관계자 변경신고 시, 건축주(A->A,B) 변경 면허. / 답변3
  + [5230] ntt=18037 (8558) [기타] 농업법인 추징관련 문의(정당한 사유) / 답변2
  + [5231] ntt=18035 (8557) [기타] 상속 신고중 특수 사례에 대해서(대습상속+형제상속) / 답변1
  + [5232] ntt=18034 (8556) [기타] 대도시내 지점관련 질문드립니다. / 답변2
  + [5233] ntt=18033 (8555) [기타] 주택 대지 관련 취득세 문의 / 답변1
  + [5234] ntt=18030 (8554) [기타] 지방소득세(양도소득) 납세자 사망시 부과는 어떻게 해야 . / 답변1
  + [5235] ntt=18027 (8553) [기타] 주민세(종업원분) 관련 질문입니다. / 답변1
  + [5236] ntt=18025 (8552) [기타] 개인이 사업자 등록 후 바로 현물출자 / 답변1
  + [5237] ntt=18024 (8551) [기타] 2차납세의무자 시효중단 문의 / 답변2
  + [5238] ntt=18023 (8550) [기타] 가산금 감액 가능 여부 / 답변5
  + [5239] ntt=18022 (8549) [기타] 토지등 매매차익예정신고 후 다른시군에 종합소득세 확정신고. / 답변2
  + [5240] ntt=18021 (8548) [기타] 회생 중인 법인에 대한 부동산 압류 / 답변1
  + [5241] ntt=18020 (8547) [기타] 매매업자의 환가가치 차령초과 말소(폐차) 추징여부 / 답변2
  + [5242] ntt=18019 (8546) [기타] 질문검사권과 재산조회 / 답변3
  + [5243] ntt=18018 (8545) [기타] 가설건축물의 산업단지 감면 여부 / 답변2
  + [5244] ntt=18015 (8544) [기타] 주민세(재산분) 종교단체 관련 문의 / 답변2
  + [5245] ntt=18014 (8543) [기타] 캠핑트레일러 납세지 / 답변1
  + [5246] ntt=18013 (8542) [기타] 급)기부채납 토지에 대한 지목변경 공사비용 비과세인지 여. / 답변5
  + [5247] ntt=18011 (8541) [기타] 구조변경 관련 질의(사망자 차량)입니다. / 답변2
  + [5248] ntt=18010 (8540) [기타] 대도시 내 부동산취득(지점관련) 질문입니다. / 답변2
  + [5249] ntt=18009 (8539) [기타] 법인균등분 / 답변3
  + [5250] ntt=18008 (8538) [기타] 건축법 위반 가구분할 취득세 / 답변1
    [retry 1/3] ReadTimeout
  + [5251] ntt=18007 (8537) [기타] 자동이체 고지서 반송 관련 / 답변4
  + [5252] ntt=18006 (8536) [기타] 농지위 축사 준공에 따른 지목변경취득세(사실상의용도로보아. / 답변3
  + [5253] ntt=18003 (8535) [기타] 법인지방소득세 국세청 통보 2019귀속년도 / 답변0
  + [5254] ntt=18002 (8534) [기타] 합병관련 질의합니다. / 답변1
  + [5255] ntt=18001 (8533) [기타] 자동차 압류해제에 대해서 질문있습니다. / 답변7
  + [5256] ntt=17999 (8532) [기타] 자동차 인도명령과 체납처분에 대해서 질문있습니다~~ / 답변3
  + [5257] ntt=17997 (8531) [기타] 신탁재산 재산세 부과시  세율적용 기준은 무엇인가요? / 답변2
    [retry 1/3] ReadTimeout
  + [5258] ntt=17995 (8530) [기타] 재산세 도시지역분 과세대상 제외 관련 / 답변6
[page 1436 완료] 누적 신규 5258건  (이 게시판 저장 총 42,932건)
  + [5259] ntt=17994 (8529) [기타] 부동산 대물변제 관련 / 답변2
  + [5260] ntt=17991 (8528) [기타] 보조금 환수관련 문의 / 답변0
  + [5261] ntt=17985 (8527) [기타] 주민세(개인사업) 관련해서 질의 / 답변3
  + [5262] ntt=17982 (8526) [기타] 신탁재산의 압류에 대해서 문의드려요 / 답변7
  + [5263] ntt=17981 (8525) [기타] 기업도시개발구역 내 토지에 대한 과세 문의드립니다. / 답변2
  + [5264] ntt=17980 (8524) [기타] 등록면허세(개발행위 변경)관련 질문입니다. / 답변2
  + [5265] ntt=17978 (8523) [기타] 지특법 11조 농업법인 감면에 대해 질문있어요! / 답변4
  + [5266] ntt=17976 (8522) [기타] 지하수시설 과표산정범위 / 답변1
  + [5267] ntt=17974 (8521) [기타] 차량 대체압류 관련 질문입니다. / 답변4
  + [5268] ntt=17973 (8520) [기타] 지방세 체납처분의 예에 따른다 관련 재산조회 / 답변3
  + [5269] ntt=17971 (8519) [기타] 개인회생 변제 진행 중인 체납자에게 환급금이 발생했을경우. / 답변3
  + [5270] ntt=17970 (8518) [기타] 법인 균등할 주민세 종업원수 / 답변0
  + [5271] ntt=17969 (8517) [기타] 상속 1가구1주택 감면 / 답변2
  + [5272] ntt=17966 (8516) [기타] 국가산업단지 내 재산세 토지 과세형태 문의드립니다 / 답변3
  + [5273] ntt=17963 (8515) [기타] 건축허가 등록면허세(면허) 문의 / 답변5
  + [5274] ntt=17962 (8514) [기타] 2차납세의무자에 대한 압류로 소멸시효 중단이 주된납세의무. / 답변1
  + [5275] ntt=17959 (8513) [기타] 지방세 체납처분의 예에 따른다 / 답변4
  + [5276] ntt=17957 (8512) [기타] 건축허가 관련 면허세 질의합니다. / 답변6
  + [5277] ntt=17956 (8511) [기타] 건축허가 관련 면허세 질의합니다. / 답변1
  + [5278] ntt=17955 (8510) [기타] 자동차 / 차량 번호 변경 등록세 문의 / 답변8
  + [5279] ntt=17952 (8509) [기타] 고급주택 적용여부 궁금합니다. / 답변4
  + [5280] ntt=17951 (8508) [기타] 종교단체가 운영하는 어린이집 주민세 재산분 과세여부 / 답변4
  + [5281] ntt=17950 (8507) [기타] 주민세 개인균등분 사망자 관련 문의합니다. / 답변6
  + [5282] ntt=17949 (8506) [기타] 법인소득 담당자님들 답변 부탁드립니다~ / 답변1
  + [5283] ntt=17948 (8505) [기타] 경정청구 등 구제절차 문의 / 답변3
  + [5284] ntt=17947 (8504) [기타] 부동산 매매 계약 취소 / 답변5
  + [5285] ntt=17944 (8503) [기타] 산림경영계획인가로 실행중인 임야의 경우 대장정비 방법 / 답변1
  + [5286] ntt=17943 (8502) [기타] 허위계약서(업계약서)로 밝혀진 후에 취득세 환급이 가능한. / 답변3
  + [5287] ntt=17942 (8501) [기타] 상속 1가구 1주택 특례 문의 / 답변3
  + [5288] ntt=17941 (8500) [기타] 법인지방소득세 수정신고시,,,특별징수 수시정산 / 답변0
[page 1437 완료] 누적 신규 5288건  (이 게시판 저장 총 42,962건)
  + [5289] ntt=17940 (8499) [기타] 대도시 내 부동산 취득에 대한 중과에 대해서 질문합니다. / 답변3
  + [5290] ntt=17939 (8498) [기타] 장애인 자동차 감면 여부 / 답변9
  + [5291] ntt=17936 (8497) [기타] 지입 관련 납세지 문의와 현물출자관련해서 질문드립니다. / 답변0
  + [5292] ntt=17932 (8496) [기타] 분양받은 토지 대위등기 시 소유권이전청구권가등기 압류가 . / 답변0
  + [5293] ntt=17931 (8495) [기타] 사회복지법인이 공유분할을 할경우 지방세특례제한법 적용?지. / 답변1
  + [5294] ntt=17930 (8494) [기타] 화재로 건물 일부가 파손된 건축물의 재산세 과세문의 / 답변2
  + [5295] ntt=17929 (8493) [기타] 법인번호 없는 곳 문의 / 답변2
  + [5296] ntt=17928 (8492) [기타] 법인균등분 문의드립니다. / 답변4
  + [5297] ntt=17927 (8491) [기타] 종합소득 확정신고 통보자료 대사시 가산세,, / 답변1
  + [5298] ntt=17926 (8490) [기타] 자경농민 지목변경시 감면 문의 / 답변2
  + [5299] ntt=17922 (8489) [기타] 차량 취득세 부과 후 미등록 시 / 답변2
  + [5300] ntt=17921 (8488) [기타] 기부채납용 도로 등 사회기반시설 공사비용 신축과표 포함여. / 답변4
  + [5301] ntt=17917 (8487) [기타] 차량취득세 관련 문의드립니다. / 답변1
  + [5302] ntt=17916 (8486) [기타] 국가산업단지 내에 토지 재산세 분리과세 가능 여부 문의 / 답변2
  + [5303] ntt=17915 (8485) [기타] 법인균등분 문의합니다. / 답변3
  + [5304] ntt=17914 (8484) [기타] 30년전 상속 재산 재분할 취득세 문의 / 답변1
  + [5305] ntt=17913 (8483) [기타] 카라반 과세 / 답변6
  + [5306] ntt=17911 (8482) [기타] 재산조회 공문 다들 어떻게 처리하고 계십니까? / 답변5
  + [5307] ntt=17910 (8481) [기타] 종종 종합소득세 납세지 / 답변2
  + [5308] ntt=17908 (8480) [기타] 자동차세 수시분 부과시 1699 변경자료조회 팁이 있을까. / 답변1
  + [5309] ntt=17906 (8479) [기타] 별정우체국 주민세 균등분 / 답변4
  + [5310] ntt=17904 (8478) [기타] 자동차 인도명령과 체납처분 질문입니다. / 답변5
  + [5311] ntt=17901 (8477) [기타] 납세의무자의 30세미만 미혼 세대주 비과세 / 답변2
  + [5312] ntt=17900 (8476) [기타] 장애인차량 공동명의 등록후 세대분리(2명모두 장애인) / 답변5
  + [5313] ntt=17899 (8475) [기타] 법인균등분 부과 문의 / 답변5
  + [5314] ntt=17898 (8474) [기타] 산업단지 재산세 의무자 문의드립니다.. / 답변2
  + [5315] ntt=17897 (8473) [기타] 취득세 최저한세 관련 문의 / 답변2
  + [5316] ntt=17895 (8472) [기타] 자동차세 완납증명서 발급하러 오실때 업무처리 방법 궁금합. / 답변1
  + [5317] ntt=17894 (8471) [기타] 법인지방소득세 안분신고납부(안분명세서 미신고) / 답변0
  + [5318] ntt=17891 (8470) [기타] 경정청구 관련 질문입니다. / 답변2
[page 1438 완료] 누적 신규 5318건  (이 게시판 저장 총 42,992건)
  + [5319] ntt=17890 (8469) [기타] 재산세 납세의무자 고견 구합니다. / 답변4
    [retry 1/3] ReadTimeout
  + [5320] ntt=17888 (8468) [기타] 부동산을 압류해놓은 지자체에서만 공매신청이 가능한가요? / 답변5
  + [5321] ntt=17887 (8467) [기타] 부가가치세 관련 취득세 환급시 현금영수증이 증빙자료로 가. / 답변3
  + [5322] ntt=17883 (8466) [기타] 주민세균등분(사업장) 추가 질문드립니다. / 답변4
  + [5323] ntt=17880 (8465) [기타] 재산세 주택 + 부속토지 관련 문의드립니다. / 답변2
  + [5324] ntt=17879 (8464) [기타] 미상속 부동산 재산세 부과 문의 입니다. / 답변1
  + [5325] ntt=17878 (8463) [기타] 등록면허세(면허분)관련 질문입니다.-개발행위 / 답변6
  + [5326] ntt=17876 (8462) [기타] 요양원 입소자 개인균등분 과세 여부 / 답변5
  + [5327] ntt=17874 (8461) [기타] 주민세(사업자균등분) 문의드립니다. / 답변6
  + [5328] ntt=17872 (8460) [기타] 법인균등분 주민세 문의 / 답변4
  + [5329] ntt=17871 (8459) [기타] 재산세 별장확인 요청시 어떻게 처리하시는지. / 답변2
  + [5330] ntt=17870 (8458) [기타] 농업회사법인 추징 / 답변2
  + [5331] ntt=17869 (8457) [기타] 사망자 자동차세 관련 문의드립니다ㅜㅜ / 답변3
  + [5332] ntt=17868 (8456) [기타] 개인사업자 물적시설무 어렵네요 / 답변4
  + [5333] ntt=17867 (8455) [기타] 한국가스공사 가스배관시설 문의 / 답변2
  + [5334] ntt=17866 (8454) [기타] 자경농민 감면 관련 문의입니다. / 답변2
  + [5335] ntt=17864 (8453) [기타] 1년 미만 임시건축물 재산세 감면 / 답변7
  + [5336] ntt=17863 (8452) [기타] 법인균등분 비과세 문의합니다ㅜㅜ / 답변5
  + [5337] ntt=17862 (8451) [기타] 주민세 개인균등분 외국인 다들 어떻게 하시나요? / 답변2
  + [5338] ntt=17861 (8450) [기타] 지목변경(단순한 건축물 용도변경) 취득세 문의 / 답변3
  + [5339] ntt=17860 (8449) [기타] 차량 취득세 감면 추징시 문의합니다. / 답변4
  + [5340] ntt=17859 (8448) [기타] 지방소득세(종합소득) 납부 금액이 다를 경우 질문입니다 / 답변2
  + [5341] ntt=17857 (8447) [기타] 세목별과세증명서 뗄때 차량취득세는 어떻게 기재하고 있습니. / 답변5
  + [5342] ntt=17856 (8446) [기타] 지방소득세 (종합소득) 산출세액이 0일 때 가산세 질문입. / 답변4
  + [5343] ntt=17854 (8445) [기타] 제증명 법인 도장 질의 / 답변5
  + [5344] ntt=17853 (8444) [기타] 농협 양곡창고 주민세 재산분 과세 여부 / 답변3
  + [5345] ntt=17852 (8443) [기타] 종교단체중 유지재단관련해서 질문있어요! / 답변2
  + [5346] ntt=17851 (8442) [기타] 재산세 도시지역분 과세대상지역 / 답변2
  + [5347] ntt=17850 (8441) [기타] 개인회생/파산당 과세증명서 발급할때 주민세도 포함시켜서 . / 답변5
  + [5348] ntt=17847 (8440) [기타] 건물 신축 취득가액 포함 여부 / 답변2
[page 1439 완료] 누적 신규 5348건  (이 게시판 저장 총 43,022건)
    [retry 1/3] ReadTimeout
  + [5349] ntt=17846 (8439) [기타] 주민세(균등분) 공동생활가정??? 관련 감면 문의드립니다. / 답변4
  + [5350] ntt=17845 (8438) [기타] 주민세 개인균등분 외국인 관련  질문합니다. / 답변3
  + [5351] ntt=17844 (8437) [기타] 주민세 30세 미만 미혼 직계존속 비과세 / 답변8
  + [5352] ntt=17842 (8436) [기타] 임대사업자 취득세 / 답변3
  + [5353] ntt=17841 (8435) [기타] 영업용 차량 번호판의 공매여부 / 답변3
  + [5354] ntt=17840 (8434) [기타] 외국인 귀화에 따른 이름(주민번호) 변경에 따른 등록면허. / 답변6
  + [5355] ntt=17839 (8433) [기타] 취득자금에 사용된 차입금 이자(법인장부상 이자비용 내역 . / 답변4
  + [5356] ntt=17838 (8432) [기타] 보조금 회수 관련 세외수입 체납로 인한 압류 추가문의 / 답변3
  + [5357] ntt=17833 (8431) [기타] (재산세) 어떻게 보십니까? (공부상 면적 정정에 따른 . / 답변4
  + [5358] ntt=17830 (8430) [기타] 보조금 회수관련 세외수입 체납로  인한 압류 문의 / 답변2
  + [5359] ntt=17829 (8429) [기타] 지방세 부과한 과세내역을 발급하는데 있어 의무와 범위 / 답변4
  + [5360] ntt=17828 (8428) [기타] 창업기업감면후 계약해제시 추징가능 여부 / 답변2
  + [5361] ntt=17825 (8427) [기타] 사용승인일 전 취득세 과표관련 / 답변3
  + [5362] ntt=17822 (8426) [기타] 지방소득세(양도소득분)납세지 문의 / 답변3
  + [5363] ntt=17820 (8425) [기타] 2차납세의무자 중가산금 가산 / 답변2
  + [5364] ntt=17819 (8424) [기타] 임대주택감면중 최초분양여부가 애매합니다! / 답변1
  + [5365] ntt=17818 (8423) [기타] 취득세 중과관련하여 문의드립니다. / 답변1
  + [5366] ntt=17817 (8422) [기타] 세외수입체납에 대한 제2차납세의무자 지정 / 답변2
  + [5367] ntt=17815 (8421) [기타] 단독주택 농특세 비과세 관련 문의 / 답변2
  + [5368] ntt=17813 (8420) [기타] 사망자의 지방세환급금 청구권한에 대하여 질의 / 답변4
  + [5369] ntt=17809 (8419) [기타] 세외수입 담당자분들과 의견을 공유하고싶어요! (세외수입v. / 답변0
  + [5370] ntt=17808 (8418) [기타] 주택재개발 및 대체취득 관련 질의입니다. / 답변1
  + [5371] ntt=17806 (8417) [기타] 재산세 관련 문의드립니다. / 답변6
  + [5372] ntt=17805 (8416) [기타] 부동산 취득세 감면 통지서 교부 어떻게 하고 계신지 여쭤. / 답변5
  + [5373] ntt=17804 (8415) [기타] 주민세(법인균등분) 과세(물적시설 판단) / 답변2
  + [5374] ntt=17803 (8414) [기타] 제2차 납세의무자가 회생절차가 개시되었을 경우 / 답변0
  + [5375] ntt=17802 (8413) [기타] 지방세특례제한법제31조의4[주택임대사업에...대한감면] . / 답변1
  + [5376] ntt=17801 (8412) [기타] 대물변제 계약서로 취득세 신고문의드립니다! / 답변5
  + [5377] ntt=17800 (8411) [기타] 취득자가 외국인인 경우 서민주택감면 가능 여부 / 답변1
  + [5378] ntt=17799 (8410) [기타] 경매낙찰로 취득시 임차권 전액인수금액 취득세 과표산입 여. / 답변3
[page 1440 완료] 누적 신규 5378건  (이 게시판 저장 총 43,052건)
  + [5379] ntt=17798 (8409) [기타] 자동차 도난 관련 / 답변7
  + [5380] ntt=17797 (8408) [기타] 재산세 납세의무자(주된상속자) / 답변3
  + [5381] ntt=17796 (8407) [기타] 리스이용자 변경시 취득세 / 답변3
  + [5382] ntt=17795 (8406) [기타] 폐차, 상속관련해서 문의드립니다. / 답변4
  + [5383] ntt=17793 (8405) [기타] 국민신문고를 통한 지방세 납부내역 조회(과세자료 제공 요. / 답변5
  + [5384] ntt=17792 (8404) [기타] 자경농민 감면 / 답변1
  + [5385] ntt=17791 (8403) [기타] 유한회사 > 주식회사  로 조직 변경시 지방세 시스템상 . / 답변0
  + [5386] ntt=17789 (8402) [기타] 부과 제척기간이 지난 취득세에 대한 이의,심사청구 및 행. / 답변4
  + [5387] ntt=17787 (8401) [기타] 상속자경농민 감면문의 / 답변1
  + [5388] ntt=17784 (8400) [기타] 외국인 상속재산의 외국인 상속 관련 취득세 문의 / 답변1
  + [5389] ntt=17783 (8399) [기타] 멸실인정차량이 발견되었을 때 적법한 절차 문의 / 답변4
  + [5390] ntt=17782 (8398) [기타] 영유아어린이집감면에서 "직접 종사"의 범위가 궁금합니다. / 답변3
  + [5391] ntt=17781 (8397) [기타] 태양광발전소 주민세(개인사업,법인균등,재산분) 부과 가능. / 답변2
  + [5392] ntt=17777 (8396) [기타] 지역주택조합의 토지가 신탁법에 의하여 신탁된 경우 토지 . / 답변0
  + [5393] ntt=17776 (8395) [기타] 공유물분할 관련질의 / 답변2
  + [5394] ntt=17774 (8394) [기타] 과태료 체납자 사망시 체납처분 관련해서 / 답변1
  + [5395] ntt=17772 (8393) [기타] 지역주택조합 업무처리 요령에 대한 자료 협조 및 입주권 . / 답변0
  + [5396] ntt=17771 (8392) [기타] 주민세(개인균등분) 관련 문의 / 답변2
  + [5397] ntt=17769 (8391) [기타] 지목변경 관련 질문드립니다. / 답변3
  + [5398] ntt=17768 (8390) [기타] 주민세(재산분) / 답변4
  + [5399] ntt=17767 (8389) [기타] 주민세(재산분) 신고 대상 여부 질의 / 답변2
  + [5400] ntt=17765 (8388) [기타] 지방자치단체 간 징수금(세입경정 요청)의 우선 순위 / 답변3
  + [5401] ntt=17764 (8387) [기타] 정기분 면허세 폐업 인정 여부 질의드립니다! / 답변5
  + [5402] ntt=17762 (8386) [기타] 자경농민 관련 문의 / 답변1
  + [5403] ntt=17761 (8385) [기타] 가축으로 정하는 기타 동물 곤충 일부 포함 진행중 / 답변3
  + [5404] ntt=17721 (8384) [기타] 지방소득세 납세지(환급지) 질문입니다. / 답변2
  + [5405] ntt=17720 (8383) [기타] 상속자경농민 감면에 대해 문의 / 답변5
  + [5406] ntt=17709 (8382) [기타] 농업협동조합 영농 관련 주민세재산분 / 답변1
  + [5407] ntt=17708 (8381) [기타] 대위등기 관련해서 문의드립니다 / 답변1
  + [5408] ntt=17702 (8380) [기타] 지역주택조합의 토지 취득시 취득세 부과 방법 문의 / 답변1
[page 1441 완료] 누적 신규 5408건  (이 게시판 저장 총 43,082건)
  + [5409] ntt=17701 (8379) [기타] 장애인이자 국가유공자인 분의 자동차세 감면 / 답변7
  + [5410] ntt=17700 (8378) [기타] 자동차세 공동소유자 과세 문의드립니다. / 답변4
  + [5411] ntt=17699 (8377) [기타] 상속 자경농민 감면 / 답변2
  + [5412] ntt=17698 (8376) [기타] 주민세 재산분 관련 질문있습니다. / 답변3
  + [5413] ntt=17697 (8375) [기타] 차량 구조변경 취득세 비과세 대상 문의합니다. / 답변2
  + [5414] ntt=17696 (8374) [기타] 주민세 미성년자, 외국인 문의드립니다ㅜㅜ / 답변1
  + [5415] ntt=17695 (8373) [기타] 산업단지 따른 재산세 부과 문의 / 답변0
  + [5416] ntt=17693 (8372) [기타] 재산세 관련 문의드립니다. / 답변2
  + [5417] ntt=17692 (8371) [기타] 대도시 부동산 취득의 중과세 범위와 적용기준 관련해서 질. / 답변2
  + [5418] ntt=17691 (8370) [기타] 장애인 차량 취득세 감면 / 답변8
  + [5419] ntt=17687 (8369) [기타] 자경농민 취득세 감면 질문입니다. / 답변4
  + [5420] ntt=17686 (8368) [기타] 농업법인 감면관련 문의드립니다. / 답변4
  + [5421] ntt=17685 (8367) [기타] 주민제 재산분 관련 간단 문의 / 답변6
  + [5422] ntt=17683 (8366) [기타] 지방세제증명 발급 위임장 유효기간 / 답변3
  + [5423] ntt=17682 (8365) [기타] 지방세특례제한법제90조 마을회 등에 대한 감면 과 관련입. / 답변2
  + [5424] ntt=17681 (8364) [기타] 법인 물적분할 감면요건 문의 / 답변3
  + [5425] ntt=17680 (8363) [기타] 토지수용 대체취득 관련 문의드립니다. / 답변0
  + [5426] ntt=17679 (8362) [기타] 주민세 재산분 문의입니다.(사택 기계실 관련) / 답변1
  + [5427] ntt=17678 (8361) [기타] 과점주주 기타(09) 코드 문의 / 답변3
  + [5428] ntt=17676 (8360) [기타] 자동차세 장애인감면 문의 / 답변5
  + [5429] ntt=17672 (8359) [기타] 주민세 법인균등분 질의 드립니다 / 답변4
  + [5430] ntt=17671 (8358) [기타] 주민세 법인균등분 질의 드립니다 / 답변1
  + [5431] ntt=17669 (8357) [기타] 재산조회(수사협조) 관련근거 문의 / 답변2
  + [5432] ntt=17668 (8356) [기타] 법인간 교환계약 급 문의합니다. / 답변3
  + [5433] ntt=17667 (8355) [기타] 무상취득(증여) 취득세 추징 여부 / 답변4
  + [5434] ntt=17666 (8354) [기타] 대기배출시설 설치 신고 면허 관련 / 답변2
  + [5435] ntt=17663 (8353) [기타] 연부취득중 증여 상속에 대해 취득세 문의드립니다 / 답변1
  + [5436] ntt=17660 (8352) [기타] 종교용지의 용도변경시 추징관련 문의 / 답변3
  + [5437] ntt=17656 (8351) [기타] 산업단지 건축물에 대한 문의 / 답변3
  + [5438] ntt=17655 (8350) [기타] 납골당(봉안당) 면적, 주민세(재산분) 과세대상 여부 질. / 답변1
[page 1442 완료] 누적 신규 5438건  (이 게시판 저장 총 43,112건)
  + [5439] ntt=17654 (8349) [기타] 행정안전부에 질의는 어떻게 하는건가요 / 답변2
  + [5440] ntt=17653 (8348) [기타] 주민세 법인균등 부과대상 문의입니다. / 답변2
  + [5441] ntt=17652 (8347) [기타] 주민세 개인균등 외국인 부과 질의 / 답변4
  + [5442] ntt=17651 (8346) [기타] 재산세 용도 입력 문의합니다 / 답변3
  + [5443] ntt=17650 (8345) [기타] 사망자의 상속인 과태료 부과,  폐업법인 압류관련 질문 / 답변5
  + [5444] ntt=17649 (8344) [기타] 체납처분 중지 / 답변2
  + [5445] ntt=17648 (8343) [기타] 장애인 자동차세 감면 문의 / 답변6
  + [5446] ntt=17647 (8342) [기타] 주민세 균등분 / 답변3
  + [5447] ntt=17646 (8341) [기타] 토지 수용시 취득시기 질의(보상금 수령거부로 공탁) / 답변1
  + [5448] ntt=17644 (8340) [기타] 주민세 종업원분 과다납부한거에대해서 궁금한거 있습니다~! / 답변2
  + [5449] ntt=17643 (8339) [기타] (재산세)  교회의 담임목사 사택 감면 / 답변4
  + [5450] ntt=17642 (8338) [기타] 지자체 명의 신탁등기용 납세증명서 발급시 어떻게 사무처리. / 답변1
  + [5451] ntt=17641 (8337) [기타] 주주의 이익배당청구에 대한 압류 효력 문의 / 답변1
  + [5452] ntt=17639 (8336) [기타] 종교단체 사택 (직위는 전도사) / 답변5
  + [5453] ntt=17637 (8335) [기타] 상속등기가 되지 않은 재산의 재산세 납세의무자 질의입니다. / 답변5
  + [5454] ntt=17636 (8334) [기타] 창업중소기업 감면 추징 여부 / 답변4
  + [5455] ntt=17633 (8333) [기타] 주민세 균등분 외국인 자료 정리 관련 질의입니다 / 답변4
  + [5456] ntt=17632 (8332) [기타] 운행정지명령 차량에 대한 자동차세 / 답변4
  + [5457] ntt=17631 (8331) [기타] 무허가건축물 상속시 농특세 비과감면 여부 / 답변0
  + [5458] ntt=17628 (8330) [기타] 법인지방소득세 수정신고와 경정청구 / 답변0
  + [5459] ntt=17627 (8329) [기타] 과태료부과 / 답변1
  + [5460] ntt=17626 (8328) [기타] 공매 부동산 압류해제 관련 문의 / 답변4
  + [5461] ntt=17625 (8327) [기타] 주민세 재산분 회사 어린이집 질문있어요! / 답변2
  + [5462] ntt=17624 (8326) [기타] 주민세 재산분 사단법인, 재단법인도 신고납부 대상인가요? / 답변2
  + [5463] ntt=17623 (8325) [기타] 주민세(균등분) 관련 물적시설무 문의 / 답변5
  + [5464] ntt=17622 (8324) [기타] 면허세 가산세 문의 / 답변3
  + [5465] ntt=17620 (8323) [기타] 재산세 도시지역분 적용대상 지역 의회 부의안 요청 / 답변4
  + [5466] ntt=17619 (8322) [기타] 주민세 재산분 과세제외여부 / 답변2
  + [5467] ntt=17618 (8321) [기타] 2017년 지방세발전포럼 한글자료 있으시분 있으시면 공유. / 답변1
  + [5468] ntt=17616 (8320) [기타] 취득세- 가설건축물 축조했으나 실질은 매매일때 / 답변4
[page 1443 완료] 누적 신규 5468건  (이 게시판 저장 총 43,142건)
  + [5469] ntt=17615 (8319) [기타] 주민세 재산분(전업민박) / 답변1
  + [5470] ntt=17614 (8318) [기타] 1가구1주택감면에 대해서(상속) / 답변6
  + [5471] ntt=17613 (8317) [기타] 미등기 상속 재산 압류 가능 할까요?? / 답변6
  + [5472] ntt=17612 (8316) [기타] 토지수용 대체취득 감면 시, 지장물 보상금 / 답변2
  + [5473] ntt=17611 (8315) [기타] 취득세 환급시 필요서류 뭐가 필요한가요? / 답변4
  + [5474] ntt=17610 (8314) [기타] 주민세 개인균등분 문의 / 답변1
  + [5475] ntt=17609 (8313) [기타] 직원 사택용 아파트 임대사업자 감면 적용여부(재산세) / 답변3
  + [5476] ntt=17608 (8312) [기타] 차량 취득세 관련 몇가지 질문 드립니다. / 답변1
  + [5477] ntt=17607 (8311) [기타] 창업중소기업 관련 감면 질의 / 답변3
  + [5478] ntt=17606 (8310) [기타] 농업회사법인 감면 관련 / 답변2
  + [5479] ntt=17605 (8309) [기타] 지방소득세 소액징수면제규정 / 답변1
  + [5480] ntt=17604 (8308) [기타] 급여압류의 요건 / 답변3
  + [5481] ntt=17602 (8307) [기타] 단순승인 상속 체납재산 압류해제 질의 / 답변5
  + [5482] ntt=17601 (8306) [기타] 구축물 취득세 세율 적용 질의드립니다. / 답변2
  + [5483] ntt=17599 (8305) [기타] 기부채납 / 답변1
  + [5484] ntt=17598 (8304) [기타] 임대사업자(다가구주택) 질의 / 답변8
  + [5485] ntt=17597 (8303) [기타] 산업단지내 신축한 공장 중 일부 본점사무실 면적 감면 적. / 답변2
  + [5486] ntt=17596 (8302) [기타] 임대사업자가 취득하는 토지 감면 문의드립니다. / 답변3
  + [5487] ntt=17595 (8301) [기타] 자동차매매장 지역자원시설세 적용 문의 / 답변2
  + [5488] ntt=17593 (8300) [기타] 농어촌특별세 비과세여부에 관해서 / 답변2
    [retry 1/3] ReadTimeout
  + [5489] ntt=17592 (8299) [기타] 주민세 재산분중 1년이상 휴업관련 질문이요! / 답변4
  + [5490] ntt=17591 (8298) [기타] 법인 지방소득세 외국납부세액 경정청구 / 답변1
  + [5491] ntt=17584 (8297) [기타] 우시장이 주민세 재산분 면제 대상일까요? / 답변4
  + [5492] ntt=17583 (8296) [기타] 주민세재산분문의합니다~ / 답변2
  + [5493] ntt=17580 (8295) [기타] 주민세 재산분 문의입니다. / 답변2
  + [5494] ntt=17579 (8294) [기타] 가설건축물 취득세 과세대상 여부(천막재질) / 답변4
  + [5495] ntt=17578 (8293) [기타] 압류해제시 연대납세 체납액 어떻게 처리하고 계신가요? / 답변2
  + [5496] ntt=17575 (8292) [기타] 재외동포일경우 체납처분에 있어서의 송달여부 문의 / 답변1
  + [5497] ntt=17574 (8291) [기타] 사망한 건축법이행강제금 체납자에 대한 결손 / 답변5
  + [5498] ntt=17571 (8290) [기타] 일부납부로 인한 관허사업 제한 요구 철회 가능 여부 / 답변2
[page 1444 완료] 누적 신규 5498건  (이 게시판 저장 총 43,172건)
  + [5499] ntt=17569 (8289) [기타] 토지수용 감면시, 수용확인서 관련.. / 답변2
  + [5500] ntt=17568 (8288) [기타] 고지서 관련 가산금 문의 드립니다. / 답변8
  + [5501] ntt=17567 (8287) [기타] 지역자원시설세 중과 산정 시 / 답변3
  + [5502] ntt=17564 (8286) [기타] 등록면허세(등록) 환급 해줘야될까요? / 답변3
  + [5503] ntt=17563 (8285) [기타] 무상 귀속 공공시설물 감면조항 질의입니다. / 답변1
  + [5504] ntt=17562 (8284) [기타] 주업종 판단 방법 / 답변7
  + [5505] ntt=17561 (8283) [기타] 납세자께서 압류해제통지서 은행에 fax로 보내달라할때 어. / 답변2
  + [5506] ntt=17558 (8282) [기타] 재산세 도시지역분 고시 / 답변1
  + [5507] ntt=17556 (8281) [기타] 등록면허세(등록) 필지가 2건인 경우(과세표준이 50만원. / 답변2
  + [5508] ntt=17555 (8280) [기타] 고무보트 재산세 산정문의 / 답변0
  + [5509] ntt=17553 (8279) [기타] 법인의 중고기계장비(덤프트럭) 취득세 관련문의입니다. / 답변4
  + [5510] ntt=17552 (8278) [기타] 축산업자(돼지2500두사육)가 축사증축시 자경농민 감면신. / 답변1
  + [5511] ntt=17551 (8277) [기타] 미등기 주택 소유권 보존 과표문의 합니다. / 답변2
  + [5512] ntt=17550 (8276) [기타] 차령초과말소 관련 외국사례 알고계신분 자료 부탁드립니다. / 답변1
  + [5513] ntt=17549 (8275) [기타] 지방소득세 특별징수 / 답변2
  + [5514] ntt=17548 (8274) [기타] 제2차 납세의무 / 답변2
  + [5515] ntt=17547 (8273) [기타] 부과철회 / 답변0
  + [5516] ntt=17543 (8272) [기타] 납세보증인(인적보증관련) / 답변1
  + [5517] ntt=17542 (8271) [기타] 자경농민 관련 질문입니다 / 답변2
  + [5518] ntt=17539 (8270) [기타] 화제예방용 차량 파악 / 답변6
  + [5519] ntt=17538 (8269) [기타] 지특법 시행령 제22조 관련입니다 / 답변3
  + [5520] ntt=17537 (8268) [기타] (재산세) 임대사업자 물건 등록일 / 답변5
  + [5521] ntt=17535 (8267) [기타] 교통사고 폐차 관련 자동차세 문의드립니다.ㅜㅜ / 답변6
  + [5522] ntt=17532 (8266) [기타] 재산세 납세의무자 질의입니다~~ / 답변6
  + [5523] ntt=17531 (8265) [기타] 세무서수시분 지방소득세 환급관련 가산금문의~ / 답변0
  + [5524] ntt=17528 (8264) [기타] 포상금 지급관련입니다. / 답변4
  + [5525] ntt=17527 (8263) [기타] 재산세) 2016년, 2017년, 2020년 창업중소기업. / 답변4
  + [5526] ntt=17526 (8262) [기타] 산업단지조성 중 분양이 된경우 재산세 납세의무자는 누가 . / 답변3
  + [5527] ntt=17525 (8261) [기타] 가설건축물 감면 관련 질의입니다. / 답변5
  + [5528] ntt=17523 (8260) [기타] 구조지수변경건에 대한 상당액 적용관련 / 답변4
[page 1445 완료] 누적 신규 5528건  (이 게시판 저장 총 43,202건)
  + [5529] ntt=17522 (8259) [기타] 공공기관(산림청 산하)이 받는 면허는 등록면허세 감면되는. / 답변2
  + [5530] ntt=17521 (8258) [기타] 주민세(균등분) 법인관련 문의 / 답변4
  + [5531] ntt=17518 (8257) [기타] 지특법 17조 장애인 차량 취득세 감면에 관한 질문입니다. / 답변8
  + [5532] ntt=17514 (8256) [기타] 개인균등 주민세 차상위 계층은 어떻게 하나요??? / 답변2
  + [5533] ntt=17513 (8255) [기타] 지특법 제31조제3항 및 지특법 제32조 관련 / 답변1
  + [5534] ntt=17512 (8254) [기타] 차량 취득세 감면 차량(다자녀) 대체취득 관련 문의드립니. / 답변2
  + [5535] ntt=17510 (8253) [기타] 이행강제금 공매 실익분석 도와주세요 / 답변3
  + [5536] ntt=17508 (8252) [기타] 인적보증인 압류관련 / 답변2
  + [5537] ntt=17506 (8251) [기타] 주민세(재산분) 오염물질 배출 사업소 중과 문의(과징금과. / 답변1
  + [5538] ntt=17504 (8250) [기타] 위수탁 관련 등록면허세 문의드립니다. / 답변4
  + [5539] ntt=17501 (8249) [기타] 장애인용 자동차 대체취득에 대한 감면 / 답변3
  + [5540] ntt=17500 (8248) [기타] 법인 적격합병 감면코드문의 / 답변0
  + [5541] ntt=17496 (8247) [기타] 신축(보존) 경정청구시 / 답변2
  + [5542] ntt=17495 (8246) [기타] 급여 압류 순위 질의합니다. / 답변3
  + [5543] ntt=17492 (8245) [기타] 자치단체와 임대차계약 건물 주민세 재산분 / 답변2
  + [5544] ntt=17491 (8244) [기타] 지목변경 취득세 문의(대지에 공동주택을 건설한 경우) / 답변1
  + [5545] ntt=17489 (8243) [기타] 시설물 관련 재산세 문의드립니다. / 답변0
  + [5546] ntt=17486 (8242) [기타] 지역자원시설세 중과 문의 / 답변2
  + [5547] ntt=17485 (8241) [기타] 침수차량 감면 요건 (2년 이내 기간) / 답변4
  + [5548] ntt=17484 (8240) [기타] 차량 취득세 감면 추징시 추징발생일 문의합니다. / 답변2
  + [5549] ntt=17483 (8239) [기타] 재산세 한정상속 문의드립니다~ / 답변3
  + [5550] ntt=17482 (8238) [기타] 주민세 재산분 과세대상인지 봐주세요! / 답변3
  + [5551] ntt=17480 (8237) [기타] 주민세재산분 환급 질문입니다. / 답변1
  + [5552] ntt=17478 (8236) [기타] 법원제출명령 회신시 지적자료까지 같이 회신할때 법적근거 . / 답변4
  + [5553] ntt=17477 (8235) [기타] 사회복지법인의 토지분 재산세 / 답변1
  + [5554] ntt=17476 (8234) [기타] 무허가건축물 부속토지 재산세문의 / 답변1
  + [5555] ntt=17475 (8233) [기타] 법인 대표자 명의 차량을 법인명의로 변경시 차량 취득세 . / 답변6
  + [5556] ntt=17474 (8232) [기타] 상속 취득세 연대납세후 등기에 관해서 / 답변2
    [retry 1/3] ReadTimeout
    [retry 2/3] ConnectTimeout
  + [5557] ntt=17473 (8231) [기타] 주민세 개인균등분 관련 질문입니다. / 답변1
  + [5558] ntt=17472 (8230) [기타] 자동차세 대체취득규정관련 질의 / 답변5
[page 1446 완료] 누적 신규 5558건  (이 게시판 저장 총 43,232건)
  + [5559] ntt=17471 (8229) [기타] [자동차세]연세액 10만원 미만 자동차 6월 신규,양수분. / 답변2
  + [5560] ntt=17469 (8228) [기타] 교부청구시 당해세 누락된 분 처리에 관하여 / 답변2
  + [5561] ntt=17468 (8227) [기타] 협의이혼 재산분할 및 협의이혼 위자료로 인한 소유권이전 / 답변1
  + [5562] ntt=17467 (8226) [기타] 취득세(부동산) 감면 물건 변경 관련 궁금합니다 / 답변1
  + [5563] ntt=17465 (8225) [기타] 주택분 재산세 상한세액적용에 관해 / 답변4
  + [5564] ntt=17464 (8224) [기타] 건축물 대장에 없는 빈집, 과세 제외 처리해도 될까요? / 답변3
  + [5565] ntt=17460 (8223) [기타] 임업후계자 감면 및 추징에 대하여 질문드립니다. / 답변1
  + [5566] ntt=17459 (8222) [기타] 자경농민 취득요건 / 답변2
  + [5567] ntt=17458 (8221) [기타] 취득세 과세자료를 어떻게 보관하시는지요? / 답변6
    [retry 1/3] ReadTimeout
    [retry 2/3] ConnectTimeout
    [retry 3/3] ConnectTimeout
    [retry 1/3] ConnectTimeout
  + [5568] ntt=17455 (8219) [기타] 운송사업 지원을 위한 감면에 대해 질문드립니다. / 답변2
  + [5569] ntt=17454 (8218) [기타] 주민세재산분(양어장) 질문입니다. / 답변5
  + [5570] ntt=17453 (8217) [기타] 미등기상속 취득세부과자에 대한 재산세문의 / 답변4
  + [5571] ntt=17450 (8216) [기타] 관내에서 법인 사무소 이전시 등록면허세 과세는 어떻게? / 답변2
  + [5572] ntt=17449 (8215) [기타] 저유탱크 등 등기 관련 취득세 문의 / 답변3
  + [5573] ntt=17448 (8214) [기타] 축사 무벽면적 비율 문의드립니다. / 답변2
  + [5574] ntt=17446 (8213) [기타] 법인지방소득세 신고시 인원산정방법 문의 / 답변1
  + [5575] ntt=17444 (8212) [기타] 농어촌공사 농업기반시설 재산세 감면관련 / 답변0
  + [5576] ntt=17443 (8211) [기타] 산업단지 지목변경 취득일 문의 / 답변1
  + [5577] ntt=17441 (8210) [기타] 폐업장에 대한 자동차세 문의 / 답변3
  + [5578] ntt=17439 (8209) [기타] 자동차세 비과세 문의 / 답변1
  + [5579] ntt=17436 (8208) [기타] 주민세 개인균등분 외국인 관련 / 답변4
  + [5580] ntt=17435 (8207) [기타] 주민세 재산분 과소신고 문의입니다. / 답변1
  + [5581] ntt=17434 (8206) [기타] 상속취득세 관련 질의 / 답변3
  + [5582] ntt=17432 (8205) [기타] 증축허가에 관한 면허세 문의 / 답변1
  + [5583] ntt=17430 (8204) [기타] 감사원심사청구(법인지방소득세 경정청구 관련입니다.) / 답변0
  + [5584] ntt=17429 (8203) [기타] 주민세(재산분) 신고대상 여부 질의 / 답변4
  + [5585] ntt=17426 (8202) [기타] 신탁회사에 위탁한 부동산 당해세 범위 / 답변1
  + [5586] ntt=17425 (8201) [기타] 재산세 시행규칙 개정에 따른 적용 의문점 / 답변2
  + [5587] ntt=17422 (8200) [기타] 공동주택 어린이집 관련(재산세) / 답변3
[page 1447 완료] 누적 신규 5587건  (이 게시판 저장 총 43,261건)
  + [5588] ntt=17421 (8199) [기타] 공탁금 압류 및 추심절차 관련 교육이 있을까요? / 답변2
  + [5589] ntt=17419 (8198) [기타] 가설건축물 승계취득시 취득세 문의 / 답변5
  + [5590] ntt=17417 (8197) [기타] 지방세 이의신청관련입니다. / 답변9
  + [5591] ntt=17415 (8196) [기타] 주유시설(이동주유차) 문의드립니다 / 답변2
  + [5592] ntt=17414 (8195) [기타] 주민세(재산분) 비과세 중 연수관 질의입니다. / 답변1
  + [5593] ntt=17412 (8194) [기타] 일반우편 고지서 미수령에 대한 민원입니다. / 답변7
  + [5594] ntt=17411 (8193) [기타] 불법건축물에 대한 감면조항 적용 여부 문의 / 답변1
  + [5595] ntt=17410 (8192) [기타] 물적시설무 코드정비 / 답변4
    [retry 1/3] ReadTimeout
  + [5596] ntt=17409 (8191) [기타] 다른 시군구 지자체용 신탁등기용 납세증명서 발급시 어떻게. / 답변0
  + [5597] ntt=17408 (8190) [기타] 대학내 창업보육센터 / 답변1
  + [5598] ntt=17405 (8189) [기타] 주민세 재산분 과세대상 질의 / 답변3
  + [5599] ntt=17404 (8188) [기타] 직계존비속간 매매를 증여간주 추징시 과세표준 및 세액 문. / 답변3
  + [5600] ntt=17402 (8187) [기타] 시가표준액이 없는 옥외오락시설의 과표 / 답변0
  + [5601] ntt=17401 (8186) [기타] 지방소득세 문의 드립니다. / 답변6
  + [5602] ntt=17400 (8185) [기타] 지방소득세(종합소득)확정신고에 따른 환급시 환급가산금규정 / 답변1
  + [5603] ntt=17393 (8184) [기타] 등록면허세(등록) 자본출자 중과세대상여부 / 답변1
  + [5604] ntt=17392 (8183) [기타] 개인균등분 주민세 외국인 자료 문의 / 답변3
  + [5605] ntt=17391 (8182) [기타] 지방소득세(특별징수) 납부금액이 가산세만있는경우 / 답변0
  + [5606] ntt=17390 (8181) [기타] 소유권보존 등록세 문의드립니다. / 답변4
  + [5607] ntt=17388 (8180) [기타] 주민세 개인균등분 관련 (미성년자 비과세) / 답변2
  + [5608] ntt=17387 (8179) [기타] 임대사업자  감면 문의.(재산세) / 답변2
  + [5609] ntt=17386 (8178) [기타] 재산세 환급관련 질의 / 답변2
  + [5610] ntt=17383 (8177) [기타] 재산세 환급관련 질의 / 답변3
  + [5611] ntt=17381 (8176) [기타] 경매or공매로 받은 차량에 대한 원부상 경매,공매등재사항. / 답변4
  + [5612] ntt=17380 (8175) [기타] 주민세 재산분 관련 질의 [오물처리시설] / 답변4
  + [5613] ntt=17379 (8174) [기타] 차량 취득세 장애인 추징관련 재질의 드려요 / 답변0
  + [5614] ntt=17378 (8173) [기타] 자동차압류 자동해제 시스템 사용하는 시군 있나요? / 답변5
  + [5615] ntt=17376 (8172) [기타] 재산세대장 입력관련 문의드립니다. / 답변0
  + [5616] ntt=17374 (8171) [기타] 주민세(개인균등분) 부과 관련 / 답변5
  + [5617] ntt=17372 (8170) [기타] 장애인 감면(면세점)대상자 대체취득 문의 / 답변5
[page 1448 완료] 누적 신규 5617건  (이 게시판 저장 총 43,291건)
  + [5618] ntt=17371 (8169) [기타] 재산세 세부담의 상한 질문드립니다. / 답변5
  + [5619] ntt=17370 (8168) [기타] 지방소득세 관련입니다. / 답변1
  + [5620] ntt=17369 (8167) [기타] 산업단지 조성완료후 사업시행자가 신탁등기한 토지 / 답변2
    [retry 1/3] ReadTimeout
  + [5621] ntt=17368 (8166) [기타] 1가구1주택 공동상속 문의드립니다. / 답변3
  + [5622] ntt=17367 (8165) [기타] 취득일자 문의드립니다. / 답변6
  + [5623] ntt=17366 (8164) [기타] 주민세법인균등 질문드립니다 / 답변2
  + [5624] ntt=17360 (8163) [기타] 화물자동차세에 대해.. / 답변5
  + [5625] ntt=17359 (8162) [기타] 차량취득세 면세점이하 등록면허세 15,000원 추징 관련 / 답변2
  + [5626] ntt=17358 (8161) [기타] 종교단체의 유치원 감면 / 답변7
  + [5627] ntt=17356 (8160) [기타] 지목변경 취득일 / 답변3
  + [5628] ntt=17355 (8159) [기타] 세목별과세증명서 / 답변4
  + [5629] ntt=17353 (8158) [기타] 개인지방소득세 직권부과가산세문의 / 답변0
  + [5630] ntt=17351 (8157) [기타] 대체취득 감면 관련 초과액산정 계산방법(개정전) 문의드립. / 답변1
  + [5631] ntt=17349 (8156) [기타] 추징 취득세 재단채권으로 인정여부 / 답변0
  + [5632] ntt=17347 (8155) [기타] 지역자원시설세 지하수 지방세법시행규칙 제74조제1호 1.. / 답변0
  + [5633] ntt=17346 (8154) [기타] 재산분 주민세 환급 질문드립니다. / 답변2
  + [5634] ntt=17344 (8153) [기타] 재산세 상당세액 관련 질의 / 답변2
  + [5635] ntt=17342 (8152) [기타] 등록면허세(면허) 환급 문의 / 답변1
  + [5636] ntt=17340 (8151) [기타] 지입차량 착오신고 관련 가산세 문의 / 답변0
  + [5637] ntt=17337 (8150) [기타] 법인이 지방소득세를 잘못 신고하는 경우는 어떻게 하시나요. / 답변1
  + [5638] ntt=17335 (8149) [기타] 창업벤처기업 재산세 감면 질의 / 답변2
  + [5639] ntt=17334 (8148) [기타] 노인복지시설 취득세 감면 추징 문의 / 답변3
  + [5640] ntt=17333 (8147) [기타] 태양광발전시설 설치에 따른 지목변경 취득세 취득시기 / 답변1
  + [5641] ntt=17331 (8146) [기타] 재혼가정 다자녀 감면 문의? / 답변2
    [retry 1/3] ReadTimeout
    [retry 2/3] ConnectTimeout
    [retry 3/3] ConnectTimeout
  + [5642] ntt=17327 (8144) [기타] 지방소득세 질문입니다 / 답변1
  + [5643] ntt=17326 (8143) [기타] 근저당이 걸려있는 등기부등본의 압류에 관해 질문있습니다. / 답변6
  + [5644] ntt=17325 (8142) [기타] 주민세(법인균등분) 질문 있습니다. / 답변4
  + [5645] ntt=17324 (8141) [기타] 단기민간임대주택 감면유무 / 답변2
  + [5646] ntt=17323 (8140) [기타] 종교단체 추징 질의(가산세 기산점 문의) / 답변3
[page 1449 완료] 누적 신규 5646건  (이 게시판 저장 총 43,320건)
  + [5647] ntt=17322 (8139) [기타] 2017가합589387 공사대금 판결 관련 문의입니다. / 답변1
  + [5648] ntt=17318 (8138) [기타] 납기전 징수 / 답변4
  + [5649] ntt=17315 (8137) [기타] 지방세 납부확인서 타지역에서 낸 취득세 내역 발급해드립니. / 답변8
  + [5650] ntt=17312 (8136) [기타] 자경농민 감면 도시지역 관련 / 답변1
  + [5651] ntt=17309 (8135) [기타] 서약서로 등록세 신고 시 부과여부문의 / 답변1
  + [5652] ntt=17307 (8134) [기타] 등기 합의해제에 따른 재산세 / 답변5
    [retry 1/3] ReadTimeout
  + [5653] ntt=17306 (8133) [기타] 자동차 사용본거지 변경 시 등록면허세 비과세?? / 답변4
  + [5654] ntt=17305 (8132) [기타] 수용 등으로 부동산 대체취득시 그 범위 판단 질문 / 답변2
  + [5655] ntt=17304 (8131) [기타] 임대주택  재산세 감면시 공부면적과 현황이 다를 경우 재. / 답변1
  + [5656] ntt=17303 (8130) [기타] 지방소득세(특별징수) 납세지 / 답변3
  + [5657] ntt=17302 (8129) [기타] 사업시행자가 산업단지 개발 조성한 후 토지형태 / 답변1
  + [5658] ntt=17298 (8128) [기타] 주민세 개인균등분 담당자님들 보십시요 / 답변14
  + [5659] ntt=17297 (8127) [기타] 주민세개인균등분 질문드립니다. / 답변1
  + [5660] ntt=17294 (8126) [기타] 공매관련문의드립니다 / 답변4
  + [5661] ntt=17293 (8125) [기타] 공매절차 중 입찰기일 관련 질의 / 답변0
  + [5662] ntt=17292 (8124) [기타] 채권 추심 관련 / 답변2
  + [5663] ntt=17291 (8123) [기타] 농업회사법인, 취득후 2년이내 신탁관련 문의 / 답변1
  + [5664] ntt=17289 (8122) [기타] 수납취소? 환급? 문의입니다. / 답변1
  + [5665] ntt=17288 (8121) [기타] 귀농인 감면 관련해서 문의드립니다. / 답변1
  + [5666] ntt=17286 (8120) [기타] 차량 대체압류 관련 질문입니다. / 답변3
  + [5667] ntt=17285 (8119) [기타] 주민세(개입사업자 균등분) 추징 관련 문의 / 답변3
  + [5668] ntt=17282 (8118) [기타] 주민세(개인균등분)질문입니다... / 답변3
  + [5669] ntt=17279 (8117) [기타] 국세청 전자통보 고지분 고지서 발송 / 답변0
  + [5670] ntt=17278 (8116) [기타] 차량(취득세) 문의 / 답변5
  + [5671] ntt=17277 (8115) [기타] 자동차세 변경등록건 질의 / 답변1
  + [5672] ntt=17276 (8114) [기타] 1인 1가구 주택 범위 / 답변7
  + [5673] ntt=17275 (8113) [기타] 부동산 말소 등록세 비과세 여부 문의 / 답변1
  + [5674] ntt=17274 (8112) [기타] [자동차세 재문의] 6월 신규 양수차량에 대한 수시부과 . / 답변2
  + [5675] ntt=17273 (8111) [기타] 가상계좌 수납 오류 / 답변6
  + [5676] ntt=17272 (8110) [기타] 체납자동차에 대한 체납처분의 특례 / 답변2
[page 1450 완료] 누적 신규 5676건  (이 게시판 저장 총 43,350건)
  + [5677] ntt=17271 (8109) [기타] 노인복지시설 감면관련 문의(재산세) / 답변2
  + [5678] ntt=17270 (8108) [기타] 산업단지 감면 재산세 추징 년도 문의드립니다. / 답변6
  + [5679] ntt=17268 (8107) [기타] 산업단지 재산세 감면 관련 / 답변2
  + [5680] ntt=17267 (8106) [기타] 장애인 차량 구조변경하여 캠핑카로 될 경우 / 답변1
    [retry 1/3] ReadTimeout
    [retry 2/3] ConnectTimeout
  + [5681] ntt=17266 (8105) [기타] 자동차세 수시분 부과 관련 질의입니다. / 답변3
  + [5682] ntt=17265 (8104) [기타] 공매차량에 자동차세 부과 관련 질의 / 답변2
  + [5683] ntt=17264 (8103) [기타] 건축면허세 증축에 관한 것 질문드립니다. / 답변5
  + [5684] ntt=17263 (8102) [기타] 체납자의 분할납부 신청 / 답변5
  + [5685] ntt=17262 (8101) [기타] 법인 본점 소재지 이전 판단 / 답변2
  + [5686] ntt=17259 (8100) [기타] 대법원 2010두26414(2012.01.27) 관련 / 답변2
  + [5687] ntt=17258 (8099) [기타] 자동차 대체압류 관련 질문입니다. / 답변2
  + [5688] ntt=17257 (8098) [기타] 부동산 매매가액 위반 과대신고로 환급 여부 / 답변3
  + [5689] ntt=17255 (8097) [기타] 개인회생 인가자 통장압류해제여부 / 답변3
  + [5690] ntt=17252 (8096) [기타] 신탁재산 압류해제 보충 질문드립니다 / 답변3
  + [5691] ntt=17250 (8095) [기타] 법령해석 부탁드립니다.(장애인차량 취득세 감면) / 답변2
  + [5692] ntt=17249 (8094) [기타] 농업회사법인이 곤충의 생산업을 위해 취득하는 부동산 / 답변2
  + [5693] ntt=17247 (8093) [기타] 소유권 이전시 경매배당금 당해세 문의 / 답변3
  + [5694] ntt=17246 (8092) [기타] 국민연금공단에서 회사에 부과된 세금내역을 엑셀로 보내달라. / 답변3
  + [5695] ntt=17243 (8091) [기타] 시각 4급 감면시 필요서류 / 답변6
  + [5696] ntt=17242 (8090) [기타] 미등기건물 상속보존시 공동명의일때? / 답변1
  + [5697] ntt=17241 (8089) [기타] 신탁 재산 압류해제관련 문의드립니다 / 답변4
  + [5698] ntt=17239 (8088) [기타] 장애인차량 감면 문의입니다. / 답변5
  + [5699] ntt=17238 (8087) [기타] 아주 간단한 질의응답입니다(지목변경) / 답변6
  + [5700] ntt=17237 (8086) [기타] 무허가주택멸실 부속토지 재산세문의 / 답변3
  + [5701] ntt=17236 (8085) [기타] 지목변경에 대해서 문의드립니다 / 답변2
  + [5702] ntt=17235 (8084) [기타] 조특법 감면(재산세)에 따른 외국인투자기업의 사업개시일 . / 답변1
  + [5703] ntt=17234 (8083) [기타] 경정청구관련 질문입니다. / 답변0
  + [5704] ntt=17232 (8082) [기타] 법인균등분 주민세 관련 문의합니다. / 답변2
  + [5705] ntt=17230 (8081) [기타] 농어촌개량사업 재산세(도시지역분) 감면이 되는건지? / 답변4
  + [5706] ntt=17228 (8080) [기타] 7.2일로 차량취득 후 당일 차량 매도시에 차량취득세 과. / 답변6
[page 1451 완료] 누적 신규 5706건  (이 게시판 저장 총 43,380건)
  + [5707] ntt=17225 (8079) [기타] 순환배분관련 질문 / 답변0
  + [5708] ntt=17222 (8078) [기타] 출자자의 제2납세의무 관련 문의 / 답변1
  + [5709] ntt=17220 (8077) [기타] 국공립어린이집에 대한 주민세 재산분 질의. / 답변2
  + [5710] ntt=17215 (8076) [기타] 급)미준공 아파트 경매취득에 따른 취득세 과세관련입니다 / 답변3
  + [5711] ntt=17214 (8075) [기타] 차량 취득세 장애인 추징관련 질문을 드립니다 / 답변4
  + [5712] ntt=17212 (8074) [기타] 주택담보노후연금보증 대상 주택에 대한 감면 문의드립니다. / 답변3
  + [5713] ntt=17211 (8073) [기타] 접안시설의 정의 / 답변1
  + [5714] ntt=17210 (8072) [기타] 지방세 제증명 발급 신청서 / 답변3
  + [5715] ntt=17209 (8071) [기타] 자동차세 주행분 관련 질의 / 답변2
  + [5716] ntt=17208 (8070) [기타] 재산세 도시지역분 공원 도로 주차장 과세여부 / 답변1
  + [5717] ntt=17205 (8069) [기타] 상속 1가구 1주택 세율특례적용시 일부 무허가 건물 과표. / 답변0
  + [5718] ntt=17204 (8068) [기타] 주민세 균등분 처음 부과해봅니다 조언 부탁요 / 답변1
  + [5719] ntt=17203 (8067) [기타] 법인지방소득세 납세지 착오 신고 가산세 문의 드립니다. / 답변0
  + [5720] ntt=17202 (8066) [기타] 주민세 종업원분 사업소 관련 질문드립니다 / 답변1
  + [5721] ntt=17199 (8065) [기타] 착오신고에 따른 취득세 감액 여부 / 답변2
  + [5722] ntt=17198 (8064) [기타] 지방소득세 보면 타시군환급이란게 있는데 그 의미가... / 답변2
  + [5723] ntt=17197 (8063) [기타] 자경농민 상속취득 추징시 궁금한점 있습니다. / 답변6
  + [5724] ntt=17196 (8062) [기타] 지방세 감면신청 및 환급 문의 / 답변3
  + [5725] ntt=17194 (8061) [기타] 주민세 재산분 관련 질문드립니다. / 답변2
  + [5726] ntt=17193 (8060) [기타] 신탁재산 소유권 이전시 징수방법 (급함) / 답변2
  + [5727] ntt=17192 (8059) [기타] 지방세 제증명 발급신청서 작성 문의 드립니다 / 답변5
  + [5728] ntt=17191 (8058) [기타] 산업단지 등에 대한 감면 적용 여부 / 답변2
  + [5729] ntt=17190 (8057) [기타] 주민세 재산분 비닐하우스 문의좀 드립니다. / 답변3
  + [5730] ntt=17189 (8056) [기타] 노인복지시설 취득세 감면에 대해 문의드립니다. / 답변2
  + [5731] ntt=17188 (8055) [기타] 장애인 소유 자동차 감면 후 지분 이전에 관하여.. / 답변5
  + [5732] ntt=17186 (8054) [기타] 재산세 과세내역 / 답변4
  + [5733] ntt=17183 (8053) [기타] 가산세 기산일 문의드립니다. / 답변2
  + [5734] ntt=17179 (8052) [기타] 부동산 압류 해제 관련 / 답변5
  + [5735] ntt=17177 (8051) [기타] 신탁회사 교부청구 법적근거를 알고 싶어 문의합니다. / 답변1
  + [5736] ntt=17176 (8050) [기타] 임대사업자 재산세  1526 화면에 조회안되는 경우도 있. / 답변3
[page 1452 완료] 누적 신규 5736건  (이 게시판 저장 총 43,410건)
  + [5737] ntt=17175 (8049) [기타] 지방소득세 특별징수분 수정 문의드립니다. / 답변1
  + [5738] ntt=17174 (8048) [기타] 임대사업자 재산세 감면 / 답변7
  + [5739] ntt=17173 (8047) [기타] 공탁자의 공탁금도 압류 가능한가요? / 답변3
  + [5740] ntt=17171 (8046) [기타] 공유물분할 관련 문의(일부 신탁등기 설정 건) / 답변1
  + [5741] ntt=17169 (8045) [기타] 장애인 자동차세 감면 질의합니다. / 답변2
  + [5742] ntt=17166 (8044) [기타] 상속 조정조서 판결 관련 취득시기 / 답변3
  + [5743] ntt=17165 (8043) [기타] 농지 지분 상속시 감면 대상인지 / 답변2
  + [5744] ntt=17163 (8042) [기타] 종교단체 감면질문입니다 / 답변5
  + [5745] ntt=17162 (8041) [기타] 자동차세 감액날짜 문의드립니다.ㅜㅜ / 답변6
  + [5746] ntt=17160 (8040) [기타] 주민세(개인균등분) 문의입니다. / 답변3
  + [5747] ntt=17159 (8039) [기타] 개인/법인 사업자 주민세 균등분 조사 관련(인적,물적여부. / 답변2
  + [5748] ntt=17157 (8038) [기타] 가설건축물 과세여부 문의드립니다. / 답변6
  + [5749] ntt=17156 (8037) [기타] 법인지방소득세 가산세 문의 / 답변1
  + [5750] ntt=17155 (8036) [기타] 중소기업간의 통합 후 법인설립 / 답변1
  + [5751] ntt=17153 (8035) [기타] 농업법인 주민세 재산분 과세대상 문의 / 답변4
  + [5752] ntt=17152 (8034) [기타] 산업단지 사업시행자 감면기간 종료 미분양 토지 과세형태 / 답변4
  + [5753] ntt=17151 (8033) [기타] 창업감면관련 (창업 감면 후 사업장 이전하여 재 감면 요. / 답변3
  + [5754] ntt=17150 (8032) [기타] 지위승계 관련 면허세 문의 / 답변2
  + [5755] ntt=17148 (8031) [기타] 6월 정기분 납부후 용도변경된  연세액 10만원 이하 차. / 답변1
  + [5756] ntt=17147 (8030) [기타] 저율분리과세 관련 질의합니다. / 답변3
  + [5757] ntt=17146 (8029) [기타] 저율분리과세 관련 질의합니다. / 답변0
  + [5758] ntt=17144 (8028) [기타] 부담부증여 질문드립니다. / 답변3
  + [5759] ntt=17142 (8027) [기타] 장애인 감면후 세대분리로 인한 자동차세 추징 문의드립니다. / 답변5
  + [5760] ntt=17141 (8026) [기타] 자동차세 문의 / 답변4
  + [5761] ntt=17139 (8025) [기타] 가설건축물 취득세 관련 문의드립니다(위반 적발후 ->가설. / 답변6
  + [5762] ntt=17138 (8024) [기타] 휴업중인 산업단지 공장의 부속토지 / 답변1
    [retry 1/3] ReadTimeout
  + [5763] ntt=17137 (8023) [기타] 유공자 감면차량 공동명의자(유공자X) 사망시 감면질의 / 답변2
  + [5764] ntt=17135 (8022) [기타] 재차상속된 미등기토지일 경우, 재산세 납세의무자 문의드립. / 답변2
  + [5765] ntt=17133 (8021) [기타] 자동차세 질문입니다 / 답변4
  + [5766] ntt=17132 (8020) [기타] 농협하나로마트 주차장 취득세 감면 문의드립니다. / 답변4
[page 1453 완료] 누적 신규 5766건  (이 게시판 저장 총 43,440건)
  + [5767] ntt=17131 (8019) [기타] 재산세 처분신탁 수탁자와 위탁자 관련 질의드립니다. / 답변2
  + [5768] ntt=17130 (8018) [기타] 주민세재산분 공기업 과세대상문의입니다. / 답변2
  + [5769] ntt=17128 (8017) [기타] 건물 신축비용 산입 관련입니다 / 답변4
  + [5770] ntt=17127 (8016) [기타] 학교 감면 질문입니다. / 답변3
  + [5771] ntt=17125 (8015) [기타] 압류할 물건이 여러개 있을 경우 초과압류여부 / 답변7
  + [5772] ntt=17122 (8014) [기타] 대위등기 및 재산세 문의 / 답변0
  + [5773] ntt=17121 (8013) [기타] 대위등기 및 재산세 문의 / 답변1
  + [5774] ntt=17120 (8012) [기타] 유증을 원인으로 하는 소유권이전등기 취득신고 문의 / 답변1
  + [5775] ntt=17118 (8011) [기타] 세무직 / 답변9
  + [5776] ntt=17115 (8010) [기타] ** 신탁회사의 2차 납세의무 지정 가능 여부 / 답변2
  + [5777] ntt=17113 (8009) [기타] 주민세 재산분 중과세 관련 문의드립니다. / 답변1
  + [5778] ntt=17112 (8008) [기타] 고급오락장 소송 관련입니다. / 답변2
  + [5779] ntt=17110 (8007) [기타] 이미 신탁회사에 신탁되어있는 경우 위탁자가 납세증명서 발. / 답변1
  + [5780] ntt=17106 (8006) [기타] 법인취득세 중과세 제외.. 주택건설사업 질의입니다 / 답변1
  + [5781] ntt=17105 (8005) [기타] 공매시 운행정지차량 해제 관련 질문 / 답변4
  + [5782] ntt=17103 (8004) [기타] 수출말소(자동차세) 문의드립니다. / 답변5
  + [5783] ntt=17102 (8003) [기타] 답에 비닐하우스 화원 조성시 재산세 토지 분류 / 답변1
  + [5784] ntt=17100 (8002) [기타] 지역주택조합 관련 질의 / 답변0
  + [5785] ntt=17099 (8001) [기타] 자경농민 감면 / 답변0
  + [5786] ntt=17098 (8000) [기타] 농업법인 등록면허세 / 답변1
  + [5787] ntt=17097 (7999) [기타] 미사용승인 아파트(채권자 등기완료) 의 재산세 과세여부 / 답변2
    [retry 1/3] ReadTimeout
  + [5788] ntt=17096 (7998) [기타] 명의도용  자동차세 / 답변2
  + [5789] ntt=17095 (7997) [기타] 다자녀감면기준을 3명에서 2명으로 변경하는 법률안관련(지. / 답변3
  + [5790] ntt=17093 (7996) [기타] 주민세(종업원분) 한 법인의 관내 인접하지 않은 여러 사. / 답변3
  + [5791] ntt=17091 (7995) [기타] 주민제 재산분 연면적 과세대상 문의입니다. / 답변2
  + [5792] ntt=17088 (7994) [기타] 주민세 재산분 질의 태양광관련 / 답변2
  + [5793] ntt=17085 (7993) [기타] 이륜자동차 시가표준액이 없다면(신규, 이전 포함) / 답변5
  + [5794] ntt=17084 (7992) [기타] 태양광 시설물 주민세 재산분 과세대상인가요 / 답변2
  + [5795] ntt=17083 (7991) [기타] 공시송달 관련 / 답변3
  + [5796] ntt=17082 (7990) [기타] 주민세 재산분 문의 / 답변2
[page 1454 완료] 누적 신규 5796건  (이 게시판 저장 총 43,470건)
  + [5797] ntt=17080 (7989) [기타] 지방세특례제한법 제57조의2(기업합병ㆍ분할 등에 대한 감. / 답변1
  + [5798] ntt=17078 (7988) [기타] 장애인이면서 국가유공자일 경우 취득세 감면문의 / 답변7
  + [5799] ntt=17077 (7987) [기타] 차량 취득세...추징 관련 메뉴얼 있으신 분... / 답변1
  + [5800] ntt=17075 (7986) [기타] 법인지방소득세 과표문의 / 답변1
  + [5801] ntt=17074 (7985) [기타] 주민세 재산분 과세대상 질문입니다. / 답변4
  + [5802] ntt=17072 (7984) [기타] 개인소유 도로를 통행하지 못하도록 일시적으로 막은경우 비. / 답변2
  + [5803] ntt=17068 (7983) [기타] 작물재배사를 건축중인 토지 재산세 / 답변1
  + [5804] ntt=17067 (7982) [기타] 자경농민 감면에 대하여 / 답변2
  + [5805] ntt=17065 (7981) [기타] 환매 관련 감면 적용 / 답변0
  + [5806] ntt=17063 (7980) [기타] 판결문만으로 소유권 이전이 안된 자동차세 감액 여부 / 답변5
  + [5807] ntt=17061 (7979) [기타] 특별징수 확정신고 환급금 소멸시효 기산일 관련 / 답변2
  + [5808] ntt=17059 (7978) [기타] 취득행위의 무효로 인해 납부세금 환급가능한지 궁금합니다. / 답변4
  + [5809] ntt=17057 (7977) [기타] 주민세 재산분 관련 질문있습니다. / 답변5
  + [5810] ntt=17056 (7976) [기타] 종교감면관련문의드립니다. / 답변3
  + [5811] ntt=17055 (7975) [기타] 주민세 재산분 중과세 질문입니다. / 답변1
  + [5812] ntt=17054 (7974) [기타] 건축물 취득세 관련해서 문의드립니다 / 답변6
  + [5813] ntt=17053 (7973) [기타] 재산세의 세부담 상한 문의 / 답변5
  + [5814] ntt=17052 (7972) [기타] 재산세 관련 문의드립니다. / 답변4
  + [5815] ntt=17051 (7971) [기타] 재산세 감면 공장 지역자원시설세 중과 / 답변3
  + [5816] ntt=17049 (7970) [기타] 귀농인이 도시지역 농지를 취득한 경우 취득세 감면이 가능. / 답변2
  + [5817] ntt=17047 (7969) [기타] 판결에 따른 건물취득- 재산세 부과 / 답변7
  + [5818] ntt=17046 (7968) [기타] 임대주택 재산세 감면질의 / 답변5
  + [5819] ntt=17045 (7967) [기타] 개인지방소득세 국세청통보자료에의한 환급가산금규정 / 답변0
  + [5820] ntt=17043 (7966) [기타] 장애인 자동차세 문의 / 답변7
  + [5821] ntt=17041 (7965) [기타] 상속인의 사망으로 인한 취득세 / 답변2
    [retry 1/3] ReadTimeout
  + [5822] ntt=17039 (7964) [기타] 과점주주 취득세 부과시 구축물 관련 질문있습니다.. / 답변2
  + [5823] ntt=17038 (7963) [기타] 지역주택조합 재산세 납세의무자 문의드립니다. / 답변1
  + [5824] ntt=17037 (7962) [기타] 유증상속 재산세 납세의무자 문의 / 답변4
  + [5825] ntt=17036 (7961) [기타] 판결에 따른 건물 취득 및 부당이득금 지급(재산세 문제) / 답변4
  + [5826] ntt=17035 (7960) [기타] 재산세 자동계산 프로그램 게시요청 / 답변3
[page 1455 완료] 누적 신규 5826건  (이 게시판 저장 총 43,500건)
  + [5827] ntt=17034 (7959) [기타] 과점주주취득세 구축물 과세표준 관련하여 / 답변1
  + [5828] ntt=17033 (7958) [기타] 중소기업간의 통합감면 문의 / 답변1
  + [5829] ntt=17032 (7957) [기타] 과점주주 간주취득세 부과시 구축물도 과세대상에 포함해야하. / 답변2
  + [5830] ntt=17030 (7956) [기타] 해외출국 자동차세 / 답변2
  + [5831] ntt=17029 (7955) [기타] 주민세 재산분 과세제외대상 문의 / 답변3
  + [5832] ntt=17028 (7954) [기타] 시설물 지역자원시설세 문의 / 답변0
  + [5833] ntt=17027 (7953) [기타] 재산세 과세기준일이 지난 후 상속포기판결 받은 경우 납세. / 답변3
  + [5834] ntt=17024 (7952) [기타] 택시 상속후 재이전시 세율 문의? / 답변1
  + [5835] ntt=17022 (7951) [기타] 농협 등 고유목적 사업과 일반건축물 혼재시 토지 감면 / 답변1
  + [5836] ntt=17021 (7950) [기타] 직계존비속간의 유상취득 관련 문의드립니다. / 답변1
  + [5837] ntt=17020 (7949) [기타] 농어업인 등에 대한 융자관련 감면 중 농어업인 기준 / 답변1
  + [5838] ntt=17019 (7948) [기타] 등록면허세 납세지 문의 / 답변3
  + [5839] ntt=17017 (7947) [기타] 시각장애인 자동차세 감면 문의 / 답변5
  + [5840] ntt=17015 (7946) [기타] 상속취득세 문의 / 답변1
    [retry 1/3] ReadTimeout
    [retry 2/3] ConnectTimeout
  + [5841] ntt=17012 (7945) [기타] 재산세 임대사업자 감면 규정 문의드립니다. / 답변3
  + [5842] ntt=17011 (7944) [기타] 지방세특례제한법 일부개정법률안 중 제22조의2 제1항 개. / 답변5
  + [5843] ntt=17010 (7943) [기타] 임대사업자 감면 문의드립니다. / 답변1
  + [5844] ntt=17009 (7942) [기타] 기부채납 관련 질의드립니다. / 답변1
  + [5845] ntt=17007 (7941) [기타] 사해행위와 관련하여 취득세 과세여부 문의 / 답변3
  + [5846] ntt=17006 (7940) [기타] 가설건축물 감산 재산세문의 / 답변2
  + [5847] ntt=17005 (7939) [기타] 등록면허세 가산세 질문입니다 / 답변1
  + [5848] ntt=17004 (7938) [기타] 개인지방소득세 수시부과시 가산세문의 / 답변1
  + [5849] ntt=17002 (7937) [기타] 미신고 상속재산 재산세 납세의무자 문의 / 답변2
  + [5850] ntt=17000 (7936) [기타] "무재산 부분결손후 체납액 납부시" 에 대한 재질의 / 답변5
  + [5851] ntt=16998 (7935) [기타] 지특법 제31조제1항 에서 최초분양의 의미 문의드립니다.. / 답변4
  + [5852] ntt=16997 (7934) [기타] 취득세 법인장부 / 답변1
  + [5853] ntt=16996 (7933) [기타] 특별징수 환급문의 / 답변1
  + [5854] ntt=16995 (7932) [기타] 주택담보노후연금보증대상 대상주택에 대한 재산세 감면 문의 / 답변2
  + [5855] ntt=16993 (7931) [기타] 재산세 [1512]토지형태에서 0315와 0344의 차이 / 답변0
    [retry 1/3] ReadTimeout
  + [5856] ntt=16991 (7930) [기타] 임대사업자 감면 문의드립니다. / 답변2
[page 1456 완료] 누적 신규 5856건  (이 게시판 저장 총 43,530건)
  + [5857] ntt=16988 (7929) [기타] 자경농민 요건(취득세) / 답변1
  + [5858] ntt=16987 (7928) [기타] 재산세 공장 지역자원시설세 중과 문의드립니다. / 답변1
  + [5859] ntt=16986 (7927) [기타] 보조금 지원사업 취득시기 / 답변0
  + [5860] ntt=16985 (7926) [기타] 산업단지 감면문의 / 답변1
  + [5861] ntt=16983 (7925) [기타] 귀농인 감면 문의 / 답변1
  + [5862] ntt=16981 (7924) [기타] 세외수입 관허사업 제한 문의 / 답변3
  + [5863] ntt=16978 (7923) [기타] 직계존비속 간 거래 시 세율적용 문제 / 답변2
  + [5864] ntt=16976 (7922) [기타] 1가구 1주택 공동상속 관련해서 질문있습니다 / 답변3
  + [5865] ntt=16974 (7921) [기타] 차량 취득가액 변동시 감면여부 문의 / 답변1
  + [5866] ntt=16973 (7920) [기타] 무재산 부분결손후 체납액 납부시 / 답변5
  + [5867] ntt=16972 (7919) [기타] 시설물 재산세 관련 문의드립니다. / 답변3
  + [5868] ntt=16970 (7918) [기타] 지역자원시설세 3배 중과 신설 조항(병원급 의료기관 관련. / 답변1
  + [5869] ntt=16968 (7917) [기타] 다자녀 감면질문입니다. / 답변5
  + [5870] ntt=16966 (7916) [기타] 긴급 차량 취득세 잔가율 질문이 있습니다 / 답변5
    [retry 1/3] ReadTimeout
    [retry 2/3] ConnectTimeout
  + [5871] ntt=16965 (7915) [기타] 차량공동소유 압류해제 시 / 답변3
  + [5872] ntt=16963 (7914) [기타] 휴업자동차 관련하여 문의합니다. (수정) / 답변5
  + [5873] ntt=16961 (7913) [기타] 취득세(농지) / 답변1
  + [5874] ntt=16960 (7912) [기타] 차량 주소지와 사용본거지가 다를 경우 공채관련질문드립니다. / 답변4
  + [5875] ntt=16959 (7911) [기타] 차량 소유자의 주민번호, 주소, 성명 변경에 대한 등록면. / 답변3
  + [5876] ntt=16957 (7910) [기타] 주민세(재산분) 질문드립니다... / 답변3
  + [5877] ntt=16956 (7909) [기타] 급여압류 추심 시 미이행에 대해 어떻게 처리하시는지 궁급. / 답변5
  + [5878] ntt=16955 (7908) [기타] 노인복지시설의 취득세 경감에대해서 / 답변2
  + [5879] ntt=16954 (7907) [기타] 운행정지명령 매매용 중고자동차 문의 / 답변5
  + [5880] ntt=16952 (7906) [기타] 장애인 자동차세 감면 문의드립니다. / 답변5
  + [5881] ntt=16950 (7905) [기타] 과점주주 성립 여부 질문드립니다. / 답변3
  + [5882] ntt=16949 (7904) [기타] 공매 낙찰된 기계장비 강제 등록 가능여부 문의 / 답변1
  + [5883] ntt=16948 (7903) [기타] 일반건출물대장(다세대주택) / 답변5
  + [5884] ntt=16944 (7902) [기타] 6.1이후 토지합병 관련 궁금점 / 답변1
  + [5885] ntt=16941 (7901) [기타] 신축취득세 감정평가로 인정해 줄 수 있는지 여부 / 답변3
  + [5886] ntt=16940 (7900) [기타] 유류분반환청구소송 관련 취득세 감면 질의 / 답변1
[page 1457 완료] 누적 신규 5886건  (이 게시판 저장 총 43,560건)
  + [5887] ntt=16939 (7899) [기타] 농지 타용도 일시사용 재산세 / 답변3
  + [5888] ntt=16938 (7898) [기타] 공매 배분 관련 질문 / 답변3
  + [5889] ntt=16936 (7897) [기타] 장애인 등 감면 차량 등록전환시 추징 질의입니다. / 답변5
  + [5890] ntt=16935 (7896) [기타] 자경농민에서 농업경영체등록 질문요~! / 답변3
  + [5891] ntt=16933 (7895) [기타] 자동차세 체납 한정승인 관련 문의입니다.. / 답변9
  + [5892] ntt=16931 (7894) [기타] 농지중 종합합산과세 대상 문의입니다,. / 답변2
  + [5893] ntt=16929 (7893) [기타] 토지 재산세 문의입니다.$$ / 답변4
  + [5894] ntt=16928 (7892) [기타] 어린이집 감면 (공동 대표일 경우) / 답변3
  + [5895] ntt=16926 (7891) [기타] 기숙학원에서 기숙사 용도 적용 여부 의견 구합니다. / 답변3
  + [5896] ntt=16925 (7890) [기타] 지적재조사조정금 체납 공매문의 / 답변2
  + [5897] ntt=16922 (7889) [기타] 등록면허세(면허) 위탁업소 부과 관련 / 답변2
  + [5898] ntt=16920 (7888) [기타] 상속등기관련 질문합니다. / 답변4
  + [5899] ntt=16917 (7887) [기타] 장애인 대체취득 감면 60이내 등록에 대해서... / 답변7
  + [5900] ntt=16916 (7886) [기타] 차량 구조변경 취득세 / 답변4
  + [5901] ntt=16912 (7885) [기타] 장애등급제폐지 관련 질문입니다. / 답변5
  + [5902] ntt=16909 (7884) [기타] 이혼에따른 세율에 특례에서 차량도 되는건가요? / 답변5
  + [5903] ntt=16908 (7883) [기타] 경정청구 했으나 대상이 아닌경우 / 답변1
  + [5904] ntt=16905 (7882) [기타] 산업단지내 에너지공급시설등 설치시 감면적용 여부 문의 / 답변2
  + [5905] ntt=16903 (7881) [기타] 특별징수 임대사업자 관련 / 답변1
  + [5906] ntt=16901 (7880) [기타] 주택 상속관련 문의드립니다.(납세의무자) / 답변3
  + [5907] ntt=16900 (7879) [기타] 화해권고 결정 후 원소유자의 취득세 납부 의무 여부 / 답변2
  + [5908] ntt=16899 (7878) [기타] 공공기록 등록 전 얼마간의 기간을 두고 통지하는지 궁금해. / 답변1
  + [5909] ntt=16897 (7877) [기타] 차량취득세 세금계산서 관련 문의드립니다. / 답변4
  + [5910] ntt=16895 (7876) [기타] 자동차세 장애인 감면 / 답변2
  + [5911] ntt=16894 (7875) [기타] 대도시 열병합발전소(전기+열) 재산세 중과세 문의 / 답변0
  + [5912] ntt=16893 (7874) [기타] 유료 노인복지시설 감면 질의 / 답변0
  + [5913] ntt=16892 (7873) [기타] 주민세 재산분에서 지하주차장 질문요! / 답변3
  + [5914] ntt=16891 (7872) [기타] 자동차세 장애인감면 공동명의자만 바뀐경우 / 답변3
  + [5915] ntt=16890 (7871) [기타] 주유시설 재산세문의 / 답변2
  + [5916] ntt=16887 (7870) [기타] 근해,연안어업 및 낚시어선업 등 면허세 납세지 / 답변5
[page 1458 완료] 누적 신규 5916건  (이 게시판 저장 총 43,590건)
  + [5917] ntt=16886 (7869) [기타] 선별기 기계장비 과세 문의 / 답변2
  + [5918] ntt=16885 (7868) [기타] 장애인 차량중 정당한 사유 질문요~! / 답변4
  + [5919] ntt=16884 (7867) [기타] 경매배당금 반환 관련 / 답변1
  + [5920] ntt=16882 (7866) [기타] 취득세 입증자료 문의 / 답변3
  + [5921] ntt=16881 (7865) [기타] 교환취득 관련입니다.(이런 법무사를 보신적이 있으신지요) / 답변4
  + [5922] ntt=16878 (7864) [기타] 등록면허세(면허)  상위종 변경에 대해 문의드립니다. (. / 답변3
  + [5923] ntt=16874 (7863) [기타] 차량공매관련문의 / 답변5
  + [5924] ntt=16873 (7862) [기타] 운행정지요청 / 답변5
  + [5925] ntt=16872 (7861) [기타] 미신고 다세대주택 취득세 부과시 과세표준 / 답변2
  + [5926] ntt=16871 (7860) [기타] 신탁재산 납세의무자 문의 / 답변1
  + [5927] ntt=16870 (7859) [기타] 지방세특례제한법 취득세 차량 감면에서 법령해석 부탁드립니. / 답변5
  + [5928] ntt=16869 (7858) [기타] 장애인 자동차세 감면 문의드립니다.(내용 추가했습니다... / 답변5
  + [5929] ntt=16868 (7857) [기타] 임대주택 통매매시 최소납부제 적용 방식에 대하여 / 답변3
  + [5930] ntt=16867 (7856) [기타] 산림경영계획 인가 받은 임야 / 답변3
  + [5931] ntt=16866 (7855) [기타] 도시개발사업 시행자가 납부하는 하수도원인자부담금은...? / 답변4
  + [5932] ntt=16865 (7854) [기타] 철골조의 벽면(조립식패널) 구별 질문드립니다. / 답변1
  + [5933] ntt=16864 (7853) [기타] 법인지방소득세 결손금 소급공제처리 문의입니다. / 답변1
  + [5934] ntt=16861 (7852) [기타] 수상동력레저기구 재산세 납세지 문의 / 답변3
  + [5935] ntt=16860 (7851) [기타] 태양광 지목변경 관련하여 고견 부탁드립니다. / 답변2
  + [5936] ntt=16859 (7850) [기타] 민간임대주택사업자 임대의무기간과 추징조건 / 답변0
  + [5937] ntt=16858 (7849) [기타] 창업중소기업감면시 창업 판단 질문 / 답변1
  + [5938] ntt=16857 (7848) [기타] 연부취득 관련 문의 / 답변2
  + [5939] ntt=16856 (7847) [기타] 일시적,계절적 휴경지 상태에 대하여 문의드립니다. / 답변2
  + [5940] ntt=16854 (7846) [기타] 사망자 소유 차량 공매가능 여부 문의 / 답변3
  + [5941] ntt=16853 (7845) [기타] 선박취득세 과세관련 질의 / 답변0
  + [5942] ntt=16847 (7844) [기타] 신탁해지시 재산세 납기전징수 질문! / 답변2
  + [5943] ntt=16846 (7843) [기타] 등록면허세(면허)  허가사항 확인 불가시.. / 답변3
  + [5944] ntt=16845 (7842) [기타] 접도구역의 임야 분리과세 문의 / 답변2
  + [5945] ntt=16843 (7841) [기타] 상속한정승인한 상속인에게 자동차세 부과는 어떻게 해야 할. / 답변3
  + [5946] ntt=16839 (7840) [기타] 면허세(면허) 특정열기자재 부과 문의 / 답변2
[page 1459 완료] 누적 신규 5946건  (이 게시판 저장 총 43,620건)
  + [5947] ntt=16837 (7839) [기타] 지특법7조 농기계류 감면 질의 / 답변2
  + [5948] ntt=16836 (7838) [기타] 주민세개인균등분질문이요~~ / 답변5
  + [5949] ntt=16835 (7837) [기타] 골프장 내 임야 산림경영계획인가에 따른 분리과세 / 답변1
  + [5950] ntt=16832 (7836) [기타] 부과제척기간이 지난 상속취득에 대한 자경농민 감면신청 관. / 답변3
  + [5951] ntt=16829 (7835) [기타] 재산세 중과, 감면 중복적용 재질의 / 답변0
    [retry 1/3] ReadTimeout
  + [5952] ntt=16827 (7834) [기타] 법인합병 시 등록면허세(면허) 부과 문의 / 답변1
  + [5953] ntt=16826 (7833) [기타] 배분되지 않을 가능성이 있는(실익없는) 부동산 공매처분이. / 답변4
  + [5954] ntt=16825 (7832) [기타] 양도소득세 수정신고 문의 / 답변3
  + [5955] ntt=16823 (7831) [기타] 과태료로 인한 공매 관련 질문 / 답변3
  + [5956] ntt=16822 (7830) [기타] 공공주택사업자의 임대주택 재산세감면 질의드립니다 / 답변0
  + [5957] ntt=16821 (7829) [기타] 차량  취득세 환급 관련 질문을 드립니다 / 답변5
  + [5958] ntt=16820 (7828) [기타] 합병으로 인한 근저당권 이전 / 답변2
  + [5959] ntt=16819 (7827) [기타] 지방소득세 연말정산 환급금 소멸시효 문의 / 답변1
  + [5960] ntt=16818 (7826) [기타] 관광농원의 개발 / 답변0
  + [5961] ntt=16817 (7825) [기타] 사망자 자동차 압류문의 / 답변1
  + [5962] ntt=16816 (7824) [기타] 농지세율 적용여부 / 답변4
  + [5963] ntt=16813 (7823) [기타] 등록면허세(면허) 부과취소 또는 감액 / 답변4
  + [5964] ntt=16812 (7822) [기타] 한정승인 체납차량 압류해제 질의 / 답변2
  + [5965] ntt=16811 (7821) [기타] 주민세 재산분 사업소 면적 산정문의 / 답변3
  + [5966] ntt=16810 (7820) [기타] 신탁재산에 대한 압류 문의 / 답변1
  + [5967] ntt=16809 (7819) [기타] 자동차세 문의입니다. / 답변4
  + [5968] ntt=16807 (7818) [기타] 차량 취득세 문의(명의이전인데...) / 답변2
  + [5969] ntt=16806 (7817) [기타] 연부계약 소액잔금으로 권리의무 승계 가능한지여부 / 답변0
  + [5970] ntt=16805 (7816) [기타] 취득세(차량) 감액 문의-경정청구 / 답변1
  + [5971] ntt=16804 (7815) [기타] 종업원분 주민세 사업소 판단문의 / 답변0
  + [5972] ntt=16800 (7814) [기타] 지방소득세(종합소득) 대사 / 답변1
    [retry 1/3] ReadTimeout
  + [5973] ntt=16799 (7813) [기타] 건축물의 부속토지 배율범위 문의입니다. / 답변0
  + [5974] ntt=16797 (7812) [기타] 명의신탁해지된 종중토지 과세대상 관련 / 답변1
  + [5975] ntt=16796 (7811) [기타] 자경농민감면 농지소유기간에 대한 문의.. / 답변1
  + [5976] ntt=16795 (7810) [기타] 주택 및 주택 이외 건축물 일괄 취득 안분 / 답변1
[page 1460 완료] 누적 신규 5976건  (이 게시판 저장 총 43,650건)
  + [5977] ntt=16794 (7809) [기타] 자원봉사센터 / 답변1
  + [5978] ntt=16791 (7808) [기타] 납기전 징수 및 교부청구(경매) / 답변1
  + [5979] ntt=16789 (7807) [기타] 재산조회 요청관련 문의합니다 / 답변0
  + [5980] ntt=16786 (7806) [기타] 공매 배분 요구 종기 관련 질의 / 답변1
  + [5981] ntt=16784 (7805) [기타] 창업감면(창업법인 주주가 법인일 경우) / 답변0
  + [5982] ntt=16783 (7804) [기타] 대포차 자동차세 부과 질문드립니다. / 답변4
  + [5983] ntt=16780 (7803) [기타] 법인지방소득세 결손금 소급공제처리 문의입니다. / 답변0
  + [5984] ntt=16779 (7802) [기타] 회생사건 압류 진행 / 답변4
  + [5985] ntt=16778 (7801) [기타] 다가구주택 임대감면 문의입니다. / 답변2
  + [5986] ntt=16777 (7800) [기타] 과점주주 문의드려요 / 답변1
  + [5987] ntt=16776 (7799) [기타] 세율의 특례 적용 시 농특세 부과분 / 답변1
  + [5988] ntt=16774 (7798) [기타] 재건축사업의 경우도 대체취득 취득세 감면 대상인가요? / 답변0
  + [5989] ntt=16773 (7797) [기타] 임의경매 진행 시 상속대위등기와 압류해제 관련 / 답변0
  + [5990] ntt=16770 (7796) [기타] 주택담보노후연금보증 주택 감면관련문의 / 답변1
  + [5991] ntt=16769 (7795) [기타] 산림경영계획 인가 받은 골프장 임야 / 답변0
  + [5992] ntt=16768 (7794) [기타] 재산세 중과, 감면 중복적용 질의 / 답변2
  + [5993] ntt=16766 (7793) [기타] 부동산 압류예고 반드시 해야 하는건지 궁금합니다. / 답변7
  + [5994] ntt=16764 (7792) [기타] 체납차량 족쇄 설치에 관해서 질문입니다. / 답변5
  + [5995] ntt=16762 (7791) [기타] 집합건물 신탁 재산세 / 답변1
    [retry 1/3] ReadTimeout
  + [5996] ntt=16761 (7790) [기타] 산업단지 감면후 임대차 계약 후 / 답변1
  + [5997] ntt=16760 (7789) [기타] 종전에 감면받은 차량  취득세 납부 후 대체취득 가능한지 / 답변4
  + [5998] ntt=16759 (7788) [기타] 지방세 체납처분 절차를 준용하는 세외수입 납기 전 징수 . / 답변0
  + [5999] ntt=16757 (7787) [기타] 유공자 감면차량 단독명의에서 공동으로 소유권변경시 자동차. / 답변2
  + [6000] ntt=16756 (7786) [기타] 지법 15조 제1항 관련 질문 드려요 / 답변3
  + [6001] ntt=16754 (7785) [기타] 차량취득세 추징발생일 관련 질문입니다. / 답변3
  + [6002] ntt=16753 (7784) [기타] 국세경정결정에 따른 법인지방소득세 환급 청구 관련 / 답변0
  + [6003] ntt=16752 (7783) [기타] 지특법 178조 관련하여 질의합니다. / 답변1
  + [6004] ntt=16750 (7782) [기타] 분납 근거규정 / 답변7
  + [6005] ntt=16749 (7781) [기타] 비영업용 승용자동차에만 지방교육세가 부과되는 이유 / 답변4
  + [6006] ntt=16747 (7780) [기타] 시각장애인 4급 감면 조례 / 답변6
[page 1461 완료] 누적 신규 6006건  (이 게시판 저장 총 43,680건)
  + [6007] ntt=16745 (7779) [기타] 축사  취득세 감면에 대해 문의 드립니다.(공동지분) / 답변1
  + [6008] ntt=16744 (7778) [기타] 주민세 재산분 양어장 관련 질문입니다. / 답변2
  + [6009] ntt=16739 (7777) [기타] 지식산업센터 지원시설, 기숙사 감면여부 / 답변1
  + [6010] ntt=16736 (7776) [기타] 피합병법인의 본점사업용 부동산을 합병법인의 지점으로 사용. / 답변0
  + [6011] ntt=16732 (7775) [기타] 균등분 주민세 감액 관련 문의드립니다ㅜㅜ / 답변4
  + [6012] ntt=16726 (7774) [기타] 국가유공자 차량 대체취득 관련하여 질문합니다. / 답변1
  + [6013] ntt=16725 (7773) [기타] 상속 취득세 관련 문의 / 답변3
  + [6014] ntt=16723 (7772) [기타] 부과 취소를 증명할 서류가 따로 존재하나요? / 답변2
  + [6015] ntt=16722 (7771) [기타] 재산세 납세의무자 문의 / 답변4
  + [6016] ntt=16720 (7770) [기타] 고층 주상복합 건물의 상가부분  지역자원세설세 문의 / 답변3
  + [6017] ntt=16719 (7769) [기타] 영농조합법인 취득세 감면 문의 / 답변1
  + [6018] ntt=16718 (7768) [기타] 승합차 구조변경 문의 / 답변2
  + [6019] ntt=16716 (7767) [기타] 자동차세 환급금 공동소유자,,., / 답변1
  + [6020] ntt=16715 (7766) [기타] 선박을 취득세 신고하러 왔을때 신고서류 ? / 답변2
  + [6021] ntt=16710 (7765) [기타] 교회차량 자동차세 부과 문의드립니다. / 답변5
  + [6022] ntt=16709 (7764) [기타] 지역주택조합추진위원회 및 지역주택조합 관련 취득세 문의입. / 답변2
  + [6023] ntt=16708 (7763) [기타] 재산세 상속포기 문의입니다. / 답변5
  + [6024] ntt=16707 (7762) [기타] 상속 개시된 미등기재산 변동신고서 작성방법.. / 답변2
  + [6025] ntt=16706 (7761) [기타] 과점주주 간주 취득세 과세대상 여부 / 답변4
  + [6026] ntt=16703 (7760) [기타] 창업중소기업 관련 문의드립니다~ / 답변3
  + [6027] ntt=16702 (7759) [기타] 경매취득 후 채무자(유한회사)와 경락대금 조정시...? / 답변5
  + [6028] ntt=16700 (7758) [기타] 엘리베이터 지역자원시설세 과세대상인지.. / 답변2
  + [6029] ntt=16699 (7757) [기타] 차량 취득세 추징 여부 질문이 있습니다 / 답변6
  + [6030] ntt=16698 (7756) [기타] 사실상 부과되고 있는 종중의 과세사실확인에 대해서 상위종. / 답변1
  + [6031] ntt=16697 (7755) [기타] 재산세 부과제척기간 경과 후 감액 및 환급 문의 / 답변5
  + [6032] ntt=16695 (7754) [기타] 종교단체 감면 문의 드려요~^^ / 답변1
  + [6033] ntt=16694 (7753) [기타] 등기되지 않은 사망자에 대한 압류 관련 질문드립니다. / 답변3
  + [6034] ntt=16692 (7752) [기타] 자경농민 환매취득 감면 추징 여부 질문드립니다. / 답변1
  + [6035] ntt=16691 (7751) [기타] 장애인자동차 문의 / 답변4
  + [6036] ntt=16690 (7750) [기타] 지방소득세 특별징수분 가산세 문의 .. / 답변1
[page 1462 완료] 누적 신규 6036건  (이 게시판 저장 총 43,710건)
  + [6037] ntt=16689 (7749) [기타] 종중의 지방세 환급금 양도신청 방법 / 답변1
  + [6038] ntt=16685 (7748) [기타] 주민세(재산분) 중과대상, 가산세 처분 관련 / 답변0
  + [6039] ntt=16684 (7747) [기타] 세외수입 환급금 충당여부 / 답변2
  + [6040] ntt=16682 (7746) [기타] 종교단체 주방 증축 문의 / 답변4
  + [6041] ntt=16681 (7745) [기타] 조례에 따른 지방세감면 / 답변2
    [retry 1/3] ReadTimeout
  + [6042] ntt=16680 (7744) [기타] 농업법인감면 추징 / 답변1
  + [6043] ntt=16679 (7743) [기타] 미준공 아파트 경매 취득시 세율적용 문의 [긴급!!] / 답변1
  + [6044] ntt=16677 (7742) [기타] 신축 건축물 취득세 신고 업무 관련 / 답변5
  + [6045] ntt=16675 (7741) [기타] 과점주주 취득시 농업법인 감면 적용가능 여부 / 답변2
  + [6046] ntt=16674 (7740) [기타] 대체취득시 취득기간문의!! / 답변2
    [retry 1/3] ReadTimeout
    [retry 2/3] ConnectTimeout
    [retry 3/3] ConnectTimeout
  + [6047] ntt=16672 (7738) [기타] 부담부증여 서민주택 감면 관련 / 답변2
  + [6048] ntt=16669 (7737) [기타] 지구단위계획에 공원부지로 지정된 재산세(토지)  감면관련. / 답변2
  + [6049] ntt=16668 (7736) [기타] 우체국이 우편,택배 집배용으로 사용하는 차량은 전부 비과. / 답변3
  + [6050] ntt=16667 (7735) [기타] 자료를 찾고 있습니다. / 답변1
  + [6051] ntt=16665 (7734) [기타] 환급기산일 문의 / 답변2
  + [6052] ntt=16662 (7733) [기타] **상가조합의 연부금 납부 연체이자 과표 산입 여부 / 답변1
    [retry 1/3] ReadTimeout
  + [6053] ntt=16661 (7732) [기타] 본인, 공동명의자 모두 장애인을 경우에도 세대분리시 장애. / 답변6
  + [6054] ntt=16660 (7731) [기타] 농업회사법인 융자물 담보등기에 따른 감면질의 / 답변1
  + [6055] ntt=16657 (7730) [기타] 원부에 현물출자사항 기재되어있는데 지입차주에게 취득세가 . / 답변1
  + [6056] ntt=16656 (7729) [기타] 체납자 민원 대응 및 안내방법 문의 / 답변2
  + [6057] ntt=16655 (7728) [기타] 체납자 민원 대응 및 안내방법 문의 / 답변0
  + [6058] ntt=16654 (7727) [기타] 건축허가 변경 시 등록면허세(면허) 과세 문의 / 답변1
  + [6059] ntt=16653 (7726) [기타] 체납자 민원 대응 및 안내방법 문의 / 답변5
  + [6060] ntt=16651 (7725) [기타] 감액복명서 관련해서 질문드리겠습니다 / 답변6
  + [6061] ntt=16650 (7724) [기타] 지방세 이의신청 기간 계산 질문입니다. / 답변4
  + [6062] ntt=16648 (7723) [기타] 등록면허세(면허) 납세자가 신고를 안했다고 하는데 어떻게. / 답변2
  + [6063] ntt=16647 (7722) [기타] 등록면허세(면허) 대부업 관련 / 답변1
  + [6064] ntt=16646 (7721) [기타] 임대주택 최초분양 판단 도와주세요 / 답변2
  + [6065] ntt=16645 (7720) [기타] 재산세 건축물 철거 관련 / 답변3
[page 1463 완료] 누적 신규 6065건  (이 게시판 저장 총 43,739건)
  + [6066] ntt=16644 (7719) [기타] 대위등기시에 취득세 납부의무자에 대해서 / 답변4
  + [6067] ntt=16643 (7718) [기타] 재산세 납기 전 징수 문의드립니다. / 답변2
  + [6068] ntt=16638 (7717) [기타] 주민세 재산분중 양식장 또는 양어장 부과 대상인가요? / 답변1
  + [6069] ntt=16637 (7716) [기타] 고급오락장 중과 판단 시 영업장 면적의 50% 이상 기준. / 답변2
  + [6070] ntt=16636 (7715) [기타] 가정어린이집 용도가 아파트/ 아동관련시설? / 답변3
  + [6071] ntt=16635 (7714) [기타] 정보공개 가능여부 문의드립니다. / 답변1
  + [6072] ntt=16634 (7713) [기타] 장애인 자동차세 감면 신청 어떤 서류로 신청받나요? / 답변4
  + [6073] ntt=16633 (7712) [기타] 자동차세 공동명의자에게 이전시 감면 관련 문의입니다. / 답변4
  + [6074] ntt=16632 (7711) [기타] 재산세 납세 의무자가 누가 되는 건가요?? / 답변4
  + [6075] ntt=16631 (7710) [기타] 균등분 주민세 개정사항 / 답변4
  + [6076] ntt=16630 (7709) [기타] 국가유공자 대부금받아 주택취득시 공동명의 / 답변1
  + [6077] ntt=16629 (7708) [기타] 농지 미사용의 정당한 사유 해당여부 / 답변1
  + [6078] ntt=16628 (7707) [기타] 컨테이너~~ / 답변5
  + [6079] ntt=16627 (7706) [기타] 일반형화물자동차(카고) 구조변경 취득세 관련 / 답변2
  + [6080] ntt=16626 (7705) [기타] 자경농민 농지 취득 감면 대상 중 사실혼 관계 동거인 감. / 답변2
  + [6081] ntt=16625 (7704) [기타] 법인이 부동산 임대 여부 확인 가능 서류 / 답변1
  + [6082] ntt=16622 (7703) [기타] 주택세율 적용관련 문의합니다. / 답변2
  + [6083] ntt=16621 (7702) [기타] 농지(생산관리지역)에 종중의 자연장지가 조성된 경우 재산. / 답변0
  + [6084] ntt=16619 (7701) [기타] 연대납세의무자 환급관련 문의입니다~ / 답변2
  + [6085] ntt=16617 (7700) [기타] 차량 취득세 추징 징수유예관련 질문드립니다. / 답변3
  + [6086] ntt=16615 (7699) [기타] 실익이 없는 재산에  따른 결손처분시 / 답변2
  + [6087] ntt=16614 (7698) [기타] 유해조수구제용 총포 보관해제시 등록면허세 납부여부. / 답변2
  + [6088] ntt=16613 (7697) [기타] 위수탁 차량  번호변경 등록 면허세 관련 문의드려요? / 답변3
  + [6089] ntt=16612 (7696) [기타] 부동산명의신탁 취등록세문의 / 답변1
  + [6090] ntt=16610 (7695) [기타] 산업단지 감면 후 신탁등기 / 답변0
  + [6091] ntt=16608 (7694) [기타] 공매시 권리의취득은 승계취득인가요? / 답변3
  + [6092] ntt=16607 (7693) [기타] 주택 건물, 토지 따로 구입시 주택세율 적용 문의 / 답변5
  + [6093] ntt=16606 (7692) [기타] 아파트 보존등기가 신탁회사로 된 경우 재산세 납세의무자 . / 답변0
  + [6094] ntt=16603 (7691) [기타] 기부채납 / 답변1
  + [6095] ntt=16602 (7690) [기타] 차량 공매  소유권 이전 후 전소유자 정보 관련 질문입니. / 답변2
[page 1464 완료] 누적 신규 6095건  (이 게시판 저장 총 43,769건)
    [retry 1/3] ReadTimeout
  + [6096] ntt=16600 (7689) [기타] 차량 구조변경 과표적용에 관하여 문의드립니다. / 답변4
  + [6097] ntt=16598 (7688) [기타] 공탁금 압류 및 추심 문의 (일부 납부 후 압류해제 가능. / 답변3
  + [6098] ntt=16597 (7687) [기타] 경정청구와 불복기한 / 답변2
  + [6099] ntt=16595 (7686) [기타] 체납자 행정제재 조례제정 가능 여부 / 답변1
  + [6100] ntt=16594 (7685) [기타] 자동차세 세대분리 추징 부과 관련 문의입니다. / 답변6
  + [6101] ntt=16593 (7684) [기타] 어린이 세무교실 운영하려고 합니다 / 답변2
  + [6102] ntt=16592 (7683) [기타] 지특법 41조 7항의 추징규정을 어떤것을 적용해야 할까요. / 답변2
  + [6103] ntt=16591 (7682) [기타] 곤충산업 등록면허세 과세 문의 / 답변1
  + [6104] ntt=16590 (7681) [기타] 상속 취득 재분할 관련 재질문(구체적) / 답변2
  + [6105] ntt=16588 (7680) [기타] 법인지방소득세 신고납부 착오 / 답변1
  + [6106] ntt=16586 (7679) [기타] 공매에 있어서 착오 배당후 반환요청이 가능한지.여부 / 답변1
  + [6107] ntt=16584 (7678) [기타] 상속 취득세 재분할 관련 / 답변2
  + [6108] ntt=16582 (7677) [기타] 2019 지방세 길라잡이 관련 / 답변2
  + [6109] ntt=16581 (7676) [기타] 재산세 부과시 비과세 여부(대지공제면적) / 답변2
  + [6110] ntt=16580 (7675) [기타] 압류금지 재산에서 보장성보험에 대한 질문입니다. / 답변1
  + [6111] ntt=16579 (7674) [기타] 미준공 타운하우스 잔금 선납시 재산세 문의 / 답변4
  + [6112] ntt=16578 (7673) [기타] 재산세 납세의무자(사실상 소유자) 관련 문의 / 답변6
  + [6113] ntt=16577 (7672) [기타] 취득세 50%감면 후 사해행위취소 판결로 인하여 원소유자. / 답변1
  + [6114] ntt=16576 (7671) [기타] 납기전징수 문의 드립니다. (공매 진행 중) / 답변2
  + [6115] ntt=16574 (7670) [기타] 상속순위 및 증여취득세 관련 문의드립니다. / 답변1
  + [6116] ntt=16572 (7669) [기타] 재산세 평생교육시설 감면 문의입니다. / 답변1
  + [6117] ntt=16568 (7668) [기타] 세목별과세증명서 발급 조례 서울에선 언제 폐지된지 아십니. / 답변0
  + [6118] ntt=16567 (7667) [기타] 건물주와 영업주가 다른 경우 재산세 문의드립니다. / 답변7
  + [6119] ntt=16565 (7666) [기타] 결손처분(무재산 등) 한후에 사후관리에 대하여... / 답변9
  + [6120] ntt=16564 (7665) [기타] 법인지방소득세 국세청 통보시 가산세 적용 / 답변1
  + [6121] ntt=16561 (7664) [기타] 가설건축물(임시) 철거 후 별도합산관련 질문드립니다. / 답변4
  + [6122] ntt=16557 (7663) [기타] 차량 공매시 문의사항 / 답변3
  + [6123] ntt=16556 (7662) [기타] 급하게 차종변경관련 문의 / 답변1
  + [6124] ntt=16552 (7661) [기타] 차량 공매 배당순위 / 답변3
  + [6125] ntt=16551 (7660) [기타] 재산세가 체납된 토지를 상속받은 사람이 피상속인의 체납액. / 답변1
[page 1465 완료] 누적 신규 6125건  (이 게시판 저장 총 43,799건)
  + [6126] ntt=16548 (7659) [기타] 재산세현황부과(면적정정) / 답변3
  + [6127] ntt=16547 (7658) [기타] 자동차세 상속인 직권등재 가능여부 문의입니다. / 답변2
  + [6128] ntt=16546 (7657) [기타] 이륜차, 건설기계는 자동차대장에 별도로 등록을 해줘야하는. / 답변3
  + [6129] ntt=16545 (7656) [기타] 연대납세의무자에 대한 체납처분 가능여부 / 답변0
  + [6130] ntt=16541 (7655) [기타] 면허세 관련 질의 드립니다 / 답변2
  + [6131] ntt=16540 (7654) [기타] 자동차세 고지유예로 과세누락 / 답변3
  + [6132] ntt=16539 (7653) [기타] 상속취득세 가족의 법위에대해서 / 답변4
  + [6133] ntt=16538 (7652) [기타] 연대납세의무?? / 답변3
  + [6134] ntt=16537 (7651) [기타] 차량 취득세 감면 후 장애등급 변동 시 추징대상인지요? / 답변11
  + [6135] ntt=16535 (7650) [기타] 임대사업자 감면 적용시 문의드립니다. / 답변3
  + [6136] ntt=16534 (7649) [기타] 주택조합이 취득하는 토지 취득세 과세방법 / 답변0
  + [6137] ntt=16532 (7648) [기타] 자동차세 추징은  수시분으로 과세하는수 밖에없죠? / 답변3
    [retry 1/3] ReadTimeout
    [retry 2/3] ConnectTimeout
  + [6138] ntt=16530 (7647) [기타] 연말정산 후 국세 경정으로 인한 환급 납세지 질문 / 답변2
  + [6139] ntt=16529 (7646) [기타] 다른 시군구는 세목별과세증명서 발급규정에 관한 조례가 없. / 답변5
  + [6140] ntt=16528 (7645) [기타] 직계존비속간의 증여, 매매와 관련하여 문의드립니다. / 답변3
  + [6141] ntt=16527 (7644) [기타] 지방세법 시행령 제19조(부동산등의 일괄취득)과 관련하여 / 답변0
  + [6142] ntt=16526 (7643) [기타] 서울 각 구 조례에는 세목별과세증명서 발급규정이 없나요? / 답변1
  + [6143] ntt=16525 (7642) [기타] 블럭지번에서 확정지번으로 변경되는 경우 / 답변1
  + [6144] ntt=16524 (7641) [기타] 주거용 오피스텔 재산세 변동신고 관련 문의 / 답변2
  + [6145] ntt=16523 (7640) [기타] 법인지방소득세 환급시 특별징수세액명세서 확인 / 답변1
  + [6146] ntt=16521 (7639) [기타] 파산법인 과점주주 2차 납세의무 지정 / 답변1
  + [6147] ntt=16519 (7638) [기타] 차량 등록 후 다자녀 환급신청인 경우 / 답변8
  + [6148] ntt=16518 (7637) [기타] 종교단체의 수익사업 관련 추징가능? / 답변4
  + [6149] ntt=16516 (7636) [기타] 경락 취득 시, 지연이자? 취득세 과새표준에 포함되나요? / 답변3
  + [6150] ntt=16514 (7635) [기타] 등록면허세 동일시군이전에 관해서 / 답변5
  + [6151] ntt=16512 (7634) [기타] 주민세(법인균등) 문의 / 답변7
  + [6152] ntt=16511 (7633) [기타] 연부취득 관련입니다. / 답변3
  + [6153] ntt=16510 (7632) [기타] 사망자 자동차세 연납승계 / 답변2
  + [6154] ntt=16508 (7631) [기타] 세목별과세증명서 규정 근거가 궁금합니다. / 답변5
  + [6155] ntt=16507 (7630) [기타] 1가구 1주택 공동상속 관련해서 질문있습니다 / 답변2
[page 1466 완료] 누적 신규 6155건  (이 게시판 저장 총 43,829건)
  + [6156] ntt=16506 (7629) [기타] 공사대금 환수금 압류관련 / 답변1
  + [6157] ntt=16504 (7628) [기타] 사무실을 주거용으로 사용하는 경우 주택적용 여부 / 답변3
  + [6158] ntt=16503 (7627) [기타] 지방소득세 특별징수 세액의 납세지 문의드립니다. / 답변1
  + [6159] ntt=16502 (7626) [기타] 명의신탁관련 납세의무자 관련 / 답변1
  + [6160] ntt=16499 (7625) [기타] 양봉업 자경농민 감면 가능 여부 / 답변4
    [retry 1/3] ReadTimeout
    [retry 2/3] ConnectTimeout
  + [6161] ntt=16498 (7624) [기타] 연립주택신축으로 이한 국민주택규모(85제곱이하)지목변경 . / 답변3
  + [6162] ntt=16497 (7623) [기타] 등록면허세(면허) '개발행위 변경허가' 면허세 과세 여부. / 답변5
  + [6163] ntt=16495 (7622) [기타] 환급결정 후에 생긴 체납금을 환급금지급할 시점에 충당?/ / 답변5
  + [6164] ntt=16494 (7621) [기타] 재산조회시 개인정보 제3자 제공대장 기록 여부 / 답변2
  + [6165] ntt=16492 (7620) [기타] 급여압류에 관하여 / 답변2
  + [6166] ntt=16488 (7619) [기타] 항만시설공사시 박지준설비용 잔교 취득세 과표 산입여부 / 답변1
  + [6167] ntt=16487 (7618) [기타] 수용으로 인한 대체취득중 보상금 받기전인데 궁금한게 있어. / 답변3
  + [6168] ntt=16485 (7617) [기타] 재건축 조합의 신탁 토지에 대한 재산세 납세 의무자는?(. / 답변0
  + [6169] ntt=16484 (7616) [기타] 필로피에 관하여 / 답변1
  + [6170] ntt=16483 (7615) [기타] 자동차세 관련 입니다. / 답변7
  + [6171] ntt=16480 (7614) [기타] 자동차세 공동명의 감면 가능하나요? / 답변8
  + [6172] ntt=16479 (7613) [기타] 건축관계자 변경 면허세 / 답변4
  + [6173] ntt=16477 (7612) [기타] 1가구1주택 상속 세율특례 관련 문의입니다 / 답변4
  + [6174] ntt=16476 (7611) [기타] [위험물제조소등 지위승계 신고처리] 공문에서 해당 면허명. / 답변4
  + [6175] ntt=16475 (7610) [기타] 토지 수용 대체취득 관련입니다 / 답변1
  + [6176] ntt=16474 (7609) [기타] 법인지방소득세에 안분없이 신고한건에 관하여 / 답변2
  + [6177] ntt=16473 (7608) [기타] 직계존비속간의 교환거래 / 답변1
  + [6178] ntt=16472 (7607) [기타] 신설된 지 1년 미만인 사업장에 대한 주민세(종업원분) . / 답변1
  + [6179] ntt=16471 (7606) [기타] 지방세정보시스템을 활용한 문자메시지와 개인정보동의 관련입. / 답변4
  + [6180] ntt=16470 (7605) [기타] 면허세 가설건축물 연장신고 사망자일 경우.. 질의드립니다 / 답변4
  + [6181] ntt=16469 (7604) [기타] 수소연료전지발전소 유치에 따른 부과 세목은 뭐가 있을까요. / 답변2
  + [6182] ntt=16468 (7603) [기타] 주민세 재산분 중과세 관련하여.. / 답변3
  + [6183] ntt=16467 (7602) [기타] 농공단지 감면 질의 / 답변2
    [retry 1/3] ReadTimeout
  + [6184] ntt=16464 (7601) [기타] 위험물제조소 등 변경허가의 건 면허세 / 답변2
  + [6185] ntt=16463 (7600) [기타] 지방소득세(양도소득) 예정신고로 환급 통보 오는 자료 / 답변1
[page 1467 완료] 누적 신규 6185건  (이 게시판 저장 총 43,859건)
  + [6186] ntt=16462 (7599) [기타] 지방세법 시행령 제35조 삭제 / 답변6
  + [6187] ntt=16461 (7598) [기타] 지식산업센터 재산세 직접사용 여부 조사 시 유의사항 문의 / 답변1
  + [6188] ntt=16460 (7597) [기타] 산업단지 감면 추징 관련 문의입니다 / 답변1
  + [6189] ntt=16459 (7596) [기타] 세대분리된 자동차세 장애인감면대상자 문의입니다 / 답변8
  + [6190] ntt=16458 (7595) [기타] 납부불성실가산세 문의드립니다. / 답변4
  + [6191] ntt=16456 (7594) [기타] 미준공 건물 취득후 추가공사비 / 답변4
  + [6192] ntt=16455 (7593) [기타] 결손금 소득공제 환급 관련 문의 / 답변1
  + [6193] ntt=16454 (7592) [기타] 상속&실사용자 관련 재산세 문의 / 답변2
  + [6194] ntt=16452 (7591) [기타] 취득세 계약해제 관련 질문드립니다. / 답변8
  + [6195] ntt=16451 (7590) [기타] 임대주택 등의 감면과 관련하여 / 답변4
  + [6196] ntt=16449 (7589) [기타] 종교단체가 운영하는 경내의 작은 도서관 감면관련 / 답변4
  + [6197] ntt=16448 (7588) [기타] 과점주주 해당여부 / 답변4
  + [6198] ntt=16447 (7587) [기타] 종업원분 주민세에 관련해서 / 답변0
  + [6199] ntt=16446 (7586) [기타] 등록면허세(면허분) 위텍스 납부에 관해서 / 답변3
  + [6200] ntt=16444 (7585) [기타] 유흥주점 중과여부 / 답변6
  + [6201] ntt=16443 (7584) [기타] 유흥주점 객실 폐쇄 관련 질의 / 답변8
  + [6202] ntt=16442 (7583) [기타] 예금잔액이 없는 통장압류를 했을때  압류가 원인무효인지 / 답변3
  + [6203] ntt=16441 (7582) [기타] 압류된 부동산의 매매에 대해서 질문 하나 더 있습니다. / 답변3
  + [6204] ntt=16440 (7581) [기타] 지방세특례제한법 제2조 8호 관련입니다. / 답변1
  + [6205] ntt=16437 (7580) [기타] 농공단지 대체입주자 감면 / 답변2
  + [6206] ntt=16436 (7579) [기타] 지방세특례제한법 직권 감면 관련 문의 드립니다. / 답변3
  + [6207] ntt=16434 (7578) [기타] 재산세(토지, 주택) 체납에 대한 문의입니다. / 답변3
  + [6208] ntt=16433 (7577) [기타] 렌트카(영업용 12인승) 승합 자동차세 세율 문의드립니다. / 답변3
  + [6209] ntt=16431 (7576) [기타] 압류에 대해서 질문 있습니다. / 답변4
  + [6210] ntt=16430 (7575) [기타] 취득과표 포함 여부 / 답변6
  + [6211] ntt=16427 (7574) [기타] 부동산 공매처분 가능성에 대한 질문입니다. / 답변3
  + [6212] ntt=16418 (7573) [기타] 창업중소기업감면 문의 / 답변0
  + [6213] ntt=16416 (7572) [기타] 지식산업센터 감면시 수탁자로 감면이 가능한지 여부 / 답변0
  + [6214] ntt=16414 (7571) [기타] 차량 상속관련 미등록으로 환급 가능한지? / 답변6
  + [6215] ntt=16413 (7570) [기타] 주민세(재산분) 추징에 따른 대응은 어떻게 해야 하나요 / 답변3
[page 1468 완료] 누적 신규 6215건  (이 게시판 저장 총 43,889건)
  + [6216] ntt=16412 (7569) [기타] 중고 매매용 차량 폐차 추징관련 / 답변5
  + [6217] ntt=16409 (7568) [기타] 특수차량 다자녀 감면질문드립니다. / 답변4
  + [6218] ntt=16408 (7567) [기타] 법원제출명령 등 공공기관에서 세목별과세증명서 요청시 신청. / 답변3
  + [6219] ntt=16407 (7566) [기타] 농지 휴경시 재산세 과세 / 답변4
  + [6220] ntt=16405 (7565) [기타] 차량 공동저당 말소에 대해서 질문드립니다. / 답변5
  + [6221] ntt=16404 (7564) [기타] 정기분 부과시 자동이체 고지서 문의입니다. / 답변9
  + [6222] ntt=16400 (7563) [기타] 기부채납관련입니다. / 답변1
  + [6223] ntt=16399 (7562) [기타] 의약품 도매업 등록면허세(면허) 종 및 세율 / 답변0
  + [6224] ntt=16398 (7561) [기타] 기부채납 감면 관련입니다. / 답변0
  + [6225] ntt=16397 (7560) [기타] 폐기물 매립장을 산업단지 감면 적용 여부 / 답변1
  + [6226] ntt=16396 (7559) [기타] 고급오락장 관련입니다. / 답변6
  + [6227] ntt=16395 (7558) [기타] 지자체가 운영하는 급식소 비과세에 대하여 / 답변4
  + [6228] ntt=16393 (7557) [기타] 상속 취득세 관련 / 답변4
    [retry 1/3] ReadTimeout
  + [6229] ntt=16392 (7556) [기타] 농지위 태양열 재산세 현황 과세 / 답변2
  + [6230] ntt=16389 (7555) [기타] 자동차세 납세의무자에 대해서 질문입니다. / 답변6
  + [6231] ntt=16388 (7554) [기타] 보조금 환수관련 질의드립니다 / 답변2
  + [6232] ntt=16385 (7553) [기타] 시설물 납세의무자 관련 / 답변2
  + [6233] ntt=16384 (7552) [기타] 지식산업센터 토지 과세형태 문의 / 답변1
  + [6234] ntt=16383 (7551) [기타] 재산세 납기 전 징수 문의입니다. / 답변4
  + [6235] ntt=16381 (7550) [기타] 공탁금 관련 추심 문의 드려요 / 답변5
  + [6236] ntt=16379 (7549) [기타] 자동차세 한정승인과 관련하여 문의입니다. / 답변4
  + [6237] ntt=16376 (7548) [기타] 지식산업센터 감면 취득세 추징 여부 문의 / 답변1
  + [6238] ntt=16374 (7547) [기타] 미준공 주택의 취득세율 적용 / 답변6
  + [6239] ntt=16372 (7546) [기타] 토지 부담부증여 취득세 부과방법 문의 / 답변1
  + [6240] ntt=16371 (7545) [기타] 직권말소 등록면허세 질문드립니다. / 답변4
  + [6241] ntt=16367 (7544) [기타] 지방세 환급금 시효소멸 조치 관련 문의 / 답변3
  + [6242] ntt=16365 (7543) [기타] 공장건물 경락으로 취득시, 제시외 물건인 기계기구 과세여. / 답변3
  + [6243] ntt=16363 (7542) [기타] 지방세법 시행령 제5조의 시설 및 동령 제6조의 시설물 . / 답변1
  + [6244] ntt=16362 (7541) [기타] 파산선고전 차량 압류 해제 문의 / 답변4
  + [6245] ntt=16353 (7540) [기타] 차량취득세 사후감면 접수방식 문의드려요 / 답변8
[page 1469 완료] 누적 신규 6245건  (이 게시판 저장 총 43,919건)
  + [6246] ntt=16352 (7539) [기타] 신혼부부 감면 외국인 배우자 / 답변2
  + [6247] ntt=16351 (7538) [기타] 기업부설연구소용 부동산 재산세(토지분)감면문의 / 답변1
  + [6248] ntt=16350 (7537) [기타] 시설물 취득세 관련 문의 / 답변3
  + [6249] ntt=16348 (7536) [기타] 재산세 공장 지역자원시설세 문의 / 답변2
  + [6250] ntt=16345 (7535) [기타] 연대납세의무자중 1인의 환급금 충당 문의 / 답변4
  + [6251] ntt=16344 (7534) [기타] 장애감면 대체취득 유권해석 관련 문의 / 답변8
  + [6252] ntt=16343 (7533) [기타] 임대사업자 지목변경 감면 문의드립니다! / 답변2
  + [6253] ntt=16342 (7532) [기타] 무허가 건축물 부속토지 재산세 과세요령 문의 / 답변2
  + [6254] ntt=16341 (7531) [기타] 지방소득세(양도소득) 납세지 이럴경우 어딜까요? / 답변2
  + [6255] ntt=16340 (7530) [기타] 차량취득세 포괄양수 감면대상 여부 질문입니다 / 답변1
  + [6256] ntt=16339 (7529) [기타] 취득세 감면을 잘못 신청한 경우 / 답변2
  + [6257] ntt=16338 (7528) [기타] 경정 청구 횟수 / 답변6
  + [6258] ntt=16337 (7527) [기타] 축사 부속토지에 대한 재산세 부과 / 답변2
  + [6259] ntt=16335 (7526) [기타] 택지지구 분양아파트 취득세 관련 문의 / 답변1
  + [6260] ntt=16334 (7525) [기타] 경관지구, 미관지구의 차이점에 대해서,,, / 답변0
  + [6261] ntt=16333 (7524) [기타] 압류통지서 관련 / 답변8
  + [6262] ntt=16332 (7523) [기타] 대도시 중과제외받은 주택건설사업자가 준공 후 임대업에 사. / 답변1
  + [6263] ntt=16330 (7522) [기타] 지목이 잡종지이면서 축사일경우 재산세 과세형태문의드립니다. / 답변1
  + [6264] ntt=16328 (7521) [기타] 산업단지감면 문의 / 답변3
  + [6265] ntt=16327 (7520) [기타] 한정승인에 따른 자동차세 부과문의 / 답변3
  + [6266] ntt=16326 (7519) [기타] 의료법인 의료업 직접사용 취득세 감면 질의드립니다~^^ / 답변3
  + [6267] ntt=16323 (7518) [기타] [자동차세] 등록원부에서 주소 vs 사용본거지 / 답변11
  + [6268] ntt=16321 (7517) [기타] 제2차 납세의무자 지정 문의드립니다. / 답변1
  + [6269] ntt=16320 (7516) [기타] 시이관 체납분 완납될시 시에서 연락오나요? / 답변5
  + [6270] ntt=16319 (7515) [기타] 자동차세 문의합니다. / 답변3
  + [6271] ntt=16317 (7514) [기타] 차량공매 배분관련하여 문의드립니다. / 답변0
  + [6272] ntt=16316 (7513) [기타] 재개발 조합원 취득시기 문의 / 답변3
  + [6273] ntt=16315 (7512) [기타] 숙박시설중 5층이상 객실 50실이상 지역자원시설세 / 답변2
  + [6274] ntt=16312 (7511) [기타] 개발사업의 실시계획 승인을 받은 토지로서 개발사업에 제공. / 답변0
  + [6275] ntt=16310 (7510) [기타] 귀농인 관련 문의드립니다 / 답변1
[page 1470 완료] 누적 신규 6275건  (이 게시판 저장 총 43,949건)
  + [6276] ntt=16308 (7509) [기타] 공유물 분할 과세표준 및 세율적용 / 답변1
  + [6277] ntt=16307 (7508) [기타] 다자녀 취득세 감면중 궁금한게있어요 / 답변7
  + [6278] ntt=16303 (7507) [기타] 곤충사육사가 농업생산시설(축사)가 아니어서 자경농민 감면. / 답변1
  + [6279] ntt=16300 (7506) [기타] 등록면허세 푸드트럭 휴게음식점 소재지 추가시 과세여부 / 답변3
  + [6280] ntt=16299 (7505) [기타] 사망자의 자동차세 환급금 피상속인(상속취득) 에게 환급 . / 답변3
  + [6281] ntt=16297 (7504) [기타] 종중등록된 지방소득세(양도소득분)납세지 문의 / 답변2
  + [6282] ntt=16296 (7503) [기타] 사실상의 취득으로 인한 추징여부 / 답변2
  + [6283] ntt=16295 (7502) [기타] 지방세법시행령 제101조 제3항 제13호 규정관련[별도합. / 답변1
  + [6284] ntt=16294 (7501) [기타] 지목변경 취득시기 문의드립니다 / 답변2
  + [6285] ntt=16292 (7500) [기타] 종교단체 감면(오피스텔 교회) / 답변3
  + [6286] ntt=16291 (7499) [기타] 증권회사의 증권 계좌 (예수금) 이 150만원 미만이라면 / 답변1
  + [6287] ntt=16289 (7498) [기타] 한국토지주택공사가 보금자리 사업을 위하여 취득하는 부동산. / 답변0
  + [6288] ntt=16288 (7497) [기타] 한국토지주택공사가 보금자리 사업을 위하여 취득하는 부동산. / 답변0
  + [6289] ntt=16286 (7496) [기타] 과점주주 업무 처리방법 질문있습니다 / 답변1
  + [6290] ntt=16283 (7495) [기타] 지방세특례제한법 10조에서 궁금한게 있어요 / 답변8
  + [6291] ntt=16281 (7494) [기타] 차량 장애인 감면관련 질의 / 답변6
  + [6292] ntt=16279 (7493) [기타] 부과철회된 자동차세 문의입니다 / 답변4
  + [6293] ntt=16278 (7492) [기타] 판결에 의한 소유권이전 취득세 관련 문의 / 답변2
  + [6294] ntt=16277 (7491) [기타] 명의신탁된 토지의 부당이득반환 소유권이전시 취득세 납부의. / 답변1
  + [6295] ntt=16275 (7490) [기타] 법인 부동산 취득세율 질문입니다 / 답변1
  + [6296] ntt=16273 (7489) [기타] 부동산 취득세율 질문입니다 / 답변8
  + [6297] ntt=16272 (7488) [기타] 신탁해지시 납세의무가 성립된 재산세 / 답변2
  + [6298] ntt=16271 (7487) [기타] 소유권이전과 관련된 소송 중 사망시 취득시기 / 답변1
  + [6299] ntt=16270 (7486) [기타] 연구인력개발비 공제 법인지방소득세 행정소송 답변서 / 답변2
  + [6300] ntt=16268 (7485) [기타] 배당을 받아왔는데 채무자께서 변제를 해버린 경우, 질문드. / 답변4
  + [6301] ntt=16266 (7484) [기타] 독서실에 대한 재산세를 낮춰줄수 있는 근거가 있나요? / 답변4
  + [6302] ntt=16265 (7483) [기타] 미등기 건물 납세의무자 사망시 문의입니다. / 답변3
  + [6303] ntt=16264 (7482) [기타] 증여취득세 환급 및 일반 부동산거래 취소시 취득세 환급 . / 답변1
  + [6304] ntt=16261 (7481) [기타] 타기관에서 처리한 취득세 관련 문서를.... / 답변3
  + [6305] ntt=16260 (7480) [기타] 아파트 2호, 오피1호 장기임대주택의 경우 감면적용? / 답변2
[page 1471 완료] 누적 신규 6305건  (이 게시판 저장 총 43,979건)
  + [6306] ntt=16257 (7479) [기타] 압류해제시 체납자에게 통보할 필요는 없는거죠? / 답변9
  + [6307] ntt=16256 (7478) [기타] 소득세 경정신고 / 답변2
  + [6308] ntt=16255 (7477) [기타] 가설건축물 재산세 대장 입력관련 / 답변3
  + [6309] ntt=16254 (7476) [기타] 종교법인 감면여부 봐주세요~! / 답변2
  + [6310] ntt=16250 (7475) [기타] 등기이전완료된 부동산 원인무효 판결 / 답변5
  + [6311] ntt=16249 (7474) [기타] 자동차세 문의드립니다. / 답변4
  + [6312] ntt=16247 (7473) [기타] 송달 효력 보완가능 여부 문의 / 답변1
  + [6313] ntt=16246 (7472) [기타] 건물 신축시 과세표준 문의(농지전용부담금 감면액) / 답변1
  + [6314] ntt=16244 (7471) [기타] 재산세(건축물, 선박) 과세대장 정비관련 / 답변1
    [retry 1/3] ReadTimeout
    [retry 2/3] ConnectTimeout
  + [6315] ntt=16243 (7470) [기타] 공매 배분관련 문의 / 답변1
  + [6316] ntt=16242 (7469) [기타] 주택임대보증수수료 취득세 과표 문의 / 답변1
  + [6317] ntt=16238 (7468) [기타] 자동차세 비과세 관련 문의 / 답변7
  + [6318] ntt=16237 (7467) [기타] 외국 국적 양육자의 다자녀 감면 (차량 취득세) / 답변2
  + [6319] ntt=16236 (7466) [기타] 재외국민 거주자 주민세 문의드려요 / 답변2
  + [6320] ntt=16233 (7465) [기타] 지목변경 취득세문의 / 답변4
  + [6321] ntt=16229 (7464) [기타] 취득세 과세대상여부 / 답변3
  + [6322] ntt=16226 (7463) [기타] 임대한(렌탈) 가설건축물 취득세 과세 여부 ? / 답변2
  + [6323] ntt=16225 (7462) [기타] 토지형질변경 면허세 관련입니다. / 답변4
  + [6324] ntt=16223 (7461) [기타] 파산선고 후 부과된 과태료 압류해제 관련 / 답변5
  + [6325] ntt=16222 (7460) [기타] 창업중소기업 감면관련하여 부칙적용에 대하여 / 답변1
  + [6326] ntt=16221 (7459) [기타] 창업중소기업 감면 관련 / 답변1
  + [6327] ntt=16220 (7458) [기타] 지방세법 15조 이혼에 따른 재산취득에 대해 질문있어요! / 답변3
  + [6328] ntt=16218 (7457) [기타] 광업권 시가표준액 산출방법 / 답변0
    [retry 1/3] ReadTimeout
  + [6329] ntt=16217 (7456) [기타] 신고가액이 시가표준액보다 높을 경우 과세표준 적용관련 / 답변3
  + [6330] ntt=16216 (7455) [기타] 과점주주 취득세 수시부과 업무주기가 어떻게 되시나요? / 답변1
  + [6331] ntt=16215 (7454) [기타] 아파트 단지내 유치원 부지 공유물분할 / 답변2
  + [6332] ntt=16214 (7453) [기타] 이륜차의 시가표준액 부가가치세 제외여부 / 답변7
  + [6333] ntt=16213 (7452) [기타] 등록면허세(면적증가에 따른 부과) / 답변3
  + [6334] ntt=16212 (7451) [기타] 상속포기 관련 가산세 문의드립니다. / 답변4
  + [6335] ntt=16211 (7450) [기타] 토지 재산세 감면 시 감면 외 과표 분리과세 구분 / 답변1
[page 1472 완료] 누적 신규 6335건  (이 게시판 저장 총 44,009건)
  + [6336] ntt=16210 (7449) [기타] 대위등기 취득세 관련 질문입니다 / 답변7
  + [6337] ntt=16209 (7448) [기타] 물납 / 답변1
  + [6338] ntt=16203 (7447) [기타] 지목변경 취득세 흡수합병시 납세의무자 / 답변2
  + [6339] ntt=16200 (7446) [기타] 재개발지역 증여에 의한 승계조합원의 경우 과표문의(입주권. / 답변1
  + [6340] ntt=16197 (7445) [기타] 매매상에서 발행한 전자세금계산서를 취득가액으로 볼수 있는. / 답변4
  + [6341] ntt=16195 (7444) [기타] 생산설비에 해당하는 저장시설 과세유무 / 답변1
  + [6342] ntt=16193 (7443) [기타] 제74조(도시개발사업 등에 대한 감면)  문의(2채이상) / 답변0
  + [6343] ntt=16192 (7442) [기타] 자경농민 감면(배우자) / 답변6
  + [6344] ntt=16191 (7441) [기타] 다자녀 감면 취득세 추징여부 문의? / 답변6
  + [6345] ntt=16190 (7440) [기타] 신혼부부 감면 문의(상속받은 주택 처분) / 답변3
  + [6346] ntt=16189 (7439) [기타] 지방소득세 기납부세액 환급관련 문의 드립니다. / 답변1
  + [6347] ntt=16187 (7438) [기타] 감면 적용 잘못된 자동차세 추징 문의 입니다. / 답변5
  + [6348] ntt=16185 (7437) [기타] 등록된적이 없는 군용차량 매매용 중고 차동차 감면 문의입. / 답변1
  + [6349] ntt=16178 (7436) [기타] 자경농민 추징사유 / 답변3
  + [6350] ntt=16177 (7435) [기타] 기업합병 취득세 감면 추징사유관련 / 답변1
  + [6351] ntt=16176 (7434) [기타] 등록면허세 물건지 추가시 과세여부 / 답변4
  + [6352] ntt=16174 (7433) [기타] 법인취득세 지방세법 13조 1,2항 동시적용.. 질문입니. / 답변0
  + [6353] ntt=16173 (7432) [기타] 전기사업허가 양도관련 등록면허세 / 답변2
  + [6354] ntt=16169 (7431) [기타] 토지수용 대체취득 감면 부재지주 판단 시 / 답변1
  + [6355] ntt=16167 (7430) [기타] 법인지방소득세 환급 / 답변1
  + [6356] ntt=16166 (7429) [기타] 엘피지/휘발유 겸용 구조변경 어떻게 처리하세요? / 답변4
  + [6357] ntt=16165 (7428) [기타] 공탁금 추심관련 문의드립니다. / 답변0
  + [6358] ntt=16162 (7427) [기타] 취득세 신고 및 납부 관련 문의드립니다. / 답변5
  + [6359] ntt=16160 (7426) [기타] 공시송달 납부기한 / 답변2
  + [6360] ntt=16157 (7425) [기타] 결손금 소급공제 국세와 다를 경우 / 답변2
  + [6361] ntt=16155 (7424) [기타] 법인지방소득세 직권부과시 납부불성실 가산세 기준일 / 답변3
  + [6362] ntt=16154 (7423) [기타] 사권제한토지  중 "녹지" 감면 문의 / 답변2
  + [6363] ntt=16152 (7422) [기타] (국세징수의 예에 따른다)의 국세관련법 준용 범위 / 답변2
  + [6364] ntt=16151 (7421) [기타] 선박 재산세 관련 문의드립니다. / 답변3
  + [6365] ntt=16148 (7420) [기타] 자경농지 감면관련 질문해요 / 답변5
[page 1473 완료] 누적 신규 6365건  (이 게시판 저장 총 44,039건)
    [retry 1/3] ReadTimeout
  + [6366] ntt=16147 (7419) [기타] 압류해제시 통지 관련 문의드립니다. / 답변5
  + [6367] ntt=16146 (7418) [기타] 납기전징수 재산세문의 / 답변7
  + [6368] ntt=16145 (7417) [기타] 신축 과세표준포함 여부 ? (관로공사?) / 답변1
  + [6369] ntt=16143 (7416) [기타] 과점주주 관련 특수관계인 성립 여부 문의 / 답변1
  + [6370] ntt=16141 (7415) [기타] 차량 세입경정과 부과누락에 대해 질문드립니다. / 답변0
  + [6371] ntt=16138 (7414) [기타] 세외수입 과태료 체납 차량 영치 관련 질문 / 답변5
  + [6372] ntt=16131 (7413) [기타] 공공주택사업자의 임대주택 감면 추징 조항 / 답변1
  + [6373] ntt=16128 (7412) [기타] 법인지방소득세 신고분 대사 / 답변4
  + [6374] ntt=16127 (7411) [기타] 공매 배분 관련 질문 / 답변2
  + [6375] ntt=16126 (7410) [기타] 법인지방소득세 결손금소급공제 관련 질문드립니다. / 답변2
  + [6376] ntt=16125 (7409) [기타] 법인 가설건축물 무료 취득에 따른 과표산출질의 / 답변2
  + [6377] ntt=16123 (7408) [기타] 개인사업장의 경우 사업장에 부과안되고 사업주에게 부과되는. / 답변6
  + [6378] ntt=16118 (7407) [기타] 법인의 농지 취득시  취득세율 문의 / 답변5
  + [6379] ntt=16116 (7406) [기타] 차량 장애인 공동명의 등록전화에 대한 질의입니다 / 답변6
  + [6380] ntt=16114 (7405) [기타] 토지수용보상금 압류 문의 / 답변4
  + [6381] ntt=16113 (7404) [기타] 납세증명서 부동산신탁등기 목적 발급 질문드립니다. / 답변10
  + [6382] ntt=16112 (7403) [기타] 보장성보험금 추심문의 / 답변3
  + [6383] ntt=16111 (7402) [기타] 장애인이 감면받은 기존 차량을 3자에게 팔고 새차를 감면. / 답변8
  + [6384] ntt=16110 (7401) [기타] 도로 측량과 관련하여 질의드립니다. / 답변3
  + [6385] ntt=16109 (7400) [기타] 가택수색 압류물품 반환 요청 가능 질의 / 답변2
    [retry 1/3] ReadTimeout
  + [6386] ntt=16108 (7399) [기타] 원시취득 취득세 과표에 실외기 설치 틀이 들어가는지 / 답변4
  + [6387] ntt=16105 (7398) [기타] 자동차세 고질체납차량정리 관련 / 답변4
  + [6388] ntt=16104 (7397) [기타] 30만원 미만 체납액 결손처리방법 / 답변5
  + [6389] ntt=16102 (7396) [기타] 고지서를 타인이 수령후 잘못 납부 하였을때 / 답변8
  + [6390] ntt=16101 (7395) [기타] 납세증명서 발급시 대금수령용 납세증명서가 무슨 용도인지 . / 답변7
  + [6391] ntt=16100 (7394) [기타] 블록형 단독주택(타운하우스)  단지 내 공유부동산인 도로. / 답변3
  + [6392] ntt=16097 (7393) [기타] 법인합병 감면 관련입니다. / 답변1
  + [6393] ntt=16096 (7392) [기타] 징수촉탁 차량 수납은 했으나 수령을 하지 않은 경우 징수. / 답변2
  + [6394] ntt=16095 (7391) [기타] 귀농인 귀농일 관련 문의 / 답변3
  + [6395] ntt=16093 (7390) [기타] 지목변경 취득세 문의 드립니다. / 답변5
[page 1474 완료] 누적 신규 6395건  (이 게시판 저장 총 44,069건)
  + [6396] ntt=16092 (7389) [기타] 건물 안에 저온저장고를 설치하였을 경우 취득세 신고납부 . / 답변2
  + [6397] ntt=16091 (7388) [기타] 주민세 재산분 2018년7월이후 신규,폐업사업자 자료 뽑. / 답변6
  + [6398] ntt=16090 (7387) [기타] 다가구주택 공유물분할 과표산정 / 답변2
  + [6399] ntt=16089 (7386) [기타] 농어촌 주택개량에 대한 감면 / 답변2
  + [6400] ntt=16088 (7385) [기타] 자동차세 장애인 및 국가유공자 감면 - 대체취득의 경우 . / 답변6
  + [6401] ntt=16086 (7384) [기타] 재산세 관련 문의드립니다. / 답변5
  + [6402] ntt=16085 (7383) [기타] 교회 주차장으로 사용중인 교회와 인접한 임야에 대한 재산. / 답변1
  + [6403] ntt=16084 (7382) [기타] 주민세 재산분 종업원분 등 신고세목 수시 부과 관련 질문. / 답변1
  + [6404] ntt=16083 (7381) [기타] 임대주택에 대한 재산세 감면 정리 부탁드립니다. / 답변3
  + [6405] ntt=16078 (7380) [기타] 자동차세 상속자지정시 그 범위 / 답변3
  + [6406] ntt=16077 (7379) [기타] 주된상속자 변경후의 재변경 / 답변5
  + [6407] ntt=16076 (7378) [기타] 답변 부탁드립니다 / 답변2
  + [6408] ntt=16074 (7377) [기타] 지식산업센터 지원시설을 사업시설용으로 사용시 추징 여부 / 답변2
    [retry 1/3] ReadTimeout
  + [6409] ntt=16073 (7376) [기타] 회사청산에 따른 잔여재산 분배시 취득세 질의 / 답변0
  + [6410] ntt=16072 (7375) [기타] 체납차량 번호판 영치에 대한 질의 / 답변5
  + [6411] ntt=16070 (7374) [기타] 미등기 건물 상속 취득세 문의 / 답변2
  + [6412] ntt=16068 (7373) [기타] 귀농인이 취득하는 농지의 지역적 범위? / 답변1
  + [6413] ntt=16067 (7372) [기타] 등록면허세 면허명에 대해서 응답부탁드립니다 / 답변4
  + [6414] ntt=16066 (7371) [기타] 축사 부속토지에 대한 재산세 질의 / 답변4
  + [6415] ntt=16065 (7370) [기타] 공매 배분 관련 질문 / 답변1
  + [6416] ntt=16064 (7369) [기타] 자경농민 감면 문의 / 답변4
  + [6417] ntt=16061 (7368) [기타] 전국 시군 자동차 공매담당자들께 문의드립니다.(공매 공고. / 답변2
  + [6418] ntt=16060 (7367) [기타] 등기접수에 따른 수정신고 가산세 부과 여부 / 답변2
  + [6419] ntt=16059 (7366) [기타] 법인 주소 변경 시 등록세 과세 여부 / 답변2
  + [6420] ntt=16056 (7365) [기타] 차량감면 추징대상인지 봐주세요 / 답변8
  + [6421] ntt=16055 (7364) [기타] 재산세(토지) 저율분리과세:비영리사업자(95년이전 취득). / 답변1
  + [6422] ntt=16054 (7363) [기타] 2차 납세의무자 지정 관련 / 답변4
  + [6423] ntt=16053 (7362) [기타] 과점주주 간주취득세-자산으로 등재한 선급금의 처리 / 답변2
  + [6424] ntt=16052 (7361) [기타] 주민세 종업원분 중소기업 고용지원 조항 관련 질문입니다. / 답변2
  + [6425] ntt=16050 (7360) [기타] 지입차에 대한 세목별 과세증명서 / 답변3
[page 1475 완료] 누적 신규 6425건  (이 게시판 저장 총 44,099건)
  + [6426] ntt=16045 (7359) [기타] 산림경영계획인가받은 임야 저율과세 적용 / 답변1
  + [6427] ntt=16043 (7358) [기타] 주택연금 대상 주택 재산세 체납시 압류방안? / 답변2
  + [6428] ntt=16040 (7357) [기타] 산업단지 감면토지를 신탁을 맡기면 감면코드를 그대로 놔둬. / 답변1
  + [6429] ntt=16038 (7356) [기타] 신혼부부 생애최초 취득세 감면 문의... / 답변4
  + [6430] ntt=16037 (7355) [기타] 납부서(고지서)법정서식 쓰고계신가요? / 답변7
  + [6431] ntt=16035 (7354) [기타] 장애인 자동차 취득세 감면 문의 / 답변6
  + [6432] ntt=16033 (7353) [기타] 도시가스관 이용자 부담금 취득가액 제외여부 / 답변1
  + [6433] ntt=16032 (7352) [기타] 주민세종업원분 질문입니다. / 답변1
  + [6434] ntt=16030 (7351) [기타] 도시형공장 감면 관련 문의드립니다.(도세감면조례) / 답변1
  + [6435] ntt=16029 (7350) [기타] 법인지방소득세 결손금 / 답변1
  + [6436] ntt=16028 (7349) [기타] 장애인 감면 대상자 사망시 자동차세 문의 / 답변7
  + [6437] ntt=16027 (7348) [기타] 글램핑장안에 카라반 재산세 관련 문의 / 답변3
  + [6438] ntt=16026 (7347) [기타] 사업장폐업한 법인(법인은 존재)의 지방소득세 체납 문의 / 답변4
  + [6439] ntt=16025 (7346) [기타] 지식산업센터 용도변경(공장-> 지원시설)하여 사업시설용으. / 답변3
  + [6440] ntt=16024 (7345) [기타] 법인과 법인매매상사(자동차) / 답변1
  + [6441] ntt=16023 (7344) [기타] 주민세 재산분중 펜션 수영장 관련해서 질문있습니다 / 답변3
  + [6442] ntt=16022 (7343) [기타] 재산세 납세의무자 관련 질문입니다. / 답변2
  + [6443] ntt=16020 (7342) [기타] 폐차장 입고차량에 대한 자동차세 감액과 관련하여 문의드립. / 답변5
  + [6444] ntt=16019 (7341) [기타] 장애인 자동차 관련 취득세, 자동차세 일할계산 문의 / 답변1
  + [6445] ntt=16017 (7340) [기타] 분양금 잔금 및 발코니 잔금일이 다를경우 취득일 문의 / 답변6
  + [6446] ntt=16016 (7339) [기타] 세목별과세증명서 수수료를 왜 받나요? / 답변9
  + [6447] ntt=16015 (7338) [기타] 창업중소기업감면 문의드립니다 / 답변1
  + [6448] ntt=16014 (7337) [기타] 산업단지 재산세 감면 관련 문의 / 답변1
  + [6449] ntt=16013 (7336) [기타] 지방공사가 시행중인 산업단지 재산세 감만코드 / 답변1
  + [6450] ntt=16012 (7335) [기타] 창업중소기업 감면가능여부 질의(도소매업 영위) / 답변1
  + [6451] ntt=16010 (7334) [기타] (법인지방소득세)개인종중 ⇒ 법인종중으로 바꾼 종중 환급 / 답변1
  + [6452] ntt=16009 (7333) [기타] 자동차세 세대분리로 감면종료된 차량 대체취득 / 답변4
  + [6453] ntt=16007 (7332) [기타] 지방소득세 소액부징수 관련 / 답변3
  + [6454] ntt=16005 (7331) [기타] 장애인감면차량 명의이전 및 추징 문의 / 답변3
  + [6455] ntt=16004 (7330) [기타] 유공자 대출(나라사랑대출)하고 주택취득시 서류 어떤거 받. / 답변3
[page 1476 완료] 누적 신규 6455건  (이 게시판 저장 총 44,129건)
  + [6456] ntt=16003 (7329) [기타] 체납자가 법인의 대표자인 경우 급여압류 / 답변5
  + [6457] ntt=16001 (7328) [기타] 추징관련 추징발생일 문의 / 답변3
  + [6458] ntt=16000 (7327) [기타] 공립초등학교 차량 취득세 관련 / 답변4
  + [6459] ntt=15998 (7326) [기타] 지방세특례제도과-1803(2016.07.27) 취득세 관. / 답변1
  + [6460] ntt=15997 (7325) [기타] 주민세(종업원분) 중소기업 고용지원 공제 산정 관련 / 답변0
  + [6461] ntt=15990 (7324) [기타] 차량 구조변경 과세대상 관련  문의드립니다. / 답변6
  + [6462] ntt=15988 (7323) [기타] 한국토지주택공사가 취득하는 부동산 관련입니다 / 답변2
    [retry 1/3] ReadTimeout
  + [6463] ntt=15986 (7322) [기타] 근린생활시설 관련 / 답변3
  + [6464] ntt=15984 (7321) [기타] 장애인단독에서  공동으로 명의 변경 관련 장애인 취득세 . / 답변3
  + [6465] ntt=15982 (7320) [기타] 전세권 상속시 등록면허세 세율 문의 / 답변5
  + [6466] ntt=15981 (7319) [기타] 실소유자 파악이 불가능하여 과세제외할때 어떻게들 처리하고. / 답변1
  + [6467] ntt=15980 (7318) [기타] 신탁된 토지의 납세의무자 / 답변2
  + [6468] ntt=15979 (7317) [기타] 재산세 공동소유 일 경우 해당 재산세 과세증명서를 한명이. / 답변3
  + [6469] ntt=15978 (7316) [기타] 관허사업제한한것으로 소멸시효가 중단되나요? / 답변2
  + [6470] ntt=15977 (7315) [기타] 농업회사법인 감면 범위 문의드립니다 / 답변2
  + [6471] ntt=15976 (7314) [기타] 창업벤처감면 문의합니다. / 답변0
  + [6472] ntt=15975 (7313) [기타] 상속분할 협의 전 사망 / 답변5
  + [6473] ntt=15974 (7312) [기타] 대체취득감면문의(보상금 수령 전 취득시 환급 가능?) / 답변3
  + [6474] ntt=15972 (7311) [기타] 토지매입 건설팅 비용 처리의 건 / 답변1
  + [6475] ntt=15971 (7310) [기타] 주민세 종업원분 면세점 판단시 / 답변0
  + [6476] ntt=15970 (7309) [기타] 세율특례적용과 지특 감면 중복적용(재질의) / 답변2
  + [6477] ntt=15967 (7308) [기타] 상속취득세 수시분 과세 후 분할협의 신고 / 답변4
  + [6478] ntt=15966 (7307) [기타] 건물 공유분할시 과세처리 방법문의 / 답변0
  + [6479] ntt=15965 (7306) [기타] 종합병원 지역자원시설세 3배 중과 문의 / 답변1
  + [6480] ntt=15964 (7305) [기타] 농특세 비과세시 주택의 범위 / 답변4
  + [6481] ntt=15963 (7304) [기타] 비과세 규정과 지특감면규정이 중복되는 경우 / 답변2
  + [6482] ntt=15961 (7303) [기타] 장애인 자동차세 문의합니다. / 답변6
  + [6483] ntt=15960 (7302) [기타] 주민세 종업원분 중소기업 감면 질의입니다. / 답변1
  + [6484] ntt=15956 (7301) [기타] 한정승인 관련 문의 / 답변3
  + [6485] ntt=15953 (7300) [기타] 가족관계등록 전산정보의 공동이용 / 답변3
[page 1477 완료] 누적 신규 6485건  (이 게시판 저장 총 44,159건)
    [retry 1/3] ReadTimeout
  + [6486] ntt=15952 (7299) [기타] 개인명의로 (지분) 되어 있는 토지의 상속 취득세 문제 / 답변6
  + [6487] ntt=15950 (7298) [기타] 임대주택을 신탁하였을때 감면 여부? / 답변1
  + [6488] ntt=15948 (7297) [기타] 산업단지 감면기간 산정 문의드립니다. / 답변1
  + [6489] ntt=15947 (7296) [기타] 제작결함 교환자동차가 이용자리스일 때 취득세 및 등록세 . / 답변2
  + [6490] ntt=15946 (7295) [기타] 차량 취득세 다자녀 감면 코드 어떻게 넣고 계세요? / 답변3
  + [6491] ntt=15945 (7294) [기타] 지입차주 질문 / 답변1
  + [6492] ntt=15938 (7293) [기타] 과점주주 대상법인 선정하실 때~ / 답변3
    [retry 1/3] ReadTimeout
  + [6493] ntt=15936 (7292) [기타] 등록면허세(면허)분 문의 / 답변2
  + [6494] ntt=15934 (7291) [기타] 폐업된 법인의 체납차량이 방치되어있습니다. / 답변2
  + [6495] ntt=15931 (7290) [기타] 피합병법인의 본점을 소속만 바꾸어 합병법인의 지점으로 등. / 답변0
  + [6496] ntt=15928 (7289) [기타] 법인지방소득세 경정청구 관련 문의입니다. / 답변2
  + [6497] ntt=15927 (7288) [기타] 지방세법15조1항2호 자경농민 농지상속 취득 // 지특법. / 답변2
  + [6498] ntt=15926 (7287) [기타] 취득세 산업단지 감면 적용할때 면적관련해서 / 답변1
  + [6499] ntt=15925 (7286) [기타] 여러 필지 위에 집합건물 재산세 입력방법 / 답변2
  + [6500] ntt=15924 (7285) [기타] 무신고 가산세 관련 문의입니다. / 답변8
  + [6501] ntt=15923 (7284) [기타] 미등기 건물인 경우 재산세 과세문의 / 답변1
  + [6502] ntt=15922 (7283) [기타] 교회소유차량 등록세 질문드립니다. / 답변5
  + [6503] ntt=15920 (7282) [기타] 주민세(종업원분) 비과세범위 관련 질의 - 소명자료관련(. / 답변1
    [retry 1/3] ReadTimeout
  + [6504] ntt=15919 (7281) [기타] 지방세 부과의 제척기간(5년)이 지난 세목에 대한 부과취. / 답변2
  + [6505] ntt=15918 (7280) [기타] 장애인 차량 취득세 감면 관련 질문입니다. / 답변3
  + [6506] ntt=15915 (7279) [기타] 주민세(종업원분) / 답변3
  + [6507] ntt=15913 (7278) [기타] 신탁등기용 납세증명서 발급시 궁금한 사항이 있습니다. / 답변1
  + [6508] ntt=15911 (7277) [기타] 장애인 차량 감면 관련 질의 / 답변7
  + [6509] ntt=15910 (7276) [기타] 세외수입 과태료 체납으로 압류 된 차량중 멸실인정 차량의. / 답변1
  + [6510] ntt=15909 (7275) [기타] 재산세 지특법58조 벤처기업 특례 질의 / 답변1
  + [6511] ntt=15907 (7274) [기타] 요양병원 입소에 따른 주민세(균등분) 부과 문의 / 답변5
  + [6512] ntt=15906 (7273) [기타] 상수도원인자부담금 취득세 관련 문의 / 답변2
  + [6513] ntt=15903 (7272) [기타] 자가용자동차 유상운송 허가 면허세 / 답변3
  + [6514] ntt=15901 (7271) [기타] 취득세 환급금 소멸시효 문의? / 답변3
  + [6515] ntt=15899 (7270) [기타] 이전공공기관 직원 감면 / 답변1
[page 1478 완료] 누적 신규 6515건  (이 게시판 저장 총 44,189건)
  + [6516] ntt=15898 (7269) [기타] "간주취득세와 과점주주의 특수관계 적용기준"문서자료 요청 / 답변0
  + [6517] ntt=15896 (7268) [기타] 회생, 파산 하면 압류 해제해야 하나요? / 답변7
  + [6518] ntt=15895 (7267) [기타] 합의해제 취득세 감면분 추징관련 / 답변3
  + [6519] ntt=15894 (7266) [기타] 낙찰인수증명서 차량취득세 과표선정질문 / 답변4
  + [6520] ntt=15892 (7265) [기타] 사망자 자동차세 연납분 환급 문의입니다. / 답변1
  + [6521] ntt=15891 (7264) [기타] 연부취득 농지 자경농민 감면분 추징 관련 / 답변2
  + [6522] ntt=15890 (7263) [기타] 공매 배분순위 궁금한 점이 있습니다! / 답변5
  + [6523] ntt=15889 (7262) [기타] 취득세 기한후신고한 경우  경정청구등 구제할수 있는 방법. / 답변4
  + [6524] ntt=15887 (7261) [기타] 지식산업센터 취득세 감면 / 답변1
  + [6525] ntt=15884 (7260) [기타] 취득세 추징분 분납처리? / 답변5
  + [6526] ntt=15883 (7259) [기타] 상속 한정승인 후 파산신청 시 취득세 납세의무 발생 여부 / 답변4
  + [6527] ntt=15880 (7258) [기타] 사망자에게 부과된 세외수입과태료 문의 / 답변3
  + [6528] ntt=15878 (7257) [기타] 저온저장고 가설건축물 축조시 보조금이 과세표준액 포함 여. / 답변1
  + [6529] ntt=15875 (7256) [기타] 장애인 차량 감면 추징관련 문의입니다. / 답변4
  + [6530] ntt=15873 (7255) [기타] 주민세 종업원분 과표산정시 / 답변2
    [retry 1/3] ReadTimeout
  + [6531] ntt=15872 (7254) [기타] 지입회사명의로 취득세4% 착오납부한것을 차주가 납부한것으. / 답변4
  + [6532] ntt=15871 (7253) [기타] 재산세 납세의무자 문의드립니다. / 답변7
  + [6533] ntt=15869 (7252) [기타] 농어촌주택개량사업 대상자 재산세 감면 문의드립니다. / 답변2
  + [6534] ntt=15865 (7251) [기타] 민원인이 차량 산출시가(시가표준액)를 물어본다면? / 답변5
  + [6535] ntt=15864 (7250) [기타] 송달불능으로 인한 징수유예 / 답변1
  + [6536] ntt=15863 (7249) [기타] 건물형태가 집합이면서 건물용도가 다가구나 단독주택인경우의. / 답변3
  + [6537] ntt=15861 (7248) [기타] 사업용재산 / 답변2
  + [6538] ntt=15859 (7247) [기타] 법인(본점, 지점) 예금 압류 문의 / 답변1
  + [6539] ntt=15858 (7246) [기타] 어선 임차해지로 관련 면허 허가자 변경 시 과세여부 / 답변3
  + [6540] ntt=15857 (7245) [기타] 차량 취득세 신고당시에 그날 즉시 납부해야 한다는 법 규. / 답변3
  + [6541] ntt=15856 (7244) [기타] 취득세 경정청구로 인한 환급가능여부 / 답변0
  + [6542] ntt=15854 (7243) [기타] 주택부속토지 처리방법 문의 / 답변1
  + [6543] ntt=15853 (7242) [기타] 자경농민 상속 취득 배우자 감면 / 답변3
  + [6544] ntt=15852 (7241) [기타] 공매 징수촉탁 관련 문의 / 답변4
  + [6545] ntt=15850 (7240) [기타] 시이관 체납분이 있을 경우 압류해제 처리 어떻게 하나요? / 답변3
[page 1479 완료] 누적 신규 6545건  (이 게시판 저장 총 44,219건)
  + [6546] ntt=15849 (7239) [기타] 생애최초 신혼부부 주택 감면 질문있어요 / 답변6
    [retry 1/3] ReadTimeout
  + [6547] ntt=15848 (7238) [기타] 경매 배당금 관련 / 답변2
  + [6548] ntt=15847 (7237) [기타] 토지 경매사건에 대한 교부청구시 무허가 건물 당해세 해당. / 답변2
  + [6549] ntt=15846 (7236) [기타] 법인 취득세 관련입니다.(문의드립니다.) / 답변5
  + [6550] ntt=15844 (7235) [기타] 경기도 도세 감면 담당자분 댓글 부탁드립니다~ / 답변2
  + [6551] ntt=15843 (7234) [기타] 장애인 자동차세 감면 문의입니다. / 답변5
  + [6552] ntt=15841 (7233) [기타] 농어촌민박 과세 관련 / 답변2
  + [6553] ntt=15840 (7232) [기타] 장애인 차량 취득세 감면 관련 질문 드립니다!! / 답변4
  + [6554] ntt=15839 (7231) [기타] 상속 미등기시 상속인을 변경하여 취득세 신고 가능 여부 / 답변5
  + [6555] ntt=15837 (7230) [기타] 지역주택조합의 승계조합원 기준 문의 / 답변1
  + [6556] ntt=15836 (7229) [기타] 집합건물 승강기 재설치에 따른 취득세 납세의무자 / 답변4
  + [6557] ntt=15833 (7228) [기타] 재산세 종교목적 직접사용 여부 문의 / 답변4
  + [6558] ntt=15831 (7227) [기타] 체납자의 자녀나 배우자에게 납부독려(전화번호 등 확인)할. / 답변8
  + [6559] ntt=15830 (7226) [기타] 차량운반구에 대해서 과점주주 취득세 과세시 농특세 감면 . / 답변2
  + [6560] ntt=15829 (7225) [기타] 장애인 감면차량 문의드립니다. / 답변6
  + [6561] ntt=15828 (7224) [기타] 지방소득세 납세의무자 문의입니다(사망관련) / 답변0
  + [6562] ntt=15827 (7223) [기타] 산업단지 공사완료에 따른 확정지번관련 재산세 부과 / 답변1
  + [6563] ntt=15826 (7222) [기타] 산림자원의조성법률 과세자료 제공 / 답변4
  + [6564] ntt=15825 (7221) [기타] 지방세 환급 문의드립니다. / 답변2
  + [6565] ntt=15824 (7220) [기타] 면허세 질의드립니다. / 답변5
  + [6566] ntt=15823 (7219) [기타] 차량 취득세 추징관련 질문이 있습니다 / 답변7
  + [6567] ntt=15822 (7218) [기타] 해외체류자가 주민세 균등분 면제받는 법 / 답변4
  + [6568] ntt=15819 (7217) [기타] 합유자 중 일부 사망시 잔존합유자 취득세 과세방식 / 답변1
  + [6569] ntt=15818 (7216) [기타] 압류전 체납자 사망으로 공매대행 해제통지서가 왔는데 해당. / 답변3
  + [6570] ntt=15817 (7215) [기타] 토지주택공사 임대목적 토지 관련 문의 / 답변1
  + [6571] ntt=15814 (7214) [기타] 자경농민 상속취득 문의 / 답변4
  + [6572] ntt=15813 (7213) [기타] 차량 강제공매 절차 질의 / 답변1
  + [6573] ntt=15811 (7212) [기타] 자동차관련 과태료 압류 가능 여부? / 답변1
  + [6574] ntt=15810 (7211) [기타] 건설업, 육묘업, 임대사업자 등 등록면허세 문의드립니다! / 답변1
[page 1480 완료] 누적 신규 6574건  (이 게시판 저장 총 44,248건)
  + [6575] ntt=15809 (7210) [기타] 멸실된 무허가 건물 매매로 인한 승계조합원 과세표준 문의 / 답변1
  + [6576] ntt=15802 (7209) [기타] 주택임대사업 법인지방소득세 안분 관련 질문드립니다. / 답변1
  + [6577] ntt=15801 (7208) [기타] 부담부 증여 분할 신고시 처리 방법 질의합니다. / 답변2
  + [6578] ntt=15797 (7207) [기타] 공유물분할 세율 질의드립니다. / 답변4
  + [6579] ntt=15796 (7206) [기타] 등록면허세(면허) 신고관련 문의입니다. / 답변4
  + [6580] ntt=15795 (7205) [기타] 소유권이 개인에서 공사로 넘어간 경우 토지형태 변경방법 . / 답변4
  + [6581] ntt=15792 (7204) [기타] 2011년 이후 취득분 부과제척기간 경과 건 중 감면대상. / 답변1
  + [6582] ntt=15791 (7203) [기타] 취득세 신용카드 분할납부 근거법령 / 답변8
  + [6583] ntt=15790 (7202) [기타] 저희 자체적으로 과세증명서를 공용으로 발급할 수 있는 근. / 답변5
  + [6584] ntt=15789 (7201) [기타] 창업벤쳐기업 취득세 추징 관련하여 문의 드립니다. / 답변3
  + [6585] ntt=15788 (7200) [기타] 징수부와 세입관련 궁금한점이 있어 질문드립니다. / 답변2
  + [6586] ntt=15787 (7199) [기타] 위험물저장소등 면허세 질문드립니다. / 답변2
  + [6587] ntt=15786 (7198) [기타] 상속 취득세 납부후 미등기 관련 건 / 답변2
  + [6588] ntt=15783 (7197) [기타] 포괄적 사업양수도 방식으로 법인 전환 시 취득세 과세표준. / 답변0
  + [6589] ntt=15782 (7196) [기타] 월말에 제2차 납세의무자를 지정해야 한다면 / 답변5
  + [6590] ntt=15781 (7195) [기타] 환급관련 문의입니다. / 답변2
  + [6591] ntt=15779 (7194) [기타] 2011년 이후 취득분 부과제척기간 경과 건 중 감면대상 / 답변1
  + [6592] ntt=15778 (7193) [기타] 타시군 전입 면허세 부과 / 답변4
  + [6593] ntt=15777 (7192) [기타] 예금압류문의드립니다. / 답변3
  + [6594] ntt=15776 (7191) [기타] 회생자의 자동차 영치 가능여부 문의 / 답변2
  + [6595] ntt=15775 (7190) [기타] 관내차량 번호판을 타기관에서 영치 후 수납이 안 된 경우. / 답변4
  + [6596] ntt=15774 (7189) [기타] 종교단체 감면관련 질의 / 답변4
  + [6597] ntt=15773 (7188) [기타] 도로(사도) 면적 반영에 대하여(재산세) / 답변1
  + [6598] ntt=15772 (7187) [기타] 농업협동조합 고유업무 해당여부 문의 / 답변1
  + [6599] ntt=15770 (7186) [기타] 법인 취득세 중과여부 문의? / 답변1
  + [6600] ntt=15768 (7185) [기타] 초과환급신고가산세 문의 / 답변0
  + [6601] ntt=15767 (7184) [기타] 임대사업자 관련입니다. 현직여러분 답변부탁드립니다. / 답변3
  + [6602] ntt=15766 (7183) [기타] 선등기 후 수납 질의 / 답변9
  + [6603] ntt=15764 (7182) [기타] 공매 배분 관련 질문 / 답변2
  + [6604] ntt=15762 (7181) [기타] 리스차량 리스 종료 시 취득세 문의 / 답변2
[page 1481 완료] 누적 신규 6604건  (이 게시판 저장 총 44,278건)
  + [6605] ntt=15760 (7180) [기타] 창업중소기업 감면 대상 관련 문의 / 답변0
  + [6606] ntt=15759 (7179) [기타] 상속취득세, 등기관련입니다. / 답변3
  + [6607] ntt=15758 (7178) [기타] 상속 취득세 관련 문의 / 답변2
    [retry 1/3] ReadTimeout
  + [6608] ntt=15757 (7177) [기타] 맨손어업 등록면허세(면허) / 답변1
  + [6609] ntt=15756 (7176) [기타] 한정승인상속재산 취득세 등 / 답변3
  + [6610] ntt=15755 (7175) [기타] 사망자 자동차세 관련 문의드립니다. / 답변4
  + [6611] ntt=15754 (7174) [기타] 도로 면적 반영에 대하여(재산세)-수정 / 답변3
  + [6612] ntt=15752 (7173) [기타] 신탁 및 해지, 취득세 등록면허세 질문입니다. / 답변4
  + [6613] ntt=15751 (7172) [기타] 위수탁 계약 중 지입차주 사망시 문의 드립니다. / 답변1
  + [6614] ntt=15750 (7171) [기타] 반기분 특별징수 지방소득세 납세지 문의드립니다 / 답변0
  + [6615] ntt=15748 (7170) [기타] 한국토지주택공사 감면 질문이요~(지특법 31조 5항) / 답변2
  + [6616] ntt=15747 (7169) [기타] 지입사 관련해서 질문드립니다. / 답변8
  + [6617] ntt=15746 (7168) [기타] 법인 중과 추징발생일 문의드립니다. / 답변0
  + [6618] ntt=15745 (7167) [기타] 법인지방소득세  안분문의 / 답변1
  + [6619] ntt=15744 (7166) [기타] 주거환경개선사업지구 내 한국토지주택공사 소유의 주택 재산. / 답변0
  + [6620] ntt=15742 (7165) [기타] 법인지방소득세 신고납부 관련해서.. / 답변1
  + [6621] ntt=15741 (7164) [기타] 자동차세 주행분에서 안분률의 기준이 되는 징수세액 및 보. / 답변2
  + [6622] ntt=15740 (7163) [기타] 가설건축물 이전시 취득세 신고대상 여부 / 답변4
  + [6623] ntt=15737 (7162) [기타] 재산세 기숙사 건물 과표 관련입니다 / 답변3
  + [6624] ntt=15735 (7161) [기타] 전문건설공제조합의 출자증권 압류 및 인도 요청 / 답변0
  + [6625] ntt=15734 (7160) [기타] 상속분할 미협의 상태에서 상속취득세 신고 문의드립니다. / 답변2
    [retry 1/3] ReadTimeout
  + [6626] ntt=15731 (7159) [기타] 법원 경매 배당금 관련 문의 / 답변5
  + [6627] ntt=15729 (7158) [기타] 상속한정승인 대상자에 대한 재산세 납세의무 문의합니다. / 답변4
  + [6628] ntt=15728 (7157) [기타] 창업중소기업에 대한 감면 문의 / 답변1
  + [6629] ntt=15727 (7156) [기타] 이행강제금 불법건축물 취득세 과세자료 어떻게 받아보시나요. / 답변3
  + [6630] ntt=15723 (7155) [기타] 징수촉탁수수료 지급 기준 질의 / 답변4
  + [6631] ntt=15722 (7154) [기타] 지목변경(취득세) 질의드립니다. / 답변3
  + [6632] ntt=15721 (7153) [기타] 연부취득 중 환급, 추가납부 문의 / 답변1
  + [6633] ntt=15719 (7152) [기타] 개별주택가격 문의 / 답변9
  + [6634] ntt=15718 (7151) [기타] 법인지방소득세 안분 문의드립니다. / 답변1
[page 1482 완료] 누적 신규 6634건  (이 게시판 저장 총 44,308건)
  + [6635] ntt=15717 (7150) [기타] 20년전 사망하신 분 상속 취득세 부과 관련 / 답변5
  + [6636] ntt=15716 (7149) [기타] 무체재산권(휴대전화, 전화가입권 등) 압류 관련 질의 / 답변0
  + [6637] ntt=15715 (7148) [기타] 자동차 법원 임의경매시 입고일 기준문의 / 답변1
  + [6638] ntt=15713 (7147) [기타] 지역자원시설세 중과대상인 "학원" / 답변1
  + [6639] ntt=15711 (7146) [기타] 상속 1가구1주택 판단 / 답변4
    [retry 1/3] ReadTimeout
  + [6640] ntt=15710 (7145) [기타] 국가유공자 차량 공동명의 추징여부 문의 / 답변11
  + [6641] ntt=15708 (7144) [기타] 국세 소득세 관련 행정소송중인 체납자의 압류 재산 공매 . / 답변1
  + [6642] ntt=15706 (7143) [기타] 베트남에서 해외 체류하는 사람도 주민세 균등분 부과 대상. / 답변3
  + [6643] ntt=15705 (7142) [기타] 사회복지 법인 재산세 감면 관련 / 답변1
  + [6644] ntt=15704 (7141) [기타] 자동차소유권 강제이전관련 문의입니다. / 답변2
  + [6645] ntt=15701 (7140) [기타] 문화재에 대한 감면 토지 코드형태 적용 문의 / 답변1
  + [6646] ntt=15700 (7139) [기타] 2018년 국민주택채권 업무편람 / 답변3
  + [6647] ntt=15698 (7138) [기타] 창업 관련 문의입니다.  꼭  답변 부탁드립니다. / 답변1
  + [6648] ntt=15697 (7137) [기타] 아파트내 상가 분양시 취득세  문의드립니다. / 답변3
  + [6649] ntt=15696 (7136) [기타] 특별징수 환급액을 체납액에 충당 가능 여부 / 답변3
  + [6650] ntt=15694 (7135) [기타] 키즈카페 기타유원시설업 재산분 주민세 여부 / 답변1
  + [6651] ntt=15691 (7134) [기타] 과태료 사망자 압류 / 답변3
  + [6652] ntt=15688 (7133) [기타] 과점주주 취득세 관련, 지특법 제57조의2 제5항 제7호. / 답변0
  + [6653] ntt=15687 (7132) [기타] 영농법인 주민세 재산분 면제 가능 여부 / 답변2
  + [6654] ntt=15686 (7131) [기타] 시 장학회의 정체... / 답변2
  + [6655] ntt=15685 (7130) [기타] 지방세심의위원회 서면심의의 법적근거를 문의드립니다. / 답변2
  + [6656] ntt=15684 (7129) [기타] 상속 자경농민 취득세 감면 서류 중 소득금액증명원 / 답변4
  + [6657] ntt=15683 (7128) [기타] 산업단지 감면 적용 문의 / 답변1
  + [6658] ntt=15682 (7127) [기타] 해산법인의 명단공개시 함께 공개되는 법인대표자? / 답변0
  + [6659] ntt=15680 (7126) [기타] 상속재산 파산신청으로 선고 받을시 상속인에게 취득세납세의. / 답변2
  + [6660] ntt=15676 (7125) [기타] 예금압류 관련입니다. / 답변4
  + [6661] ntt=15675 (7124) [기타] 장애인 자동차 취득세 질문드립니다. / 답변8
  + [6662] ntt=15674 (7123) [기타] 주민세(종업원분)과세표준에 대한 의견 개진 및 질의사항 . / 답변1
  + [6663] ntt=15673 (7122) [기타] 사실상 지목변경 질문드립니다. / 답변4
  + [6664] ntt=15672 (7121) [기타] 미공시 공동주택 또는 신축 공동주택의 주택가격 산정 후 . / 답변1
[page 1483 완료] 누적 신규 6664건  (이 게시판 저장 총 44,338건)
  + [6665] ntt=15671 (7120) [기타] 법원제출명령이 아닌 문서송부촉탁서로 과세정보 제공이 가능. / 답변2
  + [6666] ntt=15669 (7119) [기타] 학교법인 소유 부동산 공매처분 가능여부 질의 / 답변6
  + [6667] ntt=15668 (7118) [기타] 장애인 차량 자동차세 감면 질의 / 답변7
  + [6668] ntt=15665 (7117) [기타] 창업중소기업 감면 업종인 제조업 에 해당하는지 여부 / 답변1
  + [6669] ntt=15662 (7116) [기타] 재산세 납세의무자 / 답변5
  + [6670] ntt=15661 (7115) [기타] 관허사업제한 문의 / 답변4
  + [6671] ntt=15660 (7114) [기타] 주택 및 건축물 부속토지 안분 관련 질의합니다. / 답변7
  + [6672] ntt=15659 (7113) [기타] 차상위계층에 대한 자동차세 감면? / 답변5
  + [6673] ntt=15658 (7112) [기타] 재산세 공장 건물 철거시 토지 과세 형태 / 답변5
  + [6674] ntt=15656 (7111) [기타] 주소지 변경으로 고지서가 못갔을때 책임은 누구에게 있나요. / 답변5
  + [6675] ntt=15654 (7110) [기타] 천재지변으로 차량 대체취득시 감면여부 / 답변7
  + [6676] ntt=15650 (7109) [기타] 창업감면 문의드립니다 / 답변3
  + [6677] ntt=15649 (7108) [기타] 연말정산 관련 문의입니다. / 답변2
  + [6678] ntt=15647 (7107) [기타] 제3채무자의 압류된 채권을 채무자가 지급명령으로 추심한 . / 답변1
  + [6679] ntt=15642 (7106) [기타] 미준공 건물  취득세 과세 시기 및 과세표준 문의 / 답변1
  + [6680] ntt=15641 (7105) [기타] 예금압류 관련 문의 / 답변4
  + [6681] ntt=15639 (7104) [기타] 대도시 중과관련하여 질문드립니다. / 답변2
  + [6682] ntt=15638 (7103) [기타] 처분행위에 대한 추가 질문 드립니다. / 답변1
  + [6683] ntt=15637 (7102) [기타] 지역자원시설세3배중과 문의(물류센터) / 답변1
  + [6684] ntt=15636 (7101) [기타] 창업감면 후 현물출자 추징 여부 / 답변0
  + [6685] ntt=15635 (7100) [기타] 경락으로 주택 취득시 세율 / 답변6
  + [6686] ntt=15631 (7099) [기타] 이사화물 등록세 5% 과세대상 납세자가 다자녀 해당하는 . / 답변4
  + [6687] ntt=15630 (7098) [기타] 처분행위에 대한 판단좀 해주세요 / 답변3
  + [6688] ntt=15629 (7097) [기타] 지방소득세(종합소득) / 답변3
  + [6689] ntt=15628 (7096) [기타] 지입사 변경 질문드립니다. / 답변3
  + [6690] ntt=15626 (7095) [기타] 분양 아파트 취득의 시기 문의 / 답변6
  + [6691] ntt=15625 (7094) [기타] 증축 건축신고에 대한 등록면허세(면허분) / 답변5
  + [6692] ntt=15624 (7093) [기타] 다가구 3층이 복층일 경우 1층에 소매점에 대한 지역자원. / 답변2
  + [6693] ntt=15623 (7092) [기타] 가설건축물 / 답변5
  + [6694] ntt=15622 (7091) [기타] 산업단지 취득세 감면(승계취득) / 답변2
[page 1484 완료] 누적 신규 6694건  (이 게시판 저장 총 44,368건)
  + [6695] ntt=15621 (7090) [기타] 합병으로 인한 과점주주 / 답변2
  + [6696] ntt=15619 (7089) [기타] 담당공무원의 사용승인일 착오로 인한 가산세 감면여부 / 답변7
  + [6697] ntt=15618 (7088) [기타] 자동차세 한정상속승인에 대한 문의 / 답변5
  + [6698] ntt=15614 (7087) [기타] 사격장보관 총포 소지면허 등록면허세(면허) 비과세여부 / 답변4
  + [6699] ntt=15610 (7086) [기타] 과세대장 등재 관련 문의입니다~ / 답변2
  + [6700] ntt=15609 (7085) [기타] 미등기 토지 재산세 부과 문의 / 답변3
  + [6701] ntt=15608 (7084) [기타] 주민세 균등분 외국인의 장모님....?? / 답변2
  + [6702] ntt=15607 (7083) [기타] 건설기계 환급사유가 되는지 질문드릴게요! / 답변3
  + [6703] ntt=15606 (7082) [기타] 연대납세의무는 어떻게 설정되는건가요? / 답변2
  + [6704] ntt=15605 (7081) [기타] 자동차세 상속관련 문의입니다. / 답변4
  + [6705] ntt=15604 (7080) [기타] 유흥주점 중과 문의 / 답변3
  + [6706] ntt=15603 (7079) [기타] 산업단지 내 한국토지주택공사의 토지 분리과세 여부 문의 . / 답변1
  + [6707] ntt=15600 (7078) [기타] 미준공건축물 재산세문의입니다. / 답변4
  + [6708] ntt=15599 (7077) [기타] 과점주주 (지방세법시행령 11조 2항 관련하여) 질의합니. / 답변3
  + [6709] ntt=15597 (7076) [기타] 종교단체 노인복지시설 감면 / 답변1
  + [6710] ntt=15596 (7075) [기타] 재산세 지역자원시설세 중과 관련 문의입니다. / 답변1
  + [6711] ntt=15593 (7074) [기타] 매매상사가 취득한 자동차에 대한 문의입니다. / 답변3
  + [6712] ntt=15592 (7073) [기타] 사용승인받지 못한 공동주택의 부과여부 / 답변4
  + [6713] ntt=15591 (7072) [기타] 행자부세정-4829(2004.12.31.) / 답변2
  + [6714] ntt=15590 (7071) [기타] 불법건축물 취득세 수시부과, 소유자 변경시 취득의 시기 . / 답변6
  + [6715] ntt=15589 (7070) [기타] 토지의 도시지역구분에 대하여(지방세정보시스템 입력문의) / 답변5
  + [6716] ntt=15588 (7069) [기타] 교통사고로 운행되지않은 자동차 자동차세문의 / 답변8
  + [6717] ntt=15587 (7068) [기타] 홍수관리구역 안에서의 행위허가 면허세 / 답변1
  + [6718] ntt=15586 (7067) [기타] 처분금지가처분 신청이전 압류관련 질문 / 답변1
  + [6719] ntt=15584 (7066) [기타] 재산세 장애인시설일 경우 용도코드를 문의드립니다 / 답변1
  + [6720] ntt=15583 (7065) [기타] 취득세 신고 절차 및 서류 문의 / 답변9
  + [6721] ntt=15582 (7064) [기타] 임대주택관련 재 질의 합니다. / 답변2
  + [6722] ntt=15580 (7063) [기타] 태양광발전의 창업중소기업 감면 적용 가능 여부 / 답변0
  + [6723] ntt=15576 (7062) [기타] 착오로 인허가수리가 난 경우 등록면허세(면허) 과세여부 / 답변4
  + [6724] ntt=15575 (7061) [기타] 경정청구에 따른 환급후..추징할때 가산세 질문입니다 / 답변6
[page 1485 완료] 누적 신규 6724건  (이 게시판 저장 총 44,398건)
  + [6725] ntt=15574 (7060) [기타] 자경농민 농지 상속 취득세 감면관련... / 답변3
  + [6726] ntt=15572 (7059) [기타] 다자녀 감면 받고 1년이내 교통사고로 매각 / 답변7
  + [6727] ntt=15571 (7058) [기타] 손 세차시설이 건축물인지 여부 / 답변3
  + [6728] ntt=15569 (7057) [기타] 무허가주택 양도에 관하여 (토지소유자는 구청소유) / 답변4
  + [6729] ntt=15568 (7056) [기타] 자동차번호판 영치했던 것을  반환하는 사유에 대해서 궁금. / 답변3
  + [6730] ntt=15567 (7055) [기타] 재산세 과세내역서,,,어떻게 해야 할까요?? / 답변8
  + [6731] ntt=15566 (7054) [기타] 납세의무자 변경신고시 문의 / 답변6
  + [6732] ntt=15565 (7053) [기타] 태양광 발전시설 재산세 토지 과세 구분 / 답변1
  + [6733] ntt=15564 (7052) [기타] 창업중소기업 매각에 정당한사유가 예를들어 뭐가있나요?? / 답변4
  + [6734] ntt=15563 (7051) [기타] 법인지방소득세 안분? / 답변3
  + [6735] ntt=15562 (7050) [기타] 구조변경 승차정원 변경 자동차세 세율 문의 / 답변5
  + [6736] ntt=15560 (7049) [기타] 비닐하우스 취득세 부과 관련입니다. / 답변1
  + [6737] ntt=15559 (7048) [기타] 체납차량의 공동소유자에게 제증명 발급 가능할까요? / 답변3
  + [6738] ntt=15557 (7047) [기타] 차량,기계장비 취득 감면시 공채,국민주택채권??? / 답변6
  + [6739] ntt=15556 (7046) [기타] 농지 규모 / 답변2
  + [6740] ntt=15555 (7045) [기타] 지방공사 법인등기(50%) 감면 신청 / 답변2
  + [6741] ntt=15554 (7044) [기타] 연말정산환급시 해당연도분 체납의 경우 환급 / 답변2
  + [6742] ntt=15553 (7043) [기타] 건물 전체 매매 등으로 소유권 이전시 해당 위치의 시설물. / 답변1
  + [6743] ntt=15550 (7042) [기타] 재산세 1년이상 공용.공공용에 사용하는 재산에 대한 감면. / 답변1
  + [6744] ntt=15547 (7041) [기타] 증축시 과세표준 문의 / 답변3
  + [6745] ntt=15545 (7040) [기타] 기한후신고 경정청구 가능 여부 / 답변2
  + [6746] ntt=15543 (7039) [기타] 차량 취득세 장애인 대체취득  관련 질문이 있습니다 / 답변4
  + [6747] ntt=15542 (7038) [기타] 종업원분 주민세 중소기업 고용지원 적용 방법 문의 / 답변2
  + [6748] ntt=15540 (7037) [기타] 상속 취득세(등록세) 환급 문의 드립니다. / 답변2
    [retry 1/3] ReadTimeout
    [retry 2/3] ConnectTimeout
  + [6749] ntt=15538 (7036) [기타] 천재지변 등으로 인한 대체취득(차량) 질의 / 답변3
  + [6750] ntt=15536 (7035) [기타] 1가구 1주택 관련해서 질문있습니다 / 답변5
  + [6751] ntt=15534 (7034) [기타] 지목변경 취득세 / 답변4
  + [6752] ntt=15533 (7033) [기타] 지특법 31조에서 임대주택의 정의에 대해 질의합니다. / 답변3
  + [6753] ntt=15528 (7032) [기타] 인적분할에 따른 과점주주 취득세 문의드립니다. / 답변2
  + [6754] ntt=15523 (7031) [기타] 국가유공자 감면 질문드립니다. / 답변10
[page 1486 완료] 누적 신규 6754건  (이 게시판 저장 총 44,428건)
  + [6755] ntt=15522 (7030) [기타] 멸실된 주택 부속토지 질의 / 답변6
  + [6756] ntt=15519 (7029) [기타] 세목별 과세증명서 문의 / 답변5
  + [6757] ntt=15517 (7028) [기타] 고압선 관련(임야) / 답변3
  + [6758] ntt=15515 (7027) [기타] 도난차량에 대해 문의합니다. / 답변2
    [retry 1/3] ReadTimeout
  + [6759] ntt=15514 (7026) [기타] 재산세 부과에 있어 1구와 1동 구분 방법에 대하여 / 답변2
  + [6760] ntt=15510 (7025) [기타] 여객자동차 터미널 지역자원 중과관련입니다 / 답변1
  + [6761] ntt=15509 (7024) [기타] 장애인이 감면받은 기존 차량을 3자에게 팔고 새차를 감면. / 답변6
  + [6762] ntt=15508 (7023) [기타] 체납차량 번호판 영치 후 점유자에게 반환 가능 질의 / 답변6
  + [6763] ntt=15507 (7022) [기타] 전 소유자를 포함한 합유등기 취득세 문의 / 답변2
  + [6764] ntt=15506 (7021) [기타] 교환취득 질의 / 답변2
  + [6765] ntt=15505 (7020) [기타] 새마을금고 주차장 감면 문의 / 답변3
  + [6766] ntt=15502 (7019) [기타] 등록면허세 관련 문의 / 답변2
  + [6767] ntt=15498 (7018) [기타] 귀농인 감면 추징 관련 / 답변4
  + [6768] ntt=15497 (7017) [기타] 예금압류 및 추심 관련 문의 / 답변5
  + [6769] ntt=15496 (7016) [기타] 제증명 및 체납자료 사망자분것 발급할때 상속인 범위에 대. / 답변3
    [retry 1/3] ReadTimeout
    [retry 2/3] ConnectTimeout
    [retry 3/3] ConnectTimeout
  + [6770] ntt=15494 (7014) [기타] 종교단체 부동산을 3년 차에 매각 시 추징되는지요 / 답변5
  + [6771] ntt=15493 (7013) [기타] 재산세 복합건축물 관련 질문입니다. / 답변3
  + [6772] ntt=15492 (7012) [기타] 임대주택감면 취득세 추징 문의합니다. / 답변4
  + [6773] ntt=15487 (7011) [기타] 농어촌주택개량사업(증축) 시, 증축부분 과세/감면 ? / 답변1
  + [6774] ntt=15486 (7010) [기타] 건설공제조합 출자증권 압류문의 / 답변1
  + [6775] ntt=15485 (7009) [기타] 장애인 공동명의 자동차세 감면문의 / 답변4
  + [6776] ntt=15484 (7008) [기타] 재산세-국가등 소유권이전 대장정리 / 답변2
  + [6777] ntt=15483 (7007) [기타] 국가유공자 자동차 취득세에 대한 감면 질의 / 답변6
  + [6778] ntt=15481 (7006) [기타] 부설주차장의 재산세 감면 가능 여부 문의입니다. / 답변4
  + [6779] ntt=15480 (7005) [기타] 도로에 대한 재산세 부과 문의입니다. / 답변8
  + [6780] ntt=15479 (7004) [기타] 유치원 최저한세 적용여부. / 답변3
  + [6781] ntt=15477 (7003) [기타] 재산세 자동계산 프로그램 게시요청 / 답변3
  + [6782] ntt=15476 (7002) [기타] 다자녀감면대상자 대체취득 문의 / 답변5
  + [6783] ntt=15474 (7001) [기타] 상속 1가구1주택 관련문의입니다. / 답변3
[page 1487 완료] 누적 신규 6783건  (이 게시판 저장 총 44,457건)
  + [6784] ntt=15473 (7000) [기타] 간주취득세 과세대상 부동산(도로) 과세표준 산정기준 문의 / 답변2
  + [6785] ntt=15468 (6999) [기타] 축사 양성화와 관련하여 / 답변4
  + [6786] ntt=15467 (6998) [기타] 소형 LPG 저장탱크 어떻게 입력하시는지요?? / 답변1
  + [6787] ntt=15466 (6997) [기타] 체납고지서 주소불명자 발송 관련 / 답변3
  + [6788] ntt=15465 (6996) [기타] 지방소득세(특별징수) 가산세 산정 / 답변1
  + [6789] ntt=15462 (6995) [기타] 법인의 장부허위기재로 검찰에 고발당함->고발에 대한 처분. / 답변1
  + [6790] ntt=15461 (6994) [기타] 지역자원시설세(특자-지하수) 소액부 징수 관련... / 답변1
  + [6791] ntt=15460 (6993) [기타] 다자녀감면차량 미세먼지저감조치관련으로 조기폐차할 경우 추. / 답변3
  + [6792] ntt=15459 (6992) [기타] 조합원 토지 지위승계시(부담부증여) 관련 질문 / 답변1
  + [6793] ntt=15458 (6991) [기타] 상속 취득세 관련 문의 입니다. / 답변4
  + [6794] ntt=15456 (6990) [기타] 상속 취득세 수시분 체납 시 연대납세의무자 변경가능 여부 / 답변2
  + [6795] ntt=15455 (6989) [기타] 신탁해지 부동산취득세 감면관련 문의합니다. / 답변4
  + [6796] ntt=15454 (6988) [기타] 취득세 중과대상에 해당하는지 여부 문의드려요.~ / 답변1
  + [6797] ntt=15453 (6987) [기타] 신탁회사가 신축취득시 등록면허세 납부여부 문의드립니다. / 답변1
  + [6798] ntt=15452 (6986) [기타] 상속 1가구 1주택 관련 문의드립니다. / 답변7
  + [6799] ntt=15451 (6985) [기타] 장애인 차량 취득세 관련 추징 질문이있습니다 / 답변4
  + [6800] ntt=15450 (6984) [기타] 대표자 변경 시 등록면허세 부과 문의드립니다. / 답변2
  + [6801] ntt=15449 (6983) [기타] 사업시행자가 산업단지를 조성하기 위해 취득한 토지 / 답변1
  + [6802] ntt=15447 (6982) [기타] 재산세(토지) 과세구분에 대해 질의드립니다 / 답변2
  + [6803] ntt=15444 (6981) [기타] 예금압류 관련 질문 올립니다. / 답변8
  + [6804] ntt=15443 (6980) [기타] 장애인 공동명의 자동차세 감면문의 / 답변7
  + [6805] ntt=15440 (6979) [기타] 재산세 과세대장 관련 문의입니다! / 답변2
  + [6806] ntt=15439 (6978) [기타] 위험물 이동탱크 지위승계신고 관련한 면허세 질문드립니다. / 답변1
  + [6807] ntt=15438 (6977) [기타] 지방세 환급 관련하여 / 답변1
  + [6808] ntt=15437 (6976) [기타] 재산세문의입니다. / 답변7
  + [6809] ntt=15435 (6975) [기타] 건축주 변경과  건축허가를 받은자의 변경 차이점을 알고싶. / 답변4
    [retry 1/3] ReadTimeout
  + [6810] ntt=15434 (6974) [기타] 차량 취득세 담당자만 보세요 / 답변15
  + [6811] ntt=15433 (6973) [기타] 자동차번호판 영치할 때 장소에 제한이 없죠?? / 답변10
  + [6812] ntt=15432 (6972) [기타] 자경농민 토지취득시 도시지역 주거지역인데 감면되는 사유가. / 답변6
  + [6813] ntt=15430 (6971) [기타] 장애인 대체 취득세 감면 질의 / 답변7
[page 1488 완료] 누적 신규 6813건  (이 게시판 저장 총 44,487건)
  + [6814] ntt=15429 (6970) [기타] 주민세(개인균등분) 외국인 관련 문의 / 답변2
  + [6815] ntt=15428 (6969) [기타] 재건축조합정비사업 관련 부동산 취득세 과세대상 여부 문의. / 답변2
  + [6816] ntt=15427 (6968) [기타] 자동차 경매 시 자동차 입고 이후엔 부과 안 되나요? / 답변5
  + [6817] ntt=15426 (6967) [기타] 서민주택 감면 관련 질의(내용수정) / 답변4
  + [6818] ntt=15425 (6966) [기타] 주민세종업원분관련 문의합니다. / 답변1
  + [6819] ntt=15423 (6965) [기타] 문의합니다 / 답변4
  + [6820] ntt=15422 (6964) [기타] 과세자료 제출범위 / 답변3
  + [6821] ntt=15421 (6963) [기타] 이행강제금 부과된 불법 건축물, 철거 후 취득세 부과 / 답변7
  + [6822] ntt=15420 (6962) [기타] 외국인 상속시 / 답변3
  + [6823] ntt=15419 (6961) [기타] 장애인감면 추징관련 문의 / 답변3
  + [6824] ntt=15417 (6960) [기타] 철골조 벽면구조 / 답변4
  + [6825] ntt=15413 (6959) [기타] 재개발 임대아파트 신축 및 지목변경 과세여부 / 답변2
  + [6826] ntt=15412 (6958) [기타] 가설건축물 취득세 / 답변7
  + [6827] ntt=15410 (6957) [기타] 부동산 임대사업자가 게스트하우스 영업시 지방세 과세여부 / 답변3
  + [6828] ntt=15406 (6956) [기타] 국가유공자 대부금 감면 / 답변5
  + [6829] ntt=15405 (6955) [기타] 다자녀 취득세 감면중 궁금한게있어요 / 답변9
  + [6830] ntt=15402 (6954) [기타] 태양광 개발행위 면허세 / 답변4
  + [6831] ntt=15400 (6953) [기타] 휴학생 균등할 주민세 / 답변4
  + [6832] ntt=15397 (6952) [기타] 공동소유 체납차량 처리방법 / 답변5
  + [6833] ntt=15396 (6951) [기타] 공동소유 체납차량 처리방법 / 답변3
  + [6834] ntt=15395 (6950) [기타] 지입차량 취득세, 등록면허세 문의좀 할게용! / 답변5
    [retry 1/3] ReadTimeout
  + [6835] ntt=15393 (6949) [기타] 지방소득세(양도소득) 합의해제에 따른 가산금 및 환급가산. / 답변1
  + [6836] ntt=15392 (6948) [기타] 취득세 차량 / 답변11
  + [6837] ntt=15382 (6947) [기타] 주민세 균등분 / 답변4
  + [6838] ntt=15380 (6946) [기타] 자경농민 농업용시설 감면 관련 / 답변2
  + [6839] ntt=15379 (6945) [기타] 공매대금 배분시 문의사항 / 답변1
  + [6840] ntt=15378 (6944) [기타] 학교 기숙사 재산세 관련 / 답변5
  + [6841] ntt=15373 (6943) [기타] 소멸시효 질문드립니다. / 답변8
  + [6842] ntt=15371 (6942) [기타] 재개발조합취득 관련 질문드립니다. / 답변1
  + [6843] ntt=15369 (6941) [기타] 자동차세 질문입니다. / 답변4
[page 1489 완료] 누적 신규 6843건  (이 게시판 저장 총 44,517건)
  + [6844] ntt=15368 (6940) [기타] 환급 가산금 기산일 적용 / 답변5
  + [6845] ntt=15366 (6939) [기타] 지방세기본법 제42조(상속으로 인한 납세의무의 승계)  . / 답변4
  + [6846] ntt=15365 (6938) [기타] 법인지방소득세 무신고가산세 질문입니다 / 답변3
  + [6847] ntt=15363 (6937) [기타] 결손 처분 후, 사후관리에 대해 / 답변6
  + [6848] ntt=15360 (6936) [기타] 지방소득세환급( 아파트입주자대표회의 ) 관련문의 / 답변3
  + [6849] ntt=15359 (6935) [기타] 외국인 주민세 부과  문의 드립니다 / 답변2
  + [6850] ntt=15358 (6934) [기타] 조세면탈을 목적으로 사업장 명의변경 / 답변4
  + [6851] ntt=15357 (6933) [기타] 자동차세 장애인 감면 문의 입니다. / 답변5
  + [6852] ntt=15355 (6932) [기타] 지방소득세 납세지 / 답변3
  + [6853] ntt=15353 (6931) [기타] 단독주택에 주민등록표상 구분되어 있는 2세대거주자의 1가. / 답변2
  + [6854] ntt=15352 (6930) [기타] 취득세(지하수, 구조변경)관련 질문좀 드릴게요! / 답변2
  + [6855] ntt=15351 (6929) [기타] 대체취득 부재부동산 (지목은 임야, 현황은 답) 여부 / 답변4
  + [6856] ntt=15350 (6928) [기타] 자동차세 연납 승계 문의 / 답변4
  + [6857] ntt=15348 (6927) [기타] 대체취득 취득세 감면 시 보상금 범위에 대해 / 답변3
  + [6858] ntt=15346 (6926) [기타] 국가유공자인 동시에 장애인인 경우 자동차 취득세 감면 문. / 답변10
  + [6859] ntt=15342 (6925) [기타] 등기형 회원권(?) / 답변2
  + [6860] ntt=15341 (6924) [기타] 10년이상 장기간 미집행된 사권제한 토지 등에 해당할 경. / 답변1
  + [6861] ntt=15339 (6923) [기타] 서민주택 상시거주 정당한 사유 / 답변3
  + [6862] ntt=15337 (6922) [기타] 자경농민 감면후 축사건물 신축시 추징여부문의 / 답변3
  + [6863] ntt=15336 (6921) [기타] 지목변경 납세의무자 문의 / 답변2
  + [6864] ntt=15335 (6920) [기타] 환급 문의 / 답변2
  + [6865] ntt=15334 (6919) [기타] 자동차 소유권이전 문의 / 답변2
  + [6866] ntt=15333 (6918) [기타] 차량 취득세 추징관련 질문드립니다 / 답변6
  + [6867] ntt=15331 (6917) [기타] 아래 6917번 연결하여 종교단체 수익사업에 관한 질문입. / 답변5
  + [6868] ntt=15330 (6916) [기타] 외국인 노동자 균등분 주민세 납부 관련 / 답변3
  + [6869] ntt=15329 (6915) [기타] 지식산업센터 임대(가상오피스) 관련 문의 / 답변2
  + [6870] ntt=15328 (6914) [기타] 종교단체의 수익사업에 사용하는 경우에 대한 추징 / 답변2
  + [6871] ntt=15327 (6913) [기타] 주택 담벼락 안 텃밭 농지세율 적용 가능 여부 / 답변5
  + [6872] ntt=15325 (6912) [기타] 신탁 가등기 등록면허세 세율 / 답변1
  + [6873] ntt=15324 (6911) [기타] 과점주주 간주취득세 관련 문의 / 답변4
[page 1490 완료] 누적 신규 6873건  (이 게시판 저장 총 44,547건)
  + [6874] ntt=15320 (6910) [기타] 무허가 건물만 소유한 조합원  취득 관련 / 답변0
  + [6875] ntt=15316 (6909) [기타] 고지서 미수령에 따른 가산금 감액 문의 / 답변5
  + [6876] ntt=15315 (6908) [기타] 지하수 시설 취득세 관련해서 질문 드립니다! / 답변2
  + [6877] ntt=15314 (6907) [기타] 차량 취득세 추징 관련 질문드립니다 / 답변3
  + [6878] ntt=15313 (6906) [기타] 공매대금 배분 시 법인번호와 사업자번호 / 답변1
  + [6879] ntt=15309 (6905) [기타] 자동차세 연납 완료 후에 요일제 신청한 차량 / 답변4
  + [6880] ntt=15308 (6904) [기타] 매매계약만 하고 소유자 사망시 취득세 문제 / 답변5
  + [6881] ntt=15307 (6903) [기타] 법인 등록면허세(등록)  질문입니다.. 많이 봐주세요! / 답변2
  + [6882] ntt=15305 (6902) [기타] 등록면허세 문의드립니다. / 답변2
  + [6883] ntt=15304 (6901) [기타] 1가구 1주택 상속 취득세 감면문의 드립니다. / 답변1
  + [6884] ntt=15302 (6900) [기타] 다자녀 감면 환급관련해서 여쭤봅니다. / 답변7
  + [6885] ntt=15299 (6899) [기타] 기업부설,산업단지 감면적용시 질문있습니다. / 답변1
  + [6886] ntt=15297 (6898) [기타] 장기 미반환 영치번호판 처리 관련 / 답변5
  + [6887] ntt=15296 (6897) [기타] 장애인감면차량 취득세 문의드립니다. / 답변6
  + [6888] ntt=15295 (6896) [기타] 부재부동산  토지범위(농지)에 대해  질문드립니다. / 답변3
  + [6889] ntt=15294 (6895) [기타] 등록면허세(면허) 문의 (지역축제 음식점영업) / 답변2
  + [6890] ntt=15293 (6894) [기타] 공동명의 차량이 지입회사로 들어갈때 / 답변3
  + [6891] ntt=15292 (6893) [기타] 공매배분순위 질문드립니다. / 답변2
  + [6892] ntt=15291 (6892) [기타] 이전공공기관 임직원 감면 문의드립니다. / 답변0
  + [6893] ntt=15290 (6891) [기타] 감면 경정 가능 여부 / 답변5
  + [6894] ntt=15289 (6890) [기타] 법인지방소득세 무신고가산세-수입금액 문의 / 답변2
  + [6895] ntt=15287 (6889) [기타] 관허사업 제한대상 면허에 대한 질문입니다. / 답변1
  + [6896] ntt=15286 (6888) [기타] 상속 재분할협의시 환급여부 / 답변8
  + [6897] ntt=15285 (6887) [기타] 리스차량 압류해제 관련 문의 / 답변5
  + [6898] ntt=15281 (6886) [기타] 매매용 중고자동차 본인명의 이전시 취득세 부과 질의 / 답변7
  + [6899] ntt=15280 (6885) [기타] 영어조합법인이 온라인사업전용공장으로 사용하기 위하여 취득. / 답변1
  + [6900] ntt=15276 (6884) [기타] 자경농민 감면분 취득세 추징 / 답변2
  + [6901] ntt=15275 (6883) [기타] 형제,자매,부모,조부모 등이 없는 경우 재산세 직권등재 . / 답변3
  + [6902] ntt=15274 (6882) [기타] 1.1일 기준이후 개별주택가격 문의 / 답변2
  + [6903] ntt=15272 (6881) [기타] 궁금하여 질문합니다. / 답변4
[page 1491 완료] 누적 신규 6903건  (이 게시판 저장 총 44,577건)
  + [6904] ntt=15271 (6880) [기타] 징수촉탁으로 영치한 번호판 반환 문의입니다. / 답변4
  + [6905] ntt=15270 (6879) [기타] 축사(토끼사육장)를 취득 시 자경농민 감면 / 답변1
  + [6906] ntt=15267 (6878) [기타] 재산세 소급 환급 관련 문의 / 답변3
  + [6907] ntt=15265 (6877) [기타] 연립주택 부속토지 지목변경 / 답변1
  + [6908] ntt=15264 (6876) [기타] 제2차납세의무자 시효 / 답변1
  + [6909] ntt=15263 (6875) [기타] 지목변경 취득세 관련(개인) 답변부탁드립니다 ㅜㅠ / 답변7
  + [6910] ntt=15261 (6874) [기타] 무허가축사 적법화 등록세 관련 질의합니다. / 답변2
  + [6911] ntt=15260 (6873) [기타] 징수포상금 소득세 관련 / 답변4
  + [6912] ntt=15257 (6872) [기타] 주민세(개인사업) 추징과 관련하여 부과전 사망에 대해 궁. / 답변3
  + [6913] ntt=15253 (6871) [기타] 전기차 '트위지' 감면에 관하여 문의 드립니다. / 답변2
  + [6914] ntt=15250 (6870) [기타] 지특법 제85조의2 중 제3항 출연법인 감면 (재질의) / 답변1
  + [6915] ntt=15249 (6869) [기타] 위반건축물(무단증축) 수시부과 할때 세율 어떻게 적용하시. / 답변4
  + [6916] ntt=15245 (6868) [기타] 지방소득세 특별징수 연말정산 환급과 관련된 질의입니다. / 답변1
  + [6917] ntt=15243 (6867) [기타] 다자녀 환급 건 사후관리에 대해서 여쭤봅니다 / 답변1
  + [6918] ntt=15242 (6866) [기타] 화물자가용 취득세관련해서 여쭤볼게요..ㅜ / 답변5
  + [6919] ntt=15240 (6865) [기타] 주민세 개인균등분 문의입니다. / 답변6
  + [6920] ntt=15239 (6864) [기타] 유흥주점 관련하여 문의드립니다. / 답변4
  + [6921] ntt=15236 (6863) [기타] 지특법 제85조의2 제3항 지방공기업 감면 관련 / 답변1
  + [6922] ntt=15234 (6862) [기타] 교통과태료 압류 질문 / 답변4
  + [6923] ntt=15231 (6861) [기타] 균등할 주민세 휴업 사업자 문의드려요 / 답변4
  + [6924] ntt=15230 (6860) [기타] 주택건설사업용 토지를 사권제한(도로) 미집행 토지로 감면. / 답변2
  + [6925] ntt=15229 (6859) [기타] 대수선 시가표준액 산출 문의(대수선 적용 면적 기준) / 답변5
  + [6926] ntt=15228 (6858) [기타] 질문 압류문의 / 답변3
  + [6927] ntt=15226 (6857) [기타] 감사 지적사항에 대한 납부불성실 가산세 문의합니다. / 답변2
  + [6928] ntt=15224 (6856) [기타] 현물출자 관련 문의드립니다. / 답변1
  + [6929] ntt=15222 (6855) [기타] 지식산업센터 분양자 감면 후 합병, 분할 시 추징 가능 . / 답변1
  + [6930] ntt=15221 (6854) [기타] 주택공시가격 중 건물과 토지의 시가표준액을 각각 요청하는. / 답변1
  + [6931] ntt=15220 (6853) [기타] 법인지방소득세 확정신고 대상 질의 / 답변2
  + [6932] ntt=15219 (6852) [기타] 자동차세 수시분 부과 / 답변3
  + [6933] ntt=15218 (6851) [기타] 파산관재인에 의한 매매 / 답변2
[page 1492 완료] 누적 신규 6933건  (이 게시판 저장 총 44,607건)
  + [6934] ntt=15217 (6850) [기타] 사권제한토지 재산세 감면 문의 / 답변3
  + [6935] ntt=15215 (6849) [기타] (식당 등) 영업자 지위승계시 체납확인 관련 질문입니다.. / 답변2
  + [6936] ntt=15214 (6848) [기타] 필로티 안분 대상 포함 여부 / 답변1
  + [6937] ntt=15213 (6847) [기타] 부동산 담보신탁 관련 / 답변2
  + [6938] ntt=15211 (6846) [기타] 주민세 종업원 수 산정 문의 / 답변2
  + [6939] ntt=15208 (6845) [기타] 부재부동산소유자 판단, 보상금 초과액 산정방법에 대한 질. / 답변1
  + [6940] ntt=15207 (6844) [기타] 번호판 영치하다가 번호판 훼손시 질문 / 답변7
  + [6941] ntt=15205 (6843) [기타] 압류금지채권의 압류효력 / 답변5
  + [6942] ntt=15204 (6842) [기타] 생애최초 주택취득 신혼부부 관련 농특세 질의 / 답변3
  + [6943] ntt=15203 (6841) [기타] 장애인 자동차세 감면 문의 / 답변7
  + [6944] ntt=15202 (6840) [기타] 압류통지서가 체납자에게 송달되지 아니하였다 하여 당해 압. / 답변2
  + [6945] ntt=15201 (6839) [기타] 신축된 건물을 공동주택가격 공시전 증여 한다면 과세표준은. / 답변2
    [retry 1/3] ReadTimeout
  + [6946] ntt=15200 (6838) [기타] 등록면허세(면허) 미납자에 대해 질문드립니다. / 답변4
  + [6947] ntt=15199 (6837) [기타] 장애인 공동명의 감면 여쭤 봅니다 / 답변4
  + [6948] ntt=15198 (6836) [기타] 부재부동산 소유자 / 답변4
  + [6949] ntt=15197 (6835) [기타] 사도 과세여부 / 답변2
  + [6950] ntt=15195 (6834) [기타] 주택임대사업자 등록면허세(면허분)문의 / 답변3
  + [6951] ntt=15194 (6833) [기타] 연말정산 특별징수 환급처리 문의 드립니다. / 답변1
  + [6952] ntt=15193 (6832) [기타] 법인지방소득세 확정신고대상.. / 답변3
  + [6953] ntt=15190 (6831) [기타] 재산세 관련 임대주택 감면 관련 문의드립니다 / 답변3
  + [6954] ntt=15188 (6830) [기타] 공시송달 문의 / 답변2
  + [6955] ntt=15187 (6829) [기타] 결손처분 사후관리(결손처분취소 및  취소통지) / 답변2
  + [6956] ntt=15185 (6828) [기타] 압류관련 문의 드려요 / 답변5
  + [6957] ntt=15184 (6827) [기타] 창업중소기업 감면문의 / 답변1
  + [6958] ntt=15182 (6826) [기타] 주민세 재산분 관련 질의 / 답변2
  + [6959] ntt=15181 (6825) [기타] 여객자동차운송사업 면허세 관련 / 답변1
  + [6960] ntt=15178 (6824) [기타] 경정청구 관련 / 답변6
  + [6961] ntt=15176 (6823) [기타] 법인지방소득세 확정신고 과세대상여부 / 답변1
  + [6962] ntt=15175 (6822) [기타] 종교단체 부목사 사택 감면 여부 / 답변4
  + [6963] ntt=15173 (6821) [기타] 건축신고 등록면허세(면허) 부과시점 문의 / 답변5
[page 1493 완료] 누적 신규 6963건  (이 게시판 저장 총 44,637건)
  + [6964] ntt=15170 (6820) [기타] 등록면허세 통신판매업 질문입니다. / 답변5
  + [6965] ntt=15168 (6819) [기타] 영농조합법인 조합원의 배당소득 관련입니다. / 답변1
  + [6966] ntt=15167 (6818) [기타] 귀농인 감면 후 주소이전(사후관리) 질문 / 답변4
  + [6967] ntt=15165 (6817) [기타] 차량공매 배분금중 소유자 반환여부 / 답변1
  + [6968] ntt=15164 (6816) [기타] 토지수용 대체취득 감면중 부재지주 여부 문의 / 답변2
  + [6969] ntt=15162 (6815) [기타] 교부청구 접수일에 대한 상황입니다. / 답변2
  + [6970] ntt=15160 (6814) [기타] 유원지에 대한 재산세 문의 입니다. / 답변1
  + [6971] ntt=15157 (6813) [기타] 주민세(재산분) 문의드립니다.^^ / 답변2
  + [6972] ntt=15155 (6812) [기타] 지방세시스템 재산세 추징 문의입니다. / 답변2
  + [6973] ntt=15154 (6811) [기타] 자동차세 비과세 문의입니다. / 답변5
  + [6974] ntt=15153 (6810) [기타] 귀농인 감면 질문드립니다. / 답변3
  + [6975] ntt=15152 (6809) [기타] 신혼부부생애최초(외국인) / 답변1
  + [6976] ntt=15151 (6808) [기타] 법인지방소득세 안분관련 문의 드립니다. / 답변2
  + [6977] ntt=15149 (6807) [기타] 개인회생 별제권 목적물에 포함되어 있는 차량 공매 가능 . / 답변2
  + [6978] ntt=15145 (6806) [기타] 지방소득세 특별징수(연말정산) 환급 문의 / 답변1
  + [6979] ntt=15144 (6805) [기타] 연대납세의무자 시효 / 답변1
  + [6980] ntt=15143 (6804) [기타] 임대감면 관련하여 질의합니다. / 답변1
  + [6981] ntt=15142 (6803) [기타] 직권등재 개인적 궁금점 / 답변3
  + [6982] ntt=15139 (6802) [기타] 장애인 감면 차량취득세, 자동차세 대체취득관련 문의드립니. / 답변3
  + [6983] ntt=15138 (6801) [기타] 도로명주소로 변경 등기시 과세 여부 / 답변3
  + [6984] ntt=15137 (6800) [기타] 체납안내문관련 문의 / 답변4
  + [6985] ntt=15136 (6799) [기타] 등기완료 후 소유권 재이전시 취득세 납세의무 판단 / 답변3
  + [6986] ntt=15133 (6798) [기타] 잔금미지급하더라도, 가등기 매매예약 완료로 취득의성립 인. / 답변1
  + [6987] ntt=15131 (6797) [기타] 주택재건축조합으로 사용승인 받은 이후 조합원 명의로 이전. / 답변1
  + [6988] ntt=15130 (6796) [기타] 창업제외 사유 관련 실무 적용시 궁금한 점이 있습니다. / 답변1
  + [6989] ntt=15128 (6795) [기타] 자동차세 상속관련 질의 / 답변4
  + [6990] ntt=15127 (6794) [기타] 무허가건축물 등록면허세 문의 / 답변3
  + [6991] ntt=15125 (6793) [기타] 재산세 납세의무자 문의 / 답변2
  + [6992] ntt=15123 (6792) [기타] 연대납세의무자 다른재산압류 문의 / 답변1
  + [6993] ntt=15122 (6791) [기타] 취득세 납부기한 연장 / 답변2
[page 1494 완료] 누적 신규 6993건  (이 게시판 저장 총 44,667건)
  + [6994] ntt=15121 (6790) [기타] 옥내주차장 / 답변1
  + [6995] ntt=15120 (6789) [기타] 임대사업자 중과 예외 및 감면 관련 / 답변1
  + [6996] ntt=15116 (6788) [기타] 부동산임의경매 사건 관련 재산세 납세의무자 질의 / 답변1
  + [6997] ntt=15115 (6787) [기타] 자동차 초과압류관련 문의 / 답변1
  + [6998] ntt=15114 (6786) [기타] 사실상 멸실 차량 인정기준 문의 / 답변2
  + [6999] ntt=15113 (6785) [기타] 도난차량  회수후 자동차세 추징관련 / 답변1
  + [7000] ntt=15111 (6784) [기타] 사립미술관 주민세(재산분) 질의 / 답변3
  + [7001] ntt=15110 (6783) [기타] 어선 기관변경에 대한 취득세 및 등록면허세(등록) / 답변1
  + [7002] ntt=15109 (6782) [기타] 재산조회에 따른 과세정보 제3자 제공 현황 공개 / 답변1
  + [7003] ntt=15108 (6781) [기타] 상속 관련 재산세 문의 / 답변1
  + [7004] ntt=15107 (6780) [기타] 국가유공자가 자동차세만(취득세면제받은적x)면제받고 있는 . / 답변7
  + [7005] ntt=15105 (6779) [기타] 상속 취득세 감정평가금액으로 신고시 몇군데 받으시나요? / 답변3
  + [7006] ntt=15103 (6778) [기타] 문의드려요(급합니다) / 답변4
  + [7007] ntt=15101 (6777) [기타] 등록면허세(면허분) 부과요령 관련 문의 / 답변1
  + [7008] ntt=15099 (6776) [기타] 고급오락장(유흥주점) 재산세 중과세 여부 문의 / 답변1
  + [7009] ntt=15098 (6775) [기타] 제2차납세의무자 지정관련 납세의무성립일 문의 / 답변3
  + [7010] ntt=15097 (6774) [기타] 세외수입 영치 관련 질문입니다. / 답변4
  + [7011] ntt=15094 (6773) [기타] 국가유공자 대체취득관련 취득세 문의드립니다 / 답변4
  + [7012] ntt=15093 (6772) [기타] 창업여부 판단시 대표자만 창업여부 판단하시는지 궁금합니다. / 답변3
  + [7013] ntt=15086 (6771) [기타] 구조변경 차량 취득세의 경우 노후화로 인한 교체도 차체의. / 답변10
  + [7014] ntt=15085 (6770) [기타] 종교목적직접사용에 대한 감면 / 답변5
    [retry 1/3] ReadTimeout
  + [7015] ntt=15084 (6769) [기타] 이런 경우 압류해제 가능한지 궁금합니다. / 답변2
  + [7016] ntt=15082 (6768) [기타] 면허세 가설건축물 관련 / 답변5
  + [7017] ntt=15081 (6767) [기타] 자동차세 대표납세자에 대해 문의드립니다. / 답변3
  + [7018] ntt=15080 (6766) [기타] 건축허가 관련 등록면허세 문의 / 답변2
  + [7019] ntt=15079 (6765) [기타] 특정지역자원시설세(지하수) / 답변1
  + [7020] ntt=15078 (6764) [기타] 지역특산품생산단지[경기도 도세 감면 조례 4조] / 답변1
  + [7021] ntt=15077 (6763) [기타] 부동산 등기조회 방법 / 답변1
  + [7022] ntt=15076 (6762) [기타] 지방소득세(특별징수) 연말정산 업무처리 방법 / 답변1
  + [7023] ntt=15075 (6761) [기타] 다가구 임대주택 감면 관련입니다 / 답변4
[page 1495 완료] 누적 신규 7023건  (이 게시판 저장 총 44,697건)
  + [7024] ntt=15074 (6760) [기타] 가두리양식장도 어업법인이 영어목적으로 사용하는 건가요?? / 답변2
  + [7025] ntt=15073 (6759) [기타] 백화점 내 식품관 용도지수 적용 / 답변2
  + [7026] ntt=15072 (6758) [기타] 영치 업무 관련 질문 / 답변3
  + [7027] ntt=15071 (6757) [기타] 주민세 재산분 추징 시기? / 답변3
  + [7028] ntt=15069 (6756) [기타] 12월 중 취득차량 자동차세 / 답변3
  + [7029] ntt=15068 (6755) [기타] 취득가애 경정청구 가능여부 및 필요서류 / 답변1
  + [7030] ntt=15066 (6754) [기타] 지역주택조합 준공전 승계조합원 토지 취득가액 관련 질의 / 답변1
  + [7031] ntt=15065 (6753) [기타] 분납 여부 질의 / 답변4
  + [7032] ntt=15062 (6752) [기타] 사실상의 소유자 범위 문의 드립니다. / 답변3
  + [7033] ntt=15061 (6751) [기타] 공동소유차량 압류 관련 / 답변2
  + [7034] ntt=15060 (6750) [기타] 현물출자 문의드립니다 / 답변1
  + [7035] ntt=15059 (6749) [기타] 면허세 허가자 추가시 과세여부 / 답변3
  + [7036] ntt=15058 (6748) [기타] 1가구 1주택 감면에 대해 문의드립니다. / 답변2
  + [7037] ntt=15057 (6747) [기타] 또 포상금 지급신청이 들어왔네요 / 답변1
  + [7038] ntt=15056 (6746) [기타] 125cc 미만 50만원 이하 시 등록면허세 부과 질의 / 답변4
  + [7039] ntt=15055 (6745) [기타] 임대사업자 감면 문의입니다 / 답변3
  + [7040] ntt=15053 (6744) [기타] 지분 압류시 그 효력이 어찌 되나요? / 답변2
  + [7041] ntt=15051 (6743) [기타] 과점주주 취득세 관련질의 / 답변2
  + [7042] ntt=15049 (6742) [기타] 주택 산정가격으로 재산세 부과 관련 / 답변5
  + [7043] ntt=15044 (6741) [기타] 개인 운송사업자에 대한 지입 관련 / 답변2
  + [7044] ntt=15041 (6740) [기타] 징수유예문의드립니다. / 답변2
  + [7045] ntt=15040 (6739) [기타] 종교시설 (구)등록세 감면여부 문의 / 답변4
  + [7046] ntt=15039 (6738) [기타] 자경농민의 농지원부상 세대원(배우자) 자경농민요건 질문 / 답변6
  + [7047] ntt=15036 (6737) [기타] 50일 이내에 독촉장 발송! / 답변3
  + [7048] ntt=15030 (6736) [기타] 착오로 다른사람 세급을 납부한경우 환급대상이 될까요? / 답변5
  + [7049] ntt=15029 (6735) [기타] 농지전용 및 개발해위 관련 면허세 문의드립니다. / 답변2
  + [7050] ntt=15027 (6734) [기타] 총포의 소지허가에 대한 등록면허세 문의 드립니다. / 답변3
  + [7051] ntt=15025 (6733) [기타] 법인지방소득세 가산세 관련 / 답변1
  + [7052] ntt=15024 (6732) [기타] 주택세율에 대해 문의드립니다... / 답변3
  + [7053] ntt=15023 (6731) [기타] 리스차량 취득세, 등록면허세 가산세 문의 / 답변3
[page 1496 완료] 누적 신규 7053건  (이 게시판 저장 총 44,727건)
  + [7054] ntt=15020 (6730) [기타] 농촌주택개량 관련 재산세 질문 / 답변1
  + [7055] ntt=15019 (6729) [기타] 재산세 납기전징수 문의입니다. / 답변3
  + [7056] ntt=15016 (6728) [기타] 면허세 정기분 관련 질문입니다 / 답변4
  + [7057] ntt=15014 (6727) [기타] 구조변경(메인형 냉동기) / 답변3
    [retry 1/3] ReadTimeout
  + [7058] ntt=15010 (6726) [기타] 지특법 제44조[평생교육시설에 대한 감면] 문의입니다. / 답변2
  + [7059] ntt=15009 (6725) [기타] 개발제한구역 내 동식물관련시설에 대한 재산세 과세 문의입. / 답변1
  + [7060] ntt=15008 (6724) [기타] 지방소득세 특별징수분 부과 문의 / 답변1
  + [7061] ntt=15004 (6723) [기타] 비과세 감면대상 대체취득시 자동차세 감면 문의 / 답변3
  + [7062] ntt=15000 (6722) [기타] 농업회사법인 취득세 추징 문의 / 답변2
  + [7063] ntt=14999 (6721) [기타] 신축건물 과세,감면 면적 안분 관련하여 / 답변1
  + [7064] ntt=14998 (6720) [기타] 지방소득세 특별징수 / 답변1
  + [7065] ntt=14996 (6719) [기타] 예금압류 관련 문의 입니다. / 답변6
  + [7066] ntt=14994 (6718) [기타] 건축물 신축시 신고가액 / 답변3
  + [7067] ntt=14993 (6717) [기타] 종교법인이 운영하는 사회복지시설 부동산 감면 문의 / 답변1
  + [7068] ntt=14992 (6716) [기타] 등록면허서(면허분) 질문 드립니다 / 답변2
  + [7069] ntt=14991 (6715) [기타] 체납처분 관련 문의드려요 / 답변3
  + [7070] ntt=14989 (6714) [기타] 사망자 재산에 압류가능 문의 / 답변2
  + [7071] ntt=14988 (6713) [기타] 경찰서에서 사건 관련 지방세세목별과세증명서 요청 시 발급. / 답변2
  + [7072] ntt=14986 (6712) [기타] 법인지방소득세 사실과 다른 회계처리로 인한 경정특례 질문. / 답변1
  + [7073] ntt=14984 (6711) [기타] 매매예약금액에 대한 질의(소유권이전청구가등기) / 답변1
  + [7074] ntt=14982 (6710) [기타] 등기부상 가처분 결정 / 답변1
  + [7075] ntt=14981 (6709) [기타] 재산세 납세의무자 질의 / 답변4
  + [7076] ntt=14976 (6708) [기타] 구조변경 차량 취득세 과세 문의 / 답변4
  + [7077] ntt=14975 (6707) [기타] 자동판매기 등록면허세 관련 문의 드립니다. / 답변5
  + [7078] ntt=14974 (6706) [기타] 건축신고 면허 관련한 농지전용, 개발행위 질문드립니다. / 답변1
  + [7079] ntt=14973 (6705) [기타] 자동차세 관련 감액사유 문의 / 답변2
  + [7080] ntt=14972 (6704) [기타] 주민세(개인균등분) 부과 문의 / 답변3
  + [7081] ntt=14966 (6703) [기타] 취득세 과점주주 대상에서 과표 포함여부 / 답변2
  + [7082] ntt=14963 (6702) [기타] 사업소의 정의에서 계속의 의미에 대한 질의(재산분 주민세. / 답변1
  + [7083] ntt=14962 (6701) [기타] 공부상 단독주택이나, 임대차계약서 등으로 가구별 면적을 . / 답변8
[page 1497 완료] 누적 신규 7083건  (이 게시판 저장 총 44,757건)
  + [7084] ntt=14957 (6700) [기타] 지방소득세 특별징수 / 답변3
  + [7085] ntt=14956 (6699) [기타] 세대분리시 자동차세 과세 전환 관련 질의 / 답변4
    [retry 1/3] ReadTimeout
    [retry 2/3] ConnectTimeout
  + [7086] ntt=14955 (6698) [기타] 지역주택조합아파트 납세의무자 질의드립니다. / 답변2
  + [7087] ntt=14951 (6697) [기타] 창업중소기업 추징할때 질문이요~!! / 답변2
  + [7088] ntt=14949 (6696) [기타] 학원 등록면허세 문의드립니다! / 답변1
  + [7089] ntt=14948 (6695) [기타] 재산조회 관련 문의 / 답변6
  + [7090] ntt=14947 (6694) [기타] 개별주택가액이 상승하거나 하락한 경우 재산세 관련 민원설. / 답변3
  + [7091] ntt=14943 (6693) [기타] 개인회생 진행중인 체납자 차량 압류 관련 질의 올립니다. / 답변4
  + [7092] ntt=14941 (6692) [기타] 지목 묘지 위 제실과 납골당의 재산세 비과세 여부 문의 / 답변1
  + [7093] ntt=14940 (6691) [기타] 직접사용문의 / 답변7
  + [7094] ntt=14935 (6690) [기타] 자동차세 비과세 문의 / 답변2
  + [7095] ntt=14934 (6689) [기타] 세무조사 추징에 따른 환급가산금 기산일 등... / 답변1
    [retry 1/3] ReadTimeout
    [retry 2/3] ConnectTimeout
  + [7096] ntt=14933 (6688) [기타] 경차(소형 화물)에 대한 자동차세 부과 / 답변2
  + [7097] ntt=14932 (6687) [기타] 급여압류 관련 질문 / 답변5
  + [7098] ntt=14926 (6686) [기타] 재산세 주택으로 봐야할지 건물로 따로 나가야할지 여쭤봅니. / 답변3
  + [7099] ntt=14925 (6685) [기타] 농업법인 주거지역 농지취득시 감면여부 / 답변3
  + [7100] ntt=14924 (6684) [기타] 토지구획사업지구 안에 토지 관련 / 답변1
  + [7101] ntt=14923 (6683) [기타] 차량 영치관련해서 질문 드려요 / 답변4
  + [7102] ntt=14922 (6682) [기타] 미등기 건물 매매 및 보존등기 / 답변4
  + [7103] ntt=14921 (6681) [기타] 건축허가면허세 관련해서 질문있습니다! / 답변3
  + [7104] ntt=14919 (6680) [기타] 농지에서 농지로 지목변경시 과세 여부 / 답변4
  + [7105] ntt=14918 (6679) [기타] 신혼부부 감면 필요서류 / 답변2
  + [7106] ntt=14917 (6678) [기타] 농어촌주택개량사업 개정(토지관련)에 대해 문의드립니다~ / 답변1
  + [7107] ntt=14916 (6677) [기타] 상속으로 인한 1가구1주택 취득 감면시 / 답변1
  + [7108] ntt=14915 (6676) [기타] 부동산 취득세 기한후 신고에 대한 경정청구 가능 여부 / 답변1
  + [7109] ntt=14911 (6675) [기타] 1가구 1주택 상속 취득세 세율특례 문의입니다! / 답변3
  + [7110] ntt=14910 (6674) [기타] 자동차 지분 압류가 궁금합니다. / 답변3
  + [7111] ntt=14909 (6673) [기타] 법인분할시 기 감면 추징여부 문의 / 답변1
  + [7112] ntt=14908 (6672) [기타] 2층 건축물의 시가표준액 가산을 위한 층고 파악 문의 / 답변2
  + [7113] ntt=14905 (6671) [기타] 구조변경 문의 합니다 / 답변1
[page 1498 완료] 누적 신규 7113건  (이 게시판 저장 총 44,787건)
  + [7114] ntt=14904 (6670) [기타] 압류해제의 가부 / 답변1
  + [7115] ntt=14902 (6669) [기타] 논에서 밭으로 지목변경 시 자경농민 감면되는 지 여부 / 답변2
  + [7116] ntt=14900 (6668) [기타] 자동차세관련입니다. / 답변5
  + [7117] ntt=14899 (6667) [기타] 과점주주의 취득세 관련 문의드립니다 / 답변2
  + [7118] ntt=14898 (6666) [기타] 면허세 타시군이전한 경우 질문드립니다! / 답변4
  + [7119] ntt=14897 (6665) [기타] [자동차세] 폐차장에서 차량을 분실했을 경우 / 답변3
  + [7120] ntt=14896 (6664) [기타] 영치 매뉴얼 질문 / 답변4
  + [7121] ntt=14895 (6663) [기타] 무허가 불법건축물 재산세대장 등재관련 문의드립니다. / 답변4
  + [7122] ntt=14893 (6662) [기타] 세외수입 환급 추심 질문이요. / 답변1
  + [7123] ntt=14892 (6661) [기타] 취득세 과점주주의 대상 여부 / 답변0
  + [7124] ntt=14891 (6660) [기타] 취득세 면세점인 경우 등록면허세 부과 / 답변2
  + [7125] ntt=14888 (6659) [기타] 지역자원시설세 중과문의(상점) / 답변1
  + [7126] ntt=14886 (6658) [기타] 식품영업지위승계 질문있습니다! / 답변1
  + [7127] ntt=14882 (6657) [기타] 지방소득세 안분기준 개시일 문의 / 답변1
  + [7128] ntt=14879 (6656) [기타] 주상복합 건물 주차장 용도 지수 문의 / 답변1
  + [7129] ntt=14878 (6655) [기타] 부담부증여 문의드립니다. / 답변4
  + [7130] ntt=14876 (6654) [기타] 대수선 관련 과세표준 문의 / 답변1
  + [7131] ntt=14872 (6653) [기타] 주민세(법인균등) 과세대상 문의 / 답변5
  + [7132] ntt=14870 (6652) [기타] 취득세 환급 여부 / 답변2
  + [7133] ntt=14868 (6651) [기타] 지방세 소송.. 행정심판 거치지 않아도 되는지요? / 답변4
  + [7134] ntt=14866 (6650) [기타] 전업농어가주택 판단 관련 문의 입니다 / 답변1
  + [7135] ntt=14865 (6649) [기타] 1512 시설물 관련 대장 등재 관련 자문구합니다..! / 답변1
  + [7136] ntt=14861 (6648) [기타] 세외수입 결손관련 / 답변1
    [retry 1/3] ReadTimeout
  + [7137] ntt=14860 (6647) [기타] 징수유예 관련 궁금한 사항이 있어 문의드립니다. / 답변1
  + [7138] ntt=14859 (6646) [기타] 징수유예 관련 궁금한 사항이 있어 문의드립니다. / 답변2
  + [7139] ntt=14858 (6645) [기타] 증여취득이 원인무효로 취소가 되었을때 상속 취득세 납세의. / 답변1
  + [7140] ntt=14856 (6644) [기타] 자동세차시설 취득세 부과 관련 문의드립니다. / 답변3
  + [7141] ntt=14854 (6643) [기타] 중복감면배제 규정의 '동일한 과세대상' 의미 / 답변2
  + [7142] ntt=14853 (6642) [기타] 지역자원시설세 중과여부 문의 / 답변1
  + [7143] ntt=14852 (6641) [기타] 창고 취득세 문의 / 답변2
[page 1499 완료] 누적 신규 7143건  (이 게시판 저장 총 44,817건)
  + [7144] ntt=14851 (6640) [기타] 개인회생자의 체납처분금지 명령 중 자동차세 체납에 따른 . / 답변3
  + [7145] ntt=14850 (6639) [기타] 가축사육업 등록면허세 질문입니다! / 답변5
  + [7146] ntt=14849 (6638) [기타] 도로점용 면허세 질문있습니다! / 답변4
  + [7147] ntt=14847 (6637) [기타] 과태료(자동차검사지연과태료)  상속 여부 / 답변1
  + [7148] ntt=14844 (6636) [세외수입] (세외수입) 2018 질서위반행위규제법 해설집 / 답변2
  + [7149] ntt=14841 (6635) [기타] 주택의 부속토지가 불분명한 경우 10배 적용? / 답변1
  + [7150] ntt=14840 (6634) [기타] 주택의 부속토지가 불분명한 경우 10배 적용? / 답변3
  + [7151] ntt=14834 (6633) [기타] 1가구 1주택 상속 취득세 문의 / 답변5
  + [7152] ntt=14833 (6632) [기타] 직권등재로 납세의무자로 된 경우 문의입니다. / 답변3
  + [7153] ntt=14832 (6631) [기타] 장애 공동 차량 취득세 감면 관련 입니다. / 답변3
  + [7154] ntt=14831 (6630) [기타] 장애인 차량 취득세 추징문의 / 답변3
  + [7155] ntt=14830 (6629) [기타] 지역특산품 감면 관련입니다. / 답변1
  + [7156] ntt=14827 (6628) [기타] 사실과 다른 회계처리로 인한 경정 특례 관련 질문 / 답변1
  + [7157] ntt=14825 (6627) [기타] 등록면허세(면허) 휴업, 폐업확인 방법 / 답변3
  + [7158] ntt=14822 (6626) [기타] 재개발 승계조합원 원시취득 과표에 관하여 / 답변3
  + [7159] ntt=14821 (6625) [기타] 대체취득의 허용 횟수 문의드립니다 / 답변3
  + [7160] ntt=14820 (6624) [기타] 등록면허세(면허) 가산세 산정기준일 문의 / 답변3
    [retry 1/3] ReadTimeout
  + [7161] ntt=14818 (6623) [기타] 소규모 제조소, 작업장 등은 용도 지수 어떻게 적용하고 . / 답변2
  + [7162] ntt=14816 (6622) [기타] 의견진술권을 과세관청에서 먼저 알려줘야할 의무가 있는지 / 답변1
  + [7163] ntt=14814 (6621) [기타] 재산분 주민세 과세대상인지 답변부탁드립니다. / 답변2
  + [7164] ntt=14813 (6620) [기타] 국가유공자 자동차세 감면 관련 질문 드립니다~ / 답변4
  + [7165] ntt=14810 (6619) [기타] 장애 감면(공동명의) 중 세대분리에 관한 질의 / 답변4
  + [7166] ntt=14809 (6618) [기타] 무허가주택 부속토지만 증여한 경우 주택건물 재산세 납세의. / 답변4
  + [7167] ntt=14808 (6617) [기타] 교도소 재소자 주민세(개인균등) 부과 / 답변2
  + [7168] ntt=14805 (6616) [기타] 차량 취득 다자녀 감면 혜택자 1년 이내 차량사고 수리불. / 답변0
  + [7169] ntt=14804 (6615) [기타] 합유토지 재산세에 대해 문의드립니다. / 답변2
  + [7170] ntt=14803 (6614) [기타] 주민세(개인사업) 과세대상 여부 문의 / 답변1
  + [7171] ntt=14801 (6613) [기타] 주소지 불명 문의 / 답변2
  + [7172] ntt=14800 (6612) [기타] 지방소득세(특별징수) 신고 문의 / 답변1
  + [7173] ntt=14795 (6611) [기타] 재개발 공동주택 조합원이 주택임대사업자 등록했을 경우 감. / 답변0
[page 1500 완료] 누적 신규 7173건  (이 게시판 저장 총 44,847건)
  + [7174] ntt=14794 (6610) [기타] 창업중소기업 감면 문의드립니다 / 답변1
  + [7175] ntt=14793 (6609) [기타] 촉탁이전된 자동차 압류해제 문의 / 답변1
  + [7176] ntt=14792 (6608) [기타] 재산세 다가구주택과 임대사업자 감면 문의드립니다. / 답변2
  + [7177] ntt=14790 (6607) [기타] 인터넷 멀티미디어 방송사업법에 따른 면허세 질의 / 답변1
  + [7178] ntt=14789 (6606) [기타] 공매 체납처분비 납부하면 공매 진행은 어떻게 해야 하는건. / 답변2
  + [7179] ntt=14788 (6605) [기타] 지목변경에 따른 납세의무자 문의드립니다. / 답변5
  + [7180] ntt=14787 (6604) [기타] 자경농민 감면 추징 대상 여부 / 답변3
  + [7181] ntt=14786 (6603) [기타] 농어촌주택개량사업관련 재산세 감면 문의드립니다. / 답변2
  + [7182] ntt=14784 (6602) [기타] 등록면허세 문의(타시군이전) / 답변3
  + [7183] ntt=14783 (6601) [기타] 연부취득 기간 중의 재산세 납세의무자 / 답변3
  + [7184] ntt=14782 (6600) [기타] 유튜버, 아프리카BJ 같은 직업도 물적설비를 갖추었다고 . / 답변0
  + [7185] ntt=14781 (6599) [기타] 제2차 납세의무 지정관련 폐업일 이후 과세분 / 답변2
  + [7186] ntt=14780 (6598) [기타] 2015년 면,동 세무담당자 세무수당(특정업무경비) 행자. / 답변1
  + [7187] ntt=14778 (6597) [기타] 재산세 감면코드 문의입니다. / 답변1
  + [7188] ntt=14777 (6596) [기타] 이 경우 감면 가능할까요?(상속 1가구1주택) / 답변4
  + [7189] ntt=14776 (6595) [기타] 시효소멸되어야 할 결손분에 압류가 설정되어있는 경우 실무. / 답변2
  + [7190] ntt=14774 (6594) [기타] 주택개량사업 증축에 따른 재산세 감면 문의 / 답변1
  + [7191] ntt=14773 (6593) [기타] 명의신탁해지 과점주주 간주취득관련 질문드립니다. / 답변1
  + [7192] ntt=14772 (6592) [기타] 지특법으로 취득세 감면 받은 법인의, 과표누락에 대한 문. / 답변1
  + [7193] ntt=14770 (6591) [기타] 회원권 취득시기 판단 / 답변1
  + [7194] ntt=14769 (6590) [기타] 명의신탁해지 과점주주 간주취득 관하여 질문드립니다. / 답변2
  + [7195] ntt=14768 (6589) [기타] 재산세 건축물 구조지수 관련 문의드립니다. / 답변3
  + [7196] ntt=14767 (6588) [기타] 개인회생절차 신청중인 경우  체납처분 및 행정규제가 가능. / 답변1
  + [7197] ntt=14764 (6587) [기타] 상속으로 인한 1가구 1주택 판단시 분양권 / 답변2
  + [7198] ntt=14763 (6586) [기타] 자동차세 감면문의입니다. / 답변2
  + [7199] ntt=14761 (6585) [기타] 1가구 1주택 공동상속 관련해서 질문있습니다 / 답변5
  + [7200] ntt=14760 (6584) [기타] 세무서 과세자료 요청에 대해 문의드립니다. / 답변1
  + [7201] ntt=14759 (6583) [기타] 상속 취득세 협의 문의 / 답변4
  + [7202] ntt=14758 (6582) [기타] 농공단지 감면(일단의 토지 연부) / 답변1
  + [7203] ntt=14757 (6581) [기타] 시효소멸 중단과 관련해 문의드립니다 / 답변6
[page 1501 완료] 누적 신규 7203건  (이 게시판 저장 총 44,877건)
  + [7204] ntt=14756 (6580) [기타] 차량 번호변경 관련 / 답변2
  + [7205] ntt=14754 (6579) [기타] 운행정지명령 차량 영치문의 / 답변4
  + [7206] ntt=14752 (6578) [기타] 기부채납하지 않는 녹지 공원 등 과세형태 / 답변1
  + [7207] ntt=14750 (6577) [기타] 직계존속간 유상취득 증명관련 / 답변4
  + [7208] ntt=14749 (6576) [기타] 취득세(차량) 과세관청 문의? / 답변3
  + [7209] ntt=14748 (6575) [기타] 대체취득에 대한 부동산취득세 감면-수용확인서 문의 / 답변1
  + [7210] ntt=14746 (6574) [기타] 재산세 납세의무자 변동신고 / 답변5
  + [7211] ntt=14745 (6573) [기타] 지방세환급금 소멸시효 공시송달 관련해서 질의있습니다. / 답변3
    [retry 1/3] ReadTimeout
  + [7212] ntt=14744 (6572) [기타] 부동산 압류등기 후 제3자에게 소유권 이전시 / 답변2
  + [7213] ntt=14743 (6571) [기타] 직계비속간 매매거래 관련 문의입니다. / 답변1
  + [7214] ntt=14742 (6570) [기타] 묘지문의 / 답변7
  + [7215] ntt=14741 (6569) [기타] 지목이 전,답 위에 건물이 있는 경우 이전 문의 / 답변3
  + [7216] ntt=14740 (6568) [기타] 종교단체 감면규정에 대하여 문의드립니다. / 답변7
  + [7217] ntt=14739 (6567) [기타] 소송회수비용 수입 관련 / 답변1
  + [7218] ntt=14738 (6566) [기타] 세무조사 사전통지 및 결과통지 예외 사유의 적용에 대한 . / 답변1
  + [7219] ntt=14737 (6565) [기타] 압류등기 완료된 선박을  제3자에게 양도한 경우 압류 해. / 답변4
  + [7220] ntt=14735 (6564) [기타] 화약류 사용허가 면허관련 / 답변4
  + [7221] ntt=14733 (6563) [기타] 상속지분 / 답변7
  + [7222] ntt=14732 (6562) [기타] 취득세(차량) 매매상사 관련 환급 질문이 있습니다 / 답변1
  + [7223] ntt=14730 (6561) [기타] 다자녀 차량 취득세 감면 / 답변4
  + [7224] ntt=14729 (6560) [기타] 직원숙소로 사용하는 아파트의 법인지방소득세 안분관련입니다. / 답변1
  + [7225] ntt=14728 (6559) [기타] 지입차 압류 관련 질문입니다 / 답변1
  + [7226] ntt=14725 (6558) [기타] 자동차세 감면문의입니다. / 답변3
  + [7227] ntt=14724 (6557) [기타] 주민세(종업원분) 질의입니다. / 답변1
  + [7228] ntt=14722 (6556) [기타] 지방세특례제한법 74조 3항에 대해서 문의 (원조합원 감. / 답변5
  + [7229] ntt=14721 (6555) [기타] 장애인 차량 취득세 감면 질문있습니다~ / 답변4
  + [7230] ntt=14719 (6554) [기타] 법인 지목변경 신고시 질문있습니다! / 답변2
  + [7231] ntt=14717 (6553) [기타] 지방세법시행령 제18조(취득가격의 범위 등) 관련해서 문. / 답변2
  + [7232] ntt=14715 (6552) [기타] 지역자원시설세 중과 문의(공장)-복리후생 / 답변1
  + [7233] ntt=14714 (6551) [기타] 어린이집 직접사용에 대한 문의 / 답변1
[page 1502 완료] 누적 신규 7233건  (이 게시판 저장 총 44,907건)
  + [7234] ntt=14709 (6550) [기타] 차량 취득세 감면 추징 문의드립니다. / 답변2
  + [7235] ntt=14708 (6549) [기타] 지방소득세 특별징수 가산세 문의드려요 / 답변1
  + [7236] ntt=14704 (6548) [기타] 사회복지법인이 경영하는 의료업의 수익사업 여부 / 답변3
  + [7237] ntt=14703 (6547) [기타] 지역자원시설세 중과시 공장의 범위 / 답변1
  + [7238] ntt=14701 (6546) [기타] 건설업에 종사하는 창업중소기업의 사업용부동산 취득시 감면. / 답변2
  + [7239] ntt=14698 (6545) [기타] 납세의무 성립시기 / 답변4
  + [7240] ntt=14697 (6544) [기타] 비영업대금이익 특별징수 관련 문의드립니다. / 답변1
  + [7241] ntt=14696 (6543) [기타] 읍.면.동 세무수당 지급 여부 문의 / 답변7
  + [7242] ntt=14695 (6542) [기타] 압류된 차량 관련 저당권자에게 정확한 체납액과 가상계좌를. / 답변1
  + [7243] ntt=14693 (6541) [기타] 과세기준일 이전사망자에 대하여 뒤늦게 상속인 지정 / 답변3
  + [7244] ntt=14692 (6540) [기타] 창업중소기업 추징관련 질문있습니다. / 답변2
  + [7245] ntt=14690 (6539) [기타] 해산간주 법인의 차량 공매 질의 / 답변0
  + [7246] ntt=14687 (6538) [기타] 지역자원시설세(지하수) 문의드립니다. / 답변2
  + [7247] ntt=14685 (6537) [기타] 7539화면 사업자개인법인등록번호정비 / 답변2
  + [7248] ntt=14684 (6536) [기타] 지방소득세(특별징수) 연말정산 환급 관련하여 문의드립니다. / 답변1
  + [7249] ntt=14682 (6535) [기타] 명의신탁 해제에 따른 과점주주 취득세 실무적용 요령 문의 / 답변1
  + [7250] ntt=14681 (6534) [기타] 사업자번호로 부과되어 체납된 과세자료 법인번호 납세자변경. / 답변3
  + [7251] ntt=14679 (6533) [기타] 화력발전 지역자원시설세 과세표준에 대한 근거??? / 답변1
  + [7252] ntt=14678 (6532) [기타] 통신판매업 면허세 간이과세 비과세 어떻게 관리하시나요?? / 답변4
  + [7253] ntt=14677 (6531) [기타] 상속 1가구1주택 특례세율 적용여부 / 답변8
  + [7254] ntt=14676 (6530) [기타] 수용 대체취득 관련 취득세 감면조건 질문드립니다~ / 답변2
  + [7255] ntt=14674 (6529) [기타] 환매토지 취득세 납부관련 문의 / 답변0
  + [7256] ntt=14673 (6528) [기타] 직불금  타인수령에 따른 취득세 추징 문의드립니다. / 답변2
    [retry 1/3] ReadTimeout
  + [7257] ntt=14671 (6527) [기타] 압류된 재산에 현재 체납건과 결손건이 같이 있을때 해제할. / 답변8
    [retry 1/3] ReadTimeout
  + [7258] ntt=14670 (6526) [기타] 등록면허세(면허) 질문 드립니다! / 답변4
  + [7259] ntt=14669 (6525) [기타] 창업 판단에 대해 문의 드립니다. / 답변2
  + [7260] ntt=14666 (6524) [기타] 구)취득세, 등록세 상속납세의무자 질의 / 답변2
  + [7261] ntt=14663 (6523) [기타] 상속으로 인해 주체가변경되는 경우 등록면허세(면허) 납세. / 답변3
  + [7262] ntt=14662 (6522) [기타] 가설건축물 관련 재산세 과세대장 문의드립니다.(토지부분) / 답변3
  + [7263] ntt=14661 (6521) [기타] 자동차  대표명의자 사망에 따른 납부의무승계 문의 / 답변1
[page 1503 완료] 누적 신규 7263건  (이 게시판 저장 총 44,937건)
  + [7264] ntt=14659 (6520) [기타] (법인지방소득세 현담당자 의견부탁합니다) 법인지방소득세 . / 답변1
  + [7265] ntt=14658 (6519) [기타] 재산세  문의드립니다. / 답변4
  + [7266] ntt=14655 (6518) [기타] 주민세 종업원분 월평균 급여액 문의드립니다 / 답변2
  + [7267] ntt=14654 (6517) [기타] 공장(기계기구목록까지 포함) 저당권설정시 감면 가능? / 답변1
  + [7268] ntt=14650 (6516) [기타] 주민세 종업원분 경정청구 관련 질의입니다.. / 답변0
  + [7269] ntt=14649 (6515) [기타] 부동산 취득세 신고납부(부담부증여)는? / 답변1
  + [7270] ntt=14647 (6514) [기타] 종교시설 내 어린이집 취득하였다가 비인가로 인한 교회사용 / 답변5
  + [7271] ntt=14645 (6513) [기타] 공장, 공장용지, 기계기구를 경락 취득시 기계기구 부분 . / 답변2
  + [7272] ntt=14644 (6512) [기타] 농업회사법인 취득 농지 및 곤충사육사의 취득 감면문의 / 답변2
  + [7273] ntt=14640 (6511) [기타] 공동명의 임대사업감면자 지분양도시 추징 / 답변3
  + [7274] ntt=14638 (6510) [기타] 직권등재자 사망시 재 직권등재에 관한 질의입니다. / 답변2
  + [7275] ntt=14637 (6509) [기타] 의료법인등에 대한 감면 / 답변3
  + [7276] ntt=14636 (6508) [기타] 자경농민 추징과 관련하여 문의드립니다. / 답변3
  + [7277] ntt=14635 (6507) [기타] 지방세특례제한법 16조 주택개량에 대해서 질문있습니다~ / 답변4
  + [7278] ntt=14633 (6506) [기타] 의견부탁드립니다 / 답변1
  + [7279] ntt=14632 (6505) [기타] 종교단체 교회 건물에 있는 종교교육자를 위한 시설 감면여. / 답변5
  + [7280] ntt=14631 (6504) [기타] 2차납세의무자 지정관련 / 답변1
  + [7281] ntt=14630 (6503) [기타] 주택을 건축중인 토지의 재산세 과세구분(별도합산, 종합합. / 답변1
  + [7282] ntt=14627 (6502) [기타] 회원권 취득시기 / 답변2
  + [7283] ntt=14626 (6501) [기타] 과점주주 간주취득 기한 후 세액 결정 통지 / 답변1
  + [7284] ntt=14625 (6500) [기타] 종부세 합산배제 및 양도세 감면 / 답변1
  + [7285] ntt=14624 (6499) [기타] 지방세기본법 64조 지방세 환급금 소멸시효 관련 / 답변3
  + [7286] ntt=14623 (6498) [기타] 신탁등기용 납세증명서 발급시 전전 소유주 재산세 체납내역. / 답변1
  + [7287] ntt=14620 (6497) [기타] 농업회사법인 취득세 감면 관련 문의입니다. / 답변2
  + [7288] ntt=14619 (6496) [기타] 지입차 번호변경 관련 / 답변1
  + [7289] ntt=14618 (6495) [기타] 취득세 비과감면집계표 / 답변3
  + [7290] ntt=14617 (6494) [기타] 사실상 미소유 차량 압류해제 가능여부 문의 / 답변3
  + [7291] ntt=14614 (6493) [기타] 외국인 재산세 납세자 표기 관련 / 답변1
  + [7292] ntt=14613 (6492) [기타] 국세환급금 압류관련 소멸시효 중단 / 답변4
  + [7293] ntt=14609 (6491) [기타] 영치 차량 견인관련 문의드립니다. / 답변3
[page 1504 완료] 누적 신규 7293건  (이 게시판 저장 총 44,967건)
  + [7294] ntt=14608 (6490) [기타] 주민세(재산분) 중과세 관련입니다. / 답변2
  + [7295] ntt=14607 (6489) [기타] 압류 말소차량에 대한 소멸시효 완성여부 / 답변3
  + [7296] ntt=14605 (6488) [기타] 재산세 도시지역분 질문 / 답변6
  + [7297] ntt=14601 (6487) [기타] 연부취득 관련 문의 / 답변2
  + [7298] ntt=14600 (6486) [기타] 사해행위 취소에 따른 취득세 부과 적용세율 및 취득일 문. / 답변3
  + [7299] ntt=14599 (6485) [기타] 취득가액 변경이 가능한지 여부 / 답변5
  + [7300] ntt=14598 (6484) [기타] 취득세 중과누락 신고시 무신고, 과소신고 가산세 적용 기. / 답변1
  + [7301] ntt=14597 (6483) [기타] 2차납세의무지정관련 / 답변1
  + [7302] ntt=14596 (6482) [기타] 취득세 중과 관련 문의드립니다. / 답변2
  + [7303] ntt=14594 (6481) [기타] 농어촌민박 지역자원시설세, 재산세 시서물 관련입니다 / 답변1
  + [7304] ntt=14593 (6480) [기타] 지방소득세 상속관련 문의 / 답변1
  + [7305] ntt=14590 (6479) [기타] 자동차세 수시분 부과 문의입니다 / 답변3
  + [7306] ntt=14589 (6478) [기타] 취득시기 문의드립니다. / 답변5
  + [7307] ntt=14588 (6477) [기타] 지방소득세 부과제척기산의 기산일 / 답변2
  + [7308] ntt=14587 (6476) [기타] 10년이상 경과한 매매를 원인으로 한 취득세 또는 등록세. / 답변1
  + [7309] ntt=14582 (6475) [기타] 임대사업자 취득세 감면 문의 / 답변2
  + [7310] ntt=14581 (6474) [기타] 가설건축물 취득세 문의합니다. / 답변4
  + [7311] ntt=14578 (6473) [기타] 취득세 중과세 제외가능하나요 ??? / 답변4
  + [7312] ntt=14577 (6472) [기타] 주민세(종업원분) 중소기업감면 관련 문의 드려요~ / 답변0
  + [7313] ntt=14574 (6471) [기타] 지방세 감면 받은 가설건축물 1년이내 철거(추징?/감액?. / 답변1
  + [7314] ntt=14573 (6470) [기타] 종교단체 취득세 감면 / 답변2
  + [7315] ntt=14570 (6469) [기타] 지방세심의위원회 서면심의 가능여부 / 답변3
  + [7316] ntt=14569 (6468) [기타] 재산세 도시계획분 추가지역 자료 추출관련 / 답변3
  + [7317] ntt=14568 (6467) [기타] 납세고지서의 효력? / 답변4
  + [7318] ntt=14566 (6466) [기타] 상속인에게 피상속인의 재산에 대해 상속 안내문의 / 답변2
  + [7319] ntt=14564 (6465) [기타] 회생 개시 이전에 발생한 환급금에 대해 압류 및 추심이 . / 답변3
  + [7320] ntt=14563 (6464) [기타] 증여로 인한 취득세 신고 후 등기등록을 마친상태에서 부담. / 답변2
  + [7321] ntt=14562 (6463) [기타] 리스차량  제작결함으로 교환차량 등록면허세(등록)면제 여. / 답변2
  + [7322] ntt=14561 (6462) [기타] 저율 분리과세 관련 / 답변1
  + [7323] ntt=14559 (6461) [기타] 연대납세의무(조합과 조합원) / 답변3
[page 1505 완료] 누적 신규 7323건  (이 게시판 저장 총 44,997건)
  + [7324] ntt=14558 (6460) [기타] 농업회사법인 취득세 추징 대상인지 문의드립니다 / 답변2
  + [7325] ntt=14557 (6459) [기타] 공동소유차량 자동차세 체납, 차량 압류 관련 입니다 / 답변1
  + [7326] ntt=14555 (6458) [기타] 매매(상품용) 중고차 등에 대한 자동차세 추징 질의 / 답변2
  + [7327] ntt=14551 (6457) [기타] 지방세 소멸시효 관련 / 답변4
  + [7328] ntt=14550 (6456) [기타] 재산세 기초공사 여부 판단 문의 / 답변2
  + [7329] ntt=14549 (6455) [기타] 주택개량사업 개정분 질문드립니다 / 답변1
  + [7330] ntt=14548 (6454) [기타] 지방소득세(양도소득) 납세의무자가 부과 전 사망시 누구로. / 답변1
  + [7331] ntt=14545 (6453) [기타] 지목변경 취득세 문의.. / 답변4
  + [7332] ntt=14543 (6452) [기타] 주민세 종업원분 중소기업 고용지원 조항 문의합니다! / 답변0
  + [7333] ntt=14542 (6451) [기타] 공동소유 부동산을 부담부증여시 채무부담액? / 답변3
  + [7334] ntt=14541 (6450) [기타] 제빵사업의 농업법인 감면 적용 여부 / 답변3
  + [7335] ntt=14540 (6449) [기타] 파산재단에 속하는 재산인지 여쭙고 싶습니다. / 답변0
  + [7336] ntt=14538 (6448) [기타] 체납자 사망 후 압류 및 공매진행 가능 여부 / 답변2
  + [7337] ntt=14536 (6447) [기타] 임대사업 감면질의 입니다 / 답변1
  + [7338] ntt=14535 (6446) [기타] 지방소득세(특별징수 환급) / 답변1
  + [7339] ntt=14532 (6445) [기타] 과점주주 취득세 문의 / 답변1
  + [7340] ntt=14531 (6444) [기타] 산업단지 조성중인 토지 재산세 감면여부 문의 / 답변2
    [retry 1/3] ReadTimeout
  + [7341] ntt=14529 (6443) [기타] 건축물 과세표준에 법무사 비용 포함 여부 질의 / 답변2
  + [7342] ntt=14528 (6442) [기타] 개인회생절차 진행 중 발생한 개시후기타채권 / 답변0
  + [7343] ntt=14527 (6441) [기타] 취득세(차량) 감면 추징에 대한 판단 / 답변2
  + [7344] ntt=14524 (6440) [기타] 주민세(개인사업자) 균등분 부과 문의 / 답변1
  + [7345] ntt=14521 (6439) [기타] 상속이 된 경우 과거년도 직권등재 문의입니다. / 답변1
  + [7346] ntt=14519 (6438) [기타] 담배소매.도매업 / 답변1
  + [7347] ntt=14517 (6437) [기타] 화물자동차운송사업 질문입니다! / 답변1
  + [7348] ntt=14516 (6436) [기타] 지하수 준공 취득세문의 / 답변1
  + [7349] ntt=14513 (6435) [기타] 최저한세 문의 드립니다~~^^ / 답변3
  + [7350] ntt=14510 (6434) [기타] 외국인 유학생 주민세 균등분 과세 요령? / 답변0
  + [7351] ntt=14509 (6433) [기타] 주택개량사업 대상자로 취득세 감면후 대상자 자경 상실 시. / 답변1
  + [7352] ntt=14507 (6432) [기타] 공유물분할 관련 질문있습니다 / 답변0
  + [7353] ntt=14504 (6431) [기타] 자동차세 감면 해당여부 / 답변2
[page 1506 완료] 누적 신규 7353건  (이 게시판 저장 총 45,027건)
  + [7354] ntt=14502 (6430) [기타] 재외국민 사망 시 자동차세 상속관련 질문입니다. / 답변0
  + [7355] ntt=14500 (6429) [기타] 신혼부부 주택 취득세 감면 관련 맞벌이 구분 / 답변2
  + [7356] ntt=14499 (6428) [기타] 자경농민 감면 후 2년이내 배우자에게 증여하는 경우 / 답변1
  + [7357] ntt=14498 (6427) [기타] 지방소득세(양도소득) 문의 / 답변1
  + [7358] ntt=14495 (6426) [기타] 지방세 환급가산금 기산일 규정 문의 / 답변1
  + [7359] ntt=14493 (6425) [기타] 교환?  기부채납? / 답변2
  + [7360] ntt=14491 (6424) [기타] 국가유공자 주택 취득세 감면 관련 / 답변1
  + [7361] ntt=14485 (6423) [기타] 특별징수분 환급지 문의 / 답변1
  + [7362] ntt=14484 (6422) [기타] 주거용오피스텔과 다가구주택이 같이 있는 일반건물의 경우 / 답변0
  + [7363] ntt=14483 (6421) [기타] 과점주주 취득세 과세 대상에 대해 문의 드립니다. / 답변1
  + [7364] ntt=14482 (6420) [기타] 주민세(종업원분) 월 통상 인원의 산정방법 문의 / 답변0
  + [7365] ntt=14481 (6419) [기타] 상속한정승인 관련 문의 / 답변1
  + [7366] ntt=14480 (6418) [기타] 등록면허세(면허) 질문 드립니다 / 답변1
  + [7367] ntt=14479 (6417) [기타] 등록면허세 문의입니다. / 답변0
  + [7368] ntt=14477 (6416) [기타] 합의해제에 대해서 질문있습니다(감면, 추징) / 답변1
  + [7369] ntt=14476 (6415) [기타] 사해행위 취소권의 성립요건 문의 / 답변0
  + [7370] ntt=14475 (6414) [기타] 자경농민의 소득금액증명원 / 답변2
  + [7371] ntt=14474 (6413) [기타] 산업단지 감면 문의드립니다. / 답변1
  + [7372] ntt=14472 (6412) [기타] 자동차세 납세의무자 관련하여 문의합니다, / 답변1
  + [7373] ntt=14471 (6411) [기타] 재산세 부과제척기간문의 / 답변1
  + [7374] ntt=14470 (6410) [기타] 자동차 직권말소(강제처리) 에 의해 등록면허세 과세문의? / 답변0
  + [7375] ntt=14469 (6409) [기타] 재단법인 등록면허세(면허) 비과세 여부 문의합니다. / 답변1
  + [7376] ntt=14468 (6408) [기타] 법인 합병시 과표 / 답변2
  + [7377] ntt=14467 (6407) [기타] 등록면허게(면허분)  과세대상 관련 문의드립니다. / 답변1
  + [7378] ntt=14465 (6406) [기타] 기술혁신형 사업법인과의 합병 문의 / 답변1
  + [7379] ntt=14464 (6405) [기타] 장학법인의 임대용 부동산 감면 / 답변1
  + [7380] ntt=14460 (6404) [기타] 지역자원시설세 중과 ? / 답변1
  + [7381] ntt=14459 (6403) [기타] 농업,축협,수협의 구판사업에 직접 사용하는 토지[분리과세. / 답변0
  + [7382] ntt=14457 (6402) [기타] 임대사업자 의무기간내 경매로 매각된 경우 추징여부 / 답변1
  + [7383] ntt=14455 (6401) [기타] 의견을 구합니다 / 답변1
[page 1507 완료] 누적 신규 7383건  (이 게시판 저장 총 45,057건)
  + [7384] ntt=14452 (6400) [기타] 건축신고 등 등록면허세 문의 / 답변0
  + [7385] ntt=14451 (6399) [기타] 지방소득세 독립세전환에 따른 세무조사 / 답변1
  + [7386] ntt=14450 (6398) [기타] 상속재산 파산신청으로 선고 받을시 상속인에게 취득세납세의. / 답변2
  + [7387] ntt=14449 (6397) [기타] 창업중소기업 취득세 감면 문의 / 답변1
  + [7388] ntt=14448 (6396) [기타] 자동차세 비과세 관련 문의 / 답변1
  + [7389] ntt=14447 (6395) [기타] 압류해제통지서 / 답변2
  + [7390] ntt=14446 (6394) [기타] 사업양수도 질의 입니다. / 답변1
  + [7391] ntt=14445 (6393) [기타] 전통사찰이 취득한 농지에 대한 감면 / 답변1
  + [7392] ntt=14442 (6392) [기타] 공매배분시 배분순위 관련질문(2) / 답변1
  + [7393] ntt=14441 (6391) [기타] 상속재산의 분여심판청구에 따른 취득일 판단 / 답변1
  + [7394] ntt=14439 (6390) [기타] 2019년 지방세 길라잡이 한글 파일 있으시분은 공유 부. / 답변0
  + [7395] ntt=14437 (6389) [기타] 주택건설사업 토지에 대한 재산세(토지) 분리과세 여부 질. / 답변1
  + [7396] ntt=14436 (6388) [기타] 공매 배분시 우선순위 관련 질문 / 답변1
  + [7397] ntt=14433 (6387) [기타] 공탁금 추심 후 재압류 / 답변1
  + [7398] ntt=14429 (6386) [기타] 멸실차량 취득세 과세여부 질문 / 답변2
  + [7399] ntt=14428 (6385) [기타] 농어촌민박사업인지 펜션인지 구분방법을 알고싶습니다 / 답변1
  + [7400] ntt=14426 (6384) [기타] 세외수입 여러과목에 대한  부동산 압류 / 답변1
  + [7401] ntt=14425 (6383) [기타] 수입 신규 이륜차의 잔가율 적용 기준 / 답변1
  + [7402] ntt=14421 (6382) [기타] 주택건설사업자 중과제외 후 신탁으로 인한 추징 여부 질문 / 답변1
  + [7403] ntt=14420 (6381) [기타] 지방세법 제146조 제2항 제3호관련[지역자원시설세율 1. / 답변1
  + [7404] ntt=14419 (6380) [기타] 가설건축물 존치기간 1년미만 시점에서 명의변경시  과세여. / 답변1
  + [7405] ntt=14418 (6379) [기타] 도시개발사업의 시행자가 그 도시개발사업에 제공하는 토지중. / 답변1
  + [7406] ntt=14416 (6378) [기타] 제3채무자가 우리시(채권압류1순위)에 전체금액을 준다고 . / 답변2
  + [7407] ntt=14411 (6377) [기타] 과점주주 특수관계인 문의드립니다.~ / 답변2
  + [7408] ntt=14410 (6376) [기타] 신혼부부 소득 판단 및 추징여부 / 답변1
  + [7409] ntt=14409 (6375) [기타] 영농조합법인 지방소득세 질문입니다 / 답변3
  + [7410] ntt=14406 (6374) [기타] 지방소득세 특별징수,연말정산 관련 질문 드립니다. / 답변1
  + [7411] ntt=14403 (6373) [기타] 임대사업자 등록면허세 정기분 관련 질문 / 답변1
  + [7412] ntt=14402 (6372) [기타] 차량취득세 지입관련 문의드립니다. / 답변5
  + [7413] ntt=14398 (6371) [기타] 취득세 임대사업자 감면 추징 문의 / 답변1
[page 1508 완료] 누적 신규 7413건  (이 게시판 저장 총 45,087건)
  + [7414] ntt=14394 (6370) [기타] 공부지목 과 현황지목 관련한 문의입니다. / 답변1
  + [7415] ntt=14393 (6369) [기타] 재산세 납세의무자[주된상속자] / 답변1
  + [7416] ntt=14392 (6368) [기타] 농업기반시설용 토지에 대한 문의 / 답변1
  + [7417] ntt=14391 (6367) [기타] 세외수입 과태료 납기에 대해 질문합니다 / 답변2
  + [7418] ntt=14390 (6366) [기타] 근린공원 사권제한 감면 / 답변1
  + [7419] ntt=14389 (6365) [기타] 산업단지 승계취득 감면 문의 / 답변1
  + [7420] ntt=14386 (6364) [기타] 자동차세 비과세차량 비과감면시작일 문의 / 답변1
  + [7421] ntt=14383 (6363) [기타] 연대납세의무자 해석 질의 / 답변1
  + [7422] ntt=14381 (6362) [기타] 체납고지서 연대납세자 송달 질의 / 답변1
  + [7423] ntt=14380 (6361) [기타] 재산세(토지)  도시개발사업관련 분리과세 관련문의 / 답변1
    [retry 1/3] ReadTimeout
  + [7424] ntt=14379 (6360) [기타] 자동차세 감면 관련입니다. / 답변3
  + [7425] ntt=14376 (6359) [기타] 자동차 공매통지 범위 / 답변1
  + [7426] ntt=14375 (6358) [기타] 체납처분중지 관련 / 답변3
  + [7427] ntt=14374 (6357) [기타] 개발제한구역 가설건축물 축조신고 등록면허세(면허) / 답변2
  + [7428] ntt=14371 (6356) [기타] 지방소득세(양도소득분) 환급 관할지자체 문의 / 답변1
  + [7429] ntt=14368 (6355) [기타] 상속등기후 재산분할 판결에 따른 지분 증가시 취득세 (증. / 답변3
  + [7430] ntt=14367 (6354) [기타] 지목변경 공시지가 산정시 심의위원회 심의 / 답변2
  + [7431] ntt=14366 (6353) [기타] 등록면허세(유해화학관련) / 답변2
  + [7432] ntt=14364 (6352) [기타] 지방세 선배님들 면책자 압류관련 질문드립니다. / 답변1
  + [7433] ntt=14363 (6351) [기타] 지방소득세 소액부징수 / 답변1
  + [7434] ntt=14362 (6350) [기타] 토지분 재산세 분리과세 및 산업단지 감면 적용여부 질의 / 답변1
  + [7435] ntt=14361 (6349) [기타] 체납처분중지와 지방세심의위원회 / 답변1
  + [7436] ntt=14359 (6348) [기타] 생활형숙박시설 주민세(재산분) 부과대상 여부 문의드려요~ / 답변1
  + [7437] ntt=14358 (6347) [기타] 외환차손 포함여부 / 답변1
  + [7438] ntt=14356 (6346) [기타] 다자녀 감면 문의드립니다. / 답변2
  + [7439] ntt=14355 (6345) [기타] 등록면허세문의(법인명,대표자변경) / 답변1
  + [7440] ntt=14354 (6344) [기타] 공매차량의 공매방법 전환 관련 문의. / 답변2
  + [7441] ntt=14351 (6343) [기타] 지방소득세 가산세 관련 문의입니다. / 답변1
  + [7442] ntt=14350 (6342) [기타] 가설건축물을 신축한 산업단지 감면토지 정비 / 답변1
  + [7443] ntt=14345 (6341) [기타] 농업회사법인이 운영하는 가축분뇨 에너지화시설 / 답변1
[page 1509 완료] 누적 신규 7443건  (이 게시판 저장 총 45,117건)
  + [7444] ntt=14343 (6340) [기타] 사후 감면신청에 의한 과소신고가산세 환급 여부 / 답변1
  + [7445] ntt=14342 (6339) [기타] 조합원의 조합 취득세 과세자료 정보공개청구 요청 / 답변1
    [retry 1/3] ReadTimeout
  + [7446] ntt=14339 (6338) [기타] 지방세기본법제58조 부과취소 및 변경 / 답변1
  + [7447] ntt=14338 (6337) [기타] 1가구1주택 상속 세율특례적용여부 / 답변1
  + [7448] ntt=14337 (6336) [기타] 주택으로 볼수 있을지 답변 부탁드립니다 / 답변1
  + [7449] ntt=14334 (6335) [기타] 상속취득세 신고 전 상속인 사망에 따른 재상속 취득세 문. / 답변1
  + [7450] ntt=14333 (6334) [기타] 기계장비가 대포차(?)가 된 경우 민원인은 어떤방법을 취. / 답변0
  + [7451] ntt=14332 (6333) [기타] 연부계약을 해제하면 기납부된 취득세는 무조건 환급해야 하. / 답변1
  + [7452] ntt=14328 (6332) [기타] 재산세 납세의무자(주민번호 없는자료) / 답변1
  + [7453] ntt=14327 (6331) [기타] 재산세 과세구분 변경 관련 질의 / 답변1
  + [7454] ntt=14326 (6330) [기타] 취득세 감면 위해 세대 합가한 동거인의 경우 대상이 되는. / 답변1
  + [7455] ntt=14321 (6329) [기타] 신탁등기시 납세증명서 발급관련 문의드립니다. / 답변2
  + [7456] ntt=14320 (6328) [기타] 지적재조사로 토지대장 폐쇄 / 답변1
  + [7457] ntt=14319 (6327) [기타] 자경농민 감면 후 직불금 타인 수령 / 답변1
  + [7458] ntt=14318 (6326) [기타] 법인 농지취득 후 매매계약 해지 환급 문의 / 답변1
  + [7459] ntt=14315 (6325) [기타] 신탁재산 압류 말소 문의 / 답변1
  + [7460] ntt=14314 (6324) [기타] 과점주주 취득세 납부대상자인지..(이혼) / 답변2
  + [7461] ntt=14313 (6323) [기타] 창업벤처 100% ?? 75%?? / 답변1
  + [7462] ntt=14312 (6322) [기타] 농어촌주택개량대상자에 대해 문의합니다. / 답변1
  + [7463] ntt=14311 (6321) [기타] 자경농민 소득금액 증명서 문의 / 답변1
  + [7464] ntt=14310 (6320) [기타] 재개발사업 상속으로 취득한 조합원 과표 산정 문의 / 답변1
  + [7465] ntt=14309 (6319) [기타] 등록면허세 주소지 변경에 관해 질문드립니다.. / 답변2
  + [7466] ntt=14306 (6318) [기타] 주유기 재산세 납세의무자 / 답변1
  + [7467] ntt=14302 (6317) [기타] 신탁재산 관련 압류 문의 / 답변1
  + [7468] ntt=14301 (6316) [기타] 귀농인 감면 증빙자료 / 답변1
  + [7469] ntt=14300 (6315) [기타] 부담부증여(형제간) / 답변2
  + [7470] ntt=14295 (6314) [기타] 등록면허세 문의(농어촌민박사업자) / 답변1
    [retry 1/3] ReadTimeout
  + [7471] ntt=14293 (6313) [기타] 법인 취득세 감면 문의? / 답변1
  + [7472] ntt=14292 (6312) [기타] 분양아파트 준공 전 분양대금 완납 후 전매시 취득세 납세. / 답변1
  + [7473] ntt=14291 (6311) [기타] 장애인 차량 취득세 감면 문의드립니다 / 답변4
[page 1510 완료] 누적 신규 7473건  (이 게시판 저장 총 45,147건)
  + [7474] ntt=14289 (6310) [기타] 비과세  항목이 2개 이상에 해당할때 해당 코드를 어떤 . / 답변2
  + [7475] ntt=14288 (6309) [기타] 외화거래에서 적용환율 관련입니다. / 답변1
  + [7476] ntt=14287 (6308) [기타] 구조변경 자동차세 문의드립니다. / 답변4
  + [7477] ntt=14286 (6307) [기타] 상속취득세 관련 문의입니다. / 답변1
  + [7478] ntt=14283 (6306) [기타] 농지취득자격증명신청이 반려된 토지를 농지로 볼 수 있는지. / 답변2
  + [7479] ntt=14278 (6305) [기타] 결혼중개업체 소재지변경 등록면허세(면허) / 답변3
  + [7480] ntt=14277 (6304) [기타] 현물출자(주택임대사업자) 관련하여 질문드립니다. / 답변2
  + [7481] ntt=14275 (6303) [기타] 세외수입 압류 질문입니다. / 답변1
  + [7482] ntt=14274 (6302) [기타] 저유조의 개수(엑포시 코팅)해당여부 / 답변1
  + [7483] ntt=14270 (6301) [기타] 국가유공자 차량취득세감면 유공자신청일or상이등급판정일 / 답변2
  + [7484] ntt=14267 (6300) [기타] 자경농민 계속해서 2년이란? / 답변1
  + [7485] ntt=14266 (6299) [기타] 자경농민 농지 상속취득 감면 해줘야되나요??? / 답변1
  + [7486] ntt=14265 (6298) [기타] 농어촌주택개량 재산세 감면 문의입니다. / 답변1
  + [7487] ntt=14264 (6297) [기타] 지방소득세 특별징수 환급처리 / 답변1
  + [7488] ntt=14263 (6296) [기타] 미등기 토지 재산세 납세의무자 문제입니다 / 답변1
  + [7489] ntt=14262 (6295) [기타] 급여압류시 조세기관간 압류선착 적용여부 질의 / 답변1
  + [7490] ntt=14261 (6294) [기타] 자동차 이전 문의 / 답변1
  + [7491] ntt=14258 (6293) [기타] 기계장비 신고금액 과다 신고 한경우 / 답변2
  + [7492] ntt=14256 (6292) [기타] 납세의무자변동신고서 작성 시 / 답변1
  + [7493] ntt=14254 (6291) [기타] 출자전환 자본등기 등록세 문의드립니다. / 답변1
  + [7494] ntt=14253 (6290) [기타] 정보공개 문의드립니다.(10년) / 답변0
  + [7495] ntt=14251 (6289) [기타] 귀농인 농업외의 산업종사 추징관련 문의 / 답변1
    [retry 1/3] ReadTimeout
  + [7496] ntt=14249 (6288) [기타] 합유문의 / 답변1
  + [7497] ntt=14247 (6287) [기타] 최소납부제 문의(취득세) / 답변1
  + [7498] ntt=14244 (6286) [기타] 등록면허세 질문입니다. / 답변1
  + [7499] ntt=14243 (6285) [기타] 개정징수법 문의 / 답변1
  + [7500] ntt=14242 (6284) [기타] 서민주택 취득세 감면 / 답변1
  + [7501] ntt=14239 (6283) [기타] 원인무효에 의한 취득세 납세의무 성립 여부 / 답변3
  + [7502] ntt=14238 (6282) [기타] 원인무효에 의한 취득세 납세의무 성립 여부 / 답변1
  + [7503] ntt=14234 (6281) [기타] 현물출자로 취득후 법원의 인가가 나지않은 경우 취득세 환. / 답변1
[page 1511 완료] 누적 신규 7503건  (이 게시판 저장 총 45,177건)
  + [7504] ntt=14233 (6280) [기타] 소유자 사망하고 배우자 행방불명인 차량을 공매하는 방법 . / 답변1
  + [7505] ntt=14226 (6279) [기타] 사망 전 매매계약에 따른 취득세 납세의무 문의입니다. / 답변1
  + [7506] ntt=14225 (6278) [기타] 과점주주 취득세 관련 질문입니다. / 답변2
  + [7507] ntt=14224 (6277) [기타] 자동차 공동소유자(1%)가 자동차세를 납부했을 때 / 답변3
  + [7508] ntt=14223 (6276) [기타] 명의 도용당한 자동차 / 답변1
  + [7509] ntt=14220 (6275) [기타] 매매용 자동차  자동차세 감면 코드 문의 / 답변1
  + [7510] ntt=14219 (6274) [기타] 단기임대에서 장기임대로 변경할 경우 의무임대기간 질의합니. / 답변1
  + [7511] ntt=14218 (6273) [기타] 지방세 완납증명서 관련 질문드립니다. / 답변1
  + [7512] ntt=14214 (6272) [기타] 2차납세의무자관련 / 답변1
  + [7513] ntt=14211 (6271) [기타] 귀농인 감면후 사후관리 조언부탁드려요. / 답변1
  + [7514] ntt=14209 (6270) [기타] 지방세징수법 제32조 문의 / 답변1
    [retry 1/3] ReadTimeout
  + [7515] ntt=14208 (6269) [기타] 자동차세 상속관련 문의입니다. / 답변2
  + [7516] ntt=14206 (6268) [기타] 취득세 감면분추징(정당한사유) 질의드립니다. / 답변1
  + [7517] ntt=14200 (6267) [기타] 장애인 소유 자동차세 감면_장애인 조건 충족 여부 / 답변2
  + [7518] ntt=14197 (6266) [기타] 세외수입 2차납세의무자 질문입니다. / 답변1
  + [7519] ntt=14196 (6265) [기타] 화재보수공사 취득세 관련 / 답변1
  + [7520] ntt=14193 (6264) [기타] 주민세 종업원분 중소기업 지원에 관해 / 답변2
  + [7521] ntt=14191 (6263) [기타] 자동체 연납 관련 / 답변2
  + [7522] ntt=14190 (6262) [기타] 취득세 과세면적 적용문의 / 답변1
  + [7523] ntt=14188 (6261) [기타] (구)등록세 이중신고시 / 답변1
  + [7524] ntt=14186 (6260) [기타] 등록면허세 등록분 납세지에 질문이 있습니다 / 답변1
  + [7525] ntt=14185 (6259) [기타] 경락시 임차보즘금 존재시 취득세 과표 문의 / 답변0
  + [7526] ntt=14183 (6258) [기타] 유권해석을 찾습니다. / 답변2
  + [7527] ntt=14181 (6257) [기타] 동일 지번 내 소유자가 다른 두 주택존재 상속 1가구 1. / 답변1
  + [7528] ntt=14178 (6256) [기타] 종교단체(개인명의 등록) 자동차 압류해제 여부 / 답변1
  + [7529] ntt=14177 (6255) [기타] 납세자명 변경 관련 문의 / 답변1
  + [7530] ntt=14171 (6254) [기타] 지방소득세(특별징수)소액부징수 문의 / 답변1
  + [7531] ntt=14168 (6253) [기타] 사실상 폐업 법인 면허세 부과 질문 드립니다 / 답변1
  + [7532] ntt=14167 (6252) [기타] 1가구 범위? / 답변3
  + [7533] ntt=14166 (6251) [기타] 지식산업센터 설립자 감면 문의... / 답변1
[page 1512 완료] 누적 신규 7533건  (이 게시판 저장 총 45,207건)
  + [7534] ntt=14162 (6250) [기타] 취득시기 관련 문의 / 답변1
  + [7535] ntt=14161 (6249) [기타] 농협이 취득하는 양곡창고 감면 대상이 되는지요?? / 답변1
  + [7536] ntt=14159 (6248) [기타] 사망자 자동차세에 대해 궁금한 것이 있습니다. / 답변2
  + [7537] ntt=14157 (6247) [기타] 농업법인 토지계약해제로 인한 추징여부. / 답변1
  + [7538] ntt=14156 (6246) [기타] 지목변경 지가산정 기준일 문의 / 답변1
    [retry 1/3] ReadTimeout
  + [7539] ntt=14155 (6245) [기타] 등록면허세(면허) 부과 관련 문의드립니다. / 답변1
  + [7540] ntt=14154 (6244) [기타] 녹지지역에서 주거,상업,공업지역으로 변경된 경우 농지 재. / 답변1
  + [7541] ntt=14153 (6243) [기타] 등록면허세 면허분 구거점용 질문좀 할게요 / 답변1
  + [7542] ntt=14151 (6242) [기타] 건물 구조와 관련입니다. / 답변1
  + [7543] ntt=14150 (6241) [기타] 임대사업자 재산세 감면자료 관리 어떻게들 하시나요? / 답변0
  + [7544] ntt=14149 (6240) [기타] 환지처분 공고 이전에 체비지를 취득한 경우  원시취득으로. / 답변4
  + [7545] ntt=14145 (6239) [기타] 외국인 투자기업 과점주주 관련 문의 / 답변1
  + [7546] ntt=14144 (6238) [기타] 의료재단법인이 주민세(종업원분) 대상에 해당에 되는지... / 답변1
  + [7547] ntt=14138 (6237) [기타] 개정된 농어촌주택개량사업 감면관련 문의드립니다. / 답변1
  + [7548] ntt=14137 (6236) [기타] 차량 취득세 외국인이 장애인이고 공동명의를 할시 감면 / 답변5
  + [7549] ntt=14135 (6235) [기타] 임대주택 재산세 추징 제외사유 문의드립니다 / 답변1
  + [7550] ntt=14133 (6234) [기타] 지목변경 취득세 취득시기 질문드립니다. / 답변1
  + [7551] ntt=14131 (6233) [기타] 자동차세 상속포기에 관한 질문입니다. / 답변1
  + [7552] ntt=14129 (6232) [기타] 태풍으로 인한 침수차량에 대하여 문의드립니다 / 답변2
  + [7553] ntt=14128 (6231) [기타] 세외수입 압류 질문입니다. / 답변1
  + [7554] ntt=14126 (6230) [기타] 시유지위에 무허가주택 / 답변1
  + [7555] ntt=14121 (6229) [기타] 법인지방소득세 관련 (국세청 통보자료 - 지점 ) 답변 . / 답변1
  + [7556] ntt=14120 (6228) [기타] 압류된 차량 차령초과 말소 관련 질의 / 답변2
  + [7557] ntt=14116 (6227) [기타] 임대주택 임대의무기간의 시점 기산일(임대개시일) 관련입니. / 답변1
  + [7558] ntt=14114 (6226) [기타] 농특세와 관련하여서 질문 드립니다. / 답변5
  + [7559] ntt=14112 (6225) [기타] 임대주택 감면에 대한 재산세 추징 문의(2019년 개정안. / 답변1
  + [7560] ntt=14111 (6224) [기타] 주택조합 원시취득 관련 취득세 문의드립니다. / 답변1
  + [7561] ntt=14110 (6223) [기타] 차량 취득세 대체취득 개정 질문이 있습니다 / 답변3
  + [7562] ntt=14107 (6222) [기타] 지역자원시설관련 답변 좀 부탁드립니다. / 답변1
  + [7563] ntt=14106 (6221) [기타] 일본의 입탕세 관련 하여~~~ / 답변1
[page 1513 완료] 누적 신규 7563건  (이 게시판 저장 총 45,237건)
  + [7564] ntt=14105 (6220) [기타] 배분순위 / 답변1
  + [7565] ntt=14104 (6219) [기타] 자경농민축사 환급 / 답변1
  + [7566] ntt=14103 (6218) [기타] 3인 합유로 인한 소유권변경 등기등록시 납세의무자는? / 답변1
  + [7567] ntt=14102 (6217) [기타] 면허세 관련 질문입니다. / 답변1
  + [7568] ntt=14095 (6216) [기타] 등록면허세(면허), 임대사업자,주민등록상주소지변경,면허세. / 답변3
  + [7569] ntt=14094 (6215) [기타] 천재지변 대체취득 문의드립니다. / 답변3
  + [7570] ntt=14093 (6214) [기타] 제증명 공용 발급 문의 / 답변1
  + [7571] ntt=14092 (6213) [기타] 종중 법인 전환 관련한 문의 / 답변2
  + [7572] ntt=14091 (6212) [기타] 다른 사람 이름으로 입금한 지방세 환급 가능 여부 / 답변2
  + [7573] ntt=14089 (6211) [기타] 취득세 납부확인 불가시... / 답변3
  + [7574] ntt=14086 (6210) [기타] 공유물분할 관련 질문 / 답변1
  + [7575] ntt=14084 (6209) [기타] 합병법인의 감면된 취득세 추징관련... / 답변1
  + [7576] ntt=14083 (6208) [기타] 장애인(유공자) 감면 추징 후 새로운차 감면 가능 여부 / 답변7
  + [7577] ntt=14080 (6207) [기타] 태양광발전시설설비가  공장재단 및 광업재단에 해당할까요? / 답변4
  + [7578] ntt=14075 (6206) [기타] 재산세 사실상의 소유자 문의 / 답변1
  + [7579] ntt=14074 (6205) [기타] 농어촌주택개량 취득세 감면자에 대한 추징사유에 해당하는지 / 답변1
  + [7580] ntt=14070 (6204) [기타] 문의드립니다 / 답변1
  + [7581] ntt=14068 (6203) [기타] 영치된 차량 차령초과말소 문의 / 답변2
  + [7582] ntt=14065 (6202) [기타] 지방소득세 양도소득분 부과 관련 질의 / 답변1
  + [7583] ntt=14063 (6201) [기타] 농업법인에 대한 감면 / 답변1
    [retry 1/3] ReadTimeout
  + [7584] ntt=14062 (6200) [기타] 위반건축물 주택안에 주택 / 답변1
  + [7585] ntt=14058 (6199) [기타] 교회를 신축하기 위해 기존건축물 취득시 기존건축물 감면 . / 답변2
  + [7586] ntt=14056 (6198) [기타] 장애인 공동명의 취득세, 자동차세 감면관련? / 답변4
  + [7587] ntt=14054 (6197) [기타] 월남 참전유공자 자동차세 감면 / 답변5
  + [7588] ntt=14053 (6196) [기타] 도로법에 따라 지정된 접도구역의 임야 / 답변2
  + [7589] ntt=14050 (6195) [기타] 관청 자동차세 연납고지서를 민원인께 잘못 교부해드렸는데 / 답변5
  + [7590] ntt=14049 (6194) [기타] 공동명의 자동차 공매 질문 / 답변1
  + [7591] ntt=14048 (6193) [기타] 1가구 1주택 상속 감면 문의 / 답변2
  + [7592] ntt=14046 (6192) [기타] 자경농민 감면 거리(20km) 적용에 대하여 / 답변3
  + [7593] ntt=14044 (6191) [기타] 지입차량에 대한 체납을 원인으로 회사 차량 압류가 적정한. / 답변1
[page 1514 완료] 누적 신규 7593건  (이 게시판 저장 총 45,267건)
  + [7594] ntt=14042 (6190) [기타] 공작물 축조 신고 등록면허세(면허) 품목수 / 답변1
  + [7595] ntt=14035 (6189) [기타] 주민등록 담당자의 오기로 주민세(개인균등) 감액이 가능한. / 답변2
  + [7596] ntt=14034 (6188) [기타] 가설건축물의 과세유무 / 답변1
  + [7597] ntt=14033 (6187) [기타] 한정승인 후, 예금압류 / 답변2
  + [7598] ntt=14031 (6186) [기타] 임대주택 분양전환 승인이 관허사업 제한 대상여부 / 답변1
  + [7599] ntt=14030 (6185) [기타] 지방세법 제126조[비과세] 관련 질의합니다. / 답변1
  + [7600] ntt=14028 (6184) [기타] 초과압류에 대해 문의 / 답변1
  + [7601] ntt=14026 (6183) [기타] 유효한 교환 계약일까요? / 답변2
  + [7602] ntt=14023 (6182) [기타] 종합소득세 근로자 경정청구로 지방소득세 환급 / 답변2
  + [7603] ntt=14021 (6181) [기타] 공동명의 차량 압류, 영치 문의 / 답변3
  + [7604] ntt=14020 (6180) [기타] 법인명의 자동차 공매 문의 / 답변1
  + [7605] ntt=14017 (6179) [기타] 등기 후 계약서 변경에 따른 취득세 부과 가능 여부. / 답변1
  + [7606] ntt=14016 (6178) [기타] 면허세 유효기간 1년미만일경우.... / 답변3
  + [7607] ntt=14014 (6177) [기타] 적격합병 취득세 과세범위 문의 / 답변3
    [retry 1/3] ReadTimeout
  + [7608] ntt=14013 (6176) [기타] 마을회가 노인정 목적으로 취득시 마을회 감면 가능 여부 / 답변1
  + [7609] ntt=14010 (6175) [기타] 화물자동차운송사업 면허분 등록면허세 질문드립니다. / 답변1
  + [7610] ntt=14009 (6174) [기타] 지방소득세(특별징수분)사업장 연말정산 환급 관련 / 답변1
  + [7611] ntt=14006 (6173) [기타] 자동차 공매 공동소유자 관련 질문입니다. / 답변1
  + [7612] ntt=14003 (6172) [기타] 상속한정승인을 받은 차량 공매관련 질문 / 답변2
  + [7613] ntt=14002 (6171) [기타] 자동차 이전 문의 / 답변1
  + [7614] ntt=13998 (6170) [기타] 지특법31조와 지방세법112조,영림계획 질문 / 답변1
  + [7615] ntt=13995 (6169) [기타] 자동차세 장애인감면 소급적용 문의 / 답변3
  + [7616] ntt=13994 (6168) [기타] 건설임대사업자가  60평방미터 이하 공동주택을 분양받을 . / 답변1
  + [7617] ntt=13993 (6167) [기타] 지방공기업 등록면허세(등록) 관련 문의 / 답변1
  + [7618] ntt=13992 (6166) [기타] 자동차 이전 문의 / 답변1
  + [7619] ntt=13991 (6165) [기타] 국가유공자 감면 차량 취득세 추징 문의 / 답변2
  + [7620] ntt=13989 (6164) [기타] 직장어린이집을 설치한 사업주가 제3자에게 위탁하여 운영하. / 답변2
  + [7621] ntt=13985 (6163) [기타] 미등기 건물 재산세 납세의무자 실거주자 혹은 토지소유자 / 답변1
  + [7622] ntt=13984 (6162) [기타] 체납 고지서 송달 질의 / 답변1
  + [7623] ntt=13983 (6161) [기타] 창업중소기업 감면 임대사유 추징시 / 답변2
[page 1515 완료] 누적 신규 7623건  (이 게시판 저장 총 45,297건)
  + [7624] ntt=13980 (6160) [기타] 주민세(재산분) 동일건물내 사업소 / 답변1
  + [7625] ntt=13978 (6159) [기타] 상속 1가구1주택에 해당되는지? / 답변1
  + [7626] ntt=13977 (6158) [기타] 재개발문의드립니다. (건물만 소유하고있는 주택의 입주권매. / 답변3
  + [7627] ntt=13975 (6157) [기타] 법인지방소득세 국세청 통보자료 대사 어떻게 하시나요... / 답변1
  + [7628] ntt=13973 (6156) [기타] 과점주주의 제2차납세의무 지정 관련하여 문의드립니다. / 답변1
  + [7629] ntt=13972 (6155) [기타] 2차납세의무관련 추가 질의 / 답변1
  + [7630] ntt=13970 (6154) [기타] 실내골프장 용도지수 문의 / 답변2
  + [7631] ntt=13969 (6153) [기타] 분양형 호텔 주민세(재산분) 과세대상 여부~~~ / 답변1
  + [7632] ntt=13968 (6152) [기타] 지방소득세 관련 질문 드립니다. / 답변1
  + [7633] ntt=13967 (6151) [기타] 매매용 차량 취득세  추징관련 질문을 드립니다 / 답변6
  + [7634] ntt=13964 (6150) [기타] 다자녀 감면(이혼 후) 문의 입니다. / 답변6
  + [7635] ntt=13963 (6149) [기타] 차량 취득세 질문이 있습니다 / 답변2
  + [7636] ntt=13962 (6148) [기타] 재산세 코드 관련 문의 드립니다. / 답변1
  + [7637] ntt=13959 (6147) [기타] 토지 합병 후에 물건 문의입니다. / 답변1
  + [7638] ntt=13958 (6146) [기타] 토지 소유자가 나뉘어졌을때 주택 연계 면적 안분 문의입니. / 답변2
  + [7639] ntt=13957 (6145) [기타] 자동차세 장애인감면 세대분리에 관하여.. / 답변4
  + [7640] ntt=13956 (6144) [기타] 장애인 감면 차량 대체취득 관련 / 답변3
  + [7641] ntt=13954 (6143) [기타] 취득세 산업단지 입주(임대)문의 입니다 / 답변2
  + [7642] ntt=13953 (6142) [기타] 종합소득세를 상속인에게 부과하려 하는데 다른 분들은 상속. / 답변2
  + [7643] ntt=13952 (6141) [기타] 지방소득세(양도소득) 수정신고 과소납부분 과세시 문의 / 답변1
  + [7644] ntt=13951 (6140) [기타] 생애최초 주택 구입 신혼부부에 대한 취득세 경감 / 답변1
  + [7645] ntt=13950 (6139) [기타] 용지매입대책 조합 취득세 환급 / 답변1
  + [7646] ntt=13948 (6138) [기타] 건설기계 관련 취득세 문의입니다 / 답변2
  + [7647] ntt=13947 (6137) [기타] 농어촌 주택개량 재산세 감면에 대한 부칙적용 질의 / 답변4
  + [7648] ntt=13945 (6136) [기타] 장애인차량 대체취득 요건 문의(기존A→B이전후, A+B . / 답변5
  + [7649] ntt=13943 (6135) [기타] 재건축 구역 멸실 예정 주택 적용세율 / 답변2
  + [7650] ntt=13942 (6134) [기타] 잔금을 납부하고 아파트를 취득했지만... / 답변2
  + [7651] ntt=13940 (6133) [기타] 차량 취등록세 부과 시 현대 아제라와 같은 수출 차량 국. / 답변2
  + [7652] ntt=13939 (6132) [기타] 도시개발조합 진행부지이나 청산금 지급대상인 토지의 매매가. / 답변1
  + [7653] ntt=13937 (6131) [기타] 자동차세 세대분리(동일주소) 문의 / 답변5
[page 1516 완료] 누적 신규 7653건  (이 게시판 저장 총 45,327건)
  + [7654] ntt=13936 (6130) [기타] 지방소득세(이자소득)특별징수분 / 답변1
  + [7655] ntt=13935 (6129) [기타] 사실상의 취득으로 볼 수 있는지요 / 답변1
  + [7656] ntt=13934 (6128) [기타] 특약매입거래에서의 면세점 판단 여부 / 답변1
  + [7657] ntt=13933 (6127) [기타] 영농조합법인 건물을 개인이 경매받은 경우 / 답변1
  + [7658] ntt=13932 (6126) [기타] 이미 등기가 다 된 상황인데 취득세 수시부과도 가능할까요. / 답변3
  + [7659] ntt=13930 (6125) [기타] 농어촌주택개량 감면 면적 질의 / 답변1
    [retry 1/3] ReadTimeout
  + [7660] ntt=13929 (6124) [기타] 자동차 번호판 영치 / 답변4
  + [7661] ntt=13928 (6123) [기타] 경찰서 차량 자동차세 비과세 질의합니다 / 답변1
  + [7662] ntt=13927 (6122) [기타] 증여 취득세 납부 후 환급 가능여부 / 답변1
  + [7663] ntt=13924 (6121) [기타] 지방세법 제38조관련 의료법인 감면 문의드립니다. / 답변2
  + [7664] ntt=13923 (6120) [기타] (면허분)등록면허세 관련 문의드립니다. / 답변2
  + [7665] ntt=13921 (6119) [기타] 미등기토지 공탁 취득세 / 답변1
  + [7666] ntt=13916 (6118) [기타] 자동차 공매 등 가능여부 및 절차 문의 / 답변1
  + [7667] ntt=13913 (6117) [기타] 등록면허세(등록) 지역번호에서 전국번호변경 / 답변7
  + [7668] ntt=13911 (6116) [기타] 등록면허세(면허) 질문드립니다 / 답변2
  + [7669] ntt=13910 (6115) [기타] 2차납세의무자 납세의무 관련 질의 / 답변1
  + [7670] ntt=13907 (6114) [기타] 통신판매업 사업자 등록만 하고 실질상 영업을 하지 않고 . / 답변3
  + [7671] ntt=13906 (6113) [기타] 지방소득세(양도소득세분) 환급 문의 / 답변1
  + [7672] ntt=13903 (6112) [기타] 공매진행 시 소유권이전등록 관련 문의 / 답변2
    [retry 1/3] ReadTimeout
  + [7673] ntt=13899 (6111) [기타] 이용자리스 문의드립니다. / 답변1
  + [7674] ntt=13897 (6110) [기타] 등록면허세(면허) 질문 드립니다 / 답변1
  + [7675] ntt=13893 (6109) [기타] 개인회생절차 진행중 체납의 시효 진행 / 답변1
  + [7676] ntt=13892 (6108) [기타] 지방소득세 환급지 / 답변1
  + [7677] ntt=13891 (6107) [기타] 경매사건 관련 채무자와 소유자가 다를 시 교부청구 문의 / 답변1
  + [7678] ntt=13889 (6106) [기타] 택지가 준공된 토지상 건축된 아파트내 조형물을 정원의 일. / 답변2
  + [7679] ntt=13888 (6105) [기타] 자동차세 연납승계 문의 / 답변2
    [retry 1/3] ReadTimeout
  + [7680] ntt=13886 (6104) [기타] 상속 취득세 부과 취소 가능 여부 문의 / 답변1
  + [7681] ntt=13885 (6103) [기타] 공장용건축물 부속토지 관련 질의(업종분류 및 기준공장면적. / 답변1
  + [7682] ntt=13884 (6102) [기타] 개인회생에서 체납처분 / 답변2
  + [7683] ntt=13883 (6101) [기타] 과세정보  제공 가능 여부 문의~ / 답변1
[page 1517 완료] 누적 신규 7683건  (이 게시판 저장 총 45,357건)
  + [7684] ntt=13881 (6100) [기타] 지분으로 되어 있는 주택 구분등기시 취득세 문의 / 답변1
  + [7685] ntt=13880 (6099) [기타] 부재지주 판단 관련 문의입니다. / 답변1
  + [7686] ntt=13879 (6098) [기타] 창업중소기업 감면 받은 후 임대시 / 답변1
  + [7687] ntt=13878 (6097) [기타] 현물출자 감면 받은 후 폐업(파산) 및 매각관련 추징 / 답변2
  + [7688] ntt=13877 (6096) [기타] 축사 원시취득 취득세 관련 / 답변1
  + [7689] ntt=13876 (6095) [기타] 리스차량 (이용자리스-이용자변경) 관련 질의 / 답변2
  + [7690] ntt=13875 (6094) [기타] 주택 취득세 관련 궁금한게잇습니다! / 답변1
  + [7691] ntt=13873 (6093) [기타] 경정청구 관련 / 답변1
  + [7692] ntt=13872 (6092) [기타] 매매계약 합의해제 관련입니다. / 답변1
  + [7693] ntt=13869 (6091) [기타] 법인 지방이전 감면 문의 / 답변1
  + [7694] ntt=13868 (6090) [기타] 법인의 지목변경 법인장부상0원 신고가액을 인정해줄것인지 . / 답변2
  + [7695] ntt=13867 (6089) [기타] 현물출자 감면시 도로지분 관련 문의 / 답변1
  + [7696] ntt=13865 (6088) [기타] 지방소득세(특별징수) 연말정산 환급지 문의 / 답변1
  + [7697] ntt=13864 (6087) [기타] 창업벤처중소기업 감면 문의... / 답변1
  + [7698] ntt=13863 (6086) [기타] 재산세 토지 형태 관련입니다 / 답변1
  + [7699] ntt=13862 (6085) [기타] 미등기토지 명의신탁해지원인 등기시 / 답변1
  + [7700] ntt=13860 (6084) [기타] 등록면허세(면허분) 질문이여... / 답변3
  + [7701] ntt=13857 (6083) [기타] 자동차 압류해제 시 공동명의 차량 질문입니다. / 답변1
  + [7702] ntt=13856 (6082) [기타] 자동차세 감면 관련 문의드립니다 / 답변4
  + [7703] ntt=13854 (6081) [기타] 과점주주 문의 / 답변2
  + [7704] ntt=13853 (6080) [기타] 토지 지목변경에 대한 취득세 과세 문의드립니다 / 답변1
  + [7705] ntt=13852 (6079) [기타] 세무법인 등록시 등록면허세(면허분) 과세 관련 문의 / 답변1
  + [7706] ntt=13851 (6078) [기타] 자동차등록원부상의 소유자가 아닌 실제차주 부과의 적법여부 / 답변1
  + [7707] ntt=13849 (6077) [기타] 다가구주택 임대 재산세 감면 문의요~~~~ / 답변1
  + [7708] ntt=13848 (6076) [기타] 취득세 이중부과 사유에 해당하는지 문의드립니다. / 답변3
  + [7709] ntt=13846 (6075) [기타] 등록면허세(면허) 문의 / 답변1
  + [7710] ntt=13844 (6074) [기타] 법인 적격합병 취득세 감면 요건 검토/필요서류 / 답변1
  + [7711] ntt=13843 (6073) [기타] 자경농민 감면 관련 / 답변1
  + [7712] ntt=13842 (6072) [기타] 기업부설연구소 감면 여부 ... / 답변1
  + [7713] ntt=13838 (6071) [기타] 차량 취득세 감면 관련(대체취득) / 답변3
[page 1518 완료] 누적 신규 7713건  (이 게시판 저장 총 45,387건)
  + [7714] ntt=13833 (6070) [기타] 고액체납자 명단공개 관련 / 답변1
  + [7715] ntt=13831 (6069) [기타] 법인 지목변경 납세의무 (지목변경 후 공시지가 하락) / 답변2
    [retry 1/3] ReadTimeout
  + [7716] ntt=13830 (6068) [기타] 지방세법 시행령 121조 1항 5호/ 도로공사 비과감면 . / 답변1
  + [7717] ntt=13828 (6067) [기타] 등록면허세(면허) 기술거래사의 등록! / 답변1
  + [7718] ntt=13826 (6066) [기타] 토지지분만 가진 재건축조합원 상속인들이 아파트 건물 분양. / 답변1
  + [7719] ntt=13824 (6065) [기타] 창업중소기업감면 신축건물 취득후 토지 취득시 감면여부 / 답변2
  + [7720] ntt=13823 (6064) [기타] 압류의 효력이 미치는 체납세액 범위 / 답변1
  + [7721] ntt=13819 (6063) [기타] 통신판매업 소재지 변경시 면허세 새로 부과하나요? / 답변3
  + [7722] ntt=13818 (6062) [기타] 공동명의 차량 압류 해제 가능 여부 / 답변1
  + [7723] ntt=13817 (6061) [기타] 장애인용 자동차 감면 / 답변2
  + [7724] ntt=13816 (6060) [기타] 사망자 자동차 공매 관련 질문. / 답변1
  + [7725] ntt=13815 (6059) [기타] 방치 중인 축사 별도합산 과세여부 / 답변1
  + [7726] ntt=13814 (6058) [기타] 경차 장애인감면 받고 새로 차량 취득하는 경우 / 답변5
  + [7727] ntt=13812 (6057) [기타] 불법건축물 납세자 관련 문의드립니다. / 답변1
  + [7728] ntt=13810 (6056) [기타] 사업양수도 취득일 문의입니다 / 답변1
  + [7729] ntt=13807 (6055) [기타] 차량 영업용 잔가율 적용 문의 / 답변2
  + [7730] ntt=13804 (6054) [기타] 신혼부부 생에 최초 주택 취득 감면 문의드립니다. / 답변2
  + [7731] ntt=13802 (6053) [기타] 산업단지내 임대관련 문의 / 답변1
  + [7732] ntt=13798 (6052) [기타] 인력공급(근로자파견)업 관련 주민세 / 답변1
  + [7733] ntt=13797 (6051) [기타] 경정청구에 대하여 / 답변1
  + [7734] ntt=13796 (6050) [기타] 태양열 문의 / 답변1
  + [7735] ntt=13789 (6049) [기타] 수시분 재산세 분할납부가 가능 여부 / 답변1
  + [7736] ntt=13788 (6048) [기타] 부동산집합투자기구 / 답변1
  + [7737] ntt=13787 (6047) [기타] 지목변경취득세 문의(전기사업개시일) / 답변1
  + [7738] ntt=13785 (6046) [기타] 산업단지감면을 분할법인에게 적용시킬수 있는지(재산세) / 답변1
  + [7739] ntt=13784 (6045) [기타] 차량취득세 감면질문 / 답변5
  + [7740] ntt=13783 (6044) [기타] 물적분할 시 과세표준 문의 / 답변1
  + [7741] ntt=13781 (6043) [기타] 차량취득세 감면질문 / 답변2
  + [7742] ntt=13780 (6042) [기타] 기한후신고와 추징 / 답변2
  + [7743] ntt=13779 (6041) [기타] 법인이 취득하는 건물과세표준 문의(경정청구) / 답변1
[page 1519 완료] 누적 신규 7743건  (이 게시판 저장 총 45,417건)
  + [7744] ntt=13777 (6040) [기타] 기부채납 관련 문의 / 답변1
  + [7745] ntt=13775 (6039) [기타] 주택재개발사업 원조합원에 대해 궁금한게 있습니다.(지방세. / 답변2
  + [7746] ntt=13774 (6038) [기타] 재산세 농업용창고 질문 / 답변1
  + [7747] ntt=13773 (6037) [기타] 차량취득세 장애인감면 관련 문의 / 답변4
    [retry 1/3] ReadTimeout
    [retry 2/3] ConnectTimeout
  + [7748] ntt=13768 (6036) [기타] 개인회생 절차 중 징수유예 인정 여부 질의 / 답변2
  + [7749] ntt=13764 (6035) [기타] 1가구 1주택 상속 특례세율 문의 / 답변1
  + [7750] ntt=13762 (6034) [기타] 사회복지법인 면허세 질문드립니다. / 답변1
  + [7751] ntt=13761 (6033) [기타] 취득세 대위등기자 환급여부 / 답변2
  + [7752] ntt=13760 (6032) [기타] 산림경영계획구역의 묘지 / 답변1
  + [7753] ntt=13759 (6031) [기타] 건축물 확장형 / 답변2
  + [7754] ntt=13758 (6030) [기타] 농업법인이 대도시외 지역에서 대도시로 전입하는 경우 등록. / 답변1
  + [7755] ntt=13755 (6029) [기타] 개정된 지방세징수법 제32조 관련 문의 / 답변1
  + [7756] ntt=13754 (6028) [기타] 지방소득세 안분율 변동 환급가산금 관련 / 답변2
  + [7757] ntt=13753 (6027) [기타] 장애인공동명의 차량 비과세 관련 / 답변3
  + [7758] ntt=13752 (6026) [기타] 창업벤처중소기업 감면 문의드립니다. / 답변4
  + [7759] ntt=13751 (6025) [기타] 특별징수 소액징수면제 규정 문의 / 답변1
  + [7760] ntt=13750 (6024) [기타] 유흥주점 객실 조언을 구하고자 합니다. / 답변1
  + [7761] ntt=13749 (6023) [기타] 사해행위취소판결에 따른 압류해제 가능여부? / 답변1
  + [7762] ntt=13747 (6022) [기타] 임대사업자 최초분양자 감면 관련 질의입니다 / 답변3
  + [7763] ntt=13745 (6021) [기타] 법인지방소득세 가산세 문의 / 답변1
  + [7764] ntt=13744 (6020) [기타] 개인의 건축물 신축 시 과세표준 문의 / 답변1
  + [7765] ntt=13743 (6019) [기타] 차량취득세 취득원인에 관해서 궁금해서 올립니다. / 답변3
  + [7766] ntt=13742 (6018) [기타] 소유자가 없는토지(일본인, 창씨명)의 재산세 과세여부관계 / 답변1
  + [7767] ntt=13739 (6017) [기타] 주택부속토지 질의 / 답변3
  + [7768] ntt=13737 (6016) [기타] 무허가 건물 취득세 질의드립니다. / 답변1
  + [7769] ntt=13734 (6015) [기타] 지방세법 제20조(신고및납부) 개정사항 문의..(30일→. / 답변2
  + [7770] ntt=13733 (6014) [기타] 상속인 법정지분대로 등기까지 완료된 후 유언장이 발견되었. / 답변2
  + [7771] ntt=13729 (6013) [기타] 장애인, 국가유공자  차량 취득세 감면 안내 관련 / 답변3
  + [7772] ntt=13728 (6012) [기타] 농업회사법인, 사무실용 오피스텔 취득 감면 여부 / 답변1
  + [7773] ntt=13727 (6011) [기타] 재산세 용도코드 관련입니다 / 답변1
[page 1520 완료] 누적 신규 7773건  (이 게시판 저장 총 45,447건)
  + [7774] ntt=13723 (6010) [기타] 취득세 신고서류 분실에 따른 보완방법 / 답변1
  + [7775] ntt=13721 (6009) [기타] 법인 자산인 대표자 명의의 차량. 취득세를 부과할 수 있. / 답변1
  + [7776] ntt=13720 (6008) [기타] 어업권 저당권설정에 대한 등록면허세(등록) 납세의무 / 답변2
  + [7777] ntt=13719 (6007) [기타] 재산세 납세의무자 변동신고서 문의드립니다. / 답변1
  + [7778] ntt=13718 (6006) [기타] 현물출자 과세표준 / 답변1
  + [7779] ntt=13717 (6005) [기타] 등록면허세 개정사항 중 폐기물 관련 질의입니다 / 답변1
  + [7780] ntt=13716 (6004) [기타] 실내 위반건축물 과세 질문드립니다. / 답변1
  + [7781] ntt=13714 (6003) [기타] 재산세/종중토지 변동신고에 따른 토지형태결정질의 / 답변1
  + [7782] ntt=13713 (6002) [기타] 지특법33조2항 서민주택 취득시기에 따른 1가구 1주택 . / 답변1
  + [7783] ntt=13712 (6001) [기타] 보전처분 후 새로운 체납 발생시 공매 가능 여부 / 답변1
  + [7784] ntt=13711 (6000) [기타] 차량취득세 장애인 대체취득감면 질의입니다 / 답변5
  + [7785] ntt=13709 (5999) [기타] 장애인 차량 취득세  재질의 드립니다 / 답변2
  + [7786] ntt=13705 (5998) [기타] 신축 아파트 취득세 문의 / 답변2
  + [7787] ntt=13704 (5997) [기타] 취득세(차량) 장애인 감면 문의 / 답변2
  + [7788] ntt=13703 (5996) [기타] 차량 취득세 관련 질문드립니다. / 답변5
  + [7789] ntt=13700 (5995) [기타] 취득세 추징 및 감면조항 변경 적용여부 질의 / 답변2
  + [7790] ntt=13697 (5994) [기타] 이 글은 작성자에 의해서 삭제되었습니다. / 답변0
  + [7791] ntt=13696 (5993) [기타] 이 글은 작성자에 의해서 삭제되었습니다. / 답변0
  + [7792] ntt=13691 (5992) [기타] 충당 / 답변1
  + [7793] ntt=13690 (5991) [기타] 경차 감면 해석 문의 / 답변4
  + [7794] ntt=13689 (5990) [기타] 미등록 기계장비 취득세 납세의무자에 대하여 문의(답변) / 답변1
  + [7795] ntt=13688 (5989) [기타] 한국국적 포기자 재산세 문의 / 답변1
  + [7796] ntt=13686 (5988) [기타] 감면분 취득세 문의 / 답변1
  + [7797] ntt=13685 (5987) [기타] 지방세징수법 제63조에 관해 질문 / 답변1
  + [7798] ntt=13683 (5986) [기타] 특약매입거래에서의 주민세 재산분 납세 관련 질의 / 답변1
  + [7799] ntt=13679 (5985) [기타] 정기분 등록면허세(면허) 납세의무 / 답변2
  + [7800] ntt=13678 (5984) [기타] 차량취득세 경정청구 문의(질의 추가..) / 답변4
  + [7801] ntt=13676 (5983) [기타] 다자녀감면 최소납부제 적용 / 답변4
  + [7802] ntt=13672 (5982) [기타] 산업단지시행자가 감면 문의 / 답변1
  + [7803] ntt=13666 (5981) [기타] 창업감면(공동사업장등록의 경우) / 답변2
[page 1521 완료] 누적 신규 7803건  (이 게시판 저장 총 45,477건)
  + [7804] ntt=13665 (5980) [기타] 지방소득세(특별징수) 환급 / 답변1
  + [7805] ntt=13664 (5979) [기타] 미성년자 세금관련 질의.. / 답변3
  + [7806] ntt=13663 (5978) [기타] 부재부동산 적용시 사업인정고시일이란 / 답변1
  + [7807] ntt=13661 (5977) [기타] 결손처분 후 체납시 압류의 효력 / 답변1
  + [7808] ntt=13660 (5976) [기타] 농업협동조합 소유의 부동산(유료주차장 및 자재창고)을 고. / 답변2
  + [7809] ntt=13659 (5975) [기타] 지방소득세(특별징수) / 답변1
  + [7810] ntt=13657 (5974) [기타] 자동차 가처분 집행조서 접수 후 문의드립니다 / 답변2
  + [7811] ntt=13656 (5973) [기타] 재산세 토지 관련 질문입니다. / 답변2
  + [7812] ntt=13654 (5972) [기타] 제84조의5(중소기업 고용지원)  조의 법해석 문의합니다. / 답변1
  + [7813] ntt=13653 (5971) [기타] 임대주택 감면(임대사업자 등록) 질의 / 답변1
  + [7814] ntt=13648 (5970) [기타] 입주자 사전점검 비용 취득가액 포함 여부 / 답변1
  + [7815] ntt=13646 (5969) [기타] 상속으로 인한 임대사업자 등록 감면 여부 / 답변3
  + [7816] ntt=13644 (5968) [기타] 1가구 1주택 상속 취득세 감면 추징 / 답변1
  + [7817] ntt=13642 (5967) [기타] 과점주주 특수관계인 해다영부 문의 / 답변2
  + [7818] ntt=13640 (5966) [기타] 시설(물)의 설치도 산업단지 감면 대상인가요? / 답변3
  + [7819] ntt=13639 (5965) [기타] 증여인 사망으로 이전 등기가 불가능한 경우 취득세 문제 / 답변1
  + [7820] ntt=13638 (5964) [기타] 재산세환급요 / 답변1
  + [7821] ntt=13636 (5963) [기타] 산업단지감면 문의사항 / 답변2
  + [7822] ntt=13635 (5962) [기타] 양도소득분 지방소득세 환급(가산세부분) 문의 / 답변1
  + [7823] ntt=13634 (5961) [기타] 과점주주 취득세 문의(75%->0%->60%) / 답변3
  + [7824] ntt=13633 (5960) [기타] 현물출자 고민사항 / 답변1
  + [7825] ntt=13631 (5959) [기타] 국세청 통보 지방소득세(법인분)  환급분 관련입니다. / 답변1
  + [7826] ntt=13630 (5958) [기타] 지목변경 취득세 관련[산지일시사용허가] / 답변1
  + [7827] ntt=13629 (5957) [기타] 재산분 주민세 관련 입니다. / 답변1
  + [7828] ntt=13628 (5956) [기타] 재산세환급 가능기한 / 답변3
  + [7829] ntt=13627 (5955) [기타] 합병관련 감면 문의드립니다.. / 답변2
  + [7830] ntt=13626 (5954) [기타] 상속 포기된 상속인들을 납세자로 하여 대위등기 한 후 보. / 답변1
  + [7831] ntt=13623 (5953) [기타] 분양아파트 취득시기 / 답변1
  + [7832] ntt=13622 (5952) [기타] 지입차량 취득세 문의 / 답변5
  + [7833] ntt=13620 (5951) [기타] 내년도 차량 등록번호판 부착방법 추가 도입 건에 관하여 / 답변1
[page 1522 완료] 누적 신규 7833건  (이 게시판 저장 총 45,507건)
  + [7834] ntt=13619 (5950) [기타] 주택개량 감면대상자 재산세 감면관련 문의입니다. / 답변1
  + [7835] ntt=13617 (5949) [기타] 태양광설비 면허세 관련 질문드립니다 / 답변1
  + [7836] ntt=13615 (5948) [기타] 비영업용경형승용자동차 취득세 50만원초과부분 / 답변2
  + [7837] ntt=13614 (5947) [기타] 차량 중복감면 취득세 및 자동차세 질문이 있습니다 / 답변4
  + [7838] ntt=13613 (5946) [기타] 경락으로 취득한 물건 환급 가능여부 / 답변1
  + [7839] ntt=13612 (5945) [기타] 주택세율 문의 / 답변2
  + [7840] ntt=13608 (5944) [기타] 차량 시가표준액 문의 / 답변3
  + [7841] ntt=13607 (5943) [기타] 재산세 토지 점유취득 관련 질문입니다. / 답변1
  + [7842] ntt=13603 (5942) [기타] 지특법80조 공장의 지방이전에 대한 감면 초과액 관련문의 / 답변1
  + [7843] ntt=13599 (5941) [기타] 주택을 취득하여 도서관 이용 감면 신청시 세율 문의 / 답변1
  + [7844] ntt=13598 (5940) [기타] 이륜차 압류가능여부 / 답변1
  + [7845] ntt=13594 (5939) [기타] 특수관계인 질의 입니다 . :) / 답변1
  + [7846] ntt=13593 (5938) [기타] 자동차 시가표준액을 알려줘야 하는가요? / 답변4
  + [7847] ntt=13591 (5937) [기타] 2019년 차량취득세 장애인 대체취득 감면질문입니다.  . / 답변6
  + [7848] ntt=13590 (5936) [기타] 건축신고 관련 등록면허세(면허) 문의 / 답변1
  + [7849] ntt=13589 (5935) [기타] 환매권 취득에 대해 문의드립니다.(환매권 상속) / 답변1
  + [7850] ntt=13586 (5934) [기타] 명의신탁(제3자간 등기명의신탁) 취득세 추징시 가산세 문. / 답변1
  + [7851] ntt=13584 (5933) [기타] 지방소득세 (특별징수)납세지 문의 / 답변1
  + [7852] ntt=13581 (5932) [기타] 상속 취득세 신고납부기한 관련 / 답변2
  + [7853] ntt=13578 (5931) [기타] 장애인 차량 감면 관련 문의드립니다., / 답변2
  + [7854] ntt=13577 (5930) [기타] 공매 입고차량 자동차세 / 답변2
  + [7855] ntt=13575 (5929) [기타] 무료 노인복지시설 감면관련 / 답변1
  + [7856] ntt=13567 (5928) [기타] 중고차 계약차량 착오배달에 따른 반품시  취득세 감면 배. / 답변1
  + [7857] ntt=13566 (5927) [기타] 농지취득자격증명 제한으로 증여 등기를 못한 경우 취득세 / 답변2
  + [7858] ntt=13565 (5926) [기타] 현행법상 위생물수건처리업 등록면허세(면허) 부과대상 여부 / 답변1
  + [7859] ntt=13564 (5925) [기타] 도시개발사업 원시 취득세 납세의무자 / 답변1
  + [7860] ntt=13563 (5924) [기타] 다자녀감면 감면 특례의 제한 관련 / 답변6
  + [7861] ntt=13561 (5923) [기타] 간주취득. 신탁해지 관련 취득세 문의 / 답변1
  + [7862] ntt=13559 (5922) [기타] 경찰관서차량 자동차세 비과세 관련 / 답변1
  + [7863] ntt=13558 (5921) [기타] 특별징수 연말정산 환급지에 관한 질의입니다 / 답변1
[page 1523 완료] 누적 신규 7863건  (이 게시판 저장 총 45,537건)
  + [7864] ntt=13557 (5920) [기타] 조달수수료 취득세 과세표준 포함 여부 / 답변1
  + [7865] ntt=13553 (5919) [기타] 농공단지 대체입주자 취득세 추징관련 / 답변1
  + [7866] ntt=13549 (5918) [기타] 신탁재산 부동산 압류해제관련 문의입니다 / 답변2
  + [7867] ntt=13547 (5917) [기타] 종교단체 무허가 태양광발전시설 취득세 감면 여부 질의 / 답변2
  + [7868] ntt=13546 (5916) [기타] 증여 취득 무효 후 납부한 상속 취득세 관련 문의입니다. / 답변1
  + [7869] ntt=13543 (5915) [기타] 징수유예 / 답변1
  + [7870] ntt=13542 (5914) [기타] (긴급)등기부 이력 정정 / 답변1
  + [7871] ntt=13540 (5913) [기타] 영업용 자동차 취득세 과세표준 문의드립니다. / 답변2
  + [7872] ntt=13539 (5912) [기타] 타 지자체 읍면동 포상금 지급 조례 존재 여부 / 답변1
  + [7873] ntt=13538 (5911) [기타] 지입차량관련 문의드립니다. / 답변1
  + [7874] ntt=13535 (5910) [기타] 합유형태의 부동산을 공유형태로 변경하는 경우 취득세 과세. / 답변1
  + [7875] ntt=13534 (5909) [기타] 농어촌주택개량사업 재산세감면 / 답변1
  + [7876] ntt=13533 (5908) [기타] 개인지방소득세 신고 관련 / 답변1
  + [7877] ntt=13532 (5907) [기타] 상속 등기 후 재분할 관련 문의 / 답변1
  + [7878] ntt=13531 (5906) [기타] 리스만료후 취득세 신고 문의 / 답변1
  + [7879] ntt=13526 (5905) [기타] 자동차세 비과세에 해당되는지 문의 드립니다. / 답변1
  + [7880] ntt=13519 (5904) [기타] 한정상속 승인 후 폐차말소 / 답변1
  + [7881] ntt=13517 (5903) [기타] 부동산에 대해 지방세 압류가 되어있는 경우 이전이 가능한. / 답변1
  + [7882] ntt=13513 (5902) [기타] 상속미등기인 경우 납세의무자 변동 관련 문의(재산세) / 답변1
  + [7883] ntt=13512 (5901) [기타] 취득세 부과제척기간 기산일 문의 / 답변2
  + [7884] ntt=13504 (5900) [기타] 과점주주 간주취득 관련 과세표준 적용 질의 / 답변3
  + [7885] ntt=13503 (5899) [기타] 차량 구조변경 취득세 비과세 대상 문의드립니다~! / 답변1
  + [7886] ntt=13501 (5898) [기타] 사실상 비과세중인 차량에 대한 압류해제 문의 / 답변2
  + [7887] ntt=13500 (5897) [기타] 지방세 추징에 관한 납기일 문의 / 답변1
  + [7888] ntt=13498 (5896) [기타] 개인정보보호법(과세자료제공) / 답변1
  + [7889] ntt=13497 (5895) [기타] 지입차량 질문입니다. / 답변2
  + [7890] ntt=13496 (5894) [기타] 상속 취득세 질문입니다. (수정) / 답변2
  + [7891] ntt=13495 (5893) [기타] 서민주택 1주택 판단시 / 답변2
  + [7892] ntt=13493 (5892) [기타] 등록면허세(면허) 질문드립니다... / 답변2
  + [7893] ntt=13489 (5891) [기타] 주민세(종업원분) 에서 중소기업공제 관련 문의 / 답변1
[page 1524 완료] 누적 신규 7893건  (이 게시판 저장 총 45,567건)
  + [7894] ntt=13488 (5890) [기타] 대체취득 기발급 보상금으로 경정청구 가능할까요? / 답변1
  + [7895] ntt=13486 (5889) [기타] 지식산업센터 추징~~ / 답변1
  + [7896] ntt=13485 (5888) [기타] 자동차세 상속한정승인 관련 궁금사항입니다. / 답변1
  + [7897] ntt=13484 (5887) [기타] 지방소득세 관련하여 질의합니다. / 답변1
  + [7898] ntt=13483 (5886) [기타] 재산세문의합니다 / 답변1
  + [7899] ntt=13482 (5885) [기타] 개별주택가격, 주택재산세 문의드립니다. / 답변2
  + [7900] ntt=13479 (5884) [기타] 한국농어촌공사 취득 부동산 / 답변1
  + [7901] ntt=13477 (5883) [기타] 신고무선국 등록면허세 과세여부 / 답변2
  + [7902] ntt=13476 (5882) [기타] [주민세종업원분] 중도퇴사자의 근로소득 / 답변1
  + [7903] ntt=13474 (5881) [기타] 차량취득세 장애인 감면 추징 질문입니다. / 답변2
  + [7904] ntt=13473 (5880) [기타] 주민세 문의 / 답변1
    [retry 1/3] ReadTimeout
    [retry 2/3] ConnectTimeout
  + [7905] ntt=13472 (5879) [기타] 자동차 취득세 다자녀 감면 문의 / 답변4
  + [7906] ntt=13469 (5878) [기타] 국가유공자 감면 소급적용 / 답변1
  + [7907] ntt=13468 (5877) [기타] 당초 감면사항 변경 적용 가능여부 문의 / 답변1
  + [7908] ntt=13467 (5876) [기타] 지방소득세(종합소득) 환급가산금 기산일 적용관련 문의입니. / 답변1
  + [7909] ntt=13463 (5875) [기타] 유공자 확인 / 답변2
  + [7910] ntt=13461 (5874) [기타] 자동차세 장애인 감면 대체취득 관련 질의 / 답변1
  + [7911] ntt=13459 (5873) [기타] 재산세 등기 접수일 및 등기 원인일 관련입니다 / 답변2
  + [7912] ntt=13456 (5872) [기타] 등기 완료한 토지 취득세 환급 문의 / 답변1
  + [7913] ntt=13452 (5871) [기타] 자동차세 장애인 감면 3명 공동명의 / 답변3
  + [7914] ntt=13450 (5870) [기타] 지특법 개정안 관련한 매매용 자동차 폐차 대한 질문입니다. / 답변1
  + [7915] ntt=13449 (5869) [기타] [급질문]경정청구 대상 가능 문의 / 답변1
  + [7916] ntt=13447 (5868) [기타] 창업중소기업 자본금증가 등록면허세 감면 질문 / 답변2
  + [7917] ntt=13445 (5867) [기타] 직장이 2군데인 체납자의 급여압류 / 답변1
  + [7918] ntt=13444 (5866) [기타] 취득세 감면 후 해당목적으로 사용않고 임대할 경우 / 답변1
  + [7919] ntt=13443 (5865) [기타] 장애인 자동차세 감면 추징근거에 관하여 / 답변1
  + [7920] ntt=13439 (5864) [기타] 차량 취득세 감면 질문 있습니다 / 답변5
  + [7921] ntt=13438 (5863) [기타] 차량 취득세 다자녀 감면 관련 문의드립니다. / 답변2
  + [7922] ntt=13436 (5862) [기타] 취득세 가산세 추징 / 답변2
  + [7923] ntt=13435 (5861) [기타] 임대사업자 감면 관련 문의 / 답변1
[page 1525 완료] 누적 신규 7923건  (이 게시판 저장 총 45,597건)
  + [7924] ntt=13432 (5860) [기타] 산림조합의 고유목적사업 / 답변2
  + [7925] ntt=13430 (5859) [기타] 체납자 사망 후 체납처분 관련 / 답변2
  + [7926] ntt=13428 (5858) [기타] 농어촌 주택개량사업에 대한 감면 / 답변1
  + [7927] ntt=13427 (5857) [기타] 차량 취득세 소송 관련질문입니다 / 답변2
  + [7928] ntt=13426 (5856) [기타] 금융리스 차량 취득세 질문입니다. / 답변3
  + [7929] ntt=13425 (5855) [기타] 장애인 자동차세 감면시점 문의 / 답변2
  + [7930] ntt=13424 (5854) [기타] 공장 경락취득시 기계기구 감정가는 빼고 취득세 부과하나요. / 답변1
  + [7931] ntt=13423 (5853) [기타] 지방소득세(특별징수) 수정신고 / 답변1
  + [7932] ntt=13422 (5852) [기타] 지하수 개발이용 용도변경 등록면허세(면허) / 답변1
  + [7933] ntt=13421 (5851) [기타] 지방소득세(특별징수) 수정신고 / 답변1
  + [7934] ntt=13420 (5850) [기타] 지방교육세 및 농어촌특별세액 과세표준 문의드립니다. / 답변2
  + [7935] ntt=13419 (5849) [기타] 국가, 지방자치단체가 운영하는 야영장에 등록면허세 부과/. / 답변1
  + [7936] ntt=13416 (5848) [기타] 재산세 대장 정비에 관해서 질문있습니다. / 답변1
  + [7937] ntt=13413 (5847) [기타] 지방세 체납 전화상 안내관련하여 질문 / 답변2
  + [7938] ntt=13412 (5846) [기타] 농업협동조합 문화센터 및 창고관련 질의 / 답변1
  + [7939] ntt=13408 (5845) [기타] 차량 취득세 감면(다자녀) 2018년에 취득, 2019년. / 답변3
  + [7940] ntt=13406 (5844) [기타] 자동차세 부과기준 / 답변1
  + [7941] ntt=13405 (5843) [기타] 장애인감면 관련 문의(장애인과 2명이 공동등록하였을때) / 답변2
  + [7942] ntt=13402 (5842) [기타] 등록면허세(면허) 한약방 / 답변2
  + [7943] ntt=13401 (5841) [기타] 추가 압류에 대한 문의 / 답변1
  + [7944] ntt=13400 (5840) [기타] 미사용승인 건축물의 부속토지 과세형태 / 답변1
  + [7945] ntt=13398 (5839) [기타] 시가표준액 관련 문의 / 답변1
  + [7946] ntt=13394 (5838) [기타] 차량 취득세 관련 질문입니다~ / 답변1
  + [7947] ntt=13392 (5837) [기타] 환지에 의해 문중이 농지를 취득할 경우 토지형태? / 답변1
  + [7948] ntt=13389 (5836) [기타] 지식산업센터 감면(지원시설) / 답변1
  + [7949] ntt=13387 (5835) [기타] 토지 수용 대체취득에 따른 감면 / 답변1
  + [7950] ntt=13385 (5834) [기타] 지방세법 제4조 제4항 및 동법시행령 제4조 제3항에 대. / 답변1
  + [7951] ntt=13384 (5833) [기타] 마을회 소유 토지의 공유물분할시 취득세 100%감면 가능. / 답변1
  + [7952] ntt=13383 (5832) [기타] 지방소득세 양도소득분 환급 관련 / 답변1
  + [7953] ntt=13382 (5831) [기타] 지식산업센터(토지) 재산세 감면 문의 드립니다. / 답변1
[page 1526 완료] 누적 신규 7953건  (이 게시판 저장 총 45,627건)
  + [7954] ntt=13381 (5830) [기타] 고지서 송달 적법여부 문의 / 답변1
  + [7955] ntt=13379 (5829) [기타] 농협 감면 및 분리과세 문의 / 답변1
  + [7956] ntt=13378 (5828) [기타] 양도소득세 가산세 관련 / 답변1
  + [7957] ntt=13377 (5827) [기타] 차량 취득세 장애 감면 관련 질문입니다. / 답변1
  + [7958] ntt=13376 (5826) [기타] 연말정산으로 인한 환급 / 답변1
  + [7959] ntt=13373 (5825) [기타] 창업중소기업 감면시 실제 영위하는 업종 / 답변1
  + [7960] ntt=13372 (5824) [기타] 재산세 환급 화해권고결정에 따른 지방교육세 환급 여부 / 답변1
  + [7961] ntt=13371 (5823) [기타] 농업법인의 주택 취득세에 대한 질문 / 답변1
  + [7962] ntt=13366 (5822) [기타] 특수관계인 질의 / 답변1
  + [7963] ntt=13365 (5821) [기타] 양도소득분 개인 지방소득세 가산세 / 답변1
  + [7964] ntt=13363 (5820) [기타] 재산세 납세의무자 확인요청 / 답변1
  + [7965] ntt=13362 (5819) [기타] 번호판 영치 반환시 책임보험 가입 관련 문의 / 답변2
  + [7966] ntt=13361 (5818) [기타] 상속 1가구1주택 검토 서류 질문 / 답변2
  + [7967] ntt=13360 (5817) [기타] 지방세 환급 소멸시효 관련 문의 / 답변2
  + [7968] ntt=13358 (5816) [기타] 장애인 감면 자동차 취득세와 그차의 자동차세 감면 여부 / 답변1
  + [7969] ntt=13355 (5815) [기타] 건축허가.신고 설계변동에 대한 등록면허세(면허) 부과여부 / 답변1
  + [7970] ntt=13353 (5814) [기타] 차량취득세 법인합병 감면 질의드립니다. / 답변1
  + [7971] ntt=13351 (5813) [기타] 지방소득세 종합소득분 납세지 문의 / 답변2
  + [7972] ntt=13349 (5812) [기타] 지방세 제증명 발급 관련 / 답변1
  + [7973] ntt=13348 (5811) [기타] 산업단지 준공 후 일반용지(지원시설-근린생활시설,연구시설. / 답변1
  + [7974] ntt=13345 (5810) [기타] 캐노피 주민세(재산분) 부과 관련 질의 / 답변1
  + [7975] ntt=13343 (5809) [기타] 재산세 과세대장 등재 여부 제3자 확인가능한가요? / 답변2
  + [7976] ntt=13342 (5808) [기타] 판결로 신고한 취득세 문의드립니다. / 답변2
  + [7977] ntt=13341 (5807) [기타] 지방소득세 국세청 통보자료 유형별 환급문의 / 답변1
  + [7978] ntt=13338 (5806) [기타] 토지 매매 취득세 세율(공부:전,현황:나대지) / 답변2
  + [7979] ntt=13337 (5805) [기타] 가설건축물 축조신고 관련 필지를 모두 별도합산으로 봐야할. / 답변1
  + [7980] ntt=13335 (5804) [기타] 퇴직소득 특별징수하여 신고납부하는 은행 / 답변1
  + [7981] ntt=13334 (5803) [기타] 재산세 최소납부제와 관련하여 질의드립니다. / 답변1
  + [7982] ntt=13332 (5802) [기타] 신탁재산의 신탁자가 바뀐경우 / 답변2
  + [7983] ntt=13331 (5801) [기타] 체납차량 현장공매 관련 문의사항입니다. / 답변1
[page 1527 완료] 누적 신규 7983건  (이 게시판 저장 총 45,657건)
  + [7984] ntt=13330 (5800) [기타] 법무사의 위임 / 답변1
  + [7985] ntt=13327 (5799) [기타] 경락토지위, 무허가건물 / 답변2
  + [7986] ntt=13326 (5798) [기타] 취득신고 후 매도자 사망시 매매계약해제 / 답변1
  + [7987] ntt=13325 (5797) [기타] 지역 농협 구매, 판매사업용 토지 해당 여부 / 답변1
  + [7988] ntt=13323 (5796) [기타] 취득세 과세표준 산입여부 / 답변1
  + [7989] ntt=13322 (5795) [기타] 농업회사법인 축산업 감면신청 관련 / 답변1
  + [7990] ntt=13319 (5794) [기타] 택지개발시 토지분양의 간접비 / 답변1
  + [7991] ntt=13318 (5793) [기타] 사회복지법인(공익법인)의 체납처분 / 답변1
  + [7992] ntt=13316 (5792) [기타] 차량취득세 다자녀 감면과 관련해 질문드립니다. / 답변2
  + [7993] ntt=13315 (5791) [기타] 지방세 납세증명서(신탁관련) 문의 / 답변2
  + [7994] ntt=13314 (5790) [기타] 지목변경 신축 공시지가문의 / 답변1
  + [7995] ntt=13311 (5789) [기타] 매매상사로 차량 등록 후 개인명의로 보험 가입 후 운행중. / 답변1
  + [7996] ntt=13310 (5788) [기타] 금융 정보 제공 가능 여부 / 답변1
  + [7997] ntt=13308 (5787) [기타] 화해권고결정문(재산세)관련입니다 / 답변2
  + [7998] ntt=13307 (5786) [기타] 자동차 소형일반버스예상 차종오류 / 답변1
  + [7999] ntt=13306 (5785) [기타] 감면적용이후 세대분리된 공동명의자 등록 / 답변1
  + [8000] ntt=13305 (5784) [기타] 소유권이전 등기 후 합의해제시 등록면허세 세율 질문입니다. / 답변2
  + [8001] ntt=13304 (5783) [기타] 지특법 제57조의 2 제4항 현물출자 질문 드립니다 / 답변1
  + [8002] ntt=13303 (5782) [기타] 산업단지 감면 규정 중 중소기업자에게 임대 감면 / 답변1
  + [8003] ntt=13302 (5781) [기타] 자경농민 감면 후 농지전용 등 허가시 추징 여부 / 답변1
  + [8004] ntt=13300 (5780) [기타] 지방소득세(법인소득) 기한 후 신고 관련 답변 부탁드립니. / 답변1
  + [8005] ntt=13299 (5779) [기타] 건축 등록면허세 허가취소 후 같은 내용으로 허가시 / 답변1
  + [8006] ntt=13296 (5778) [기타] 지역주택조함 지위승계받은 승계조합원의 취득세 과세방법 / 답변2
    [retry 1/3] ReadTimeout
  + [8007] ntt=13295 (5777) [기타] 공매 배분계산서 이의제기서 관련 질문입니다. / 답변2
  + [8008] ntt=13294 (5776) [기타] 토지매입용역비 취득신고 관련 / 답변1
  + [8009] ntt=13292 (5775) [기타] 지방소득세(양도소득) 유예관련 질의 / 답변1
  + [8010] ntt=13291 (5774) [기타] 위수탁 차량 관련 문의드립니다.. / 답변2
  + [8011] ntt=13289 (5773) [기타] 차량 구조변경(CNG 겸용) / 답변3
  + [8012] ntt=13288 (5772) [기타] 지목변경 취득세 관련 문의드립니다~ / 답변1
  + [8013] ntt=13287 (5771) [기타] 임대주택감면후 미등록 추징 가산세 문제 / 답변1
[page 1528 완료] 누적 신규 8013건  (이 게시판 저장 총 45,687건)
  + [8014] ntt=13285 (5770) [기타] 재산세 납세의무자 문의입니다. / 답변1
  + [8015] ntt=13284 (5769) [기타] 미지급 인계배분금 지급시 발생한 이자 처리 / 답변2
  + [8016] ntt=13281 (5768) [기타] 2004년 건물 시가표준액 자료를 급하게 찾습니다 / 답변1
  + [8017] ntt=13277 (5767) [기타] 종교단체 재산세 감면 질의 / 답변2
  + [8018] ntt=13276 (5766) [기타] 법인 균등분 주민세 관련 문의드립니다 / 답변1
  + [8019] ntt=13274 (5765) [기타] 과점주주 간주취득세 자기주식 취득 후 지분율 변동에 따른. / 답변1
  + [8020] ntt=13273 (5764) [기타] 지방소득세(특별징수) 환급관련입니다. / 답변1
  + [8021] ntt=13269 (5763) [기타] 구조변경 관련 질문 / 답변3
  + [8022] ntt=13268 (5762) [기타] 법인 소유 건물(미등기 증축 면적)에 대한 (구)등록세 . / 답변1
  + [8023] ntt=13263 (5761) [기타] 기계장비 과세관련 질의드립니다. / 답변3
  + [8024] ntt=13262 (5760) [기타] 지방세 체납여부 조회 회신 관련 질의 / 답변1
  + [8025] ntt=13260 (5759) [기타] 재산세 2차납세의무자 관련 문의 / 답변1
  + [8026] ntt=13258 (5758) [기타] 이런 경우 재산세 납세의무자 질문드립니다. / 답변1
  + [8027] ntt=13256 (5757) [기타] 민통선 이북지역 재산세 토지관련 문의 / 답변1
  + [8028] ntt=13255 (5756) [기타] A → B → A 로 취득 물건 이동시 취득세 부과 관련. / 답변1
  + [8029] ntt=13252 (5755) [기타] 종교단체 감면 문의 / 답변2
  + [8030] ntt=13251 (5754) [기타] 자경농민 감면 문의 / 답변1
  + [8031] ntt=13250 (5753) [기타] 2차 징수유예 가능성 / 답변1
  + [8032] ntt=13249 (5752) [기타] 취득세 과세표준 질의 / 답변1
  + [8033] ntt=13247 (5751) [기타] 장애인 공동명의 취득세, 자동차세 감면 추징 / 답변2
  + [8034] ntt=13246 (5750) [기타] 임대사업자 상속1주택 / 답변1
  + [8035] ntt=13245 (5749) [기타] 납세자번호에 관하여 / 답변1
  + [8036] ntt=13243 (5748) [기타] 건축물 높이만 증축했을 경우 취득세 부과방법 문의드립니다. / 답변1
  + [8037] ntt=13240 (5747) [기타] 부과철회, 제2차 납세의무자 지정 문의 / 답변1
  + [8038] ntt=13239 (5746) [기타] 무신고 가산세 적용 문의드립니다. / 답변2
  + [8039] ntt=13238 (5745) [기타] 법인지방소득세..... / 답변2
  + [8040] ntt=13236 (5744) [기타] 기업부설연구소 설치 기산일 문의 / 답변1
  + [8041] ntt=13234 (5743) [기타] 승합자동차 구조변경관련 취득세 감면대상 여부 문의 / 답변1
  + [8042] ntt=13233 (5742) [기타] 자동차 소유자 사망에 따른 배우자(외국인)소재파악이 안될. / 답변1
  + [8043] ntt=13232 (5741) [기타] 연대납세의무관련 질의드립니다. / 답변2
[page 1529 완료] 누적 신규 8043건  (이 게시판 저장 총 45,717건)
  + [8044] ntt=13231 (5740) [기타] 상가주택 취득세 부과 시 과표재산정 여부 / 답변1
  + [8045] ntt=13230 (5739) [기타] 부동산투자회사가 목적사업에 사용하기 위하여 소유하고 있는. / 답변1
  + [8046] ntt=13228 (5738) [기타] 창업 동종업 기준 문의 / 답변1
  + [8047] ntt=13225 (5737) [기타] 영농여건불리농지 과세유형 / 답변1
  + [8048] ntt=13224 (5736) [기타] 자동차 도난관련 자동차세 질의 / 답변1
  + [8049] ntt=13222 (5735) [기타] 합병법인이 승계 받은 사업을 폐지하였다고 볼 수 있는지 . / 답변1
  + [8050] ntt=13218 (5734) [기타] 지방소득세(특별징수) 환급관련입니다. / 답변1
  + [8051] ntt=13217 (5733) [기타] 재개발 조합원 취득세 감면(2019.1.1기준) / 답변1
  + [8052] ntt=13214 (5732) [기타] 한국토지주택공사의 주택신축(다중주택 및 다가구주택) / 답변1
  + [8053] ntt=13212 (5731) [기타] 가설건축물 취득세 / 답변3
  + [8054] ntt=13211 (5730) [기타] 진단용 방사선 발생장치 설치운영 등록면허세 / 답변2
  + [8055] ntt=13209 (5729) [기타] 법인지방소득세 환급가산금 기산일 적용 관련 문의 / 답변1
  + [8056] ntt=13207 (5728) [기타] 재개발 등 아파트의 취득에 관한 질의 입니다. / 답변1
  + [8057] ntt=13206 (5727) [기타] 국세청 원천징수 통보자료 질문 드립니다~ / 답변1
  + [8058] ntt=13205 (5726) [기타] 지방세 징수법 제26조 제2항 관련 질문 / 답변1
  + [8059] ntt=13204 (5725) [기타] 면허세 관련 문의(도로점용,하천점용 등) / 답변1
  + [8060] ntt=13203 (5724) [기타] 2019.1.1.부터 시행되는 장애인 등의 차량의 대체취. / 답변2
  + [8061] ntt=13201 (5723) [기타] 주택 유상세율 또는 1가구 1주택판단시 / 답변1
  + [8062] ntt=13199 (5722) [기타] 사실혼 배우자와 그 자녀의 상속에 관한 질의입니다 / 답변1
    [retry 1/3] ReadTimeout
  + [8063] ntt=13198 (5721) [기타] 사실상 도로 비과세 유무 질의 / 답변1
  + [8064] ntt=13195 (5720) [기타] 잡종지로 볼수 있는지요? / 답변1
  + [8065] ntt=13192 (5719) [기타] 세금(증여세) 미납액을 부담부 채무로 볼수있는지요? / 답변1
  + [8066] ntt=13189 (5718) [기타] 농업회사법인 추징문의 / 답변1
  + [8067] ntt=13187 (5717) [기타] 중소기업간 통합에 따른 취득재산 취득세 감면 문의 / 답변1
  + [8068] ntt=13186 (5716) [기타] 재단채권 신고 시 납세의무성립일 기준으로 신고 해야 하는. / 답변1
  + [8069] ntt=13184 (5715) [기타] 타 공공기관에서의 공문요청으로 납세증명서 발급 가능 여부 / 답변1
  + [8070] ntt=13183 (5714) [기타] 시설물(지하탱크)도 별도합산토지 산정시 바닥면적에 포함여. / 답변1
  + [8071] ntt=13181 (5713) [기타] 지방세 공시송달 / 답변1
  + [8072] ntt=13179 (5712) [기타] 지방세 부과철회2 / 답변1
  + [8073] ntt=13177 (5711) [기타] 전기이륜차 관련 질의드립니다. / 답변2
[page 1530 완료] 누적 신규 8073건  (이 게시판 저장 총 45,747건)
  + [8074] ntt=13176 (5710) [기타] 공매차량에 대한 책임보험 등 과태료 문의 / 답변1
  + [8075] ntt=13175 (5709) [기타] 취득세 감면 질의 / 답변1
  + [8076] ntt=13174 (5708) [기타] 대위등기 관련 문의드립니다. / 답변1
  + [8077] ntt=13173 (5707) [기타] 자동차 소유권이전등록 판결문 자동차세 / 답변1
  + [8078] ntt=13171 (5706) [기타] 지방소득세(종합소득) 납세지 질문드립니다. / 답변2
  + [8079] ntt=13170 (5705) [기타] 부동산소유자(채무자) 사망후 상속인 미등기로 인한 채권자. / 답변2
  + [8080] ntt=13169 (5704) [기타] 천재지변 대체차량 관련 / 답변2
  + [8081] ntt=13164 (5703) [기타] 과점주주 과세대상 문의 / 답변2
  + [8082] ntt=13160 (5702) [기타] 지방세기본법 제86조 적용 가능 여부에 대하여 질의드립니. / 답변3
  + [8083] ntt=13159 (5701) [기타] 추징 사유 발생일 문의 / 답변1
  + [8084] ntt=13156 (5700) [기타] 지방세 부과철회 / 답변1
    [retry 1/3] ReadTimeout
    [retry 2/3] ConnectTimeout
  + [8085] ntt=13152 (5699) [기타] 농협협동조합 지특법에 의한 감면과 최소납부세제에 따른 토. / 답변3
  + [8086] ntt=13150 (5698) [기타] 장애인 자동차 취득세 문의 / 답변2
  + [8087] ntt=13148 (5697) [기타] 법인지방소득세 연대납세의무자와 제2차납세의무자 / 답변1
  + [8088] ntt=13146 (5696) [기타] 5688번 과점주주 간주취득세 과세대상 여부 추가 질문 / 답변2
  + [8089] ntt=13145 (5695) [기타] 취득세 대수선 문의 / 답변2
  + [8090] ntt=13144 (5694) [기타] 총포소지 면허 갱신 면허세 부과하시나요? / 답변2
  + [8091] ntt=13143 (5693) [기타] 지방소득세 특별징수 납세지 문의입니다. / 답변1
  + [8092] ntt=13139 (5692) [기타] 자동차세 감면 관련 문의드립니다. / 답변1
  + [8093] ntt=13133 (5691) [기타] 산업단지내 신축시 조경공사비용과 관련 / 답변1
  + [8094] ntt=13132 (5690) [기타] 지주회사 제외 취득세 환급건 문의 / 답변1
  + [8095] ntt=13131 (5689) [기타] 법인분할/회원권 / 답변1
  + [8096] ntt=13128 (5688) [기타] 주민세(개인균등분) 부과 문의 / 답변1
  + [8097] ntt=13125 (5687) [기타] 지방소득세 소액징수면제 문의 / 답변0
  + [8098] ntt=13124 (5686) [기타] 농협 부속토지(분리과세건) / 답변2
  + [8099] ntt=13123 (5685) [기타] 과점주주 간주취득세 과세대상 여부 / 답변1
  + [8100] ntt=13122 (5684) [기타] 면허등록면허세 문의 / 답변2
  + [8101] ntt=13121 (5683) [기타] 지방소득세 가산세 관련 / 답변1
  + [8102] ntt=13119 (5682) [기타] 미등기건물 상속취득세 부과시 문의드립니다 / 답변2
  + [8103] ntt=13114 (5681) [기타] 재산세 창고 용도지수 관련입니다 / 답변1
[page 1531 완료] 누적 신규 8103건  (이 게시판 저장 총 45,777건)
  + [8104] ntt=13112 (5680) [기타] 재산조회에 따른 개인정보  공고 문의 / 답변0
  + [8105] ntt=13111 (5679) [기타] 감면차량 대체취득차량 미이전 추징관련 질의 / 답변1
  + [8106] ntt=13110 (5678) [기타] 종합소득 결정경정통보 관련 질문 / 답변1
  + [8107] ntt=13108 (5677) [기타] 농업협동조합 고유업무 사용 여부(장례식장) / 답변1
  + [8108] ntt=13107 (5676) [기타] 등록면허세(면허세) 질문 드립니다 / 답변1
  + [8109] ntt=13106 (5675) [기타] 행정소송 제출명령 요청 관련입니다(은행거래내역 요청법) / 답변1
  + [8110] ntt=13104 (5674) [기타] 합유재산 압류 가능하나요 / 답변3
  + [8111] ntt=13101 (5673) [기타] 차량 취득세 추징 및 자동차세 문의 / 답변1
  + [8112] ntt=13100 (5672) [기타] 보금자리사업지구 내 학교용지 지정토지의 재산세 감면 여부. / 답변1
  + [8113] ntt=13099 (5671) [기타] 토지의 형질변경 관련하여 문의 드립니다. / 답변1
  + [8114] ntt=13098 (5670) [기타] 교환취득후  계약취소 / 답변1
  + [8115] ntt=13097 (5669) [기타] 하나로마트부지를 분리과세로 인정 해 줄 수 있는지 여부 / 답변1
  + [8116] ntt=13096 (5668) [기타] 본점 중과세  여부 / 답변1
  + [8117] ntt=13092 (5667) [기타] 사소한 질문 / 답변2
  + [8118] ntt=13090 (5666) [기타] 주거용으로 사용중인 `무허가` 건물 취득시 농특세 비과세 / 답변1
  + [8119] ntt=13089 (5665) [기타] 종교단체 감면 문의 / 답변1
  + [8120] ntt=13087 (5664) [기타] 감정평가액으로 상속취득 신고 납부 후 시가표준으로 경정청. / 답변1
  + [8121] ntt=13086 (5663) [기타] 지점설치중과문의 / 답변1
  + [8122] ntt=13085 (5662) [기타] 주택도시보증공사 재산세(토지) 과세 유형 질문 / 답변1
  + [8123] ntt=13084 (5661) [기타] 상속등기를 경료하지 않은 부동산 압류 가능 여부 / 답변1
  + [8124] ntt=13083 (5660) [기타] 상속취득세-초보 / 답변1
  + [8125] ntt=13080 (5659) [기타] 대체취득감면, 자경농민 등 감면 시 20km 측정방법 / 답변4
  + [8126] ntt=13076 (5658) [기타] 상속차량 취득세 납세지 관련? / 답변1
  + [8127] ntt=13075 (5657) [기타] 창업감면 문의 / 답변1
  + [8128] ntt=13074 (5656) [기타] 회생채권 신고 / 답변1
  + [8129] ntt=13068 (5655) [기타] 같은 등록에 관계되는 재산이 둘 이상의 지자체에 있는 경. / 답변1
  + [8130] ntt=13067 (5654) [기타] 과점주주 특수관계인 사례 문의드립니다 / 답변1
  + [8131] ntt=13061 (5653) [기타] 납부기한 연장 / 답변1
  + [8132] ntt=13060 (5652) [기타] 주택공시가격 산정근거 공개여부 / 답변1
  + [8133] ntt=13056 (5651) [기타] 주민세(재산분) 과세대상 충족여부 문의 / 답변1
[page 1532 완료] 누적 신규 8133건  (이 게시판 저장 총 45,807건)
  + [8134] ntt=13055 (5650) [기타] 상속취득세 문의합니다. / 답변1
  + [8135] ntt=13051 (5649) [기타] 공동명의차량 인도명령 / 답변1
    [retry 1/3] ReadTimeout
  + [8136] ntt=13050 (5648) [기타] 미등기건물 재산세를 납부하고있다고해서 소유자로 볼수있을까. / 답변1
  + [8137] ntt=13047 (5647) [기타] 과점주주 취득세 문의 / 답변3
  + [8138] ntt=13046 (5646) [기타] 개인지방소득세 환급기산일 / 답변1
  + [8139] ntt=13045 (5645) [기타] 화물자동차의 차량 스키드 컨베이어 설치가 구조변경 취득세. / 답변1
  + [8140] ntt=13044 (5644) [기타] 자경농민으로 감면 받은 후 감면 불가 지역으로 이사(전출. / 답변2
  + [8141] ntt=13042 (5643) [기타] 재산세문의드립니다 / 답변1
  + [8142] ntt=13038 (5642) [기타] 유치원 추징대상인지 질의 드립니다. / 답변1
  + [8143] ntt=13037 (5641) [기타] 공동소유 차량취득세 / 답변1
  + [8144] ntt=13035 (5640) [기타] 책임의무보험 과태료를 면제받기위해 번호판영치 후 찾아가지. / 답변2
  + [8145] ntt=13034 (5639) [기타] 취득세 감면 후 추징 안되는 부득이한 사유 / 답변2
  + [8146] ntt=13029 (5638) [기타] 한국농어촌공사 담보농지를 타인에 임대로 양어장부지로  타. / 답변1
  + [8147] ntt=13027 (5637) [기타] 대지권이 없는 무허가 건물(주택)인 경우... / 답변1
  + [8148] ntt=13025 (5636) [기타] 부담부증여 취득세 문의드립니다. (전문가상담 2029 중. / 답변1
  + [8149] ntt=13023 (5635) [기타] 차량 취득세 장애인 감면 추징 관련 질문입니다. / 답변2
  + [8150] ntt=13022 (5634) [기타] 지방소득세(종합소득)납세지 문의드립니다 / 답변2
  + [8151] ntt=13021 (5633) [기타] 지특법 제57조의2 4항에 따른 포괄양수도시 순자산가액 . / 답변2
  + [8152] ntt=13013 (5632) [기타] 별도합산대상토지에 해당 여부 / 답변1
  + [8153] ntt=13012 (5631) [기타] 시각장애가 포함된 종합장애 4급 비과감면 적용 여부 문의 / 답변3
  + [8154] ntt=13011 (5630) [기타] 어업법인 감면 문의 / 답변1
  + [8155] ntt=13009 (5629) [기타] 천재지변으로 대체취득 문의입니다. / 답변1
  + [8156] ntt=13005 (5628) [기타] 과세대장 정보공개 청구 회신 가능 여부 / 답변1
  + [8157] ntt=13002 (5627) [기타] 침수차량 대체취득 관련 문의드립니다. / 답변1
  + [8158] ntt=13001 (5626) [기타] 태양광 발전시설용 토지 재산세 / 답변1
  + [8159] ntt=13000 (5625) [기타] 결손처분(무재산 등) 후.... / 답변1
  + [8160] ntt=12997 (5624) [기타] 차량 장애인, 유공자, 다자녀 감면에서 대체취득 관련 질. / 답변1
  + [8161] ntt=12994 (5623) [기타] 자동차 등의 압류시.... / 답변1
  + [8162] ntt=12990 (5622) [기타] 주민세(종업원분)  감면대상 여부 판단 부탁드려요~ / 답변1
  + [8163] ntt=12988 (5621) [기타] 공동사업자의 경우 지방소득세 토지등매매차익예정신고시 납세. / 답변1
[page 1533 완료] 누적 신규 8163건  (이 게시판 저장 총 45,837건)
  + [8164] ntt=12987 (5620) [기타] 주민세(종업원분) 일용직근로자 문의 / 답변1
  + [8165] ntt=12986 (5619) [기타] 상속 취득세 환급 문의 / 답변1
  + [8166] ntt=12985 (5618) [기타] 건물공실부분 토지감면분 추징문의 / 답변2
  + [8167] ntt=12983 (5617) [기타] 국가유공자 취득세 감면(주택조합원의 원시취득) 질의 / 답변1
  + [8168] ntt=12982 (5616) [기타] 종교단체가 사회복지시설 사업을 위하여 취득하는 부동산 감. / 답변1
  + [8169] ntt=12976 (5615) [기타] 주택 세율 적용 가능 문의 / 답변1
  + [8170] ntt=12974 (5614) [기타] 주민세 종업원분 비과세 질의 / 답변1
  + [8171] ntt=12973 (5613) [기타] 자경농 감면 문의드립니다. (배우자가 같은 시, 같은 면. / 답변1
  + [8172] ntt=12972 (5612) [기타] 농어촌공사 농업생산기반시설용 토지 "비과감면전 토지형태" / 답변1
  + [8173] ntt=12969 (5611) [기타] 사망자 종합소득세 문의드립니다 / 답변1
  + [8174] ntt=12968 (5610) [기타] 구조변경 차량 원형(카고)으로 변경후 매매시 과표를 어떻. / 답변2
  + [8175] ntt=12966 (5609) [기타] 무재산 결손처분에 대한 소멸시효 완성 / 답변1
  + [8176] ntt=12965 (5608) [기타] 선박 취득세 세율 적용 시 '등기·등록'의 관점 / 답변1
  + [8177] ntt=12962 (5607) [기타] 상속취득세 지분문의요~ / 답변2
  + [8178] ntt=12959 (5606) [기타] 취득세 법인중과, 지방세법시행령 26조 대도시법인중과세의. / 답변1
  + [8179] ntt=12958 (5605) [기타] 임대사업자 취득세 문의드립니다. / 답변1
  + [8180] ntt=12957 (5604) [기타] 인적분할 입목 부과시 과세방안 / 답변1
  + [8181] ntt=12956 (5603) [기타] 임대사업자 취득세 감면 문의 / 답변1
  + [8182] ntt=12953 (5602) [기타] 창업중소기업 문의 / 답변2
  + [8183] ntt=12950 (5601) [기타] 자동차세 장애인 감면 문의 드립니다 / 답변1
    [retry 1/3] ReadTimeout
  + [8184] ntt=12948 (5600) [기타] 근린공원 재산세 / 답변1
  + [8185] ntt=12947 (5599) [기타] 주민세 종업원분 기준 관련 / 답변1
  + [8186] ntt=12941 (5598) [기타] 2차납세의무자 사망 / 답변1
  + [8187] ntt=12935 (5597) [기타] 상속 취득세 문의 ㅠㅠ / 답변1
  + [8188] ntt=12934 (5596) [기타] 토지취득에 원인 매매계약 무효로 취득세 착오신고 / 답변2
  + [8189] ntt=12931 (5595) [기타] 농업법인 장뇌삼, 산양삼 조사 방법 / 답변1
  + [8190] ntt=12927 (5594) [기타] 영업권 등록세 문의 / 답변1
  + [8191] ntt=12926 (5593) [기타] 상속취득세 부과 후 환급, 재 신고시 신고일? / 답변1
  + [8192] ntt=12919 (5592) [기타] (단순)법인지방소득세 가산세 관련 / 답변1
  + [8193] ntt=12918 (5591) [기타] 건축주 변경 등록면허세 기준 / 답변3
[page 1534 완료] 누적 신규 8193건  (이 게시판 저장 총 45,867건)
  + [8194] ntt=12916 (5590) [기타] 농지상속취득세 / 답변2
  + [8195] ntt=12915 (5589) [기타] 건축물 사용승인 후 60일 이내 철거신고 후 철거완료했을. / 답변1
  + [8196] ntt=12914 (5588) [기타] 제2차납세의무자 재산 압류와 시효소멸 / 답변2
  + [8197] ntt=12912 (5587) [기타] 창업중소기업 감면 관련 문의(제조업) / 답변1
  + [8198] ntt=12911 (5586) [기타] 종교단체취득부동산 추징 가능여부 / 답변1
  + [8199] ntt=12910 (5585) [기타] 위반건축물 양성화 취득세 부과일자 / 답변1
  + [8200] ntt=12908 (5584) [기타] 농업법인의 감면 범위(지특법11조2항) / 답변1
  + [8201] ntt=12907 (5583) [기타] 원천징수 부과통보에 의한 특별징수 부과 / 답변1
  + [8202] ntt=12904 (5582) [기타] 신축아파트 지목변경 취득신고시 농어촌특별세 감면문의 / 답변1
  + [8203] ntt=12902 (5581) [기타] 특수관계 해당여부 / 답변2
  + [8204] ntt=12900 (5580) [기타] 주민세(종업원분) 과세대상 급여 포함여부 / 답변1
  + [8205] ntt=12899 (5579) [기타] 새로이 설립한 창업중소기업으로 볼 수 있는지 여부 / 답변1
    [retry 1/3] ReadTimeout
    [retry 2/3] ConnectTimeout
  + [8206] ntt=12898 (5578) [기타] 종업원분 주민세 중소기업고용지원 문의 / 답변1
  + [8207] ntt=12896 (5577) [기타] 폐업된 법인의 체납에 대하여 법인 대표자의 재산을 압류할. / 답변1
  + [8208] ntt=12895 (5576) [기타] 개인 공동사업자의 창업 해당여부 / 답변1
  + [8209] ntt=12894 (5575) [기타] 대체취득시 부재지주 판단 / 답변1
  + [8210] ntt=12893 (5574) [기타] 압류문의 / 답변1
  + [8211] ntt=12892 (5573) [기타] 식품위생관련 영업자 공동명의 시 등록면허세 부과여부 / 답변2
  + [8212] ntt=12890 (5572) [기타] 토지 측량으로 인한 면적 감소에 대한 재산세 문의 / 답변1
  + [8213] ntt=12887 (5571) [기타] 신탁회사의 타시도 물건이 공매진행될 경우 교부청구 가능여. / 답변1
  + [8214] ntt=12884 (5570) [기타] 산업단지 토지 취득세 감면 후  공동으로 공장신축시 감면. / 답변2
  + [8215] ntt=12883 (5569) [기타] 결손처분시 수색조서 작성관련 / 답변0
  + [8216] ntt=12882 (5568) [기타] 차량 시가표준액 산정 질문입니다 / 답변0
  + [8217] ntt=12877 (5567) [기타] 주민세 종업원분 질의 / 답변1
  + [8218] ntt=12876 (5566) [기타] 종교단체(불교) 경내 임야 취득세 감면은? / 답변1
  + [8219] ntt=12874 (5565) [기타] 자경농민 농지취득세50% 감면분 추징시 가산세 / 답변3
  + [8220] ntt=12872 (5564) [기타] 주민세 종업원분 문의 / 답변1
  + [8221] ntt=12871 (5563) [기타] 부담부증여시 채무액 증빙서류 문의드립니다. / 답변1
  + [8222] ntt=12870 (5562) [기타] 지특법 제11조 관련 문의 / 답변1
  + [8223] ntt=12869 (5561) [기타] 주민세(법인균등)의 '사업소' 의미 / 답변1
[page 1535 완료] 누적 신규 8223건  (이 게시판 저장 총 45,897건)
  + [8224] ntt=12867 (5560) [기타] 차량 공매시 개인 물품 관련 질문입니다. / 답변1
  + [8225] ntt=12860 (5559) [기타] 사용승인 전, 취득세 추징 후 건축주 변경 / 답변1
  + [8226] ntt=12858 (5558) [기타] 원시 취득 취득세 왕초보 질문이요 ㅠㅠ / 답변1
  + [8227] ntt=12857 (5557) [기타] 주민세(종업원분)관련 - 건설회사의 사업장 범위 / 답변1
    [retry 1/3] ReadTimeout
    [retry 2/3] ConnectTimeout
  + [8228] ntt=12856 (5556) [기타] 재산세 환급소멸시효관련 / 답변1
  + [8229] ntt=12854 (5555) [기타] 관허사업제한 문의드립니다. / 답변1
  + [8230] ntt=12853 (5554) [기타] 취득세 환급가산금 기산일 문의 / 답변1
  + [8231] ntt=12851 (5553) [기타] 시설물 사이의 도로에 대한 질문 / 답변1
  + [8232] ntt=12850 (5552) [기타] 검증이 이루어진 가격 / 답변4
  + [8233] ntt=12841 (5551) [기타] 농어촌공사 등록세 과세여부 문의 / 답변1
  + [8234] ntt=12840 (5550) [기타] 매매용으로 감면받은 중고건설기계의 용도변경시 추징문의 / 답변1
  + [8235] ntt=12839 (5549) [기타] 연부취득(대토보상)의 경우 대체취득 감면 해당여부 / 답변1
  + [8236] ntt=12835 (5548) [기타] 주민세(개인균등) 관련 질문 / 답변1
  + [8237] ntt=12831 (5547) [기타] 미등록 취득한 기계장비의 등록에 관한질문 / 답변2
  + [8238] ntt=12830 (5546) [기타] 사원용 오피스텔 임대주택 취득세 중과제외 문의 / 답변1
  + [8239] ntt=12825 (5545) [기타] 주민세(종업원분) 개별 사업소 판별 문의 / 답변1
  + [8240] ntt=12822 (5544) [기타] 주택세율적용 미등기 무허가 ( 지방세법 제11조 건축법 . / 답변2
  + [8241] ntt=12821 (5543) [기타] 재산세 대장 등재방법 문의...(수정) / 답변0
  + [8242] ntt=12819 (5542) [기타] 가등기인 경우 재산세 납세의무자 질문 / 답변1
  + [8243] ntt=12818 (5541) [기타] 사실상 잔금이 치루어진 후 계약해제 된 건 / 답변1
  + [8244] ntt=12817 (5540) [기타] 양도소득세 수정신고에 관한 문의 / 답변1
    [retry 1/3] ReadTimeout
  + [8245] ntt=12814 (5539) [기타] 당일 변경된 물건의 취득세 환급 가능 여부 / 답변2
  + [8246] ntt=12813 (5538) [기타] 재산세부과와 관련된 질의 / 답변1
  + [8247] ntt=12812 (5537) [기타] 법원의 지연으로 인한 상속 취득시기 관련문의 / 답변1
  + [8248] ntt=12810 (5536) [기타] 사망하기 전 부과된 세금에 대하여 상속자의 납세의무 / 답변1
  + [8249] ntt=12806 (5535) [기타] 전원주택 조성부지관련 지목변경 과세 여부 / 답변1
  + [8250] ntt=12805 (5534) [기타] 한국도로공사 통행료관련 압류 등 등록면허세 비과세 관련 . / 답변1
  + [8251] ntt=12803 (5533) [기타] 세외수입 압류 가능 여부 / 답변1
  + [8252] ntt=12802 (5532) [기타] 재산세 납세의무자 질의 / 답변2
    [retry 1/3] ReadTimeout
  + [8253] ntt=12801 (5531) [기타] 한정상속승인 체납 지방세 문의 / 답변1
[page 1536 완료] 누적 신규 8253건  (이 게시판 저장 총 45,927건)
  + [8254] ntt=12800 (5530) [기타] 멸실인정차량 행안부 지침? / 답변1
  + [8255] ntt=12799 (5529) [기타] 차량시가표준액 산정 질문입니다 / 답변3
  + [8256] ntt=12798 (5528) [기타] 신축시 조형물 과표여부 / 답변1
  + [8257] ntt=12797 (5527) [기타] 농협 주유소 감면 여부 / 답변1
    [retry 1/3] ReadTimeout
    [retry 2/3] ConnectTimeout
  + [8258] ntt=12795 (5526) [기타] 페업법인 환급 문의 / 답변1
  + [8259] ntt=12791 (5525) [기타] 자동차 취득세 문의입니다. / 답변4
    [retry 1/3] ReadTimeout
  + [8260] ntt=12790 (5524) [기타] 자경농민 감면 문의드립니다 / 답변2
    [retry 1/3] ReadTimeout
  + [8261] ntt=12788 (5523) [기타] 지방세법 제15조 제1항 관련 문의 / 답변1
  + [8262] ntt=12787 (5522) [기타] 차량 취득세 세율 문의 / 답변4
  + [8263] ntt=12786 (5521) [기타] 농지외 세율(4%) 농지세율(3%) 로 신고납부시 가산세. / 답변1
  + [8264] ntt=12783 (5520) [기타] 지방세 이의신청 후 심의위원회 미개최로 처리 할 수 있는. / 답변1
  + [8265] ntt=12782 (5519) [기타] 장애인 취득세감면 추징관련(혼인으로 인한 부득이한 사유) / 답변1
  + [8266] ntt=12778 (5518) [기타] 예시?가 궁금합니다. / 답변1
  + [8267] ntt=12777 (5517) [기타] 취득세 우편 신고접수에 따른 고지서 발송 어떻게들 하시는. / 답변3
  + [8268] ntt=12776 (5516) [기타] 상속 1가구 1주택 세율특례 / 답변2
  + [8269] ntt=12773 (5515) [기타] 지목변경 취득세 과세표준 문의 / 답변1
  + [8270] ntt=12772 (5514) [기타] 한국도로공사와 농어촌공사 재산세(토지) 부과 관련입니다. / 답변1
  + [8271] ntt=12766 (5513) [기타] 하이브리드 차량의 지분 취득에 따른 감면 허용 여부 질의 / 답변2
  + [8272] ntt=12763 (5512) [기타] 재산세 과세기준일 문의드립니다. / 답변1
  + [8273] ntt=12762 (5511) [기타] 종교용지 지목변경 취득세 문의드립니다. / 답변2
  + [8274] ntt=12761 (5510) [기타] 건축허가 받고 납부한 후 취소원제출하면 등록면허세(면허). / 답변2
  + [8275] ntt=12760 (5509) [기타] 도시환경정비사업으로 인한 부동산 취득시 취득세 감면 여부. / 답변4
  + [8276] ntt=12758 (5508) [기타] 상속취득세관련하여 문의드립니다. / 답변1
  + [8277] ntt=12757 (5507) [기타] 공매차량 배분관련 질문드립니다. / 답변2
  + [8278] ntt=12754 (5506) [기타] 다자녀 감면 혜택 후 1년 이내 장애2급 자녀에게 1% . / 답변2
  + [8279] ntt=12752 (5505) [기타] 신탁계약시 취득세 문의 / 답변1
  + [8280] ntt=12751 (5504) [기타] 공시지가 없는 토지 재산세 관련입니다. / 답변1
  + [8281] ntt=12748 (5503) [기타] 영농조합법인 소유 산나물공원 재산세 세율 적용과 관련하여. / 답변1
  + [8282] ntt=12744 (5502) [기타] 해산된 재건축정비사업조합에의 취득세 환급 / 답변1
  + [8283] ntt=12742 (5501) [기타] 법원의 조정조서에 의한 재산세 납세의무자는? / 답변1
[page 1537 완료] 누적 신규 8283건  (이 게시판 저장 총 45,957건)
  + [8284] ntt=12740 (5500) [기타] 등록면허세(임대사업자) / 답변2
  + [8285] ntt=12739 (5499) [기타] 작물이 식재되지 않은 상태를 농지(분리과세)로 재산세 과. / 답변1
  + [8286] ntt=12738 (5498) [기타] 차량경매시 압류말소 등록면허세 질문입니다. / 답변2
  + [8287] ntt=12737 (5497) [기타] 자경농민 농지 취득(감면) 후 전출 나갔다가 2년 이내 . / 답변2
  + [8288] ntt=12736 (5496) [기타] 도시개발사업내 비과세(도로) 적용 문의 / 답변1
  + [8289] ntt=12735 (5495) [기타] 재산세 사실상 소유자로의 납세의무자 정정과 관련하여 질의. / 답변2
  + [8290] ntt=12734 (5494) [기타] 구조변경관련 질문입니다. / 답변3
  + [8291] ntt=12731 (5493) [기타] 다음과같은 장애인취득차량에 대한 자동차세 감면가능여부입니. / 답변1
  + [8292] ntt=12730 (5492) [기타] 단위농협의 특정매입거래약정으로 인한 취득세 감면 / 답변1
  + [8293] ntt=12728 (5491) [기타] 지목변경 문의 / 답변1
  + [8294] ntt=12727 (5490) [기타] 상속등기 후  재 협의분활로 소유권경정 등기시 취득세 부. / 답변1
  + [8295] ntt=12726 (5489) [기타] 귀농인 감면 관련 문의드립니다. / 답변1
  + [8296] ntt=12724 (5488) [기타] 8.1 기준 휴학생인자, 그리고 취업준비생에 대한 주민세. / 답변1
  + [8297] ntt=12722 (5487) [기타] 침수차량 대체취득 취득세 감면에 대해 문의드립니다 / 답변3
  + [8298] ntt=12721 (5486) [기타] 토지수용에 따른 대체취득 시 지목변경분도 감면가능한지 여. / 답변1
  + [8299] ntt=12720 (5485) [기타] 차량 취득세(장애인 감면) 부분에서 추징사유에 대해 질문. / 답변3
  + [8300] ntt=12719 (5484) [기타] 어업권 이전 시 자영어민 판단 문의드립니다. / 답변2
  + [8301] ntt=12718 (5483) [기타] 취득세 이륜차량 이용자 리스에 관한 문의 / 답변2
  + [8302] ntt=12715 (5482) [기타] 신고불성실 가산세 대상 여부 / 답변1
  + [8303] ntt=12713 (5481) [기타] 한국농어촌공사 판결 취득 취득세 문의입니다. / 답변1
  + [8304] ntt=12712 (5480) [기타] (긴급)화물자동차운수사업법 시행 이전  지입차량 압류해제. / 답변2
  + [8305] ntt=12711 (5479) [기타] 임대사업자 재산세 감면 질의 / 답변1
  + [8306] ntt=12710 (5478) [기타] 교회 취득세추징세율 / 답변3
  + [8307] ntt=12709 (5477) [기타] 지방소득세(양도소득분) 납세지 문의 / 답변1
  + [8308] ntt=12708 (5476) [기타] 지특법 제8조 임업후계자 감면 질의드립니다. / 답변1
  + [8309] ntt=12707 (5475) [기타] 취득시기 / 답변1
  + [8310] ntt=12705 (5474) [기타] 지방세법시행령 제27조제5항 / 답변1
  + [8311] ntt=12704 (5473) [기타] 자동차 주인 사망 후 상속포기한 상속인들이 자동차 행방을. / 답변1
  + [8312] ntt=12703 (5472) [기타] 자동차 공매 업무 중 차량 점유시 관련 문의 / 답변2
  + [8313] ntt=12702 (5471) [기타] 면허세 부과여부 질문 / 답변2
[page 1538 완료] 누적 신규 8313건  (이 게시판 저장 총 45,987건)
  + [8314] ntt=12701 (5470) [기타] 등록면허세(면허) 사료제조업에 관해서 문의드립니다. / 답변3
  + [8315] ntt=12700 (5469) [기타] 주민세(재산분) 과세대상 여부 문의 드립니다. / 답변1
  + [8316] ntt=12699 (5468) [기타] 주민세(종업원분) 문의 / 답변1
  + [8317] ntt=12697 (5467) [기타] 용역회사 등에 있어서 종업원의 범위 관련 질의 / 답변1
  + [8318] ntt=12695 (5466) [기타] 차량 취득세 장애인 감면관련 / 답변1
  + [8319] ntt=12694 (5465) [기타] 법인설립 시 등록세 납부관련 질문입니다. / 답변4
  + [8320] ntt=12693 (5464) [기타] 이혼에 의한 취득시 자경농민 배우자 감면 적용 문의 / 답변2
  + [8321] ntt=12692 (5463) [기타] 영농법인(유통) 추징가능할까요? / 답변2
  + [8322] ntt=12690 (5462) [기타] 소유권 이전등기 발소 원인무효소송 확정 판결에 따른 재산. / 답변1
  + [8323] ntt=12688 (5461) [기타] 5446 답변에 대한 추가질문 요청 / 답변1
  + [8324] ntt=12687 (5460) [기타] 고급오락장 재산세 중과 / 답변1
  + [8325] ntt=12683 (5459) [기타] 장애인(국가유공자등) 공동 명의 차량의 취득세(지분이전). / 답변3
  + [8326] ntt=12681 (5458) [기타] 중복감면대상 관련 문의드립니다. / 답변1
  + [8327] ntt=12680 (5457) [기타] 경락취득건 창업중소기업 감면 해당여부 문의 / 답변2
  + [8328] ntt=12678 (5456) [기타] 국민주택채권과표산입여부 / 답변1
  + [8329] ntt=12677 (5455) [기타] 공익사업 교환 토지 취득세 감면 가능여부 / 답변3
  + [8330] ntt=12676 (5454) [기타] 가스관 설치 취득세 문의 / 답변1
  + [8331] ntt=12671 (5453) [기타] 지식산업센터 설립자 감면문의 드립니다. / 답변1
  + [8332] ntt=12670 (5452) [기타] 자동차 공매관련 문의입니다. / 답변2
  + [8333] ntt=12669 (5451) [기타] 증여 및 상속에 대한 취득세 문의드립니다. / 답변1
  + [8334] ntt=12668 (5450) [기타] 법인지방소득세 경정청구(세액공제감면) 관련문의 / 답변2
  + [8335] ntt=12667 (5449) [기타] 장애인 감면추징 관련 질문입니다. / 답변2
  + [8336] ntt=12666 (5448) [기타] 사원임대용 부동산 중과제외 / 답변1
  + [8337] ntt=12665 (5447) [기타] 등록면허세(면허분)질문드립니다. / 답변1
  + [8338] ntt=12664 (5446) [기타] 재산세 과세구분 / 답변1
  + [8339] ntt=12662 (5445) [기타] 공공기록 해제 500만원의 기준이 궁금합니다., / 답변2
  + [8340] ntt=12658 (5444) [기타] 창업중소기업 감면 관련 문의 / 답변1
  + [8341] ntt=12657 (5443) [기타] 귀농관련 '농촌'지역의 고견 부탁드립니다. / 답변1
  + [8342] ntt=12656 (5442) [기타] 취득세 감면대상자 유예기간에 취득이 완료되어야 감면유지가. / 답변2
  + [8343] ntt=12654 (5441) [기타] 취득세 가산세 부과 여부에 대한 질의 / 답변1
[page 1539 완료] 누적 신규 8343건  (이 게시판 저장 총 46,017건)
  + [8344] ntt=12651 (5440) [기타] 과점주주 과세여부 문의합니다. / 답변1
  + [8345] ntt=12648 (5439) [기타] 주택재산세 납세의무자 문의드립니다. / 답변1
  + [8346] ntt=12647 (5438) [기타] 취득세) 매수인 법인(매도인 개인) 매매계약 취소, 취득. / 답변2
  + [8347] ntt=12646 (5437) [기타] 지방소득세(특별징수) 관련 질문입니다. / 답변1
  + [8348] ntt=12645 (5436) [기타] 무료노인복지시설 감면서류? / 답변1
  + [8349] ntt=12642 (5435) [기타] 감면법인 사후관리시 유예기간이 지난 후 출장결과에 대한 . / 답변1
  + [8350] ntt=12640 (5434) [기타] 가설건축물 임대료 취득세 과세표준 궁금증 / 답변1
  + [8351] ntt=12638 (5433) [기타] 왕초보 상속 대위등기 질문입니다. ㅠㅠ / 답변1
  + [8352] ntt=12637 (5432) [기타] 보존등기 후 상속 임대주택 감면문의(취득세) / 답변1
  + [8353] ntt=12636 (5431) [기타] 주택유상취득 문의입니다 / 답변1
  + [8354] ntt=12635 (5430) [기타] 과점주주 취득세 관련 문의입니다. / 답변2
  + [8355] ntt=12634 (5429) [기타] 영농법인 조직 변경이 취득세 추징 사유인지 여부 / 답변1
  + [8356] ntt=12632 (5428) [기타] 과세정보 제공 여부 / 답변2
  + [8357] ntt=12631 (5427) [기타] 중과대상 물건 대한 최소납부제 / 답변1
  + [8358] ntt=12629 (5426) [기타] 조합아파트 원시취득 관련 취득세 문의드립니다. / 답변1
  + [8359] ntt=12628 (5425) [기타] 건설기계대여업 등록면허세 부과대상 문의 / 답변2
  + [8360] ntt=12624 (5424) [기타] 2010년 이전 등록세 과세표준 적용 문의 / 답변4
  + [8361] ntt=12623 (5423) [기타] 한 개인이 동일주소지에서 여러개의 사업을 하고있는경우 / 답변2
  + [8362] ntt=12621 (5422) [기타] 제2차 납세의무 지정 문의 (한도 문의) / 답변1
  + [8363] ntt=12618 (5421) [기타] 등록면허세 문의 / 답변1
  + [8364] ntt=12617 (5420) [기타] 재산세(주택) 납세의무자 문의드립니다.(수정질의) / 답변1
  + [8365] ntt=12613 (5419) [기타] 파산사건이 진행중인 법인에 대한 공탁금 추심 가능여부 질. / 답변2
  + [8366] ntt=12612 (5418) [기타] (산업단지 감면) 산업기술단지 내 산업용 건축물의 범위 / 답변1
  + [8367] ntt=12611 (5417) [기타] 부동산 대위등기후 상속포기판결제출시 재산세 납세의무자는? / 답변2
  + [8368] ntt=12610 (5416) [기타] 법인전환시 순자산가액 판단시기 / 답변1
  + [8369] ntt=12609 (5415) [기타] 등록면허세(면허) 상속 승계건 질의드립니다. / 답변1
  + [8370] ntt=12608 (5414) [기타] 물류창고(창고)용 건축물 부속토지를 공장용지로 볼 수 있. / 답변2
  + [8371] ntt=12607 (5413) [기타] 지방소득세(특별징수)세입경정요청시 / 답변1
  + [8372] ntt=12602 (5412) [기타] 문중소유 토지 과세코드 관련입니다 / 답변2
  + [8373] ntt=12601 (5411) [기타] 장애인 차량 취득세 면제 대상 / 답변2
[page 1540 완료] 누적 신규 8373건  (이 게시판 저장 총 46,047건)
  + [8374] ntt=12600 (5410) [기타] 찜질방 내 식당의 주민세(재산분) 납세의무 관련입니다 / 답변1
  + [8375] ntt=12598 (5409) [기타] 공원 편입토지 재산세 감면 문의입니다. / 답변1
  + [8376] ntt=12597 (5408) [기타] 법인의 물적분할 문의합니다 / 답변2
  + [8377] ntt=12593 (5407) [기타] 이행강제금 부과부서 요청에 따른 시가표준액 산정기준 문의 / 답변1
  + [8378] ntt=12592 (5406) [기타] 토지 도로 비과세 / 답변2
  + [8379] ntt=12591 (5405) [기타] 미사용승인 건축물의 부속토지 과세형태 / 답변2
  + [8380] ntt=12588 (5404) [기타] 자경농민의 농지 상속취득 사후관리 문의 / 답변3
  + [8381] ntt=12585 (5403) [기타] 미등기 건물 상속취득세 문의 / 답변1
  + [8382] ntt=12584 (5402) [기타] 국세청 종합소득세 결정경정부과자료 동시과세의 경우 징수유. / 답변2
  + [8383] ntt=12583 (5401) [기타] 전산상에서 감액과 환급의 차이가 궁금합니다~~ / 답변2
  + [8384] ntt=12582 (5400) [기타] 취득세 부담부증여 / 답변1
  + [8385] ntt=12581 (5399) [기타] 창고용지 위에 축사 신축시 감면 문의드립니다. / 답변2
  + [8386] ntt=12580 (5398) [기타] 차량취득세 추징 관련 질의드립니다. / 답변1
  + [8387] ntt=12578 (5397) [기타] 창업중소기업감면 인력승계여부 판단 질의 / 답변1
  + [8388] ntt=12577 (5396) [기타] 농지의 타용도 일시사용 허가 받은 토지의 지목변경 취득세. / 답변1
  + [8389] ntt=12576 (5395) [기타] 농업회사법인 농산물 발효 후 술 유통 가공용으로 이용시 / 답변1
  + [8390] ntt=12574 (5394) [기타] 재산세 공장 지역자원시설세 관련입니다. / 답변3
  + [8391] ntt=12573 (5393) [기타] 자경농민 취득세 감면 요건 중 종합소득금액 / 답변2
  + [8392] ntt=12572 (5392) [기타] 상속 취득세 문의 / 답변1
  + [8393] ntt=12571 (5391) [기타] 농업회사법인 감면 / 답변1
  + [8394] ntt=12568 (5390) [기타] 연부취등 중간에 계약해지시 기존 납부한 취득세 환급 여부 / 답변1
  + [8395] ntt=12566 (5389) [기타] 주차장 용도변경 및 용도변경 변경허가에 대한 등록면허세 / 답변2
  + [8396] ntt=12562 (5388) [기타] 특수건축물 높이적용 관련 질의 / 답변1
  + [8397] ntt=12561 (5387) [기타] 가설건축물 취득세 부과여부 / 답변2
  + [8398] ntt=12559 (5386) [기타] 자경농민 취득농지 감면 후  타인경작 추징시 가산세 시점 / 답변1
  + [8399] ntt=12558 (5385) [기타] 김현아의원 발의(재산세 1세대 1주택 세액공제) / 답변2
  + [8400] ntt=12554 (5384) [기타] 창업벤처중소기업 취득세 감면시 해당사업의 범위 / 답변2
  + [8401] ntt=12551 (5383) [기타] 착공신고 전 사전공사를 선행하고 착공신고 후 승인을 득한. / 답변2
  + [8402] ntt=12549 (5382) [기타] 자경농민 농지 취득세감면 / 답변1
  + [8403] ntt=12547 (5381) [기타] 취득세 중복신고? (상속 신고 후 판결에의한 매매 신고) / 답변1
[page 1541 완료] 누적 신규 8403건  (이 게시판 저장 총 46,077건)
  + [8404] ntt=12545 (5380) [기타] 과밀억제권역에서의 주택 중과 / 답변4
  + [8405] ntt=12544 (5379) [기타] 농특세(건축물대장상 축사이지만 실제로 거주하고 있는 경우. / 답변1
  + [8406] ntt=12540 (5378) [기타] 상속재산분할 조정판결 / 답변1
  + [8407] ntt=12539 (5377) [기타] 도장부스 설치 비용의 신축과세표준 포함 여부 / 답변1
  + [8408] ntt=12538 (5376) [기타] 양도소득분 지방소득세 문의드립니다. / 답변1
  + [8409] ntt=12533 (5375) [기타] 면허세 허가취소에 관하여 질의드립니다. / 답변2
  + [8410] ntt=12532 (5374) [기타] 법인지방소득세 안분 대상 관련하여 질문드립니다. / 답변1
  + [8411] ntt=12531 (5373) [기타] 자동차세(교도소 수감 중) 감면 가능한지 궁금합니다 / 답변1
  + [8412] ntt=12527 (5372) [기타] 행정소송 관련하여 문의드립니다. / 답변1
  + [8413] ntt=12526 (5371) [기타] 자동차세(구조변경) 감액 가능한지 문의합니다. / 답변1
  + [8414] ntt=12521 (5370) [기타] 지입차량 취득세 관련 문의.. / 답변2
  + [8415] ntt=12518 (5369) [기타] 경매 배당금 반환 관련 / 답변1
  + [8416] ntt=12515 (5368) [기타] 주민세(종업원분) 질의드립니다... / 답변2
  + [8417] ntt=12514 (5367) [기타] 지방소득세(특별징수) 연말정산 환급문의 / 답변1
  + [8418] ntt=12511 (5366) [기타] 신축건축물 내진등급 관련 / 답변1
  + [8419] ntt=12507 (5365) [기타] 유권해석 찾고 싶습니다.  (행정안전부 지방세정책과-23. / 답변2
  + [8420] ntt=12506 (5364) [기타] 아파트 분양 취득시기 문의 / 답변1
  + [8421] ntt=12501 (5363) [기타] 가산세 문의합니다. / 답변1
  + [8422] ntt=12500 (5362) [기타] 1가구 1주택 상속취득세 감면에 대해 / 답변2
  + [8423] ntt=12499 (5361) [기타] 창업중소기업감면 문의 / 답변1
  + [8424] ntt=12498 (5360) [기타] 자동차세(장애인)감면 문의입니다 / 답변1
  + [8425] ntt=12497 (5359) [기타] 무변론판결 취득세 신고 납부후 미등기 환급 / 답변2
  + [8426] ntt=12495 (5358) [기타] 신탁재산 압류해제 요건 / 답변2
  + [8427] ntt=12491 (5357) [기타] 자동차 반파 비과세 가능여부 문의 / 답변1
  + [8428] ntt=12490 (5356) [기타] 전기자동차충전기 및 충전전용구획설치 / 답변1
  + [8429] ntt=12488 (5355) [기타] 주민세(종업원분)신고서 작성 오류 시 처리방법 / 답변1
  + [8430] ntt=12487 (5354) [기타] 과세전적부심 기한도과 / 답변1
  + [8431] ntt=12485 (5353) [기타] 법인소득분 결손금 소급공제 관련 / 답변2
  + [8432] ntt=12484 (5352) [기타] 등록면허세(면허) 부과대상 여부 / 답변1
  + [8433] ntt=12475 (5351) [기타] 철도 저촉 토지 재산세 관련 문의입니다. / 답변1
[page 1542 완료] 누적 신규 8433건  (이 게시판 저장 총 46,107건)
  + [8434] ntt=12470 (5350) [기타] 부착된금고 납세의무자 / 답변1
  + [8435] ntt=12465 (5349) [기타] 법인분할 관련 문의 / 답변1
  + [8436] ntt=12464 (5348) [기타] 선등기 후수납 가산세 문의. / 답변2
  + [8437] ntt=12462 (5347) [기타] 신탁재산을 무상임대계약하여 종교목적 사용 시 재산세 비과. / 답변1
  + [8438] ntt=12459 (5346) [기타] 수의계약 질문입니다. / 답변1
  + [8439] ntt=12455 (5345) [기타] 운전학원 내에서만 사용하는 자동차 취득세문의(등록하지않고. / 답변2
  + [8440] ntt=12451 (5344) [기타] 등록면허세(면허) 제증명 관련 문의 / 답변2
  + [8441] ntt=12450 (5343) [기타] 자동차세 연납 후 전출 / 답변3
  + [8442] ntt=12448 (5342) [기타] 회사명의 지입차량을 지입차주명의(개별화물)로 변경할 경우. / 답변3
  + [8443] ntt=12446 (5341) [기타] 상속취득세 관련 문의드립니다. / 답변1
  + [8444] ntt=12445 (5340) [기타] 재산세-분필된 토지위에 무허가 부속건물이 존재 / 답변1
  + [8445] ntt=12444 (5339) [기타] 토지 이전등기 전 사망 후 등기에 대한 취득세 문의 / 답변1
  + [8446] ntt=12443 (5338) [기타] 등록면허세 (면허) 관련 법인, 대표자 문의 / 답변2
  + [8447] ntt=12441 (5337) [기타] [사실관계추가]기납부한 취득세로 몇년 뒤 등기들어갈 때 . / 답변2
  + [8448] ntt=12440 (5336) [기타] 자경농민 취득세 감면 신청 후 사후관리 기간내 지목 변경. / 답변1
  + [8449] ntt=12438 (5335) [기타] 차량 개별소비세 인하에 따라 차량취득세 환급 문의 / 답변4
  + [8450] ntt=12437 (5334) [기타] 자동차세 환급시점 / 답변1
  + [8451] ntt=12435 (5333) [기타] 경정청구 가능 여부 / 답변1
  + [8452] ntt=12434 (5332) [기타] 지방소득세 (종합소득분) 수정신고 납세지 / 답변1
  + [8453] ntt=12431 (5331) [기타] 경정청구 기한 문의 / 답변3
  + [8454] ntt=12430 (5330) [기타] 자경농민 농지 상속 취득세 추징기한 / 답변1
  + [8455] ntt=12428 (5329) [기타] 지방세법 시행규칙 제48조의2 / 답변1
  + [8456] ntt=12425 (5328) [기타] 농어촌 주택 개량_100제곱미터 초과 / 답변1
    [retry 1/3] ReadTimeout
  + [8457] ntt=12421 (5327) [기타] 증여 취득세 환급여부 / 답변1
  + [8458] ntt=12418 (5326) [기타] 공장의 지방이전 감면 문의 / 답변2
  + [8459] ntt=12416 (5325) [기타] 회원권 압류 문의 / 답변1
  + [8460] ntt=12413 (5324) [기타] 해산 법인 재산세 부과관련 / 답변1
  + [8461] ntt=12412 (5323) [기타] 해산 법인 재산세 부과 / 답변1
  + [8462] ntt=12410 (5322) [기타] 과점주주 간주취득관련 질의하나드립니다. / 답변1
  + [8463] ntt=12409 (5321) [기타] 승계받은 임대보증금이 취득비용인가요? / 답변2
[page 1543 완료] 누적 신규 8463건  (이 게시판 저장 총 46,137건)
  + [8464] ntt=12406 (5320) [기타] 한정승인 및 상속 자동차세 관련해서 문의 드려요 / 답변1
  + [8465] ntt=12405 (5319) [기타] 주택건설사업 중과제외 질의 / 답변1
  + [8466] ntt=12401 (5318) [기타] 분양 취득세 신고시 옵션(시스템에어컨) 확인방법 / 답변1
  + [8467] ntt=12397 (5317) [기타] 자경농민 관련 질의 / 답변1
  + [8468] ntt=12393 (5316) [기타] 천재지변 등으로 인한 차량 대체취득 감면 관련문의 / 답변3
  + [8469] ntt=12392 (5315) [기타] 법무사 카드로 취득세 납부 문제 / 답변2
  + [8470] ntt=12391 (5314) [기타] 담임목사 명의로 등기된 사택에 대한 재산세 비과세 여,부 / 답변1
  + [8471] ntt=12390 (5313) [기타] 종중토지 양도소득세분 지방소득세 납세지 관할에 대한 추가. / 답변1
  + [8472] ntt=12389 (5312) [기타] 2차납세의무 지정 변경요청시 / 답변1
  + [8473] ntt=12386 (5311) [기타] 자동차세 문의드립니다. / 답변1
  + [8474] ntt=12384 (5310) [기타] 현물출자시 사업용고정자산의 범위 / 답변1
  + [8475] ntt=12383 (5309) [기타] 다운계약에 대한 수정신고 / 답변1
  + [8476] ntt=12381 (5308) [기타] 유치원 재산세 감면 문의 / 답변1
  + [8477] ntt=12380 (5307) [기타] 주민세(법인균등분)에서 법인의 자본금 문제 / 답변1
  + [8478] ntt=12377 (5306) [기타] 어린이집 감면받은후 타용도사용 추징 / 답변1
  + [8479] ntt=12376 (5305) [기타] 채권 압류 배분 / 답변1
  + [8480] ntt=12374 (5304) [기타] 공장의 지방이전 감면 관련 문의 / 답변1
  + [8481] ntt=12373 (5303) [기타] 어린이집 감면여부 문의 / 답변1
  + [8482] ntt=12371 (5302) [기타] 파산법인의 체납처분 / 답변3
  + [8483] ntt=12370 (5301) [기타] 청산종결한 법인의 2차납세의무 / 답변2
  + [8484] ntt=12366 (5300) [기타] 이혼으로 인한 재산분할 협의 취득세 부과 관련 / 답변2
  + [8485] ntt=12365 (5299) [기타] 최소납부제 관련하여 / 답변1
  + [8486] ntt=12363 (5298) [기타] 지역자원시설세 중과대상관련 질의(답변좀 부탁합니다) / 답변1
  + [8487] ntt=12348 (5297) [기타] 조정과 관련된 재산세 과세기준일? / 답변2
  + [8488] ntt=12345 (5296) [기타] 즐겁고 행복한 추석 명절 보내세요~~~ / 답변3
  + [8489] ntt=12344 (5295) [기타] 주택 현물출자 취득세율 / 답변2
  + [8490] ntt=12343 (5294) [기타] 지방소득세 계산... 하나더 문의드립니다. / 답변1
  + [8491] ntt=12341 (5293) [기타] 재산세 현황과세 질문입니다. / 답변1
  + [8492] ntt=12340 (5292) [기타] 재산세 직권등재 통지서 발송과 관련하여 / 답변1
  + [8493] ntt=12339 (5291) [기타] 콘도회원권 시가표준액 문의 / 답변1
[page 1544 완료] 누적 신규 8493건  (이 게시판 저장 총 46,167건)
  + [8494] ntt=12337 (5290) [기타] 각각의 장애인 자동차세 감면가능여부 / 답변3
  + [8495] ntt=12336 (5289) [기타] 대위등기 문의 / 답변1
  + [8496] ntt=12335 (5288) [기타] 장애 감면 문의(차량취득세) / 답변2
    [retry 1/3] ReadTimeout
  + [8497] ntt=12333 (5287) [기타] 농어촌공사 재산세 문의 / 답변1
  + [8498] ntt=12330 (5286) [기타] 자영어민 등에 대한 감면 문의 / 답변1
  + [8499] ntt=12326 (5285) [기타] 국가,지자체로부터 위임수탁받은 사단, 사법인의 차량취득세. / 답변2
  + [8500] ntt=12325 (5284) [기타] 지특법 6조 농지취득 감면 중 임야를 농지 조성여부 추징. / 답변2
    [retry 1/3] ReadTimeout
    [retry 2/3] ConnectTimeout
  + [8501] ntt=12322 (5283) [기타] 교통사고 차량 과세와 관련하여 궁금한 점이 있습니다. / 답변2
  + [8502] ntt=12321 (5282) [기타] 임대주택사업자[지특법31조1항] / 답변1
  + [8503] ntt=12320 (5281) [기타] 등기가 경료하지 않은 상태에서 재협의 상속으로 인한 취득. / 답변1
  + [8504] ntt=12319 (5280) [기타] 아래 5281번 임대사업자(현황과세 감면) 덧붙임 입니다. / 답변1
  + [8505] ntt=12313 (5279) [기타] 현황과세(임대사업자 감면) / 답변3
  + [8506] ntt=12312 (5278) [기타] 서민주택감면 (지특법 33조2항) - 이혼 접수 중(미판. / 답변1
  + [8507] ntt=12310 (5277) [기타] 지방소득세 환급금액 문의드립니다. / 답변2
  + [8508] ntt=12308 (5276) [기타] 물적분할법인취득 추가 질의 입니다 / 답변0
  + [8509] ntt=12307 (5275) [기타] 프랜차이즈 커피전문점이 신협고유업무(복지사업)인지 여부 / 답변2
  + [8510] ntt=12306 (5274) [기타] 분양권 마이너스 프리미엄에 관하여 / 답변1
  + [8511] ntt=12305 (5273) [기타] "개수"로 신고대상인지요. / 답변1
  + [8512] ntt=12304 (5272) [기타] 물적분할법인의 5년내  부동산 취득시 중과 여부 / 답변1
  + [8513] ntt=12300 (5271) [기타] 공장 등록변경 관련 질문입니다. / 답변1
  + [8514] ntt=12295 (5270) [기타] 임대사업자 면허의 종별구분 기준 문의 / 답변2
  + [8515] ntt=12293 (5269) [기타] 주택건설업자가 주택건설을 하기 위하여 취득한 토지에 대한. / 답변1
  + [8516] ntt=12291 (5268) [기타] 재산세 도로 비과세여부 / 답변1
  + [8517] ntt=12289 (5267) [기타] 아파트의 대지권 일부가 세대별로 등기가 미이행된 경우 사. / 답변1
  + [8518] ntt=12288 (5266) [기타] 등기가 경료하지 않은 상태에서 재협의 상속으로 인한 취득. / 답변1
  + [8519] ntt=12286 (5265) [기타] 창업중소기업감면 해당여부(신탁계약시) 급부탁! / 답변3
  + [8520] ntt=12285 (5264) [기타] 오피스텔 재산세 관련 문의(일반건축물) / 답변1
  + [8521] ntt=12281 (5263) [기타] 어린이집 재산세 감면  질의 / 답변1
  + [8522] ntt=12280 (5262) [기타] 원천징수 통보자료 대사 / 답변1
  + [8523] ntt=12277 (5261) [기타] 1월 지적재조사분에 대한 재산세 토지분 부과 문의 / 답변2
[page 1545 완료] 누적 신규 8523건  (이 게시판 저장 총 46,197건)
  + [8524] ntt=12275 (5260) [기타] 어촌계 고유목적사용 건축물 재산세, 지역자원시설세 감면 . / 답변1
  + [8525] ntt=12274 (5259) [기타] 지방세 징수유예 관련 질문입니다. / 답변1
  + [8526] ntt=12272 (5258) [기타] 다자녀 감면받은 중고차의 결함으로 반환시 취득세 추징문의 / 답변3
  + [8527] ntt=12270 (5257) [기타] 자동차세 압류 문의 / 답변1
  + [8528] ntt=12269 (5256) [기타] 간단) 창업 + 과밀억제권역 질의올립니다 / 답변2
  + [8529] ntt=12268 (5255) [기타] 농어촌 주택개량 사업 감면 추징문의 / 답변2
  + [8530] ntt=12266 (5254) [기타] 주민세 재산분 비영리 법인  납세의무 / 답변1
  + [8531] ntt=12263 (5253) [기타] 국세청 통보 자료 중 2014년 2월 귀속분에 대한 부과. / 답변1
  + [8532] ntt=12262 (5252) [기타] 천재지변 등으로 인한 대체취득에 의한 감면 문의 / 답변1
  + [8533] ntt=12261 (5251) [기타] 차량 취득세 추징관련 / 답변1
  + [8534] ntt=12260 (5250) [기타] 자동차 취득세 감면 후 기존 차량 매각 관련 / 답변3
  + [8535] ntt=12259 (5249) [기타] 비상장 법인의 주식 압류 방법 문의 / 답변1
  + [8536] ntt=12258 (5248) [기타] 등록면허세(면허)[동물미용업] / 답변1
  + [8537] ntt=12257 (5247) [기타] 친권포기된 자식들 상속가능 여부 / 답변1
  + [8538] ntt=12251 (5246) [기타] 과세전적부심사 청구 결정에 따른 부과시... / 답변1
  + [8539] ntt=12249 (5245) [기타] 취득세 최소납부제에 대한 질의입니다 / 답변2
  + [8540] ntt=12246 (5244) [기타] 2001년신고납부 취득세 감액환부 가능한가요? / 답변1
  + [8541] ntt=12243 (5243) [기타] 자경농민 감면 관련 질문입니다. / 답변1
  + [8542] ntt=12242 (5242) [기타] 가스압축기 / 답변1
  + [8543] ntt=12240 (5241) [기타] 골프장 건축물 운동시설(클럽하우스) 용도지수 문의 / 답변2
  + [8544] ntt=12239 (5240) [기타] 지방세 알림톡(카카오톡) 제안 / 답변2
  + [8545] ntt=12238 (5239) [기타] 장애인 2명 공동명의 감면차량 추징문의 / 답변1
  + [8546] ntt=12237 (5238) [기타] 창업중소기업 취득세 감면 관련해서 질문좀 하겠습니다! / 답변3
  + [8547] ntt=12236 (5237) [기타] 조직변경(주식회사->유한회사) 시 구비서류 문의드립니다. / 답변4
  + [8548] ntt=12235 (5236) [기타] 대위등기 관련 질문입니다 / 답변2
  + [8549] ntt=12234 (5235) [기타] 노익복지시설 관련 재산세 문의드립니다. / 답변1
  + [8550] ntt=12233 (5234) [기타] 신탁재산 압류 후 징수가능 체납액 / 답변2
  + [8551] ntt=12230 (5233) [기타] 기납부한, 취득세 환급가능여부 / 답변1
  + [8552] ntt=12228 (5232) [기타] 주택임대사업에 대한 면허분등록면허세 과세 / 답변2
  + [8553] ntt=12227 (5231) [기타] 회생 중 환급금 지급 가능 여부 / 답변1
[page 1546 완료] 누적 신규 8553건  (이 게시판 저장 총 46,227건)
  + [8554] ntt=12226 (5230) [기타] 회생 중 환급금 지급 가능 여부 관련 / 답변1
  + [8555] ntt=12225 (5229) [기타] 공동도급 건설현장 주민세(법인균등분) 부과관련입니다. / 답변1
  + [8556] ntt=12223 (5228) [기타] 상가 조합 환급 관련 / 답변1
  + [8557] ntt=12222 (5227) [기타] 농어촌특별세 정산 관련[감면분야] / 답변1
  + [8558] ntt=12221 (5226) [기타] 임대사업자 감면 문의드립니다. / 답변1
  + [8559] ntt=12219 (5225) [기타] 취득 미신고 수시 부과건이 감면대상이 되는 경우 / 답변1
  + [8560] ntt=12216 (5224) [기타] 주민세(재산분) 문의드립니다. / 답변1
  + [8561] ntt=12214 (5223) [기타] 재외국민거주자 주민세 과세여부 / 답변1
  + [8562] ntt=12213 (5222) [기타] 판결문 구합니다(일부 납부후 압류해제요구에 관하여) / 답변3
  + [8563] ntt=12212 (5221) [기타] 개발행위 허가 토지 재산세 부과 / 답변1
  + [8564] ntt=12210 (5220) [기타] 가설건축물 취득세 문의 / 답변2
  + [8565] ntt=12208 (5219) [기타] 법인의 지입차량 환급금 체납충당 / 답변1
  + [8566] ntt=12207 (5218) [기타] 조례를 제정해서 지방세를 부과 할 수 있는지..... / 답변2
  + [8567] ntt=12206 (5217) [기타] 주택 유상거래 세율 적용 문의입니다(건축물대장과 등기부 . / 답변1
  + [8568] ntt=12204 (5216) [기타] 재산세 건축물 부속토지 면적관련입니다. / 답변1
  + [8569] ntt=12203 (5215) [기타] 체납징수 공무직 근로자들의 신분증 관련 / 답변1
  + [8570] ntt=12202 (5214) [기타] 미상속토지 직권등재 문의 / 답변1
  + [8571] ntt=12198 (5213) [기타] 환지처분 공고일이후 재산세 토지형태의 유예 가능여부? / 답변1
  + [8572] ntt=12193 (5212) [기타] 배분요구종기일 이후 저당권 변경등록한 저당권자를 저당권자. / 답변2
  + [8573] ntt=12192 (5211) [기타] 문의드립니다. / 답변1
  + [8574] ntt=12189 (5210) [기타] 다자녀 취득세 감면후 1년이내 폭우에 따른 침수로 폐차말. / 답변4
  + [8575] ntt=12187 (5209) [기타] 사유지에 들어가 차량 영치가 가능한지 여부 / 답변5
  + [8576] ntt=12186 (5208) [기타] 재산세 납부 의무자 판정의 건 / 답변1
  + [8577] ntt=12185 (5207) [기타] 농촌개량주택 감면 추징 검토 / 답변2
  + [8578] ntt=12184 (5206) [기타] 재산세 부과 대상 확인 부탁 드립니다. / 답변1
  + [8579] ntt=12183 (5205) [기타] 주민세(재산분) 과세대상 문의드립니다. / 답변1
  + [8580] ntt=12182 (5204) [기타] 자영어민 어업권 면허 감면- 정기분의 경우 / 답변1
  + [8581] ntt=12181 (5203) [기타] 고지서 서식 관련하여 질문드려요 / 답변1
  + [8582] ntt=12179 (5202) [기타] 미등록 차량 세율 및 감면관련하여 문의드립니다 / 답변3
  + [8583] ntt=12178 (5201) [기타] 공탁금 추심 관련 문의 / 답변1
[page 1547 완료] 누적 신규 8583건  (이 게시판 저장 총 46,257건)
  + [8584] ntt=12177 (5200) [기타] 부과의 제척기간 문의 / 답변1
  + [8585] ntt=12176 (5199) [기타] 지목변경 변경전공시지가 적용 일자 여부 / 답변1
  + [8586] ntt=12175 (5198) [기타] 농지전용허가 등록면허세(면허분) / 답변1
  + [8587] ntt=12173 (5197) [기타] 지하 부설주차장 등록면허세 (면허) 부과문의 / 답변2
  + [8588] ntt=12172 (5196) [기타] 대체취득시 토지,건물의 보상금 수령일자가 다를때 1년 이. / 답변1
  + [8589] ntt=12171 (5195) [기타] [긴급] 상속취득세 감액대상? / 답변1
  + [8590] ntt=12170 (5194) [기타] 산업단지 신증축 건축물 감면 문의 / 답변2
  + [8591] ntt=12169 (5193) [기타] 소유권확인 화해권고결정시 세율문의 / 답변1
  + [8592] ntt=12168 (5192) [기타] 2차납세의무 문의 / 답변1
  + [8593] ntt=12166 (5191) [기타] 임대사업자 감면 문의 / 답변2
  + [8594] ntt=12164 (5190) [기타] 지역자원시설세 3배중과 문의 / 답변2
  + [8595] ntt=12163 (5189) [기타] 수탁자 고유체납으로 수탁재산에 압류(세외수입) 가능한지? / 답변1
  + [8596] ntt=12162 (5188) [기타] 해산간주법인 2차납세의무 / 답변1
  + [8597] ntt=12161 (5187) [기타] 임대사업자 감면 문의(의무기간내 일부 매각) / 답변1
  + [8598] ntt=12160 (5186) [기타] 회원제골프장 관련입니다 / 답변1
  + [8599] ntt=12155 (5185) [기타] 상점의 지역자원시설세 중과 문의드립니다 / 답변1
  + [8600] ntt=12154 (5184) [기타] 폐기물종합재활용업(면허세)변경허가 관련 질문입니다. / 답변1
  + [8601] ntt=12152 (5183) [기타] 창업중소기업 감면 문의 / 답변1
  + [8602] ntt=12151 (5182) [기타] 자영어민 등록면허세(면허) 면제 / 답변1
  + [8603] ntt=12150 (5181) [기타] 법인지방소득세 안분수정 / 답변1
  + [8604] ntt=12149 (5180) [기타] 일체의 비용 포함여부 / 답변1
  + [8605] ntt=12147 (5179) [기타] 지방소득세(특별징수) 연말정산분 환급 관련 질의 / 답변2
  + [8606] ntt=12146 (5178) [기타] 자치단체 조례로서 지방세 감면 한도액 설정(개별감면인 경. / 답변1
  + [8607] ntt=12145 (5177) [기타] 공장용지 분리과세 질문입니다. / 답변1
  + [8608] ntt=12144 (5176) [기타] 국세 체납 자료 요청 / 답변1
  + [8609] ntt=12141 (5175) [기타] 경정청구 검토사항 질문입니다! / 답변2
  + [8610] ntt=12136 (5174) [기타] 납부불성실 가산세 적용여부 / 답변1
  + [8611] ntt=12134 (5173) [기타] 지방소득세  확정신고 / 답변1
  + [8612] ntt=12133 (5172) [기타] 주민세 법인균등분,개인사업장균등분 이중부과문의 / 답변1
  + [8613] ntt=12132 (5171) [기타] 법인지방소득세 가산세 관련문의입니다, 도와주세요 ㅠ / 답변1
[page 1548 완료] 누적 신규 8613건  (이 게시판 저장 총 46,287건)
  + [8614] ntt=12131 (5170) [기타] 지특법제31조 1항 감면문의 / 답변2
  + [8615] ntt=12130 (5169) [기타] 가설건축물 상속 문의 / 답변1
  + [8616] ntt=12126 (5168) [기타] 중복감면 배제관련(천재지변 대체취득과 하이브리드 차량) / 답변3
  + [8617] ntt=12125 (5167) [기타] 이혼 재산분할 과세특례적용 문의 / 답변2
  + [8618] ntt=12124 (5166) [기타] 물적분할 감면 후 회생계획에 의거 주식매도계약 체결이 추. / 답변2
  + [8619] ntt=12122 (5165) [기타] 신탁의 경우 직접사용으로 볼수 있는지 여부. / 답변1
  + [8620] ntt=12120 (5164) [기타] 토지압류 상태에서 소유권 이전 문의 / 답변1
  + [8621] ntt=12119 (5163) [기타] 회생사건 채권신고 / 답변1
  + [8622] ntt=12113 (5162) [기타] 장애인 취득세 차량 감면 문의 / 답변2
  + [8623] ntt=12106 (5161) [기타] 상속관련입니다 / 답변1
  + [8624] ntt=12096 (5160) [기타] 국립대산학협력단의 산하 창업보육센터 주민세(재산분)부과문. / 답변1
  + [8625] ntt=12091 (5159) [기타] 직계존비속간 유상세율 인정?? / 답변1
  + [8626] ntt=12089 (5158) [기타] 상속 취득세 궁금합니다~!~! / 답변2
  + [8627] ntt=12088 (5157) [기타] 자동차세 환급가산금 문의 / 답변1
  + [8628] ntt=12085 (5156) [기타] 비영리법인 주민세 종업원분 문의 / 답변1
  + [8629] ntt=12084 (5155) [기타] 지역개발채권이 압류금지재산(예탁금)에 해당하는지 여부 / 답변1
  + [8630] ntt=12082 (5154) [기타] 취득세(부동산) 경정청구 기산일 질의 / 답변2
  + [8631] ntt=12080 (5153) [기타] 채무 부채승계를 확인한느방법? / 답변1
  + [8632] ntt=12079 (5152) [기타] 농어촌공사 농업기반시설용 토지 과세코드 / 답변1
  + [8633] ntt=12075 (5151) [기타] 회생절차에서 채권분류와 우선변제의 효력 / 답변4
  + [8634] ntt=12073 (5150) [기타] 지방소득세 종합소득분 복식부기의무자 가산세 문의 / 답변1
  + [8635] ntt=12072 (5149) [기타] 복합건축물에 대한 지역자원시설세 3배중과 / 답변1
  + [8636] ntt=12071 (5148) [기타] 세외수입 및 과태료 공공기록(신용정보제공) 등록방법 아시. / 답변1
  + [8637] ntt=12070 (5147) [기타] 축사 신축허가를 받은 답의 세율적용 / 답변1
  + [8638] ntt=12069 (5146) [기타] 공장용건축물의 범위 문의 / 답변1
  + [8639] ntt=12068 (5145) [기타] 지방의회 행정사무감사 관련 / 답변1
  + [8640] ntt=12066 (5144) [기타] 다자녀 감면차량 1년이내 현물출자로 운수회사로 이전된 경. / 답변2
  + [8641] ntt=12064 (5143) [기타] 멸실인정차량 비과세 감면 조항 문의 / 답변1
  + [8642] ntt=12061 (5142) [기타] 차량취득세 부과 가능여부 / 답변1
  + [8643] ntt=12059 (5141) [기타] 가스관 취득과표관련 질문드립니다. / 답변1
[page 1549 완료] 누적 신규 8643건  (이 게시판 저장 총 46,317건)
  + [8644] ntt=12057 (5140) [기타] 취득세 부과제척기간 기산일 / 답변1
  + [8645] ntt=12056 (5139) [기타] 등록면허세(면허) 납세의무 질의 / 답변1
  + [8646] ntt=12055 (5138) [기타] 취득세 일시적2주택 협의상속 / 답변1
    [retry 1/3] ReadTimeout
  + [8647] ntt=12054 (5137) [기타] 세외수입 체납자 관허사업 제한 관련 문의 / 답변1
  + [8648] ntt=12052 (5136) [기타] 법인지방소득세 과소신고 가산세 부과문의 / 답변1
  + [8649] ntt=12051 (5135) [기타] 지방세법시행령 제79조 해석 문의 / 답변1
  + [8650] ntt=12049 (5134) [기타] 지방세 환급 추심 문의 / 답변1
  + [8651] ntt=12041 (5133) [기타] 번호판영치 24시간 운행 관련 법 문의 / 답변3
  + [8652] ntt=12040 (5132) [기타] 창업감면 취득세 추징과 동시에 압류 / 답변1
  + [8653] ntt=12038 (5131) [기타] 등록면허세(면허) 납세의무 성립 여부 질의 / 답변1
  + [8654] ntt=12037 (5130) [기타] 경·공매시 2차납세의무자 교부청구 / 답변1
  + [8655] ntt=12034 (5129) [기타] 현재 철거된건물 압류해제 여부 / 답변1
  + [8656] ntt=12031 (5128) [기타] 공부와 현황이 다른 건축물 취득시!!!! / 답변1
  + [8657] ntt=12030 (5127) [기타] 공장 지역자원시설세 중과세 문의 / 답변1
  + [8658] ntt=12029 (5126) [기타] 등록면허세(면허) 공동명의자의 납세의무 성립여부 등 질의. / 답변1
  + [8659] ntt=12026 (5125) [기타] 회생개시신청 / 답변1
  + [8660] ntt=12025 (5124) [기타] 취득세 일시적 2주택 협의상속 / 답변1
  + [8661] ntt=12024 (5123) [기타] 주민세(재산분) / 답변1
  + [8662] ntt=12022 (5122) [기타] 개발제한구역 내 무허가 건축물 부속토지 도시지역분 문의 / 답변1
  + [8663] ntt=12019 (5121) [기타] 학술연구단체 감면 관련 시행령 단서조항 관련 / 답변1
  + [8664] ntt=12017 (5120) [기타] 제출서류관련입니다. / 답변1
  + [8665] ntt=12015 (5119) [기타] 파산법인 공공기록정보 등록 가능여부 / 답변1
  + [8666] ntt=12013 (5118) [기타] 지방소득세 특별징수분 소득구분 오류수납 / 답변1
  + [8667] ntt=12012 (5117) [기타] 재산세 납세의무자 변경신고 관련입니다. / 답변1
  + [8668] ntt=12011 (5116) [기타] 토지 공시지가 재산정 여부 / 답변1
  + [8669] ntt=12010 (5115) [기타] 부동산집합투자기구 토지 분리과세 문의 / 답변1
  + [8670] ntt=12009 (5114) [기타] 지적재조사사업 후 취득세 납세의무 여부문의 / 답변1
  + [8671] ntt=12008 (5113) [기타] 지밥세법 제09조 2항 해당여부에 관해 질문드립니다 / 답변1
  + [8672] ntt=12007 (5112) [기타] 지목변경대상 여부 / 답변1
  + [8673] ntt=12006 (5111) [기타] 차량 취득세 다자녀 감면 관련 문의 / 답변1
[page 1550 완료] 누적 신규 8673건  (이 게시판 저장 총 46,347건)
  + [8674] ntt=12005 (5110) [기타] 신탁재산을 상속인 소유로 볼 수 있는지? / 답변1
  + [8675] ntt=12004 (5109) [기타] 신탁재산을 상속인의 주택으로 볼수 있는지? / 답변1
  + [8676] ntt=12002 (5108) [기타] 미등기된 유증시 재산세 납세의무자 판단기준 / 답변1
  + [8677] ntt=12000 (5107) [기타] 환급가산금(이자) 기산일 문의 / 답변1
  + [8678] ntt=11999 (5106) [기타] 법인의 사업자번호로 개인에게 위탁운영시 / 답변1
  + [8679] ntt=11998 (5105) [기타] 법정지분 상속 농지 감면 / 답변1
  + [8680] ntt=11997 (5104) [기타] 귀농인 감면 관련 질의 드립니다. / 답변1
  + [8681] ntt=11995 (5103) [기타] 국가유공자 자동차세 소급환급 관련 질의합니다.. / 답변1
  + [8682] ntt=11994 (5102) [기타] 등록면허세(면허분) - 면허의 소유자 변경(개인->개인이. / 답변2
  + [8683] ntt=11993 (5101) [기타] 증여 등기 완료 후 지분 변경 문의드립니다. / 답변3
    [retry 1/3] ReadTimeout
  + [8684] ntt=11992 (5100) [기타] 부칙 해석 / 답변1
  + [8685] ntt=11988 (5099) [기타] 차량 공매시 저당 및 압류 말소등록면허세 과세여부 질의 / 답변1
  + [8686] ntt=11985 (5098) [기타] 세무직 통합인사를 의논하는 자치단체가 혹 있는지요? / 답변2
  + [8687] ntt=11984 (5097) [기타] 재산세 감면 문의합니다. / 답변1
  + [8688] ntt=11982 (5096) [기타] 지방소득세(양도소득)  징수유예등에 대한 문의 / 답변1
  + [8689] ntt=11980 (5095) [기타] 재산세 납세의무자 관련 질문 / 답변2
  + [8690] ntt=11978 (5094) [기타] 자동차세 장애인 감면 문의 / 답변1
  + [8691] ntt=11976 (5093) [기타] 매매용으로 취득하는 중고자동차 관련 문의 / 답변3
  + [8692] ntt=11975 (5092) [기타] 환지 관련 문의 드립니다 / 답변1
  + [8693] ntt=11974 (5091) [기타] 회생 관련 문의드립니다 / 답변1
  + [8694] ntt=11973 (5090) [기타] 농특세 세율이 궁금합니다. / 답변5
  + [8695] ntt=11972 (5089) [기타] 폐업 법인의 과점주주 취득세 조사? / 답변1
  + [8696] ntt=11971 (5088) [기타] 취득세.. 공매로 인한 사실상의 취득가격 인정해주는 경우. / 답변2
  + [8697] ntt=11968 (5087) [기타] 법인지방소득세 폐업법인에 대한 문의 / 답변1
  + [8698] ntt=11967 (5086) [기타] 회생채권과 공익채권의 분류 질의 / 답변1
  + [8699] ntt=11966 (5085) [기타] 산업단지 감면 추징 문의 / 답변1
  + [8700] ntt=11965 (5084) [기타] 자경농민 농지 등에 대한 감면 질의입니다 / 답변1
  + [8701] ntt=11963 (5083) [기타] 토지 공시지가 재산정여부 / 답변1
  + [8702] ntt=11962 (5082) [기타] 해산법인 환급 관련 질문입니다. / 답변1
  + [8703] ntt=11961 (5081) [기타] 과점주주 몇 %  해당될까요 / 답변2
[page 1551 완료] 누적 신규 8703건  (이 게시판 저장 총 46,377건)
  + [8704] ntt=11959 (5080) [기타] 매매용 중고자동차 추징 여부 / 답변1
  + [8705] ntt=11958 (5079) [기타] 토지의 고유 용도 / 답변1
  + [8706] ntt=11957 (5078) [기타] 차량도난사실확인원 -> 환급가능여부 / 답변1
  + [8707] ntt=11954 (5077) [기타] 세외수입 체납자 임대보증금 압류 절차 문의 / 답변1
  + [8708] ntt=11952 (5076) [기타] 등록면허세 과세대상 / 답변1
  + [8709] ntt=11951 (5075) [기타] 환지예정지 효력발생일과 관련하여 / 답변1
  + [8710] ntt=11950 (5074) [기타] 창업중소기업의 추징(압류) / 답변1
  + [8711] ntt=11949 (5073) [기타] 수정신고 취득시기관련 질의 / 답변1
  + [8712] ntt=11946 (5072) [기타] 태양광 발전시설 법인 주민세(법인균등) 관련 질문 드립니. / 답변3
  + [8713] ntt=11945 (5071) [기타] 번호판 영치 관련 행안부 부과-징수 메뉴얼이 있는지 궁금. / 답변3
  + [8714] ntt=11944 (5070) [기타] 등록면허세(면허) 관련입니다.(지하수개발 이용자 권리의무. / 답변1
  + [8715] ntt=11942 (5069) [기타] 납기 전 징수후 부과 취소(감액)관련 질의 / 답변1
  + [8716] ntt=11939 (5068) [기타] 자동 세차시설 설치시에 토목공사 비용 산입 여부 / 답변1
  + [8717] ntt=11938 (5067) [기타] 최저한세 질문 드립니다 / 답변1
  + [8718] ntt=11936 (5066) [기타] 연번5018 선박 취득세 과세여부 건의 추가질의 / 답변1
  + [8719] ntt=11934 (5065) [기타] 제80조(공장의 지방 이전에 따른 감면)에서 이전하기 전. / 답변2
  + [8720] ntt=11933 (5064) [기타] 세입경정을 하는 경우 / 답변1
  + [8721] ntt=11929 (5063) [기타] 구분등록 대상이 아닌 골프장 외의 집수정 보수공사에 대한. / 답변1
  + [8722] ntt=11926 (5062) [기타] 주민세(개인사업장분) 부과대상 질의입니다.. / 답변3
  + [8723] ntt=11924 (5061) [기타] 차량 취득세 감면분 추징시 기산일(공동명의자 변경있는 경. / 답변1
  + [8724] ntt=11923 (5060) [기타] 주민세(개인균등분) 면제대상 문의 / 답변1
  + [8725] ntt=11922 (5059) [기타] 창업중소기업감면 문의... / 답변2
  + [8726] ntt=11920 (5058) [기타] 콘도회원권 문의드립니다. / 답변2
  + [8727] ntt=11919 (5057) [기타] 인공연못 재산세  과세형태 / 답변1
  + [8728] ntt=11915 (5056) [기타] 상속개시 후 무신고한 취득세 부과 시 질의(세대생략 상속. / 답변3
  + [8729] ntt=11914 (5055) [기타] 간주취득세 질문입니다. / 답변1
  + [8730] ntt=11909 (5054) [기타] 지상정착물의 부속토지 적용에 대하여 질의드립니다. / 답변1
  + [8731] ntt=11908 (5053) [기타] 체납 문자전송과 관련 관련근거가 궁금합니다. / 답변1
  + [8732] ntt=11907 (5052) [기타] 장기임대주택사업자 감면 관련 질의 / 답변1
  + [8733] ntt=11906 (5051) [기타] 지방세특례제한법 제10조 감면 문의드립니다. / 답변2
[page 1552 완료] 누적 신규 8733건  (이 게시판 저장 총 46,407건)
  + [8734] ntt=11902 (5050) [기타] 과세정보의 범위 문의드립니다. / 답변2
  + [8735] ntt=11901 (5049) [기타] 개인사업장 균등분 주민세 대상 여부 / 답변1
  + [8736] ntt=11899 (5048) [기타] 건설기계 신규등록 및 대여회사 취득세,등록면허세 문의입니. / 답변1
  + [8737] ntt=11895 (5047) [기타] (취득세) 이혼 재산분할 / 답변1
  + [8738] ntt=11889 (5046) [기타] 지방세법시행령제118조1호나목에 대한 재산세 상당액 산출. / 답변1
  + [8739] ntt=11887 (5045) [기타] 부당이득금 반환 청구의 소와 관련 질문 / 답변1
  + [8740] ntt=11886 (5044) [기타] 개인 토지 법인 지목변경 비용 지출시 취득세 문의 드립니. / 답변3
  + [8741] ntt=11885 (5043) [기타] 지방소득세(종합소득-토지등매매차익) 환급지 결정 / 답변1
    [retry 1/3] ReadTimeout
  + [8742] ntt=11883 (5042) [기타] (긴급)관광회사 소유 차량 압류해제 관련 질의 / 답변3
  + [8743] ntt=11882 (5041) [기타] 판례 요청 / 답변1
  + [8744] ntt=11880 (5040) [기타] 토지수용 대체취득 감면에 대해 질문합니다 / 답변2
  + [8745] ntt=11879 (5039) [기타] 무단증축&감면 질문입니다. / 답변1
  + [8746] ntt=11878 (5038) [기타] 전기차와 하이브리차를 영업용(렌트카, 택시,버스)으로 취. / 답변1
  + [8747] ntt=11877 (5037) [기타] 법인균등분 질문 있습니다. / 답변1
  + [8748] ntt=11876 (5036) [기타] 상속 취득세(무허가) / 답변4
  + [8749] ntt=11875 (5035) [기타] 종교단체 운영 어린이집에 대한 주민세 재산분 감면 질의 / 답변1
  + [8750] ntt=11874 (5034) [기타] 체당금(최우선변제금) 배분 문의 / 답변1
  + [8751] ntt=11873 (5033) [기타] 지방세 환급금 소멸시효 관련 질의 / 답변3
  + [8752] ntt=11871 (5032) [기타] 지방세법 제132조(납세증명서 등의 제시) 적용 문의 / 답변1
  + [8753] ntt=11869 (5031) [기타] 국가유공자 차량 감면 추징 관련 / 답변2
  + [8754] ntt=11868 (5030) [기타] 기업부설 연구소 감면 문의... / 답변2
  + [8755] ntt=11867 (5029) [기타] 재산세 과세자료 제공 가능여부 / 답변2
  + [8756] ntt=11866 (5028) [기타] 시가표준액조정 / 답변1
  + [8757] ntt=11861 (5027) [기타] 취득세(부동산) 연대납세자 압류 문의 / 답변1
  + [8758] ntt=11860 (5026) [기타] 자동차 상속관련 문의 / 답변1
  + [8759] ntt=11859 (5025) [기타] 송달불능으로 인한 감액문의 / 답변1
  + [8760] ntt=11853 (5024) [기타] 세무조사분 수시부과 경정청구 가능할까요? / 답변3
    [retry 1/3] ReadTimeout
  + [8761] ntt=11852 (5023) [기타] 상속 1가구1주택 세율특례 / 답변1
  + [8762] ntt=11851 (5022) [기타] 채권압류 추심 관련하여 문의드립니다. / 답변1
  + [8763] ntt=11850 (5021) [기타] 창업중소기업 감면 관련 문의 / 답변3
[page 1553 완료] 누적 신규 8763건  (이 게시판 저장 총 46,437건)
  + [8764] ntt=11844 (5020) [기타] 산업단지 취득일을 언제로 봐야합니까? / 답변1
  + [8765] ntt=11842 (5019) [기타] 재산세 과세기준일 관련 질문입니다. / 답변1
  + [8766] ntt=11840 (5018) [기타] 농협의 고유목적 사업[로컬푸드 관련] / 답변1
  + [8767] ntt=11837 (5017) [기타] 선박 취득세 과세 여부 건 / 답변1
  + [8768] ntt=11836 (5016) [기타] 산업단지 블럭번지 재산세 세부담 상한 적용 / 답변1
  + [8769] ntt=11835 (5015) [기타] 중복감면 관련 / 답변4
  + [8770] ntt=11833 (5014) [기타] 고엽제전우회 질의입니다. / 답변1
  + [8771] ntt=11832 (5013) [기타] 지방소득세 양도소득분 사망자에 대한 국세청 통보자료 처리 / 답변1
  + [8772] ntt=11830 (5012) [기타] 산업단지 취득일을 언제로 봐야할까요? / 답변2
  + [8773] ntt=11827 (5011) [기타] 차량 구조변경 취득세 문의 / 답변2
  + [8774] ntt=11826 (5010) [기타] 경차 리스만료시 취득세 납부여부 / 답변1
  + [8775] ntt=11825 (5009) [기타] 고지분 분납관리[4311] 관련하여 분납가능한지요 / 답변1
  + [8776] ntt=11824 (5008) [기타] 주택부속토지에 대한 취득세부과 / 답변1
  + [8777] ntt=11823 (5007) [기타] 산업단지 감면 부칙에 따른 적용기준 / 답변1
  + [8778] ntt=11821 (5006) [기타] 국세취소에 따른 지방소득세 / 답변1
  + [8779] ntt=11820 (5005) [기타] 주민세(개인사업장분) 문의드립니다. / 답변2
    [retry 1/3] ReadTimeout
  + [8780] ntt=11816 (5004) [기타] 소송판결 후 환급신청 소멸시효 기산일 문의 / 답변1
  + [8781] ntt=11813 (5003) [기타] 지방세 운영과-1606(2016.6.23)관련입니다. / 답변7
  + [8782] ntt=11811 (5002) [기타] 차량취득세 과표 / 답변1
  + [8783] ntt=11810 (5001) [기타] 국세 체납액 납부의무 소멸특례 관련 질의 / 답변1
  + [8784] ntt=11806 (5000) [기타] 자경농민의 농업용시설 감면 추징 문의 / 답변1
  + [8785] ntt=11801 (4999) [기타] 경정청구 기간 문의 / 답변3
  + [8786] ntt=11800 (4998) [기타] 서민주택 관련 문의 드립니다~ / 답변1
  + [8787] ntt=11799 (4997) [기타] 대수선 관련 의견 여쭙니다. / 답변1
  + [8788] ntt=11798 (4996) [기타] 영농조합법인 과점주주 질의 / 답변2
  + [8789] ntt=11796 (4995) [기타] 주민세 개인사업장분 과세제외 여부 / 답변1
  + [8790] ntt=11795 (4994) [기타] 지방소득세(특별징수분) 환급 신청 검토 요청 (전국 지자. / 답변1
  + [8791] ntt=11794 (4993) [기타] 상속신고 후, 당사자간의 해제증서에 의한 취득 / 답변1
  + [8792] ntt=11792 (4992) [기타] 과세기준일전 폐업된 법인의 재산세 부과건 문의 / 답변1
  + [8793] ntt=11791 (4991) [기타] 등록면허세 환부여부 / 답변1
[page 1554 완료] 누적 신규 8793건  (이 게시판 저장 총 46,467건)
  + [8794] ntt=11789 (4990) [기타] 마을회 영농조합법인이 마을회 등에 대한 감면대상에 해당되. / 답변2
  + [8795] ntt=11788 (4989) [기타] 공장용지 토지형태 / 답변1
  + [8796] ntt=11787 (4988) [기타] 지특법 감면 소급적용 가능 여부 질의 / 답변1
  + [8797] ntt=11784 (4987) [기타] 원인무효판결 관련 환급문의입니다.(긴급) / 답변1
  + [8798] ntt=11782 (4986) [기타] 금융리스 - 컨테이너 및 지게차(등록대상아님) 취득세 납. / 답변1
  + [8799] ntt=11781 (4985) [기타] 신탁재산 부동산 공매관련 질문드립니다. / 답변1
    [retry 1/3] ReadTimeout
  + [8800] ntt=11780 (4984) [기타] 혹시 취득세(부동산) 업무 메뉴얼 가지신 분 자료 공유 . / 답변1
  + [8801] ntt=11778 (4983) [기타] 법정신고일 관해 문의드립니다 / 답변1
  + [8802] ntt=11774 (4982) [기타] 홈플러스 수수료매장 법인균등분 / 답변1
  + [8803] ntt=11773 (4981) [기타] 임대주택감면 관련 취득세 문의드립니다. / 답변1
  + [8804] ntt=11771 (4980) [기타] 세부담상한 질의 / 답변1
  + [8805] ntt=11770 (4979) [기타] 주식회사에서 농업회사법인으로 전환시 설립등기일 적용 질의 / 답변4
  + [8806] ntt=11767 (4978) [기타] 폐업법인의 환급금 / 답변1
  + [8807] ntt=11766 (4977) [기타] 개인사업장 균등분 주민세 대상 여부 / 답변1
  + [8808] ntt=11765 (4976) [기타] 경제적연관관계인지 경영지배관계인지? / 답변1
  + [8809] ntt=11764 (4975) [기타] 벤처기업의 등록면허세(등록) 감면 관련 질의 / 답변1
  + [8810] ntt=11763 (4974) [기타] 양농협회 영농조합법인 사업의 영농,유통,가공으로 볼 수 . / 답변1
  + [8811] ntt=11759 (4973) [기타] 결손취소 가능 / 답변1
  + [8812] ntt=11758 (4972) [기타] 부과철회의 요건 및 절차 (지방소득세) / 답변1
  + [8813] ntt=11757 (4971) [기타] 부과철회의 절차 및 요건(지방소득세) / 답변1
  + [8814] ntt=11756 (4970) [기타] 증여계약서에 검인은 꼭 해야되는거죠? / 답변6
  + [8815] ntt=11755 (4969) [기타] 등록면허세(면허) 토석채취 vs 채굴계획 인가 다른 건가. / 답변1
  + [8816] ntt=11750 (4968) [기타] 토지수용보상금으로 다른 물건을 2번 감면 받은 경우 추징. / 답변1
  + [8817] ntt=11748 (4967) [기타] 창업대상 여부 / 답변1
  + [8818] ntt=11743 (4966) [기타] 지방소득세(특별징수)환급 가산금 문의 합니다 / 답변1
  + [8819] ntt=11740 (4965) [기타] 차량 공매시 체납처분비는 누가부담 하여아 하는지 / 답변3
  + [8820] ntt=11739 (4964) [기타] 가족관계등록부상 상속인에 대한 소송중이거나 주민등록번호가. / 답변1
  + [8821] ntt=11737 (4963) [기타] 경락으로 인한 취득세 경정청구 / 답변8
  + [8822] ntt=11736 (4962) [기타] 상속포기인이  자동차를 실제 운행하고 있다면 과세여부 ? / 답변1
  + [8823] ntt=11735 (4961) [기타] 관허사업 동종사업 여부 / 답변2
[page 1555 완료] 누적 신규 8823건  (이 게시판 저장 총 46,497건)
  + [8824] ntt=11734 (4960) [기타] 축협에서 지은 축사 취득세 감면 문의 / 답변2
  + [8825] ntt=11732 (4959) [기타] 토지수용 대체취득관련 / 답변2
  + [8826] ntt=11731 (4958) [기타] 주된상속자 실종선고시 가산세 문의 / 답변1
  + [8827] ntt=11728 (4957) [기타] 근저당권이전에 대한 감면 / 답변1
  + [8828] ntt=11726 (4956) [기타] 대체취득 감면 관련 / 답변1
    [retry 1/3] ReadTimeout
  + [8829] ntt=11724 (4955) [기타] 지특법 제57조의2 2항 및 동법 시행령 제28조의2항 / 답변1
  + [8830] ntt=11715 (4954) [기타] 지급명세서 가산세 관련 / 답변1
  + [8831] ntt=11714 (4953) [기타] 매매계약서상 물건누락 관련 입니다. / 답변1
  + [8832] ntt=11713 (4952) [기타] 재산세 관련 문의드립니다. / 답변1
  + [8833] ntt=11710 (4951) [기타] 교통사고 차량 법인장부가액 인정 관련 (경정청구) / 답변1
  + [8834] ntt=11709 (4950) [기타] 장애인 등 감면 시 대체취득에 관한 문의 부탁드립니다 ! / 답변1
  + [8835] ntt=11708 (4949) [기타] 부과 제척기간 만료된 재산에 대해(상속 취득세 관련~) / 답변1
  + [8836] ntt=11707 (4948) [기타] 건설기계 대여업체변경 등록면허세 과세 / 답변2
  + [8837] ntt=11706 (4947) [기타] 위탁관리 부동산투자회사 재산세 감면 / 답변2
  + [8838] ntt=11704 (4946) [기타] 구획정리중인 공공시설중 공시지가가 없는경우 / 답변1
  + [8839] ntt=11703 (4945) [기타] 경정 청구 기한 등에 관하여 문의드립니다. / 답변2
  + [8840] ntt=11701 (4944) [기타] 서면세무조사 불응에 따른 과태료 부과 / 답변1
  + [8841] ntt=11700 (4943) [기타] 취득세 연대납세의무자에게 환급시 ~ / 답변1
  + [8842] ntt=11697 (4942) [기타] 사도관련 / 답변2
  + [8843] ntt=11696 (4941) [기타] 징수유예가 취소된 경우 (중)가산금 생성 시기는? / 답변1
  + [8844] ntt=11694 (4940) [기타] 분담금과 부담금의 차이 / 답변1
  + [8845] ntt=11693 (4939) [기타] 도로점용,하천점용과 관련해서 기초적인 질문드려요. / 답변3
  + [8846] ntt=11692 (4938) [기타] 폐업법인 명의 재산세(주택)의 경우 / 답변1
  + [8847] ntt=11690 (4937) [기타] 자경농민감면 가능여부 질의드립니다. / 답변1
  + [8848] ntt=11689 (4936) [기타] 취득세 연대납세의무자 관련하여 문의드립니다. / 답변1
  + [8849] ntt=11686 (4935) [기타] 수용 대체취득 문의 드립니다. / 답변1
  + [8850] ntt=11685 (4934) [기타] 차량 유예리스 관련 해지 시 과세표준 적용 / 답변1
  + [8851] ntt=11684 (4933) [기타] 주민세(법인균등분) 납세의무자에 대해 질문합니다. / 답변1
  + [8852] ntt=11682 (4932) [기타] 자동차양도증명서(자동차매매업자거래용) 도장날인 관련 / 답변3
  + [8853] ntt=11681 (4931) [기타] [2536]에서 무관할 취득세 첨부서류 볼 때 인증서 오. / 답변1
[page 1556 완료] 누적 신규 8853건  (이 게시판 저장 총 46,527건)
  + [8854] ntt=11680 (4930) [기타] 양부가 존재하는 경우 친부 재산의 납세의무자 상속문의 / 답변1
    [retry 1/3] ReadTimeout
  + [8855] ntt=11679 (4929) [기타] 환지예정지 재산세 토지형태 / 답변1
  + [8856] ntt=11677 (4928) [기타] 비거주자 과세사실 증명서 발급에 대한 문의 / 답변1
  + [8857] ntt=11676 (4927) [기타] 재산세-사망자 물건에 추징관련 / 답변1
  + [8858] ntt=11675 (4926) [기타] 고지서 송달 관련 문의 / 답변3
  + [8859] ntt=11674 (4925) [기타] 취득세 대수선 관련 고견을 듣고자 합니다. / 답변1
  + [8860] ntt=11673 (4924) [기타] 구조지수 문의(넥산) / 답변1
  + [8861] ntt=11672 (4923) [기타] 차량 다자녀 감면에 대해서 문의 드립니다. / 답변2
  + [8862] ntt=11671 (4922) [기타] 농어촌주택개량 감면에 대한 질문 / 답변2
  + [8863] ntt=11669 (4921) [기타] 대체취득 감면 관련 / 답변1
  + [8864] ntt=11668 (4920) [기타] 재산세 토지분 도시개발사업지구 분리과세 관련 질문입니다. / 답변1
  + [8865] ntt=11662 (4919) [기타] 상속으로 인한 납세의무의 승계자에 체납처분 문의 / 답변1
  + [8866] ntt=11660 (4918) [기타] 주민세(재산분) 관련 의견을 나누어 봅시다....고수님들. / 답변1
  + [8867] ntt=11658 (4917) [기타] 등록면허세(면허)를 과세해야 되는건가요? / 답변2
  + [8868] ntt=11656 (4916) [기타] 차량 공매보증금 반환 요구 / 답변5
    [retry 1/3] ReadTimeout
  + [8869] ntt=11652 (4915) [기타] 가정어린이집 감면후 추징시 세율 / 답변2
  + [8870] ntt=11651 (4914) [기타] 대위등기 가능 및 절차  문의 / 답변1
    [retry 1/3] ReadTimeout
    [retry 2/3] ConnectTimeout
  + [8871] ntt=11649 (4913) [기타] 상속 취득세 직권고지시 1가구1주택 특례 적용 여부 / 답변2
  + [8872] ntt=11647 (4912) [기타] 법인 신축건물 시가표준액 과세 여부("급") / 답변2
  + [8873] ntt=11646 (4911) [기타] 국외근무자 종업원의 범위에 포함여부 / 답변1
  + [8874] ntt=11645 (4910) [기타] 주민세 종업원분 관련 질문(두개의 사업장이 5KM 이상 . / 답변3
  + [8875] ntt=11642 (4909) [기타] 납세자 변경 문의 / 답변1
  + [8876] ntt=11634 (4908) [기타] 군인에 대한 주민세 개인균등분 문의 / 답변1
  + [8877] ntt=11633 (4907) [기타] 포상금 관련하여 / 답변1
  + [8878] ntt=11632 (4906) [기타] 재산세 발전용 토지 관련 문의 드립니다 / 답변1
  + [8879] ntt=11631 (4905) [기타] 상속주택(1가구 1주택 비과세 감면) 재외국인의 감면 가. / 답변1
  + [8880] ntt=11626 (4904) [기타] 소유주가 불명확한 차량 공매 문의 / 답변2
  + [8881] ntt=11625 (4903) [기타] 휴업상태인 공장(제조업)에 대한 재산세 분리과세 적용 문. / 답변1
  + [8882] ntt=11622 (4902) [기타] 재산세 산업단지 감면 관련해서 질문있습니다. / 답변1
  + [8883] ntt=11621 (4901) [기타] 같은 행정구역 내 사업소를 각각 둘 경우 종업원분 신고여. / 답변2
[page 1557 완료] 누적 신규 8883건  (이 게시판 저장 총 46,557건)
  + [8884] ntt=11620 (4900) [기타] 증여 등기완료 후 계약해제로 인해 다시 소유권 이전시 취. / 답변2
  + [8885] ntt=11618 (4899) [기타] 농업혐동조합 관련 고유업무에 직접사용하는 경우 취득세 면. / 답변1
    [retry 1/3] ReadTimeout
  + [8886] ntt=11616 (4898) [기타] 종교단체관련 등록면허세(면허분)관련 질문입니다. / 답변1
  + [8887] ntt=11615 (4897) [기타] 상속 1가구 1주택 관련 문의드립니다. / 답변1
  + [8888] ntt=11610 (4896) [기타] 차량 구조변경(경유→LPG) 취득세 관련 문의 / 답변1
  + [8889] ntt=11608 (4895) [기타] 주민세 개인균등분 학생과세여뮤 / 답변2
  + [8890] ntt=11606 (4894) [기타] 종합소득세 납세지 문의합니다. / 답변1
  + [8891] ntt=11605 (4893) [기타] 재산세 과세대상 여부 / 답변1
  + [8892] ntt=11604 (4892) [기타] 건축물 사용 승인 후 사망으로 인한 취득세 신고 / 답변4
  + [8893] ntt=11603 (4891) [기타] 감면 후 증축 발견시 / 답변2
  + [8894] ntt=11602 (4890) [기타] 자경농민 농지등 감면시 자경농민 요건에 대해 문의드립니다. / 답변2
  + [8895] ntt=11600 (4889) [기타] 대위등기 취득세 문의드립니다. / 답변1
  + [8896] ntt=11598 (4888) [기타] 법인의 공장이전에 대한 감면 질문입니다~ / 답변2
  + [8897] ntt=11597 (4887) [기타] 주민세 종업원분 납세의무자판단 관련입니다. / 답변1
  + [8898] ntt=11596 (4886) [기타] 지방자치단체로부터 재산을 연부로 매매계약체결시 재산세 납. / 답변1
  + [8899] ntt=11595 (4885) [기타] 지역자원시설세 3배중과 관련 / 답변1
  + [8900] ntt=11594 (4884) [기타] 어선 변경등록 관련 등록면허세 문의드립니다. / 답변1
  + [8901] ntt=11593 (4883) [기타] 취득세(상속분) 직권과세 와  상속한정승인 질문 / 답변2
  + [8902] ntt=11591 (4882) [기타] 연대납세의무자의 부동산 압류 / 답변1
  + [8903] ntt=11590 (4881) [기타] 상속관련 재산세 납세의무자 판단 / 답변2
  + [8904] ntt=11588 (4880) [기타] 법인지방소득세 소액부징수에 대한 문의 / 답변1
  + [8905] ntt=11587 (4879) [기타] 차량취득세 지입차량 취득세 과세 여부 / 답변1
  + [8906] ntt=11586 (4878) [기타] 탈루세액, 은익재산 포상금 관련 / 답변1
  + [8907] ntt=11585 (4877) [기타] "개수"가 취득세 과세대상인가? / 답변2
  + [8908] ntt=11580 (4876) [기타] 취득세 추징조항 적용시 감면당시의 추징조항을 적용하는지 . / 답변4
  + [8909] ntt=11579 (4875) [기타] 개인지방소득세 환급지 문의 / 답변2
  + [8910] ntt=11577 (4874) [기타] 취득세 추징조항 적용시 감면당시의 추징조항을 적용하는지 . / 답변1
  + [8911] ntt=11575 (4873) [기타] ★ 장애인용 자동차 취득세 추징 관련 문의 ★ / 답변1
  + [8912] ntt=11574 (4872) [기타] 정보공개청구에 대해 문의드립니다. / 답변3
  + [8913] ntt=11572 (4871) [기타] 주택 부속토지 농특세 비과세 환급관련 문의드립니다. / 답변2
[page 1558 완료] 누적 신규 8913건  (이 게시판 저장 총 46,587건)
  + [8914] ntt=11567 (4870) [기타] 본인이 장애 취소 신청 / 답변1
  + [8915] ntt=11565 (4869) [기타] 상속 포기 차량의 공매 후 잔액처리 문제 / 답변2
  + [8916] ntt=11563 (4868) [기타] 자동차세 상속인 지정 관련 문의 / 답변1
  + [8917] ntt=11562 (4867) [기타] 차량취득세 환급관련 문의 / 답변4
  + [8918] ntt=11560 (4866) [기타] 체납처분 가능(연대납세의무자) / 답변1
  + [8919] ntt=11559 (4865) [기타] 소유권이전등기 말소 조정결정 판결시 지방소득세(양도소득). / 답변1
  + [8920] ntt=11558 (4864) [기타] 제2차납세의무자 지분 변경 / 답변1
  + [8921] ntt=11557 (4863) [기타] 지방세특례제한법 제80조(공장의 지방이전 감면) 재산세 . / 답변1
  + [8922] ntt=11556 (4862) [기타] 매매용 및 수출용 중고자동차 감면 적용기준 관련 / 답변1
  + [8923] ntt=11555 (4861) [기타] 자동차세(단체 대표자 변경)시 과세처리 문의 / 답변1
  + [8924] ntt=11554 (4860) [기타] 전세 천연가스 버스 취득세 감면 / 답변4
  + [8925] ntt=11552 (4859) [기타] 개인지방소득세 가산세 관련입니다. / 답변1
  + [8926] ntt=11551 (4858) [기타] 지방소득세(특별징수) 납세지 관련 질문입니다. / 답변1
  + [8927] ntt=11550 (4857) [기타] 공유물분할 질문입니다 / 답변1
  + [8928] ntt=11548 (4856) [기타] 주민세 관련 질의 드립니다. / 답변1
  + [8929] ntt=11547 (4855) [기타] 과세관청의 부과고지 후 기한후 신고한 건 / 답변1
  + [8930] ntt=11545 (4854) [기타] 중복감면의 배제 적용 문의 / 답변2
  + [8931] ntt=11544 (4853) [기타] 주택개량 추징 사유 발생으로 인한 경정 신청 / 답변2
  + [8932] ntt=11543 (4852) [기타] 매매후 미등기 토지의 재산세 납세자의무자 질의 / 답변1
  + [8933] ntt=11542 (4851) [기타] 멸실인정 차량의 압류해제에 관한 질문 / 답변3
  + [8934] ntt=11541 (4850) [기타] 상속으로 인한 부동산 취득시 감정평가금액 신고관련 문의 / 답변5
  + [8935] ntt=11539 (4849) [기타] 법인지방소득세 안분과 관련하여 법인지방소득세 담당자분들의. / 답변1
  + [8936] ntt=11538 (4848) [기타] 자활기업의 법인균등분 주민세 감면대상 여부 / 답변1
  + [8937] ntt=11536 (4847) [기타] 채권압류 및 추심명령에 대한 압류 / 답변3
  + [8938] ntt=11535 (4846) [기타] 상속에 따른 자경농민 취득세 감면 관련 / 답변1
  + [8939] ntt=11534 (4845) [기타] 냉동창고실외기 및 수중펌프 취득세 과세 여부 / 답변1
  + [8940] ntt=11533 (4844) [기타] 자전거 보관대, 차양막 등의 취득세 과세대상(건물) 여부 / 답변2
  + [8941] ntt=11526 (4843) [기타] 법인분할 감면신청서류 / 답변1
  + [8942] ntt=11525 (4842) [기타] 2014년이전 법인지방소득세 납부불성실가산세 / 답변1
  + [8943] ntt=11523 (4841) [기타] 차량 다자녀 감면 상속관련하여 질문드립니다 / 답변2
[page 1559 완료] 누적 신규 8943건  (이 게시판 저장 총 46,617건)
  + [8944] ntt=11521 (4840) [기타] 주민세(재산분) 임대차계약서 작성 여부 등 / 답변1
  + [8945] ntt=11519 (4839) [기타] 미상속 취득세 직권부과분 체납처분 가능 / 답변1
  + [8946] ntt=11518 (4838) [기타] 주민세(개인사업장) 태양광발전소와 관련해서 문의드립니다. / 답변1
  + [8947] ntt=11517 (4837) [기타] 장애인감면(시각장애4급) 관련 질의 / 답변2
  + [8948] ntt=11515 (4836) [기타] 주민세(재산분) 과세여부 / 답변1
  + [8949] ntt=11514 (4835) [기타] 지방소득세 결정분(수시부과) 감액시 가산금의 차감여부 / 답변1
  + [8950] ntt=11513 (4834) [기타] 건설회사 주민세 종업원분 과세여부 질의 / 답변2
  + [8951] ntt=11507 (4833) [기타] 대포차 관련입니다. / 답변1
  + [8952] ntt=11503 (4832) [기타] peb(공업화박판강구조) 구조지수 적용에 대해 질문 드립. / 답변1
  + [8953] ntt=11493 (4831) [기타] 공동주택관리법에서 전기자동차급속충전기 관련 면허세질문입니. / 답변1
  + [8954] ntt=11490 (4830) [기타] 상속 1가구1주택 판단 거주불명자 / 답변1
  + [8955] ntt=11489 (4829) [기타] 공공기록 등록된 체납자의 체납액 500만원 이하가 되면 . / 답변2
  + [8956] ntt=11487 (4828) [기타] 주민세 과세대상 사업소 해당 여부 / 답변1
  + [8957] ntt=11485 (4827) [기타] 지특법제76조 택지개발용토지감면 적용-(제척기간 지나서 . / 답변2
  + [8958] ntt=11484 (4826) [기타] 여객자동차 운수사업의 등록을 받은 자의 기준 / 답변1
  + [8959] ntt=11477 (4825) [기타] 재산분 주민세 관련문의 / 답변1
  + [8960] ntt=11476 (4824) [기타] 과점주주 지분율 관련입니다. / 답변2
  + [8961] ntt=11475 (4823) [기타] 가등기, 가처분 부과시 / 답변5
  + [8962] ntt=11474 (4822) [기타] 선박취득세 / 답변2
  + [8963] ntt=11472 (4821) [기타] 자동차세 장애인 감면 문의 / 답변2
  + [8964] ntt=11471 (4820) [기타] 주택의 전용면적 / 답변1
  + [8965] ntt=11470 (4819) [기타] 상속대위등기되어있는 부동산 압류에 대하여 상속포기에 따른. / 답변1
  + [8966] ntt=11469 (4818) [기타] 법인지방소득세 안분율 착오로 수정신고 및 경정청구의 경우. / 답변1
  + [8967] ntt=11465 (4817) [기타] 지방소득세(종합소득) 사망자 환급금에 대한문의 / 답변1
  + [8968] ntt=11464 (4816) [기타] 상가조합 환급신청시 / 답변1
  + [8969] ntt=11463 (4815) [기타] 개인사업자 창업해당여부 / 답변3
  + [8970] ntt=11462 (4814) [기타] 농업회사 법인 자본증가 감면 / 답변1
  + [8971] ntt=11461 (4813) [기타] 대물변제의 이행으로 채권이 소멸되는 경우의 의미 / 답변3
  + [8972] ntt=11459 (4812) [기타] 신축아파트 분양 신고 후 지분 변경 가능한지요? / 답변1
  + [8973] ntt=11457 (4811) [기타] 주민세(재산분) 문의드려요~ / 답변1
[page 1560 완료] 누적 신규 8973건  (이 게시판 저장 총 46,647건)
  + [8974] ntt=11456 (4810) [기타] 재산세 승강기 설치로 인한 대수선 관련 문의입니다. / 답변1
  + [8975] ntt=11455 (4809) [기타] 한국농어촌공사 관련 재산세 문의 / 답변1
  + [8976] ntt=11452 (4808) [기타] 미등기 건물 상속 취득 문의 / 답변4
  + [8977] ntt=11451 (4807) [기타] 종합체육시설이용회원권 단순 명의변경...취득세 납세의무? / 답변2
  + [8978] ntt=11450 (4806) [기타] 압류의 효력에 관해 궁금사항 / 답변2
  + [8979] ntt=11447 (4805) [기타] 신축아파트 지분 변경 가능한지? / 답변1
  + [8980] ntt=11445 (4804) [기타] 재산세 분납 / 답변2
  + [8981] ntt=11444 (4803) [기타] 영농조합법인의 주민세(재산분) / 답변3
  + [8982] ntt=11441 (4802) [기타] 산업단지 감면분 추징시 발생하는 농특세 환급액 처리 / 답변1
  + [8983] ntt=11439 (4801) [기타] 주민세(재산분) 과세여부 / 답변1
  + [8984] ntt=11438 (4800) [기타] 공동명의자가 상속포기할경우 과세여부? / 답변1
  + [8985] ntt=11436 (4799) [기타] 지특법 47조의2 녹색건축 감면 문의 / 답변1
  + [8986] ntt=11435 (4798) [기타] 면허세 수시 부과(전문건설업,식품접객업)의 차이? / 답변3
  + [8987] ntt=11434 (4797) [기타] 양도소득세 부과철회에 따른 지방소득세 감액 가능여부 / 답변1
  + [8988] ntt=11433 (4796) [기타] 파산법인 차량 공매관련 법령해석 질문이 있습니다. / 답변2
  + [8989] ntt=11432 (4795) [기타] 종교단체의 종교용건물 신축 공사현장사무실 취득세 과세여부 / 답변1
  + [8990] ntt=11430 (4794) [기타] 주민세(재산분) 오염물질 배출 사업소 관련 질의(추가) / 답변1
  + [8991] ntt=11428 (4793) [기타] 차량 구조변경 문의(연결 및 견인장치) / 답변1
  + [8992] ntt=11426 (4792) [기타] 지방세특례제한법 제80조에 같은 구획내 소매점 건물도 해. / 답변1
  + [8993] ntt=11423 (4791) [기타] 상속물건(상속한정승인)에 대해 경매 등으로 충당 후 남은. / 답변1
  + [8994] ntt=11422 (4790) [기타] 체납자 소유의 주식을 압류했지만 후에 주식발행법인이 폐업. / 답변2
  + [8995] ntt=11421 (4789) [기타] 주민세(재산분)부과시 은행 무인자동화기기 관련문의드립니다. / 답변1
  + [8996] ntt=11420 (4788) [기타] 숲속야영장 지목변경 취득세 부과 여부 문의 드립니다. / 답변1
  + [8997] ntt=11412 (4787) [기타] 3층 상가 건물의 지하층 침수시 감면가능 여부 / 답변1
  + [8998] ntt=11409 (4786) [기타] 자경농민(동일한 세대별 주민등록표) 자격 / 답변1
  + [8999] ntt=11407 (4785) [기타] 공부와 현황이 다른 주택인 경우 증여 및 상속 취득세 부. / 답변1
  + [9000] ntt=11402 (4784) [기타] 주거용 오피스텔 재산세 관련 문의 / 답변1
  + [9001] ntt=11400 (4783) [기타] 재산세 용도지수 적용 문의(타이어월드) / 답변1
  + [9002] ntt=11399 (4782) [기타] 이용자리스(운용) 리스이용중 리스 이용자 변경시 등록면허. / 답변3
  + [9003] ntt=11398 (4781) [기타] 개인택시 양도양수시  개인택시운송사업면허의 권리금 문의 / 답변1
[page 1561 완료] 누적 신규 9003건  (이 게시판 저장 총 46,677건)
  + [9004] ntt=11397 (4780) [기타] 자동차 공매 공시송달 문의 드립니다. / 답변2
  + [9005] ntt=11396 (4779) [기타] 주택재개발 완료 시 취득시기 문의 / 답변1
  + [9006] ntt=11395 (4778) [기타] 시가표준액이 시가보다 높은 건축믈의 시가반영 차등 감사특. / 답변1
  + [9007] ntt=11393 (4777) [기타] 법인지방소득세 안분관련입니다. / 답변1
  + [9008] ntt=11392 (4776) [기타] 부동산 경매낙찰시 말소 등록면허세 건수 계산(압류는 포함. / 답변3
  + [9009] ntt=11391 (4775) [기타] 불법건축물 취득일 판단 / 답변1
  + [9010] ntt=11390 (4774) [기타] 주민세(재산분) 평생교육단체 등에 대한 면제 관련 질의 / 답변1
  + [9011] ntt=11386 (4773) [기타] 폐교된 학교의 부속토지 / 답변1
  + [9012] ntt=11383 (4772) [기타] 다자녀 대체취득 문의드립니다. / 답변2
  + [9013] ntt=11378 (4771) [기타] 예전에 지방세무사무관이라는 직책이 있었나요? / 답변3
  + [9014] ntt=11376 (4770) [기타] 재산세 납세의무자 판단 문의 드립니다. / 답변2
  + [9015] ntt=11374 (4769) [기타] 주민세(재산분)  신고납부시, 은행 무인창구를 포함하여 . / 답변1
  + [9016] ntt=11372 (4768) [기타] 주민세(재산분) 비과세대상 중 오락실의 범위 / 답변1
  + [9017] ntt=11371 (4767) [기타] 재산세 관련 문의 드려요 / 답변1
  + [9018] ntt=11368 (4766) [기타] 미등기 취득세,농특세, 교육세 산출 / 답변2
  + [9019] ntt=11367 (4765) [기타] 조세심판원의 경매 원시취득 / 답변5
  + [9020] ntt=11366 (4764) [기타] 법인의 지방이전시 본점 또는 주사무소의 범위 / 답변2
  + [9021] ntt=11365 (4763) [기타] 주택세율 적용 무허가 부분 판단여부 / 답변1
  + [9022] ntt=11363 (4762) [기타] 태양광발전시설 부지 사실상 지목변경 납세의무자 및 사실상. / 답변1
  + [9023] ntt=11362 (4761) [기타] 주민세(재산분) 오염물질 배출 사업소 관련 질의 / 답변1
  + [9024] ntt=11361 (4760) [기타] 창업중소기업 감면 문의 / 답변2
  + [9025] ntt=11360 (4759) [기타] 자경농민이 취득하는 농지의 범위 / 답변2
  + [9026] ntt=11359 (4758) [기타] 사회복지법인 주민세 재산분 면제 여부 검토 / 답변1
  + [9027] ntt=11358 (4757) [기타] 시설물 설치 시 취득세 문의드려요! / 답변1
  + [9028] ntt=11357 (4756) [기타] 건설기계 직권말소 관련 자동차세 부과 문의 / 답변1
  + [9029] ntt=11355 (4755) [기타] 신탁재산 배당금 관련 문의드립니다 / 답변1
  + [9030] ntt=11353 (4754) [기타] 지방세 환급금 이중환급 관련문의 / 답변1
  + [9031] ntt=11351 (4753) [기타] 광업권에 대한 경매신청에 따른 등록세 신고문의 / 답변1
  + [9032] ntt=11350 (4752) [기타] 제2차 납세의무자 지정 문의 / 답변1
  + [9033] ntt=11349 (4751) [기타] 지식산업센터에입주하는 법인의 지방이전 감면... / 답변1
[page 1562 완료] 누적 신규 9033건  (이 게시판 저장 총 46,707건)
  + [9034] ntt=11348 (4750) [기타] 국가기관에 대한 비과세처리절차 문의 / 답변1
  + [9035] ntt=11347 (4749) [기타] 상가 임대보증금 압류 / 답변1
  + [9036] ntt=11346 (4748) [기타] 지역자원시설세(특정자원)관련 부과대상질의 / 답변1
  + [9037] ntt=11345 (4747) [기타] 농업용창고는 주민세 재산분 부과대상이 맞나요? / 답변1
  + [9038] ntt=11343 (4746) [기타] 재산세 과세자료 협조 요청에 대한 관계부서 미회신에 대한. / 답변1
  + [9039] ntt=11342 (4745) [기타] 경락 취득세 과세표준 문의(낙찰자 인수금액) / 답변2
  + [9040] ntt=11335 (4744) [기타] 기타채권압류 문의 / 답변1
  + [9041] ntt=11333 (4743) [기타] 지방세특례제한법 제13조 2항 1의2 적용관련 / 답변1
  + [9042] ntt=11331 (4742) [기타] 산업단지 감면 추징 문의 / 답변2
  + [9043] ntt=11330 (4741) [기타] 증자로 현물출자시 취득의 시기 및 감면 여부 / 답변1
  + [9044] ntt=11328 (4740) [기타] 체납자 연금 압류 문의 / 답변2
  + [9045] ntt=11326 (4739) [기타] 경매나 상속한정승인으로 채권신고할 때 누락돼서 신고를 못. / 답변1
  + [9046] ntt=11323 (4738) [기타] 자동차세 과세여부에 대하여 질문드립니다 / 답변2
  + [9047] ntt=11321 (4737) [기타] 동일한 주택가격의 재산세가 다르게 나온 민원(세부담상한관. / 답변4
  + [9048] ntt=11317 (4736) [기타] 주민세 재산분 과세대상 문의 / 답변1
  + [9049] ntt=11316 (4735) [기타] 주민세 재산분 사업소 판단기준(격리된 창고) / 답변2
  + [9050] ntt=11314 (4734) [기타] 미준공 공동주택(빌라) 경매 취득시 세율 및 적용과표? / 답변2
  + [9051] ntt=11313 (4733) [기타] 대도시중과문의 / 답변1
  + [9052] ntt=11312 (4732) [기타] 재산세 내진설계 감면 / 답변1
  + [9053] ntt=11309 (4731) [기타] 재산세 과세기관 착오로 부과되었던 건 환급질문 / 답변1
  + [9054] ntt=11308 (4730) [기타] 기업부설연구소 감면 및 경정청구 관련 질의글입니다 / 답변1
  + [9055] ntt=11306 (4729) [기타] 호주상속 문의드립니다. / 답변1
  + [9056] ntt=11304 (4728) [기타] 재산세 일시부과 할인에 대한 문의 / 답변1
  + [9057] ntt=11303 (4727) [기타] 지식산업센터 설립승인을 받은자의 감면... / 답변1
  + [9058] ntt=11302 (4726) [기타] 최소납부세제 1구의 의미? / 답변2
  + [9059] ntt=11301 (4725) [기타] 연대납세의무자의 부동산 압류에 대한 문의 / 답변1
  + [9060] ntt=11300 (4724) [기타] 재산세 납세의무자=재산권? / 답변3
  + [9061] ntt=11297 (4723) [기타] 2차납세의무자 질문입니다 / 답변1
  + [9062] ntt=11296 (4722) [기타] 영농자금융자 감면 문의드립니다. / 답변2
  + [9063] ntt=11294 (4721) [기타] 상속을 원인으로 한 자경농민감면 추징관련하여 문의드립니다. / 답변1
[page 1563 완료] 누적 신규 9063건  (이 게시판 저장 총 46,737건)
  + [9064] ntt=11293 (4720) [기타] 농업법인 감면 / 답변1
  + [9065] ntt=11292 (4719) [기타] 주민세(재산분)  과세대상(사업장) 적용 문의 / 답변2
  + [9066] ntt=11291 (4718) [기타] 정기분 세목 부과 전 주민망연계 문의 / 답변1
  + [9067] ntt=11288 (4717) [기타] 취득세 환급문의드립니다. / 답변1
  + [9068] ntt=11287 (4716) [기타] 지방세법 시행령 해석 관련 / 답변1
  + [9069] ntt=11286 (4715) [기타] 원단위 수납시 절하해서 수납은 어떤근거로 하는건가요?? / 답변2
  + [9070] ntt=11284 (4714) [기타] 관허사업 제한관련(지방세징수법 시행령 제9조)질문입니다. / 답변1
  + [9071] ntt=11282 (4713) [기타] 주민세(개인균등) 기숙사 거주 외국인 과세 / 답변1
  + [9072] ntt=11280 (4712) [기타] 법인지방소득세 가산세 부과 관련 문의 / 답변1
  + [9073] ntt=11278 (4711) [기타] 종중 소유 사당 재산세 부과 문의 / 답변1
  + [9074] ntt=11277 (4710) [기타] 경정청구 인용결정 및 환급 후 세무조사 결과통지 / 답변1
  + [9075] ntt=11263 (4709) [기타] 체납처분비의 법정기일이 궁금합니다. / 답변2
  + [9076] ntt=11261 (4708) [기타] 취득세 신고시 검증이이루어진 취득 / 답변2
  + [9077] ntt=11258 (4707) [기타] 지목변경 취득세 과세표준(착공일 의미) / 답변2
  + [9078] ntt=11257 (4706) [기타] 종묘배양시설 자경농민 감면 여부 / 답변1
  + [9079] ntt=11256 (4705) [기타] 임대주택 감면 관련 문의드립니다. / 답변1
  + [9080] ntt=11254 (4704) [기타] 납세자 권리 행사에 필요한 정보의 제공 / 답변1
  + [9081] ntt=11253 (4703) [기타] 아파트 2채 준공공임대주택사업자 등록후 재산세 감면관련하. / 답변1
  + [9082] ntt=11252 (4702) [기타] 양도소득세 납세지 문의드립니다. / 답변1
  + [9083] ntt=11251 (4701) [기타] 연부취득 중 취득세 추징 / 답변1
    [retry 1/3] ReadTimeout
  + [9084] ntt=11250 (4700) [기타] 자동차 매매사업장용 시설의 최저면적기준에 대한 질문입니다. / 답변1
  + [9085] ntt=11249 (4699) [기타] 토지 분리과세대상여부 / 답변1
  + [9086] ntt=11248 (4698) [기타] 회원제와 대중제 병행 토지 관련 회원제 중과 여부 회시 / 답변1
  + [9087] ntt=11245 (4697) [기타] 주택임대사업자 재산세 감면 질의 / 답변1
  + [9088] ntt=11243 (4696) [기타] 과밀억제권역 본점신축 중과세관련 질의 / 답변1
  + [9089] ntt=11242 (4695) [기타] 영농자금 농업인 해당 여부 문의 / 답변2
  + [9090] ntt=11241 (4694) [기타] 법인합병 문의입니다.. / 답변1
  + [9091] ntt=11240 (4693) [기타] 단기임대주택사업자에서 준공공임대주택으로 변경하였을때 세액. / 답변1
  + [9092] ntt=11239 (4692) [기타] 지급) 2012두10567판결문 좀 부탁합니다. / 답변1
  + [9093] ntt=11238 (4691) [기타] 주민세 재산분 신고납부 시, 공립유치원이  감면대상인가 . / 답변1
[page 1564 완료] 누적 신규 9093건  (이 게시판 저장 총 46,767건)
  + [9094] ntt=11234 (4690) [기타] 공매로 낙찰 된 차량 허위매물로 고발이 가능한지 여부 / 답변2
  + [9095] ntt=11233 (4689) [기타] 재산세 과세내역서 발급 요청 / 답변3
  + [9096] ntt=11232 (4688) [기타] 번호판 영치 후 공매 미진행 / 답변4
  + [9097] ntt=11226 (4687) [기타] 추가 감면사항이 더 있을 까요? / 답변1
  + [9098] ntt=11225 (4686) [기타] 재산세 관련 문의 / 답변3
  + [9099] ntt=11224 (4685) [기타] 자경농민상속취득농지의 사후관리 / 답변3
  + [9100] ntt=11222 (4684) [기타] 산업단지 감면 문의~~ / 답변2
  + [9101] ntt=11221 (4683) [기타] 상속 대위등기 취득세 및 재산세 문의 / 답변2
  + [9102] ntt=11220 (4682) [기타] 상속 취득관련 문의 / 답변3
  + [9103] ntt=11217 (4681) [기타] OCR 고지서는 왜 폐지가 안될까요? / 답변3
  + [9104] ntt=11216 (4680) [기타] 대체취득 감면(자동차 취득세) / 답변1
  + [9105] ntt=11215 (4679) [기타] 위택스 경정청구 접수효력 / 답변1
  + [9106] ntt=11214 (4678) [기타] 11층 이상의 건축물에 부과되는 지역자원시설세 3배 중과. / 답변1
  + [9107] ntt=11213 (4677) [기타] 체납차량공매관련-차량인도가능여부 / 답변2
  + [9108] ntt=11210 (4676) [기타] 여러분들은 어떻게들 하시고 계시는지 궁금해서요 / 답변1
  + [9109] ntt=11209 (4675) [기타] 지역자원시설세(특정자원)부과 관련 / 답변3
  + [9110] ntt=11208 (4674) [기타] 차량공매 당연배당관련 질문 / 답변3
  + [9111] ntt=11207 (4673) [기타] 재산세 감면 요건이 되는지 질의 드립니다. / 답변1
  + [9112] ntt=11204 (4672) [기타] 공매 차순위 매수신고 / 답변1
  + [9113] ntt=11203 (4671) [기타] 감면 요건이 되는지 질의 드립니다. / 답변1
  + [9114] ntt=11201 (4670) [기타] 장애인 차량 취득세 추징(세대분리)후 보유한 상태에서 신. / 답변3
  + [9115] ntt=11200 (4669) [기타] 리모델링주택조합의 토지 취득세율 문의 / 답변1
  + [9116] ntt=11199 (4668) [기타] 압류가능 체납액 / 답변1
  + [9117] ntt=11197 (4667) [기타] 분양권 공매 가능 여부(조언을 구합니다.) / 답변1
  + [9118] ntt=11195 (4666) [기타] 재산세와 지역자원시설세 부과 관련 / 답변1
  + [9119] ntt=11193 (4665) [기타] 중고매매용 자동차 감면 후 사업 양도 하는 경우 취득세 . / 답변1
  + [9120] ntt=11191 (4664) [기타] 국세환급금 추심 중 체납액 납부로 인한 반환처리 방법 및. / 답변1
  + [9121] ntt=11190 (4663) [기타] 위수탁 차량 취득세 관련 도움 요청드립니다~^^ / 답변1
  + [9122] ntt=11176 (4662) [기타] 다자녀 감면 신청 구비 서류 / 답변3
  + [9123] ntt=11175 (4661) [기타] 포괄유증에 대한 문의입니다. / 답변1
[page 1565 완료] 누적 신규 9123건  (이 게시판 저장 총 46,797건)
  + [9124] ntt=11173 (4660) [기타] 결손 된 지방세 교부청구시, 중가산금 포함여부 / 답변2
  + [9125] ntt=11171 (4659) [기타] 취득물건변경시 취득세 부과여부 / 답변1
  + [9126] ntt=11169 (4658) [기타] 과세정보 문의 / 답변2
  + [9127] ntt=11168 (4657) [기타] 장애인 감면 차량 취득세 추징 기산일 문의 / 답변4
  + [9128] ntt=11167 (4656) [기타] 물류단지 신축 취득세 신고시, 물류단지 내에 설치된 컨베. / 답변1
  + [9129] ntt=11166 (4655) [기타] 명의신탁관련 양도소득세 문의 / 답변1
  + [9130] ntt=11165 (4654) [기타] 재산세 감면여부 질의 드립니다. / 답변2
  + [9131] ntt=11163 (4653) [기타] 화물자동차운수사업법 신설되기전 지입차량의 취득세 과세여부 / 답변1
  + [9132] ntt=11161 (4652) [기타] 벤처기업감면문의(대통령령에 따른 벤처기업) / 답변1
  + [9133] ntt=11160 (4651) [기타] 부설주차장 별도합산 / 답변1
  + [9134] ntt=11159 (4650) [기타] 생년월일과 이름만으로 주민번호 찾아내기 / 답변4
  + [9135] ntt=11155 (4649) [기타] 지역자원시설세(특정자원) 지하수를 채수하는 자는 누구로 . / 답변1
  + [9136] ntt=11154 (4648) [기타] 불법전용산지 임시특례조항 관련하여 취득세 지목변경 부과 . / 답변1
  + [9137] ntt=11149 (4647) [기타] 유한회사의 현물출자에 대한 순자산가액 문의 / 답변1
  + [9138] ntt=11148 (4646) [기타] 재산세 납세의무자 질의 / 답변1
  + [9139] ntt=11147 (4645) [기타] 고급주택 해당 여부 / 답변1
  + [9140] ntt=11144 (4644) [기타] [재산분 주민세] 태양광발전시설 과세 대상 여부 및 면적. / 답변1
  + [9141] ntt=11143 (4643) [기타] 이의신청에 대한 의견서 제출(주택개량사업대상자 감면 관련. / 답변1
  + [9142] ntt=11142 (4642) [기타] 장애인 감면차량 세대분리로 과세 중이면 최초감면 1대에 . / 답변3
  + [9143] ntt=11139 (4641) [기타] 대도시 밖에 있는 중과제외업 법인의 대도시 본점 전입 시. / 답변2
  + [9144] ntt=11138 (4640) [기타] 창업중소기업감면 문의 / 답변1
  + [9145] ntt=11137 (4639) [기타] 국가유공자 세대분가와 합가가 동일날짜에 이루어졌을 경우 . / 답변1
  + [9146] ntt=11136 (4638) [기타] 신탁 재산 관련 재산세 납부 문의 사항 / 답변1
  + [9147] ntt=11135 (4637) [기타] 재산세 사망자- 상속인 상속포기시... 처리 방법 / 답변4
  + [9148] ntt=11132 (4636) [기타] 임도 도로재산세  비과세 요건대상 여부 / 답변2
  + [9149] ntt=11131 (4635) [기타] 예금압류 진행 기준 / 답변3
  + [9150] ntt=11130 (4634) [기타] 지방세법 제109조 제2항 국가가 1년이상 사용하는 재산. / 답변1
  + [9151] ntt=11129 (4633) [기타] 지방세기본법 제40조 교부청구중의 기간이란.... / 답변1
  + [9152] ntt=11127 (4632) [기타] 재산세 탄력세율에 대하여 문의드립니다. / 답변1
  + [9153] ntt=11125 (4631) [기타] 개인회생에 따른 '소송회수비용(세외수입) 체납액' 면제 . / 답변1
[page 1566 완료] 누적 신규 9153건  (이 게시판 저장 총 46,827건)
  + [9154] ntt=11124 (4630) [기타] 수상레저기구 취득세 신고납부기한 / 답변1
  + [9155] ntt=11117 (4629) [기타] 지특법 시행령 제15조 3항 단서조항에서  '부양하고 있. / 답변1
  + [9156] ntt=11116 (4628) [기타] 체납액의 징수유예 질의(상속승계 납세의무자) / 답변1
  + [9157] ntt=11106 (4627) [기타] 한국농어촌공사 재산세 감면 문의 / 답변1
  + [9158] ntt=11104 (4626) [기타] 상속대위등기관련 / 답변1
  + [9159] ntt=11102 (4625) [기타] 대형화재위험 지역자원시설세 3배중과대상이 되는지 여부? / 답변1
  + [9160] ntt=11101 (4624) [기타] 사실상 지목변경일과 과표산입여부 / 답변1
  + [9161] ntt=11099 (4623) [기타] 공공기록정보등록 사유발생일로 부터 7년 경과 여부 / 답변1
  + [9162] ntt=11096 (4622) [기타] 토지수용에 따른 대체취득 감면 / 답변2
  + [9163] ntt=11095 (4621) [기타] 직계존비속간 거래 증빙X 과세표준? / 답변1
  + [9164] ntt=11091 (4620) [기타] 등기부상 신탁의 경우, 상속 취득세 부과 여부 / 답변1
  + [9165] ntt=11090 (4619) [기타] 대형 화재위험 건축물 지자세 3배중과 문의 / 답변2
  + [9166] ntt=11088 (4618) [기타] 주민세(재산분)과세대상여부 / 답변1
  + [9167] ntt=11084 (4617) [기타] 지점 중과세 여부 / 답변1
  + [9168] ntt=11082 (4616) [기타] 법인지방소득세 결손금 소급공제 / 답변1
  + [9169] ntt=11081 (4615) [기타] 지역자원시설세 중과 여부 / 답변1
  + [9170] ntt=11079 (4614) [기타] 공매 배분시 우선순위 관련 질문드립니다. / 답변1
  + [9171] ntt=11078 (4613) [기타] 지방소득세  세입정정요청에 시효에 관한 문의 / 답변1
  + [9172] ntt=11077 (4612) [기타] 지방소득세(양도소득분) 납기연장에 대하여 문의드립니다. / 답변1
  + [9173] ntt=11075 (4611) [기타] 선박(어선) 관련 질문드립니다 / 답변1
  + [9174] ntt=11074 (4610) [기타] 임대사업자 등록사항 변경신고시 등록면허세 납세지 질문드립. / 답변1
  + [9175] ntt=11073 (4609) [기타] 공장 및 창고 대형화재위험 건축물 중과세 문의 / 답변1
  + [9176] ntt=11071 (4608) [기타] 전통재래시장 지역자원시설세 3배 중과세 문의 / 답변1
  + [9177] ntt=11067 (4607) [기타] 폐업법인차량 견인관련 문의 / 답변2
  + [9178] ntt=11066 (4606) [기타] 폐차증명 자동차 압류 문의 / 답변1
  + [9179] ntt=11065 (4605) [기타] 도시지역 내의 농막 재산세(도시지역분) 과세여부 / 답변1
  + [9180] ntt=11064 (4604) [기타] 자동차세 한정승인 질문 / 답변1
  + [9181] ntt=11060 (4603) [기타] 지방소득세(양도소득) 환급문의 / 답변2
  + [9182] ntt=11059 (4602) [기타] 종중이 제사를 목적으로 사용하는 재실 등의 감면 여부 / 답변1
  + [9183] ntt=11053 (4601) [기타] 상속자경농민 감면후 추징 여부 / 답변1
[page 1567 완료] 누적 신규 9183건  (이 게시판 저장 총 46,857건)
  + [9184] ntt=11052 (4600) [기타] 취득세 경정청구 인용결정 / 답변1
  + [9185] ntt=11051 (4599) [기타] 건축물의부속토지 / 답변1
  + [9186] ntt=11050 (4598) [기타] 과세제외되던 토지의 상속권자가 나타날경우 민원응대 / 답변1
  + [9187] ntt=11048 (4597) [기타] 농특세 "토지면적이 용도지역별 적용배율을 초과할 때" / 답변1
  + [9188] ntt=11047 (4596) [기타] 차량 취득세 감면 후 수출말소 추징 여부 / 답변2
  + [9189] ntt=11046 (4595) [기타] 합병으로 인한 과점주주 관련입니다. / 답변1
  + [9190] ntt=11044 (4594) [기타] 이륜차 과태료를 미성년자에게 부과할 경우 / 답변1
  + [9191] ntt=11041 (4593) [기타] 장애인 자동차세 대체취득 질문 / 답변2
  + [9192] ntt=11040 (4592) [기타] 창업중소기업 감면 추징관련 / 답변1
  + [9193] ntt=11039 (4591) [기타] 임대주택용 토지를 연부취득 할 때 감면여부 질의 / 답변1
  + [9194] ntt=11035 (4590) [기타] 환급가산금 기산일(일반 신고납부 후 감면신청-경정청구) / 답변1
  + [9195] ntt=11033 (4589) [기타] 개인건축주 분양 상가 - 취득세과표 문의 드려요! / 답변1
  + [9196] ntt=11032 (4588) [기타] 자동차세 연납 고지서 발송 누락으로  인한 공제세액의 책. / 답변4
  + [9197] ntt=11031 (4587) [기타] 다자녀감면 사후환급문의입니다. / 답변2
  + [9198] ntt=11030 (4586) [기타] 사실상 멸실된 공동주택의 화해권고결정으로 인한 소유권이전 / 답변1
  + [9199] ntt=11028 (4585) [기타] 자경농민 추징여부 / 답변1
  + [9200] ntt=11027 (4584) [기타] 시설물 신규 추가 관련 건축물 세금 부과 / 답변1
  + [9201] ntt=11026 (4583) [기타] 지방세환급금 소멸시효관련.. / 답변1
  + [9202] ntt=11023 (4582) [기타] 압류의 시효중단 효력에 대한 문의 / 답변1
  + [9203] ntt=11022 (4581) [기타] 사해행위취소 확정판결로 소유권 말소시  재산세 납세의무자. / 답변1
  + [9204] ntt=11021 (4580) [기타] 차량취득세 다자녀 감면시 재혼한 부부 공동명의 가능 여부 / 답변1
  + [9205] ntt=11020 (4579) [기타] 진정명의 회복을 원인으로한 소유권이전에 따른 과오납금 지. / 답변1
  + [9206] ntt=11019 (4578) [기타] 법인합병시 취득세 최소납부제 적용 문제 / 답변2
  + [9207] ntt=11018 (4577) [기타] 교회 차량 자동차세 / 답변1
  + [9208] ntt=11017 (4576) [기타] 재산세 도로 비과세 관련 / 답변1
  + [9209] ntt=11016 (4575) [기타] 주민세(재산분) 과세대상 여부 / 답변1
  + [9210] ntt=11013 (4574) [기타] 등록면허세(면허) 부과대상 문의입니다. / 답변2
  + [9211] ntt=11012 (4573) [기타] 전자촉탁전 부동산압류촉탁서 보관기간 / 답변1
  + [9212] ntt=11006 (4572) [기타] 납세자에게 5년환급시 기산일 및 근거 / 답변2
  + [9213] ntt=10999 (4571) [기타] 교통사고 차량 취득세 실무 문의 / 답변1
[page 1568 완료] 누적 신규 9213건  (이 게시판 저장 총 46,887건)
  + [9214] ntt=10998 (4570) [기타] 창업벤처기업 문의 드립니다. / 답변1
  + [9215] ntt=10997 (4569) [기타] 주민세(재산분) 사업소관련 질문입니다. / 답변1
  + [9216] ntt=10996 (4568) [기타] 상속 취득세 문의 / 답변2
  + [9217] ntt=10992 (4567) [기타] 상속 납세 의무자 / 답변2
  + [9218] ntt=10991 (4566) [기타] 이륜차 번호만 변경한 경우 면허세 부과 대상인가요? / 답변4
  + [9219] ntt=10990 (4565) [기타] 양도소득분 지방소득세 환급 관련 / 답변1
  + [9220] ntt=10988 (4564) [기타] 양도소득 개인지방소득세  가산세 포함 여부 / 답변1
  + [9221] ntt=10987 (4563) [기타] 지방소득세 (양도소득분) 납세지 문의 / 답변1
  + [9222] ntt=10985 (4562) [기타] 공매차량 낙찰자에게 전소유자의 인적사항 공개 가능할까요? / 답변1
  + [9223] ntt=10984 (4561) [기타] 차량 취득세 감면 후 1년 이내에 수출말소 시 어떻게 처. / 답변2
  + [9224] ntt=10979 (4560) [기타] 농어촌 주택개량 사업 연장 관련 질의 / 답변1
  + [9225] ntt=10975 (4559) [기타] 소유권이전등기말소 판결이후 원고가 판결에 따른 등기를 하. / 답변1
  + [9226] ntt=10974 (4558) [기타] 수상레저기구의  취득 신고납부 기한 / 답변1
  + [9227] ntt=10973 (4557) [기타] 주택가격 산정되지 않은 공동주택 시가표준액 표기 질문 / 답변1
  + [9228] ntt=10970 (4556) [기타] 해외파견으로 인한 차량취득세 다자녀 감면 추징 여부 / 답변3
  + [9229] ntt=10969 (4555) [기타] 회생절차 종결 법인의 동산 압류 / 답변1
  + [9230] ntt=10968 (4554) [기타] 등록면허세(면허) 세무법인 및 세무사 / 답변1
  + [9231] ntt=10967 (4553) [기타] 건축물 등록 관련 문의 드려요 / 답변1
  + [9232] ntt=10961 (4552) [기타] 지방세시행령 101조 ⓷항 5호에 있는 토지 문의드립니다. / 답변1
  + [9233] ntt=10958 (4551) [기타] 공공하수처리 위탁 사업장 주민세 재산분 과세 / 답변1
  + [9234] ntt=10957 (4550) [기타] 금전청산으로 없어진 지번에 대한 취득세 과세 / 답변1
  + [9235] ntt=10952 (4549) [기타] 지방소득세(특별징수) 퇴직소득 환급 통보관련 질의입니다. / 답변1
  + [9236] ntt=10951 (4548) [기타] 법인분할 / 답변1
  + [9237] ntt=10950 (4547) [기타] 민원이 심한 급여채권 압류 대안책 도와주세요 / 답변1
  + [9238] ntt=10949 (4546) [기타] 압류예금 추심 시 이체수수료 부담 / 답변2
  + [9239] ntt=10948 (4545) [기타] 자동차세 문의 / 답변1
  + [9240] ntt=10945 (4544) [기타] 지목변경 문의 / 답변1
  + [9241] ntt=10942 (4543) [기타] 지목변경 취득세 문의(인근지 지가 적용) / 답변1
  + [9242] ntt=10941 (4542) [기타] 자동차세 문의 / 답변1
  + [9243] ntt=10940 (4541) [기타] 취득세신고관련 부동산매매계약서 정보공개 / 답변1
[page 1569 완료] 누적 신규 9243건  (이 게시판 저장 총 46,917건)
  + [9244] ntt=10939 (4540) [기타] 농어촌 주택개량 감면 관련 질의 / 답변1
  + [9245] ntt=10938 (4539) [기타] 과점주주 관련 문의 드립니다 / 답변2
  + [9246] ntt=10935 (4538) [기타] 주민세(재산분) 고시원 문의드립니다. / 답변1
  + [9247] ntt=10934 (4537) [기타] 지방소득세(양도소득) 세입이체 문의 / 답변1
  + [9248] ntt=10931 (4536) [기타] 교회 등 대표자가 등록(원부상)되어 있는 자동차세 / 답변2
  + [9249] ntt=10928 (4535) [기타] 개발제한구역내 건축물 배율초과 토지 재산세 도시지역분 과. / 답변1
  + [9250] ntt=10924 (4534) [기타] 창업중소기업  감면여부 문의 / 답변3
  + [9251] ntt=10923 (4533) [기타] 창업벤처중소기업 감면 문의 / 답변1
  + [9252] ntt=10921 (4532) [기타] 국가유공자감면 대상 차종 (그랜드스타렉스->오토캠프이동업. / 답변5
  + [9253] ntt=10918 (4531) [기타] 재산세 오피스텔(일반건물) 임대감면 문의입니다. / 답변3
  + [9254] ntt=10917 (4530) [기타] 자동차 저당권 말소시 등록면허세 납세의무자? / 답변1
  + [9255] ntt=10916 (4529) [기타] 자경농민 추징 대상? / 답변1
  + [9256] ntt=10914 (4528) [기타] 주유소 주민세(재산분)문의드립니다. / 답변1
  + [9257] ntt=10913 (4527) [기타] [중복감면]  1개호의  면적을 구분하여 2종류의 감면이. / 답변1
  + [9258] ntt=10909 (4526) [기타] 장애인 차량취득세 대체취득 감면관련 질의 / 답변1
  + [9259] ntt=10908 (4525) [기타] 개인지방소득세 세입경정에 관한 문의드립니다~ / 답변1
  + [9260] ntt=10907 (4524) [기타] 군의 면지역에 소재한 하나로마트 농협 고유업무 부동산 해. / 답변1
  + [9261] ntt=10905 (4523) [기타] 창업중소기업 창업판단 / 답변1
  + [9262] ntt=10904 (4522) [기타] 주민세(재산분) 문의드립니다. / 답변1
  + [9263] ntt=10902 (4521) [기타] 대위등기 관련 문의 / 답변1
  + [9264] ntt=10901 (4520) [기타] 인정이자 취득 부대비용 산입여부 / 답변2
  + [9265] ntt=10900 (4519) [기타] 비영리사업자의 소유 토지 재산세 과세형태 문의 / 답변1
  + [9266] ntt=10897 (4518) [기타] 도시지역분 토지관련입니다 / 답변2
  + [9267] ntt=10895 (4517) [기타] 한국토지주택공사 재산세 관련입니다(지특법 31조4항) / 답변1
  + [9268] ntt=10894 (4516) [기타] 지방세법시행령[건축물의 범위 등] 제1항 3호 건축 중인. / 답변1
  + [9269] ntt=10893 (4515) [기타] 위탁자 감면 관련 / 답변1
  + [9270] ntt=10872 (4514) [기타] 등록면허세(등록) 문의드립니다. / 답변4
  + [9271] ntt=10870 (4513) [기타] 장애인 차량 취득세 감면분 추징 관련 문의 / 답변2
  + [9272] ntt=10869 (4512) [기타] 재산세납세의무자 질의입니다(신탁) / 답변1
  + [9273] ntt=10867 (4511) [기타] 재산세 납세의무자 관련 질문(증여계약 후 미등기) / 답변2
[page 1570 완료] 누적 신규 9273건  (이 게시판 저장 총 46,947건)
  + [9274] ntt=10865 (4510) [기타] 재산세 납세의무자 질의 / 답변1
  + [9275] ntt=10864 (4509) [기타] 지하수 취득세 문의 / 답변1
  + [9276] ntt=10861 (4508) [기타] 임대사업자 문의드립니다 / 답변2
  + [9277] ntt=10860 (4507) [기타] 결손처분 가능여부 고견을 구함 / 답변1
  + [9278] ntt=10856 (4506) [기타] 차량 취득세 담당자만 보세요 / 답변3
  + [9279] ntt=10851 (4505) [기타] 지식산업센터 제조업과 사무실... / 답변1
  + [9280] ntt=10849 (4504) [기타] 2018년 상반기 지목변경이 된 토지의 공시지가 재산세 . / 답변1
  + [9281] ntt=10847 (4503) [기타] 지특법 제22조 해당여부 / 답변1
  + [9282] ntt=10846 (4502) [기타] 자경농민의 추징사유에 해당 유무 / 답변2
  + [9283] ntt=10837 (4501) [기타] 공매 배분관련하여 문의드립니다. / 답변3
  + [9284] ntt=10835 (4500) [기타] 상속 가산세 문의 드립니다. / 답변1
  + [9285] ntt=10834 (4499) [기타] 압류금지 부동산(묘지) / 답변1
  + [9286] ntt=10831 (4498) [기타] 과점주주 취득세 과세대상 / 답변5
  + [9287] ntt=10830 (4497) [기타] 차량의 이전용도 인정 문의드립니다. / 답변2
  + [9288] ntt=10827 (4496) [기타] 기업부설연구소 감면율 적용 문의입니다~!~! / 답변1
  + [9289] ntt=10826 (4495) [기타] 가설건축물 취득세_납세의무자 / 답변1
  + [9290] ntt=10825 (4494) [기타] 자동차 임의상속 관련 문의드립니다. / 답변2
  + [9291] ntt=10824 (4493) [기타] 국세환급금 추심 관련 질의드립니다. / 답변1
  + [9292] ntt=10823 (4492) [기타] 임대주택용 부속토지에 대한 취득세 감면 질의 입니다. / 답변2
  + [9293] ntt=10822 (4491) [기타] 한국가스공사 시설물(가스관) 관련입니다 / 답변1
  + [9294] ntt=10820 (4490) [기타] 자경농민 감면 대상 여부 질의합니다. / 답변2
  + [9295] ntt=10819 (4489) [기타] 자경농민 감면 후 2년이내 공유물 분할 시 추징여부 / 답변1
  + [9296] ntt=10818 (4488) [기타] 자경농민추징관련입니다 / 답변1
  + [9297] ntt=10816 (4487) [기타] 농지연금 담보제공 재산세 감면 / 답변1
  + [9298] ntt=10814 (4486) [기타] 공유물분할관련 질의 드립니다(세목, 취득일, 세율 적용관. / 답변1
  + [9299] ntt=10812 (4485) [기타] 등록면허세(면허) 부과 문의 / 답변2
  + [9300] ntt=10811 (4484) [기타] 대전 본점있고 대도시 토지취득 중과 / 답변1
  + [9301] ntt=10808 (4483) [기타] 무료노인복지시설이 무허가건축물 증축한 경우 취득세 감면여. / 답변1
  + [9302] ntt=10807 (4482) [기타] 장애인 자동차세 비과감면 차량 변경 여부 / 답변2
  + [9303] ntt=10803 (4481) [기타] 폐업법인 차량의 번호판 반환여부 / 답변3
[page 1571 완료] 누적 신규 9303건  (이 게시판 저장 총 46,977건)
  + [9304] ntt=10797 (4480) [기타] 법인지방소득세 가산세 문의 / 답변1
  + [9305] ntt=10796 (4479) [기타] 지방소득세(종합소득) 확정신고 관련 초보자적 질문 / 답변1
  + [9306] ntt=10794 (4478) [기타] 대위이전된 차량인데 상속포기한 경우 자동차세 문의드립니다. / 답변1
  + [9307] ntt=10793 (4477) [기타] 장애인용 감면차량에 대한 질의 / 답변2
  + [9308] ntt=10791 (4476) [기타] 재산세 상한세액 관련 / 답변1
  + [9309] ntt=10789 (4475) [기타] 빌딩 취득으로 당초 감면 층수와 다른 층을 감면 가능하지. / 답변1
  + [9310] ntt=10788 (4474) [기타] 상속 취득세 재산세 납부 내역을 근거로 수시 부과 가능 . / 답변1
  + [9311] ntt=10787 (4473) [기타] 신탁재산 압류 / 답변2
  + [9312] ntt=10786 (4472) [기타] 경기도도세감면조례 제4조 감면 문의글 올립니다 / 답변2
  + [9313] ntt=10784 (4471) [기타] 타인의 지방세 잘못 납부했을 때 / 답변2
  + [9314] ntt=10782 (4470) [기타] 2016년에 한 매매계약을 취소하는 경우 등록면허세 / 답변1
  + [9315] ntt=10781 (4469) [기타] 재산세 납세의무자는?(수탁자(개인)  사망시) / 답변2
  + [9316] ntt=10780 (4468) [기타] 폐기물재활용시설은 주민세(재산분) 과세제외대상입니까? / 답변1
  + [9317] ntt=10779 (4467) [기타] 화물자동차 위수탁(지입) 관련 / 답변2
  + [9318] ntt=10778 (4466) [기타] 자동차 이전신청하면서 엉뚱한 번호로 바뀌는 경우? / 답변1
  + [9319] ntt=10775 (4465) [기타] 주민세(재산분) 사업소면적 질의 / 답변1
  + [9320] ntt=10774 (4464) [기타] 특별징수 부과관련 질문드립니다 / 답변1
  + [9321] ntt=10773 (4463) [기타] 명의신탁에 의한 과점주주 / 답변2
  + [9322] ntt=10770 (4462) [기타] 2012년귀속 연말정산환급 (환급금 소멸시효) / 답변1
  + [9323] ntt=10768 (4461) [기타] 지역아동센터 재산세 감면 / 답변2
  + [9324] ntt=10767 (4460) [기타] LH에서국가식품클러스터 산업단지를 조성하여 분양하는 토지 / 답변1
  + [9325] ntt=10765 (4459) [기타] 차량 매매가액 수정신고 환급가능 여부 / 답변3
  + [9326] ntt=10764 (4458) [기타] 유료 노인복지시설 재산세 감면 관련해서 직접사용의 의미 / 답변1
  + [9327] ntt=10762 (4457) [기타] 매매용 차량 수출 말소에 대한 처리 방법 / 답변11
  + [9328] ntt=10761 (4456) [기타] 과점주주 납세의무 성립 문의 / 답변2
  + [9329] ntt=10760 (4455) [기타] 과점주주 특수관계인 관련 문의드립니다~ / 답변2
  + [9330] ntt=10759 (4454) [기타] 차량 취득세 장애인 오류 감면에 따른 가산세 질의 / 답변1
  + [9331] ntt=10758 (4453) [기타] 캐피탈 차량 사용본거지 변경에 따른 등록면허세는 비과세인. / 답변2
  + [9332] ntt=10757 (4452) [기타] 장학법인의 임대용부동산 지역자원시설세 중과 / 답변1
  + [9333] ntt=10756 (4451) [기타] 귀농인 감면과 "농업인" 요건 충족 여부 관련 조연 요청. / 답변1
[page 1572 완료] 누적 신규 9333건  (이 게시판 저장 총 47,007건)
  + [9334] ntt=10755 (4450) [기타] 농협 로컬푸드매장 농업인(조합원)에 임대시 고유업무 해당. / 답변1
  + [9335] ntt=10754 (4449) [기타] 취득세 신고 및 납부 완료 후 미등기인 경우 재산세 납세. / 답변3
  + [9336] ntt=10753 (4448) [기타] 장애인차량 감면, 교도소 수감, 등록일부터 1년이내 매도. / 답변3
  + [9337] ntt=10752 (4447) [기타] 화해권고 판결에 따른 압류 해제 요청 민원 / 답변1
  + [9338] ntt=10751 (4446) [기타] 멸실 말소가 아닌 "멸실 사실인정" 차량에 설정된 압류 . / 답변2
  + [9339] ntt=10750 (4445) [기타] 지식산업센터 설립하는 자 경감세울 특례[부칙 제10조] / 답변1
  + [9340] ntt=10749 (4444) [기타] 취득세가 공익채권에 해당되는지요? / 답변1
  + [9341] ntt=10746 (4443) [기타] 창고 지역자원시설세 중과세 / 답변1
  + [9342] ntt=10745 (4442) [기타] 산업단지 주차장용지를 분양받은 경우 감면? / 답변2
  + [9343] ntt=10741 (4441) [기타] 취득세 납세의무 성립여부 / 답변1
  + [9344] ntt=10740 (4440) [기타] 자동차 말소관련: 자진말소, 사실상 멸실인정, 사실상폐차. / 답변1
  + [9345] ntt=10739 (4439) [기타] 재산세 도시계획세분 의회 의결.고시? / 답변4
  + [9346] ntt=10735 (4438) [기타] 장애인 감면 지분변경 후 취득세 새로이 감면 문의 / 답변1
    [retry 1/3] ReadTimeout
  + [9347] ntt=10734 (4437) [기타] 혹시 "지방세감면조례개정표준(안) 세부개정사유(행정자치부. / 답변2
  + [9348] ntt=10733 (4436) [기타] 근저당권부 채권압류 말소여부 / 답변1
  + [9349] ntt=10732 (4435) [기타] 기준일 적용 여부 / 답변1
  + [9350] ntt=10731 (4434) [기타] 비영리 사회복지법인 수익사업개시할 경우 주민세 재산분 과. / 답변1
  + [9351] ntt=10726 (4433) [기타] 과점주주 취득세 과세대상 여부 / 답변2
  + [9352] ntt=10717 (4432) [기타] 노인주택 / 답변2
  + [9353] ntt=10716 (4431) [기타] 임대사업자 재산과 관련 / 답변2
  + [9354] ntt=10715 (4430) [기타] 창업중소기업 감면 문의... / 답변2
  + [9355] ntt=10713 (4429) [기타] 임대사업자 감면 (재산세) / 답변2
  + [9356] ntt=10712 (4428) [기타] 오염물질 배출사업소 사업주 변경시 중과여부 / 답변1
  + [9357] ntt=10711 (4427) [기타] 임대사업자 취득세 감면(세대분할) / 답변1
  + [9358] ntt=10709 (4426) [기타] 개발제한구역내 임야 토지 과세형태 문의 / 답변1
  + [9359] ntt=10708 (4425) [기타] 주택조합 전매관련 문의드립니다. / 답변1
  + [9360] ntt=10707 (4424) [기타] 지특법 57조의2 2항 질문입니다. / 답변1
  + [9361] ntt=10706 (4423) [기타] 임대사업자의 임대주택 취득 감면 / 답변1
  + [9362] ntt=10705 (4422) [기타] 2차납세의무자 질의합니다 / 답변1
  + [9363] ntt=10701 (4421) [기타] 지목변경 취득세(불법산지전용) 관련입니다. / 답변1
[page 1573 완료] 누적 신규 9363건  (이 게시판 저장 총 47,037건)
  + [9364] ntt=10700 (4420) [기타] 등록면허세(면허) 태양광관련 / 답변1
  + [9365] ntt=10697 (4419) [기타] 출국한 외국인 자동차 / 답변2
  + [9366] ntt=10692 (4418) [기타] 공공기록 정보등록 근거법령관련 문의드립니다. / 답변2
  + [9367] ntt=10691 (4417) [기타] 장애인 취득세  감면 대상 여부 / 답변1
  + [9368] ntt=10690 (4416) [기타] 사망자 차량(공동소유) 공매관련. / 답변2
  + [9369] ntt=10688 (4415) [기타] 상속한정승인 최고서 / 답변1
  + [9370] ntt=10686 (4414) [기타] 제조업 분류 / 답변2
  + [9371] ntt=10685 (4413) [기타] 영농조합법인 및 농업회사법인에 대한 주민세 재산분 / 답변1
  + [9372] ntt=10684 (4412) [기타] 지특법 57조의2 1항에 따른 법인 합병 감면 문의 / 답변1
  + [9373] ntt=10683 (4411) [기타] 교환자동차 감면에 관하여 문의드립니다. / 답변3
  + [9374] ntt=10680 (4410) [기타] 결손금소급공제분에 대하여 / 답변2
  + [9375] ntt=10674 (4409) [기타] 귀농감면에 대한 문의입니다. / 답변1
  + [9376] ntt=10673 (4408) [기타] 법인의 지방이전에 대한 감면_ 신소재지 등록면허세 / 답변2
  + [9377] ntt=10672 (4407) [기타] 과세정보 제공 가능 여부~ / 답변2
  + [9378] ntt=10671 (4406) [기타] 신축 분양한 공동주택 과세표준 문의드립니다. / 답변1
  + [9379] ntt=10670 (4405) [기타] 지목변경 취득세 문의드립니다. / 답변1
  + [9380] ntt=10669 (4404) [기타] 교통사고 차량 취득세 관련 질의입니다. / 답변1
  + [9381] ntt=10668 (4403) [기타] 수감자 차량의 공매가능여부 / 답변1
  + [9382] ntt=10666 (4402) [기타] 가설건축물 축조 신고필증을 교부 받은 지렁이 사육장 과세 / 답변1
  + [9383] ntt=10665 (4401) [기타] 가설건축물 상속문의 / 답변1
  + [9384] ntt=10664 (4400) [기타] 무상증여후 면적정정 취득세 감액여부? / 답변1
  + [9385] ntt=10663 (4399) [기타] 부동산 취득세 감면 후 30일 이내 추징시 가산세 부과 . / 답변1
  + [9386] ntt=10662 (4398) [기타] 체납액의 징수유예 / 답변2
  + [9387] ntt=10660 (4397) [기타] 차량 시가표준액 관련 문의드립니다. / 답변1
  + [9388] ntt=10657 (4396) [기타] 임대주택의무기간 문의 / 답변1
  + [9389] ntt=10656 (4395) [기타] 자동차세 세대분리 문의합니다. / 답변1
  + [9390] ntt=10655 (4394) [기타] 차량 구조변경 관련 문의 / 답변2
  + [9391] ntt=10654 (4393) [기타] 주택부속토지 세율 질문 드립니다. / 답변1
  + [9392] ntt=10652 (4392) [기타] 건설기계 압류 관련 문의 / 답변2
  + [9393] ntt=10651 (4391) [기타] 지목이 대지인 일반주거지역 내 현황 농지 재산세 과세 / 답변2
[page 1574 완료] 누적 신규 9393건  (이 게시판 저장 총 47,067건)
  + [9394] ntt=10650 (4390) [기타] 등록문화재에 대한 도시지역분 감면 여부 문의 / 답변1
  + [9395] ntt=10649 (4389) [기타] 비영리법인으로 볼 수 있는지 여부 / 답변1
  + [9396] ntt=10648 (4388) [기타] 자동차세 감액 여부와 관련하여 / 답변1
  + [9397] ntt=10643 (4387) [기타] 임대주택 감면 / 답변1
  + [9398] ntt=10642 (4386) [기타] 송전철탑 과표(3회선) 문의입니다. / 답변1
  + [9399] ntt=10641 (4385) [기타] 차량 취득세 장애인 감면 차량 추징 여부 / 답변1
  + [9400] ntt=10640 (4384) [기타] 부부가 이혼에 따른 재산분할 조정조서 성립 후 일방이 사. / 답변2
  + [9401] ntt=10639 (4383) [기타] 피상속인이 사망 후 매도인으로부터 잔금을 받은 상속인의 . / 답변1
  + [9402] ntt=10638 (4382) [기타] 징수유예 요건인지 궁금합니다. / 답변3
  + [9403] ntt=10637 (4381) [기타] 수감자 자동차세 부과 / 답변1
  + [9404] ntt=10636 (4380) [기타] 소사장제에 대한 주민세(종업원분) 관련 질의 / 답변1
  + [9405] ntt=10634 (4379) [기타] 임대사업자법 변경에 따른 등록면허세(면허) 수시 부과를 . / 답변1
  + [9406] ntt=10633 (4378) [기타] 녹색건축 인증 건축물에 대한 재산세 감면 문의 / 답변1
  + [9407] ntt=10631 (4377) [기타] 소유권보존등기가 경료된 미준공 건축물을 소유권 이전등기할. / 답변1
  + [9408] ntt=10630 (4376) [기타] 이런경우..직원사택이 창업중소기업감면에 해당될까요.. / 답변1
  + [9409] ntt=10629 (4375) [기타] 주민세(종업원분) 문의 / 답변2
  + [9410] ntt=10628 (4374) [기타] 마을회 등록면허세 비과세 여부 / 답변1
  + [9411] ntt=10627 (4373) [기타] 가설건축물 재산세 과세자료 정비 문의 / 답변2
  + [9412] ntt=10624 (4372) [기타] 주민세 (재산분) 문의드립니다. / 답변1
    [retry 1/3] ReadTimeout
  + [9413] ntt=10623 (4371) [기타] 지방공기업 감면(재산세) 관련하여 문의 드립니다. / 답변4
  + [9414] ntt=10620 (4370) [기타] 법인의 과세정보 보호 근거 / 답변2
  + [9415] ntt=10617 (4369) [기타] 개인재산이  종중으로 재산세가 나가고 있는데 납세자 변동. / 답변2
  + [9416] ntt=10615 (4368) [기타] 농어촌 주택개량 감면 적용 / 답변2
  + [9417] ntt=10614 (4367) [기타] 포괄양수도 감면신청시  최초 제출된 재무상태표를 수정하여. / 답변1
  + [9418] ntt=10611 (4366) [기타] 어촌계 감면 / 답변1
  + [9419] ntt=10610 (4365) [기타] 신축 문의 드립니다 / 답변1
  + [9420] ntt=10606 (4364) [기타] 차량 취득세 문의 / 답변1
  + [9421] ntt=10604 (4363) [기타] 코스닥시장 주식 취득시 과점주주 취득세 85% 또는 10. / 답변1
  + [9422] ntt=10602 (4362) [기타] 지역농협이 인근의 나대지를 취득하여 고객주차장으로 사용하. / 답변1
  + [9423] ntt=10600 (4361) [기타] 법인지방소득세 환급자료 관련 / 답변1
[page 1575 완료] 누적 신규 9423건  (이 게시판 저장 총 47,097건)
  + [9424] ntt=10599 (4360) [기타] 산업단지 감면 부칙 제25조 적용 가능 여부 / 답변1
  + [9425] ntt=10597 (4359) [기타] 인허가 의제조항에 따른 면허세 납세의무 질의 / 답변1
  + [9426] ntt=10596 (4358) [기타] 직계존비속간 유상 취득 시, 대가 지급 인정 여부 / 답변1
  + [9427] ntt=10594 (4357) [기타] 재산세 납세의무자 지정 관련 문의드립니다. / 답변1
  + [9428] ntt=10592 (4356) [기타] 태양광 시설 재산세(토지분) 부과 관련 / 답변2
  + [9429] ntt=10591 (4355) [기타] 청산종결된 법인 세무조사 / 답변2
  + [9430] ntt=10586 (4354) [기타] 합병후 매각 문의드립니다. / 답변1
  + [9431] ntt=10578 (4353) [기타] 집합건물(연립주택) 주택용도 아닌 경우 토지 형태 구분 / 답변1
    [retry 1/3] ReadTimeout
  + [9432] ntt=10575 (4352) [기타] 결손자의 공매에 관하여 문의드립니다. / 답변1
  + [9433] ntt=10574 (4351) [기타] 법인의 구축물에 대한 취득세 문의입니다. / 답변2
  + [9434] ntt=10573 (4350) [기타] 주거용 오피스텔 재산세 과세처리 / 답변3
  + [9435] ntt=10572 (4349) [기타] 주거용오피스텔 재산세 과세처리 / 답변1
  + [9436] ntt=10571 (4348) [기타] 소유권이전등기 판결관련 재산세 납세의무자 / 답변1
  + [9437] ntt=10570 (4347) [기타] 관허사업제한 통신판매업 / 답변1
  + [9438] ntt=10567 (4346) [기타] 장애인 자동차세 문의 / 답변1
  + [9439] ntt=10566 (4345) [기타] 주상복합 취득세 - 수용 대체취득 감면 문의드립니다. / 답변1
  + [9440] ntt=10562 (4344) [기타] 지방세환급금 양도신청시 문의(법인지방소득세 환급) / 답변1
  + [9441] ntt=10559 (4343) [기타] 학교용지부담금 대신 학교증축비용을 부담한 경우 취득세 과. / 답변1
  + [9442] ntt=10556 (4342) [기타] 주택건설사업용 공여 토지의 해석에 대한 문의 / 답변1
  + [9443] ntt=10553 (4341) [기타] 공공기록정보 등록 이후 행정소송을 제기한 경우 공공기록정. / 답변1
  + [9444] ntt=10552 (4340) [기타] 협조요청에 따른 개인정보 이용범위: 체납관련 자료 / 답변1
  + [9445] ntt=10551 (4339) [기타] 매매(상품)용 중고자동차 수출시 추징 실무운영은 어떻게 . / 답변3
  + [9446] ntt=10550 (4338) [기타] 귀농인 감면추징 대상일까요? / 답변1
  + [9447] ntt=10549 (4337) [기타] 재산세 납세의무성립일 관련 질문 / 답변2
  + [9448] ntt=10548 (4336) [기타] 산업단지 감면 추징 문의 / 답변1
  + [9449] ntt=10546 (4335) [기타] 자동차세 / 답변1
  + [9450] ntt=10544 (4334) [기타] 묘지에대한 취득세율적용 여부 / 답변1
  + [9451] ntt=10543 (4333) [기타] 창업중소기업감면 문의 / 답변1
  + [9452] ntt=10539 (4332) [기타] 기부채납 감면 부동산 문의 / 답변1
  + [9453] ntt=10537 (4331) [기타] 장애인 공동명의자 사망시 감면추징여부 / 답변2
[page 1576 완료] 누적 신규 9453건  (이 게시판 저장 총 47,127건)
  + [9454] ntt=10535 (4330) [기타] 납기전 징수 부과 문의 드립니다 / 답변2
  + [9455] ntt=10532 (4329) [기타] 재산세(대위등기) 관련 질의남깁니다~ / 답변1
  + [9456] ntt=10531 (4328) [기타] 해외체류시 주민세 부과 / 답변1
  + [9457] ntt=10530 (4327) [기타] 사망자 소유 부동산 재산세 납세의무자 관련 질문입니다. / 답변1
  + [9458] ntt=10529 (4326) [기타] 귀농인 감면 사후관리시 주민등록상 주소지 관련 조언 요청. / 답변2
  + [9459] ntt=10528 (4325) [기타] 거짓거래계약신고 / 답변4
  + [9460] ntt=10527 (4324) [기타] 축사는 취득원인이 농지 아님 농지외 인지~~ / 답변2
  + [9461] ntt=10526 (4323) [기타] 지목변경 취득세 자경농민 감면 문의 / 답변1
  + [9462] ntt=10524 (4322) [기타] 국가 등 비과세 / 답변1
  + [9463] ntt=10523 (4321) [기타] 자동차세 문의 / 답변1
  + [9464] ntt=10522 (4320) [기타] 귀농인 감면 사후관리 관련 조언요청드립니다. / 답변1
  + [9465] ntt=10518 (4319) [기타] 지방세특례제도과-1814(2018.05.25) 취득세 질. / 답변3
  + [9466] ntt=10517 (4318) [기타] 지방소득세(종합소득세) 소액징수면제대상? / 답변1
  + [9467] ntt=10516 (4317) [기타] 차량 대체취득 추징 관련 질문입니다. / 답변1
  + [9468] ntt=10513 (4316) [기타] 지방세법 시행령 제102조7항7호 주택건설사업에 제공되고. / 답변3
  + [9469] ntt=10511 (4315) [기타] 지특법 제57조의2 법인분할 감면 취득세 추징 문의 / 답변2
  + [9470] ntt=10508 (4314) [기타] 지목변경의 시가표준액 / 답변4
  + [9471] ntt=10506 (4313) [기타] 자동차 등록세 문의합니다.. / 답변4
  + [9472] ntt=10505 (4312) [기타] 폐업과 해산간주 / 답변2
  + [9473] ntt=10504 (4311) [기타] 지특법제31조의4 주택임대사업에 투자하는 부동산 투자회사. / 답변2
  + [9474] ntt=10502 (4310) [기타] 차량 취득세 다자녀 감면 조건 충족 여부 / 답변2
  + [9475] ntt=10499 (4309) [기타] 자경농민 2년 미만 매각 관련 추징 문의드립니다. / 답변3
  + [9476] ntt=10498 (4308) [기타] 창업중소기업 감면 해당 여부 문의 / 답변1
  + [9477] ntt=10497 (4307) [기타] 질서위반행위 과태료 관련 / 답변2
  + [9478] ntt=10496 (4306) [기타] 재개발지구 재산세 업무처리 문의 / 답변1
  + [9479] ntt=10495 (4305) [기타] 공시지가 없는 토지 상속 취득세 과표 산정 문의 / 답변1
  + [9480] ntt=10494 (4304) [기타] 지방세 납세증명서 유효기간 / 답변1
  + [9481] ntt=10493 (4303) [기타] 리모델링?개수?대수선? 문의드립니다...조언부탁드립니다ㅜ. / 답변1
  + [9482] ntt=10489 (4302) [기타] 자동차세 / 답변3
  + [9483] ntt=10485 (4301) [기타] 자동차 공동등록시 대표소유자에게 자동차세 부과하는거 어디. / 답변3
[page 1577 완료] 누적 신규 9483건  (이 게시판 저장 총 47,157건)
  + [9484] ntt=10484 (4300) [기타] 창업(벤처)중소기업의 사업용 재산중 차량 취득 감면문의 / 답변1
  + [9485] ntt=10481 (4299) [기타] 주민세(종업원분) 관련.. / 답변2
  + [9486] ntt=10479 (4298) [기타] 폐업 법인번호(폐업 사업자번호)로 등록된 자동차세 부과 . / 답변1
  + [9487] ntt=10478 (4297) [기타] 주민세 재산분 사업소 판단 기준 문의 / 답변1
  + [9488] ntt=10476 (4296) [기타] 고급오락장 객실 면적 제외 문의입니다. / 답변4
  + [9489] ntt=10473 (4295) [기타] 지방세 관련 민사소송을 제기할 수 있는 기간이 따로 있나. / 답변1
  + [9490] ntt=10472 (4294) [기타] 어업허가 관련해서 면허세 질의 합니다.. / 답변1
  + [9491] ntt=10466 (4293) [기타] 임대사업자 재산세 감면(경락공매) / 답변3
  + [9492] ntt=10462 (4292) [기타] 개인 증축시 과세표준액 / 답변3
  + [9493] ntt=10457 (4291) [기타] 환급 추징 5개년분 / 답변6
  + [9494] ntt=10456 (4290) [기타] 승합차 구조변경 => 과세 문의드립니다.  (자동차세) / 답변4
  + [9495] ntt=10455 (4289) [기타] 법인지방소득세 가산세 / 답변1
  + [9496] ntt=10454 (4288) [기타] 공공기록 정보 제공후 사망시 해제 여부 / 답변1
  + [9497] ntt=10452 (4287) [기타] 상속재분할관련문의 / 답변5
  + [9498] ntt=10451 (4286) [기타] 재산세 공부상 창고에 대한 주택으로 과세 가능 여부 / 답변2
    [retry 1/3] ReadTimeout
  + [9499] ntt=10449 (4285) [기타] 등록면허세(면허) 부과문의 / 답변2
  + [9500] ntt=10448 (4284) [기타] 담임목사사택 종교단체감면 추징관련 / 답변4
  + [9501] ntt=10447 (4283) [기타] 저당권부 질권설정 등록세 관련 / 답변3
  + [9502] ntt=10445 (4282) [기타] 법인지방소득세 납부일 / 답변1
  + [9503] ntt=10444 (4281) [기타] 주민세 재산분 문의드립니다. / 답변2
  + [9504] ntt=10443 (4280) [기타] 1년 이후에 직접 사용하지 않는 경우가 확인된 경우 추징. / 답변6
  + [9505] ntt=10442 (4279) [기타] 증여 과표 환급문의입니다. / 답변8
  + [9506] ntt=10440 (4278) [기타] 상속 지분 관련 문의드려욤 / 답변2
  + [9507] ntt=10438 (4277) [기타] 환매취득 문의 드립니다 / 답변1
  + [9508] ntt=10437 (4276) [기타] 상속 취득세 질문입니다! / 답변2
  + [9509] ntt=10436 (4275) [기타] 2년이상 자경농민  판단 조언 요청드립니다. / 답변2
  + [9510] ntt=10435 (4274) [기타] 재개발해제 시 재산세 업무처리에 대하여 문의드립니다. / 답변1
  + [9511] ntt=10434 (4273) [기타] 고급오락장 조사표 결재여부 / 답변5
  + [9512] ntt=10431 (4272) [기타] 사후감면 신청 시 가산금 환급여부 / 답변4
  + [9513] ntt=10430 (4271) [기타] 지역자원시설세 3배 중과 대상 여부 / 답변2
[page 1578 완료] 누적 신규 9513건  (이 게시판 저장 총 47,187건)
  + [9514] ntt=10429 (4270) [기타] 법인의 지방이전 감면 재질문입니다... / 답변2
  + [9515] ntt=10424 (4269) [기타] 자동차세 부과(소유자가 법인이고 대표납세자가 사망 시) / 답변3
  + [9516] ntt=10423 (4268) [기타] 법인의 지방이전 감면... / 답변2
  + [9517] ntt=10422 (4267) [기타] 부담부증여 질의 / 답변5
  + [9518] ntt=10421 (4266) [기타] 주택건설사업용 토지 분리과세 적용 관련한 의견 요청 / 답변2
  + [9519] ntt=10419 (4265) [기타] 과소면적 착공건축중... 과대한 부속토지 전부를 별도합산. / 답변2
  + [9520] ntt=10418 (4264) [기타] 자동차세 부과 / 답변3
  + [9521] ntt=10417 (4263) [기타] 과점주주 간주취득세 문의드립니다. / 답변2
  + [9522] ntt=10415 (4262) [기타] 개인정보 관련 질문입니다. / 답변2
  + [9523] ntt=10413 (4261) [기타] 주택 개량 사업 감면 문의 / 답변3
  + [9524] ntt=10412 (4260) [기타] 국세청 원천징수신고내역 통보자료대사 / 답변2
  + [9525] ntt=10411 (4259) [기타] 자동차세 처음입니다 / 답변8
  + [9526] ntt=10410 (4258) [기타] 급) 합병 감면분 추징관련 문의 / 답변2
  + [9527] ntt=10409 (4257) [기타] 법인 대표자(과점주주)의 개인 체납을 이유로 법인의 재산. / 답변2
  + [9528] ntt=10407 (4256) [기타] 신탁 회사 신탁으로 소유권 이전뒤 체결한 분양계약의 효력 / 답변2
  + [9529] ntt=10406 (4255) [기타] 종중토지 분리과세 여부 / 답변3
  + [9530] ntt=10405 (4254) [기타] 콘크리트 제작 공장 부속토지 입력 방법 / 답변1
  + [9531] ntt=10403 (4253) [기타] [사망보험금] 관련 상속인 고유 재산 질의 / 답변2
  + [9532] ntt=10401 (4252) [기타] 미준공건축물 대위등기시 취득세 신고납부기한 질의 / 답변3
  + [9533] ntt=10400 (4251) [기타] 중고매매상 추징 문의 / 답변4
  + [9534] ntt=10397 (4250) [기타] 주민세 재산분 안분대상 적용인지? / 답변1
  + [9535] ntt=10396 (4249) [기타] 취득세문의 / 답변1
  + [9536] ntt=10393 (4248) [기타] 발코니 잔금이 남은 경우 취득일 판단 / 답변3
  + [9537] ntt=10392 (4247) [기타] 자경농민 감면대상 여부 고견 부탁드립니다. / 답변4
  + [9538] ntt=10390 (4246) [기타] 재분할 상속 취득세 납기일 / 답변4
  + [9539] ntt=10388 (4245) [기타] 차량 취득세 구조변경 원형 과세 문의드립니다. / 답변5
  + [9540] ntt=10387 (4244) [기타] 의무보험 미가입 혹은 과태료 압류로 인한 공매가능여부 / 답변4
  + [9541] ntt=10384 (4243) [기타] 대중제 골프장의 원형보전지와 운동시설 이외 토지 과세 문. / 답변1
  + [9542] ntt=10383 (4242) [기타] 증여후 법원 반려 미등기 취득세 환급 / 답변4
  + [9543] ntt=10382 (4241) [기타] 지목변경 취득세 질문(불법산지전용 양성화) / 답변4
[page 1579 완료] 누적 신규 9543건  (이 게시판 저장 총 47,217건)
  + [9544] ntt=10374 (4240) [기타] 본점 사무소의 범위에대해 질문하나 올립니다. / 답변2
  + [9545] ntt=10372 (4239) [기타] 임대주택감면할 경우 농어촌특별세 감면에 대하여.... / 답변5
  + [9546] ntt=10369 (4238) [기타] 체납자의 상장주식 매각방법 문의 / 답변1
  + [9547] ntt=10368 (4237) [기타] 지목은 답이나 현황이 목장용지인 축사 / 답변2
  + [9548] ntt=10363 (4236) [기타] 재산세(토지) 과세대장 정리 문의드립니다. / 답변3
  + [9549] ntt=10362 (4235) [기타] 등기및 토지대장상 주민번호가 없는 결번토지 관련 질의 / 답변1
  + [9550] ntt=10355 (4234) [기타] 지방세 자동이체 약관 / 답변1
  + [9551] ntt=10354 (4233) [기타] 고급오락장에 해당되는지요? / 답변4
  + [9552] ntt=10353 (4232) [기타] 법인 기타변경 등기시 본점 등기부와 지점 등기부 상 등기. / 답변1
  + [9553] ntt=10352 (4231) [기타] 지방소득세 납세지 문의 / 답변1
  + [9554] ntt=10348 (4230) [기타] 1가구 1주택 사후감면관련 질의 / 답변4
  + [9555] ntt=10346 (4229) [기타] 지방소득세(법인소득)  기납부세액 / 답변1
  + [9556] ntt=10343 (4228) [기타] 1가구1주택 상속취득 세율특례 적용가능한지 좀 봐주세요 / 답변4
  + [9557] ntt=10342 (4227) [기타] 지식산업센터 감면과 중과예외업종 / 답변2
  + [9558] ntt=10341 (4226) [기타] 고급오락장 중과요건 대상여부?? / 답변3
  + [9559] ntt=10340 (4225) [기타] 차량 취득세 잔가율(영업용, 비영업용) 적용 문의입니다. / 답변1
  + [9560] ntt=10339 (4224) [기타] 자동차세 문의요!!!! / 답변6
  + [9561] ntt=10338 (4223) [기타] 서민주택(면적 85이하)의 이혼재산분할의 경우 농특세의 . / 답변3
  + [9562] ntt=10337 (4222) [기타] 창업벤처중소기업감면 문의 / 답변2
  + [9563] ntt=10334 (4221) [기타] 창업중소기업지원법제2조1호 창업의 정의 문의 / 답변3
  + [9564] ntt=10332 (4220) [기타] 자동차 공매관련문의 / 답변3
  + [9565] ntt=10330 (4219) [기타] 자동차 공매 체납처분비 관련 / 답변3
  + [9566] ntt=10329 (4218) [기타] 지특법 제11조 농업법인에 대한 감면 관련하여... / 답변2
  + [9567] ntt=10328 (4217) [기타] 산업단지 재산세 추징관련하여 / 답변2
  + [9568] ntt=10327 (4216) [기타] 공동명의 차량 대표자 변경시 등록세 부과여부 / 답변1
  + [9569] ntt=10326 (4215) [기타] 법인지방소득세 납부불성실 가산세에 대해서 / 답변2
  + [9570] ntt=10324 (4214) [기타] 원인무효판결에 따른 등록면허세 과세여부 / 답변3
  + [9571] ntt=10323 (4213) [기타] 장애인 차량 취득세 감면 추징 관련 / 답변7
  + [9572] ntt=10322 (4212) [기타] 상속 대위 등기 문의 드립니다 / 답변5
  + [9573] ntt=10321 (4211) [기타] 영농조합법인 추징 관련 질의드립니다. / 답변4
[page 1580 완료] 누적 신규 9573건  (이 게시판 저장 총 47,247건)
  + [9574] ntt=10317 (4210) [기타] 경정청구로 인해 농특세감면분 부과시 납부불성실 가산세 여. / 답변3
  + [9575] ntt=10315 (4209) [기타] 미등기 건물 증여 질의 / 답변4
  + [9576] ntt=10314 (4208) [기타] 자경농민 농지상속 취득감면 문의 / 답변5
  + [9577] ntt=10311 (4207) [기타] 자동차 도난 문의드립니다. / 답변4
  + [9578] ntt=10310 (4206) [기타] 상속신고후 미등기 상태에서 상속인이 사망시 재분할협의시 . / 답변8
  + [9579] ntt=10308 (4205) [기타] 향교 1995.12.31.이후 취득한 농지 재산세 과세 / 답변2
  + [9580] ntt=10307 (4204) [기타] 직계존비속 거래 여쭤봅니다. / 답변4
  + [9581] ntt=10306 (4203) [기타] 차령초과말소제도에 대해서 질의가 있습니다.. / 답변4
  + [9582] ntt=10305 (4202) [기타] 건축물 내진설계 감면관련입니다(취득세, 재산세) / 답변1
  + [9583] ntt=10304 (4201) [기타] 양여받은 토지의 취득세(경정청구) 문의 / 답변1
  + [9584] ntt=10303 (4200) [기타] 주거용 오피스텔로 과세변동신고 관련 / 답변3
  + [9585] ntt=10300 (4199) [기타] 과점주주 관련해서 여쭙습니다. 법인의 자기주식 취득 / 답변4
  + [9586] ntt=10298 (4198) [기타] 대학교 체육센터 감면하고 계신지요? / 답변4
  + [9587] ntt=10297 (4197) [기타] 공시지가 보다 확연히 높은 매매가 취득 지목변경 취득세 / 답변4
  + [9588] ntt=10296 (4196) [기타] 토지형태 문의드립니다(건축물 대장 없음/ 과세대장 미등재. / 답변4
  + [9589] ntt=10295 (4195) [기타] 미준공건축물 취득한 경우로서 취득세 납세의무자 관련 문의. / 답변3
  + [9590] ntt=10291 (4194) [기타] 00노회유지재단이 취득한 종교용 부동산, 직접 사용여부 / 답변4
  + [9591] ntt=10289 (4193) [기타] 납세보증서 제출에 따른 납세보증인으로부터의 징수절차? / 답변4
  + [9592] ntt=10287 (4192) [기타] 경락으로 인한 취득이 원시취득에 해당하는지 여부 / 답변6
  + [9593] ntt=10286 (4191) [기타] 지역자원시설세중과 문의드립니다 / 답변3
  + [9594] ntt=10284 (4190) [기타] 명목회사에 대한 중과배제후 추징여부 / 답변1
  + [9595] ntt=10283 (4189) [기타] 업봉분류 및 기준공장 면적률(재산세_토지) / 답변3
    [retry 1/3] ReadTimeout
    [retry 2/3] ConnectTimeout
  + [9596] ntt=10278 (4188) [기타] 집단급식소 설치 종업원수에 따른 등록면허세 부과 문의 / 답변1
  + [9597] ntt=10277 (4187) [기타] 지특법 제74조 3항 관련 중복감면 및 재개발사업 임대분. / 답변1
  + [9598] ntt=10273 (4186) [기타] 지목 변경관련해서 질의합니다~ / 답변7
  + [9599] ntt=10272 (4185) [기타] (급)법인이 유상으로 취득하는 주택세율 / 답변7
  + [9600] ntt=10271 (4184) [기타] 분할관련 감면 문의 / 답변2
  + [9601] ntt=10267 (4183) [기타] 지특법 제31조 질문입니다. - 추가질문입니다. / 답변7
  + [9602] ntt=10263 (4182) [기타] 이륜자동차 신규등록시 사실상 취득가액 인정여부 / 답변3
  + [9603] ntt=10261 (4181) [기타] 경락취소 차량에 대한 자동차세 비과세 여부 문의 / 답변2
[page 1581 완료] 누적 신규 9603건  (이 게시판 저장 총 47,277건)
  + [9604] ntt=10260 (4180) [기타] 번호판 영치 관련 / 답변10
  + [9605] ntt=10258 (4179) [기타] 체납처분비 징수업무 지침(1999.4.27) 알고 싶습니. / 답변1
  + [9606] ntt=10256 (4178) [기타] 주택부속토지 연부취득 관련 문의 / 답변4
  + [9607] ntt=10255 (4177) [기타] 과점주주 특수관계인 여부 / 답변2
  + [9608] ntt=10254 (4176) [기타] 연부 취득 관련한 지방세운영세칙이 있으시면 부탁드립니다. / 답변3
  + [9609] ntt=10253 (4175) [기타] 과세자료 회신 가능 여부 질의 / 답변6
  + [9610] ntt=10251 (4174) [기타] 주민세(종업원분) 비과세 급여 문의 / 답변2
  + [9611] ntt=10249 (4173) [기타] 창업벤처기업 문의 드립니다 / 답변1
  + [9612] ntt=10242 (4172) [기타] 건축물대장에 주택용도로 등재된 오래된 주택의 주택용도  . / 답변4
  + [9613] ntt=10241 (4171) [기타] 부동산 투자회사 중과제외 추징요건 / 답변1
  + [9614] ntt=10240 (4170) [기타] 주택부속토지 10배 넘는 경우 / 답변4
  + [9615] ntt=10239 (4169) [기타] 지입 차량 취득세 관련 문의 / 답변4
  + [9616] ntt=10237 (4168) [기타] 재산세 추징 관련 / 답변2
  + [9617] ntt=10235 (4167) [기타] 자경농 취득세 감면분 추징 관련 문의드립니다. / 답변6
  + [9618] ntt=10234 (4166) [기타] 양도소득세 결정취소에 따른 지방소득세(양도소득분) 환급 / 답변1
  + [9619] ntt=10232 (4165) [기타] 이런경우 직권등재를 누구한테 해야할까요? / 답변2
  + [9620] ntt=10228 (4164) [기타] [세외수입]과태료 이의제기시 감액 시기 문의 / 답변1
  + [9621] ntt=10227 (4163) [기타] 신축시 공사 업체가 변경되고 기지급한금액에 대하여 과세표. / 답변3
  + [9622] ntt=10226 (4162) [기타] 등록면허세(면허분) 개발행위 변경허가 질문 / 답변2
  + [9623] ntt=10225 (4161) [기타] 지방세환급금 양도인의 신분증을 첨부할 수 없는 상황에서의. / 답변3
  + [9624] ntt=10224 (4160) [기타] 지목변경 질문입니다.(사실상 지목변경) / 답변5
  + [9625] ntt=10222 (4159) [기타] 문화예술단체감면 추징에 관한 질문입니다.. / 답변3
  + [9626] ntt=10220 (4158) [기타] 취득세 신축 관련 토지->주택세율 적용이 타당한지. / 답변4
  + [9627] ntt=10217 (4157) [기타] 지적재조사사업으로 조정금(세외수입)이 발생됨에 따라 미납. / 답변1
  + [9628] ntt=10215 (4156) [기타] 미성년자 상속 취득세 문의 / 답변2
  + [9629] ntt=10213 (4155) [기타] 주택,상가 및 공용면적 안분계산 / 답변2
  + [9630] ntt=10211 (4154) [기타] 창업벤처기업 문의드려요~ / 답변3
  + [9631] ntt=10210 (4153) [기타] [긴급]임시사용승인(4.27~6.27)받은 공동주택 분양. / 답변5
  + [9632] ntt=10207 (4152) [기타] 회생이나 파산 채권 신고 할 때 세외수입(과태료, 환경개. / 답변2
  + [9633] ntt=10206 (4151) [기타] 주업종코드변경이력 사실증명 / 답변2
[page 1582 완료] 누적 신규 9633건  (이 게시판 저장 총 47,307건)
  + [9634] ntt=10202 (4150) [기타] 추징발생일 문의.. / 답변6
  + [9635] ntt=10201 (4149) [기타] 등기.등록 후 수납 취득세,등록면허세(등록) 가산세 조언. / 답변3
  + [9636] ntt=10200 (4148) [기타] 임대주택감면 / 답변5
  + [9637] ntt=10199 (4147) [기타] 종중 법인전환에 관한 질문입니다(법인지방소득세 관련) / 답변2
  + [9638] ntt=10196 (4146) [기타] 영업용 창고 지역자원시설세 중과세 여부 판단 기준 / 답변2
  + [9639] ntt=10195 (4145) [기타] 농협협동조합 에서 운영 중인 창고의 지역자원 시설세 관련 / 답변1
  + [9640] ntt=10193 (4144) [기타] 지방소득세(양도소득) 독촉고지 발송에 대한 법적근거 / 답변2
  + [9641] ntt=10192 (4143) [기타] 차량 상속으로 인한 소유권이전대위 / 답변1
  + [9642] ntt=10191 (4142) [기타] 한국방송공사 보유토지 재산세 적용 관련 / 답변2
  + [9643] ntt=10190 (4141) [기타] 공시송달공고 자료 제공 범위 / 답변2
  + [9644] ntt=10188 (4140) [기타] 공기업 면허세 감면문의 / 답변2
  + [9645] ntt=10185 (4139) [기타] 서울고법 2011.10.27선고 2011누8484 판례 . / 답변1
  + [9646] ntt=10178 (4138) [기타] 등록면허세 선등기가산세 관련 문의입니다. / 답변4
  + [9647] ntt=10173 (4137) [기타] 지방세법 제9조 문의드립니다. / 답변4
  + [9648] ntt=10172 (4136) [기타] 등기는 중종으로 돼있고 납세의무자는 다수인 경우 / 답변3
  + [9649] ntt=10171 (4135) [기타] 직계존비속간 상가 유상거래시 세율적용 / 답변6
  + [9650] ntt=10170 (4134) [기타] 산업단지등에대한 감면 / 답변5
  + [9651] ntt=10169 (4133) [기타] 반송된 고지서에 폐기에 관하여 / 답변10
  + [9652] ntt=10166 (4132) [기타] 다자녀 감면에 대한 취득 및 등록요건에 관한 문의 / 답변7
  + [9653] ntt=10158 (4131) [기타] 무상취득 과세표준 문의 / 답변5
  + [9654] ntt=10157 (4130) [기타] 가설건축물 문의 / 답변4
  + [9655] ntt=10152 (4129) [기타] 법인지방소득세 안분신고 오류에 대한 문의(2012년귀속) / 답변1
  + [9656] ntt=10151 (4128) [기타] 철골조 구조지수 적용대상 명확화했으면 좋겠습니다. / 답변4
  + [9657] ntt=10149 (4127) [기타] 아파트관리사무실 법인균등분 부과 문의드립니다. / 답변1
  + [9658] ntt=10148 (4126) [기타] 등록번호가 없는 종중 관리 / 답변2
  + [9659] ntt=10146 (4125) [기타] 노인복지시설 부속토지 지목변경 취득세 / 답변4
  + [9660] ntt=10142 (4124) [기타] 주민세(종업원분) 누락분 관련 문의 / 답변4
  + [9661] ntt=10140 (4123) [기타] 농어촌주택개량 감면 후 납세자 변경 / 답변4
  + [9662] ntt=10139 (4122) [기타] 한센인 감면 / 답변2
  + [9663] ntt=10135 (4121) [기타] 아파트 분양권 전매시 프리미엄 문의입니다. / 답변7
[page 1583 완료] 누적 신규 9663건  (이 게시판 저장 총 47,337건)
  + [9664] ntt=10134 (4120) [기타] 자동차세 납세의무자 문의드립니다. / 답변4
  + [9665] ntt=10130 (4119) [기타] 산업단지 미사용 건축물에 대한 재산세 감면관련 문의 / 답변3
  + [9666] ntt=10126 (4118) [기타] 기업부설연구소 감면 적용 면적 문의(재산세) / 답변2
  + [9667] ntt=10125 (4117) [기타] 임대주택 재산세 감면 업무처리 요령에 대하여 고견을 기다. / 답변1
  + [9668] ntt=10123 (4116) [기타] 유흥주점 객실 / 답변7
  + [9669] ntt=10121 (4115) [기타] 유류분반환 부과취소 문의 / 답변1
  + [9670] ntt=10120 (4114) [기타] 결손처분 사후관리(압류 및 체납처분) / 답변5
  + [9671] ntt=10096 (4113) [기타] PF대출 보증수수료 환급관련 취득세 환급이 가능한가요? / 답변1
  + [9672] ntt=10084 (4112) [기타] 지역자원시설세 / 답변1
  + [9673] ntt=10083 (4111) [기타] 심판청구시 처분이 있음을 안 날...처분의 범위는 어디까. / 답변2
  + [9674] ntt=10082 (4110) [기타] 화물자동차운송사업 양도 후 차량 재등록 관련 / 답변2
  + [9675] ntt=10080 (4109) [기타] 제2차 납세의무자가 폐업 / 답변2
  + [9676] ntt=10079 (4108) [기타] 공공임대사업자 최초분양과 일괄매입 / 답변1
  + [9677] ntt=10077 (4107) [기타] 전신주이설 공사비 / 답변4
  + [9678] ntt=10075 (4106) [기타] 자동차세 과세여부에 대한 문의입니다. / 답변3
  + [9679] ntt=10074 (4105) [기타] 공시지가와 개별주택가격 산정을 기간을 달리하여 산정,공시. / 답변3
    [retry 1/3] ReadTimeout
  + [9680] ntt=10073 (4104) [기타] 사실상 멸실 및 폐차 된 자동차로 볼 수 있는지 여부 질. / 답변3
  + [9681] ntt=10072 (4103) [기타] 매출채권 등을 차명계좌로 받는건 불법인가요? / 답변4
  + [9682] ntt=10071 (4102) [기타] 급질문)청산한 지역 주택재건축 조합의 추징및 환급액 / 답변4
  + [9683] ntt=10070 (4101) [기타] 과세예고 기간 / 답변6
  + [9684] ntt=10069 (4100) [기타] 고급오락장 일제조사 시 신용카드사 매출조회 요청이외 어떤. / 답변9
  + [9685] ntt=10066 (4099) [기타] 농지상속시 자경농민 감면 (상속인-자녀) 적용문의 / 답변4
  + [9686] ntt=10065 (4098) [기타] 공매대금 배분시 가산금의 반영여부 / 답변5
  + [9687] ntt=10064 (4097) [기타] 차량 농특세 비과세 문의 / 답변2
  + [9688] ntt=10063 (4096) [기타] 직권등재 문의드립니다 / 답변2
  + [9689] ntt=10062 (4095) [기타] 무허가 건물의 범위 / 답변5
  + [9690] ntt=10061 (4094) [기타] 지방세특례제한법에 따른 주민세 감면 여부 / 답변1
  + [9691] ntt=10060 (4093) [기타] 자치단체 건축물 공사관련 부가가치세 환급액이 숨은세원발굴. / 답변4
  + [9692] ntt=10058 (4092) [기타] 1가구1주택 상속취득 질의 올립니다. / 답변8
  + [9693] ntt=10057 (4091) [기타] 재산세 사실상 소유자 신고시 / 답변1
[page 1584 완료] 누적 신규 9693건  (이 게시판 저장 총 47,367건)
  + [9694] ntt=10048 (4090) [기타] 공무원이 영농조합법인 대표이사가 될 수 있는지요? / 답변1
  + [9695] ntt=10047 (4089) [기타] 자동차 지분 1% 공유자의 체납으로 압류시 해제 가능여부 / 답변3
  + [9696] ntt=10046 (4088) [기타] 법인폐업 추징사유 여부 및 납세자 지정문제 / 답변1
  + [9697] ntt=10045 (4087) [기타] 면허세 정화조 질의합니다... / 답변1
  + [9698] ntt=10043 (4086) [기타] 임업용 산지[지특법제8조3항 농지확대개발을 위한 면제 등. / 답변1
  + [9699] ntt=10042 (4085) [기타] 경매 취득세 신고시 법원보관금 영수증 첨부여부 / 답변7
  + [9700] ntt=10041 (4084) [기타] 자기주식 취득 과점주주 여부 / 답변3
  + [9701] ntt=10039 (4083) [기타] 법인 주주들의 과점주주 특수관계 여부 / 답변2
  + [9702] ntt=10038 (4082) [기타] 귀농인 감면 문의 드립니다 / 답변5
  + [9703] ntt=10037 (4081) [기타] 퇴직소득세 환급관련 질의 / 답변1
  + [9704] ntt=10036 (4080) [기타] 리스차량 구조변경 취득세 납세지 질문입니다~ / 답변2
  + [9705] ntt=10035 (4079) [기타] 건설자금이자에 관해 문의드립니다. / 답변1
  + [9706] ntt=10034 (4078) [기타] 국세인 법인세 환급으로 지방소득세 환급을 해 주어야 되는. / 답변1
  + [9707] ntt=10033 (4077) [기타] 농어촌공사에 환매조건부로 매매 했다가, 다시 환매 취득 . / 답변2
  + [9708] ntt=10032 (4076) [기타] 자경농민 감면 서류 질의 / 답변3
  + [9709] ntt=10031 (4075) [기타] 건축물 개축 과세표준 문의 / 답변2
  + [9710] ntt=10028 (4074) [기타] 환급금 충당 관련 문의(신탁재산의 세외수입 체납이 있는 . / 답변2
  + [9711] ntt=10027 (4073) [기타] 법인 건축 취득세 과세표준 질의 / 답변3
  + [9712] ntt=10026 (4072) [기타] 직계존비속이 모두 포기한 사망자의 체납차량 공매시 체납처. / 답변2
  + [9713] ntt=10023 (4071) [기타] 지방소득세 특별징수 연말정산세액 차감납부 / 답변1
  + [9714] ntt=10022 (4070) [기타] 골프장 내 창고 용도지수 및 중과적용여부 / 답변1
  + [9715] ntt=10021 (4069) [기타] 공매가 시작된 토지에 대하여 납기전 징수 가능여부 / 답변3
  + [9716] ntt=10020 (4068) [기타] 건설자금이자에 관한 문의 / 답변1
  + [9717] ntt=10019 (4067) [기타] 지목변경 문의 드립니다 / 답변4
  + [9718] ntt=10017 (4066) [기타] 저당 채권최고액의 이자반영여부 문의 / 답변1
  + [9719] ntt=10016 (4065) [기타] 가설건축물 취득세 과세시 면세점문의 / 답변6
  + [9720] ntt=10015 (4064) [기타] 지방소득세(특별징수) 납세지 문의 / 답변1
  + [9721] ntt=10014 (4063) [기타] 가택수색 관련 / 답변2
  + [9722] ntt=10013 (4062) [기타] 토지수용 감면시 사업인정 고시일 이후 계약한 대체취득 구. / 답변2
  + [9723] ntt=10011 (4061) [기타] 자동차세 연납 후  공동명의에서 단독명의 / 답변4
[page 1585 완료] 누적 신규 9723건  (이 게시판 저장 총 47,397건)
  + [9724] ntt=10010 (4060) [기타] 주택임대사업자 타시군 전입변경등록시 면허세 / 답변2
  + [9725] ntt=10009 (4059) [기타] 순환배분관련 질문 / 답변2
  + [9726] ntt=10006 (4058) [기타] 과태료 개인회생 채권신고 / 답변1
  + [9727] ntt=10005 (4057) [기타] 재산세(토지) 사권제한 토지 문의드립니다 / 답변4
  + [9728] ntt=10003 (4056) [기타] 대한적십자사 감면 관련 / 답변1
  + [9729] ntt=10002 (4055) [기타] 차량 할부이자 취득세 과표 포함여부 (세무조사 추징여부) / 답변2
  + [9730] ntt=10001 (4054) [기타] 주식회사에서 농업법인으로 조직변경시 등록면허세 면제 여부 / 답변3
  + [9731] ntt=9988 (4053) [기타] 증여 취득 시기 문의드립니다. / 답변3
  + [9732] ntt=9987 (4052) [기타] '강파이프에 관한 구조지수 적용 개선' 자료를 찾고자 합. / 답변2
  + [9733] ntt=9986 (4051) [기타] 주민세 재산분 과세대상 포함 문의 / 답변1
  + [9734] ntt=9985 (4050) [기타] 주민세 재산분 창고 문의 / 답변1
  + [9735] ntt=9984 (4049) [기타] 기계장비 근저당 설정시 등록면허세 문의 / 답변3
  + [9736] ntt=9982 (4048) [기타] 재산세 미상속신고 납세의무자 관련 질문드립니다. / 답변4
  + [9737] ntt=9981 (4047) [기타] 과점주주 과세대상 질문입니다. / 답변2
  + [9738] ntt=9976 (4046) [기타] 분양대행수수료에 대해서 / 답변2
  + [9739] ntt=9975 (4045) [기타] 화물운송사업자의 창업중소기업감면 문의드립니다. / 답변1
  + [9740] ntt=9972 (4044) [기타] 신규 자동차를 등록하고, 취득세 납부한 상태에서 매매취소. / 답변3
  + [9741] ntt=9971 (4043) [기타] 등록면허세(면허) 법인 분할로 인한 승계처리시 부과 여부 / 답변1
  + [9742] ntt=9966 (4042) [기타] 농어촌공사 환매취득 관련 입목 감면 적용여부 질의 / 답변2
  + [9743] ntt=9964 (4041) [기타] 임대주택 감면 문의(최초 분양) / 답변5
  + [9744] ntt=9962 (4040) [기타] 별도합산과세대상토지중 부설주차장설치면적기준이내의 토지 / 답변1
  + [9745] ntt=9961 (4039) [기타] 설계자, 감리자변경시 면허세 납부대상인가요? / 답변1
  + [9746] ntt=9960 (4038) [기타] 중과제외업종 문의(의견이 갈리내요) / 답변1
  + [9747] ntt=9958 (4037) [기타] 매출채권 압류 문의 / 답변3
  + [9748] ntt=9957 (4036) [기타] 교회가 매도인일때 장부제출시 인정 여부 / 답변4
  + [9749] ntt=9956 (4035) [기타] 지방소득세(특별징수) 연말정산문의입니다.(과세기간 종료일. / 답변1
  + [9750] ntt=9955 (4034) [기타] 창업중소기업 등에 대한 감면 문의(재산세) / 답변1
  + [9751] ntt=9946 (4033) [기타] 자경감면 후, 농어촌공사에 환매조건부 매매시 추징여부 / 답변2
  + [9752] ntt=9945 (4032) [기타] 자동차세 감면 관련 문의 / 답변5
  + [9753] ntt=9944 (4031) [기타] 아파트상가의 공용면적 지하주차장 재산세대장 입력시 / 답변3
[page 1586 완료] 누적 신규 9753건  (이 게시판 저장 총 47,427건)
  + [9754] ntt=9943 (4030) [기타] 지방소득세 미신고시 가산세 부과여부 / 답변1
  + [9755] ntt=9942 (4029) [기타] 주민세(종업원분) 사업장 이전 관련 질의. / 답변1
  + [9756] ntt=9941 (4028) [기타] 대지권 등기시 등록면허세 과표 문의 / 답변1
  + [9757] ntt=9940 (4027) [기타] 가설건축물 취득자 조언 구합니다. / 답변4
  + [9758] ntt=9939 (4026) [기타] 골프장 내 직원 식당 중과세 여부관련 문의 / 답변2
  + [9759] ntt=9937 (4025) [기타] 합병으로 인한 과점주주 관련입니다. / 답변3
  + [9760] ntt=9935 (4024) [기타] 장애인 차량의 자동세 좀 알려주세요... / 답변8
  + [9761] ntt=9933 (4023) [기타] 지방소득세(특별징수) 연말정산 (과세기간종료일 이후 기관. / 답변1
  + [9762] ntt=9931 (4022) [기타] 취득시기 문의드립니다(계약상잔금지급일보다 실제 잔금지급일. / 답변6
  + [9763] ntt=9930 (4021) [기타] 지역자원시설세 중과 관련 질문입니다. / 답변1
  + [9764] ntt=9929 (4020) [기타] 위수탁 해지와 동시에 차주에서 지입업체로 소유권이 이전될. / 답변1
  + [9765] ntt=9928 (4019) [기타] 오피스텔 재산세 과세 관련 / 답변6
  + [9766] ntt=9927 (4018) [기타] 차량 농특세 부과 관련 문의 / 답변2
  + [9767] ntt=9926 (4017) [기타] 등록면허세(면허분)에 대해 질문이 몇가지있습니다. / 답변1
  + [9768] ntt=9924 (4016) [기타] 공동명의 차량 공매 관련문의입니다. / 답변3
  + [9769] ntt=9921 (4015) [기타] 포괄양도양수 취득세 신고가액 문의드립니다. / 답변2
  + [9770] ntt=9920 (4014) [기타] 주택재개발조합 비조합원용 토지 취득세 문의 / 답변1
  + [9771] ntt=9919 (4013) [기타] 합병으로 인한 취득관련 / 답변2
  + [9772] ntt=9916 (4012) [기타] 법인 지점 설치 후 취득 부동산 중과여부 해석 / 답변2
  + [9773] ntt=9915 (4011) [기타] 산림조합이 취득하는 임야 감면 문의 / 답변2
  + [9774] ntt=9914 (4010) [기타] 관외 거주하고 잇는 체납자에 대한 결손 처분 / 답변2
  + [9775] ntt=9913 (4009) [기타] 재단법인 압류재산 공매가능 여부 / 답변2
  + [9776] ntt=9912 (4008) [기타] 개인회생채권 부과처분 취소 관련 / 답변3
  + [9777] ntt=9911 (4007) [기타] 사업자가 본인앞으로 된 통장없는게 가능한가요? / 답변4
  + [9778] ntt=9909 (4006) [기타] 납부 영수증 팩스송부 요청시 어떻게 처리하구 계신가요? / 답변8
    [retry 1/3] ReadTimeout
    [retry 2/3] ConnectTimeout
  + [9779] ntt=9908 (4005) [기타] 농협 조합공동사업법인 현물출자 감면여부 / 답변2
  + [9780] ntt=9907 (4004) [기타] 5년 시효소멸이 지난경우 법적으로 징수할수 없는건가요? / 답변10
  + [9781] ntt=9904 (4003) [기타] 비과세  문의드립니다 / 답변8
  + [9782] ntt=9903 (4002) [기타] 자동차세 문의요ㅠ / 답변4
  + [9783] ntt=9902 (4001) [기타] 주민세 과세대상 여부 / 답변1
[page 1587 완료] 누적 신규 9783건  (이 게시판 저장 총 47,457건)
  + [9784] ntt=9896 (4000) [기타] 취득일 현재 다른용도로 사용하던 부동산을 종교단체가 무상. / 답변5
  + [9785] ntt=9894 (3999) [기타] 자동차세 환급 가산금 기산일 문의 / 답변2
  + [9786] ntt=9893 (3998) [기타] 취득세 감면 후 유예기간 경과하여 자진신고할 때 재차 다. / 답변4
  + [9787] ntt=9891 (3997) [기타] 파산관련 재단채권신고 질의 / 답변1
  + [9788] ntt=9890 (3996) [기타] 차량 운행사실 확인 방법 / 답변4
  + [9789] ntt=9889 (3995) [기타] 조세법상 민법 소멸시효의 준용 범위 / 답변4
  + [9790] ntt=9888 (3994) [기타] 컨테이너 취득세 문의드립니다. / 답변6
  + [9791] ntt=9887 (3993) [기타] 자동차세 환급 가산금 기산일 문의 / 답변1
  + [9792] ntt=9884 (3992) [기타] [등록면허세(면허)] 공동명의 사업장에서 단독명의로 변경. / 답변2
  + [9793] ntt=9883 (3991) [기타] 미등기 되어있는 대지권에 대한 등록세율 / 답변1
  + [9794] ntt=9882 (3990) [기타] 주민자치위원회 가산세 대상여부 문의 / 답변3
  + [9795] ntt=9881 (3989) [기타] 불법용도변경 주택세율적용 / 답변1
  + [9796] ntt=9880 (3988) [기타] 창업중소기업 감면 관련입니다. / 답변2
  + [9797] ntt=9879 (3987) [기타] 산업단지 감면 부칙에 따른 적용기준 / 답변3
  + [9798] ntt=9878 (3986) [기타] 물류창고 지역자원시설세 / 답변1
  + [9799] ntt=9877 (3985) [기타] 산업단지 재산세 감면 문의 (2014년 취득분) / 답변7
  + [9800] ntt=9876 (3984) [기타] 실명전환자산에 대한 지방소득세(특별징수분) 문의드려요 / 답변1
  + [9801] ntt=9875 (3983) [기타] 가설건축물 중과적용 문의 / 답변2
  + [9802] ntt=9873 (3982) [기타] 중가산금 질의 / 답변3
  + [9803] ntt=9872 (3981) [기타] 멸실 인정자동차에 대한 문의 / 답변2
  + [9804] ntt=9871 (3980) [기타] 주민세 재산분 과세대상 여부 관련 문의드립니다. / 답변2
    [retry 1/3] ReadTimeout
  + [9805] ntt=9870 (3979) [기타] 학교법인이 취득한 농지(답) 수익사업 범위 관련 도움 요. / 답변1
  + [9806] ntt=9863 (3978) [기타] 회생사건 법인 부동산 압류 가능 여부 / 답변2
    [retry 1/3] ReadTimeout
  + [9807] ntt=9862 (3977) [기타] 경매취득시 집행비용 과표산입여부 / 답변1
  + [9808] ntt=9860 (3976) [기타] 무허가축사적법화관련 재산세 문의 / 답변1
  + [9809] ntt=9859 (3975) [기타] 유증인지 상속인지가 궁금합니다. / 답변5
  + [9810] ntt=9857 (3974) [기타] 장애인(국가유공자) 자동차세 감면 관련 질문입니다. / 답변5
  + [9811] ntt=9856 (3973) [기타] 오우수관 매설공사비가 건물신축 과표에 포함되는지 여부 / 답변1
  + [9812] ntt=9855 (3972) [기타] 폐업하지 않은 법인에 대한 주민세 과세 / 답변1
  + [9813] ntt=9853 (3971) [기타] 도로로 인한 비과세 문의드립니다 / 답변5
[page 1588 완료] 누적 신규 9813건  (이 게시판 저장 총 47,487건)
  + [9814] ntt=9851 (3970) [기타] 2014년 체납세 결손처분 중인데 가산금 삭감요구 / 답변3
  + [9815] ntt=9850 (3969) [기타] 재개발조합 재산세 / 답변1
  + [9816] ntt=9849 (3968) [기타] 종합소득세-지방소득세 경정결정분 고지서 발급의무는? / 답변2
  + [9817] ntt=9848 (3967) [기타] 특정부동산 시설종목은 무엇인가요? / 답변3
  + [9818] ntt=9845 (3966) [기타] 지역자원시설세와 관련한 질문입니다. / 답변4
  + [9819] ntt=9843 (3965) [기타] 골프장에서 사용하는 잔디깍는기계가 취득세 과세대상일까요? / 답변6
  + [9820] ntt=9842 (3964) [기타] 법인지방소득세 문의 / 답변2
  + [9821] ntt=9835 (3963) [기타] 자동차세 감면대상에 대하여 / 답변6
  + [9822] ntt=9831 (3962) [기타] 임대사업자등 감면 / 답변5
  + [9823] ntt=9829 (3961) [기타] 체납고지서 전달방법 / 답변7
  + [9824] ntt=9828 (3960) [기타] 무허가 건축물 과세자료 제공여부 / 답변5
  + [9825] ntt=9827 (3959) [기타] 취득세 거짓신고(업계약서)시  환급여부 / 답변4
  + [9826] ntt=9825 (3958) [기타] 특수관계인의 범위 / 답변2
  + [9827] ntt=9824 (3957) [기타] 상속 취득세 신고시 국외주소를 둔 상속인의 경우 증빙서류 / 답변3
  + [9828] ntt=9823 (3956) [기타] 분양권자의 취득세 과세표준 산정 / 답변2
  + [9829] ntt=9820 (3955) [기타] 외국인 자경농민 농지 감면 가능한지 문의드립니다. / 답변2
  + [9830] ntt=9819 (3954) [기타] 주민세(법인균등) 관련입니다. (사업양수로 인하여 대표자. / 답변1
  + [9831] ntt=9818 (3953) [기타] 수출말소에 대한 추징사례가 있나요? / 답변4
  + [9832] ntt=9817 (3952) [기타] 건설기계 등록면허세 관련 문의 / 답변2
  + [9833] ntt=9816 (3951) [기타] 창업중소기업 감면 문의 / 답변3
  + [9834] ntt=9815 (3950) [기타] 유치원 등 주민세 과세대상 여부 / 답변1
  + [9835] ntt=9814 (3949) [기타] 숙박시설의 연회장은 용도코드 / 답변2
  + [9836] ntt=9813 (3948) [기타] 자치단체 소유의 청소차량 비과세 여부 문의 / 답변2
  + [9837] ntt=9811 (3947) [기타] 3명공동소유 장애인 감면차량중 1명이 세대분가한 경우 추. / 답변6
  + [9838] ntt=9810 (3946) [기타] 차량수출말소가 감면 추징사유 해당 여부 / 답변2
  + [9839] ntt=9808 (3945) [기타] 자동차세 신규분 수시부과 / 답변4
  + [9840] ntt=9807 (3944) [기타] 부동산 취득세 환급 가능여부 질의합니다. / 답변5
  + [9841] ntt=9804 (3943) [기타] 경품용 차량 취득세 질문드리겠습니다. / 답변4
  + [9842] ntt=9803 (3942) [기타] 상속취득세 부과관련 문의드립니다. / 답변5
  + [9843] ntt=9800 (3941) [기타] 판결문에 의한 취득세 부과관련 질의 / 답변2
[page 1589 완료] 누적 신규 9843건  (이 게시판 저장 총 47,517건)
  + [9844] ntt=9799 (3940) [기타] 판결(법원의 조정성립)에 따른 취득세 자진신고 후 미납(. / 답변3
  + [9845] ntt=9797 (3939) [기타] 상속협의가 어려운 경우 재산세 납세의무자 변경방법 질의 / 답변6
  + [9846] ntt=9796 (3938) [기타] 외부감사대상 법인의 현금흐름표 제출관련 질의 / 답변1
  + [9847] ntt=9793 (3937) [기타] 납세보증서 / 답변2
  + [9848] ntt=9789 (3936) [기타] 대체취득 문의 / 답변1
  + [9849] ntt=9785 (3935) [기타] 노동조합 세금관련 질의입니다.. / 답변1
  + [9850] ntt=9781 (3934) [기타] 산업단지 재산세 문의 / 답변4
  + [9851] ntt=9779 (3933) [기타] 건축중인 건물 취득시 세율 적용 문의 / 답변2
  + [9852] ntt=9776 (3932) [기타] 법인 아닌 단체 등록 차량에 대한 체납처분 사례 / 답변2
  + [9853] ntt=9775 (3931) [기타] 지방소득세(양도소득) 납세자가 비거주자인지 확인하는 방법 / 답변1
  + [9854] ntt=9774 (3930) [기타] 고지서 출력을 외부위탁하고 있는 지자체께 문의합니다. / 답변6
  + [9855] ntt=9773 (3929) [기타] 징수유예 담보제공건 관련(긴급) / 답변4
  + [9856] ntt=9771 (3928) [기타] 골프장 카트 취득세 부과 문의 / 답변2
  + [9857] ntt=9770 (3927) [기타] 임대사업자 감면(다가구주택) / 답변1
  + [9858] ntt=9766 (3926) [기타] 무허가건물 재산세대장 직권변경 가능여부 문의드립니다 / 답변3
  + [9859] ntt=9765 (3925) [기타] 지식산업센터 일부 임대 관련~~ / 답변2
  + [9860] ntt=9764 (3924) [기타] 영농조합법인 감면문의 / 답변5
  + [9861] ntt=9763 (3923) [기타] 부담부 증여 관련 질문있습니다. / 답변1
  + [9862] ntt=9762 (3922) [기타] 문화예술지원 감면 문의 / 답변1
  + [9863] ntt=9761 (3921) [기타] 세외수입(소송비용) 징수 방법 공유 부탁드립니다 / 답변3
  + [9864] ntt=9760 (3920) [기타] 교회의 임대만료 부동산 취득세 부과 / 답변4
  + [9865] ntt=9758 (3919) [기타] 2차 납세의무자 징수 문의 / 답변2
  + [9866] ntt=9757 (3918) [기타] 시설사용료 이의신청 관련하여 문의합니다. / 답변1
  + [9867] ntt=9756 (3917) [기타] 매매상사의 차량에 관한 질문. / 답변4
    [retry 1/3] ReadTimeout
  + [9868] ntt=9755 (3916) [기타] 대도시 법인 중과세 예외 조항 관련 / 답변2
  + [9869] ntt=9752 (3915) [기타] 산업단지 감면(개인에서 법인으로 포괄양수시) 추징여부 / 답변7
  + [9870] ntt=9749 (3914) [기타] 영화상영관 지역자원시설세 3배중과 적용 문의 / 답변4
  + [9871] ntt=9747 (3913) [기타] 2016년도 행정자지치부 각 법령 적용요령 / 답변2
  + [9872] ntt=9746 (3912) [기타] (취,등록세) 등기가 가능한 가설건축물 취득세 세율특례 . / 답변4
  + [9873] ntt=9744 (3911) [기타] 연부취득 관련 자료 부탁드립니다. / 답변1
[page 1590 완료] 누적 신규 9873건  (이 게시판 저장 총 47,547건)
  + [9874] ntt=9742 (3910) [기타] 하나의 사업소로 보아 종업원분 주민세 과세여부 판단 / 답변1
  + [9875] ntt=9737 (3909) [기타] 새마을금고 직접사용에 대한 의견부탁드립니다. / 답변4
  + [9876] ntt=9735 (3908) [기타] 농협 합병에 따른 등록세 감면 문의(재산판단 여부) / 답변1
  + [9877] ntt=9734 (3907) [기타] 채무자회생법 615조(변제계획인가의 효력)의 강제집행의 . / 답변4
  + [9878] ntt=9733 (3906) [기타] 태양광 발전시설에 따른 지목변경 취득세 문의합니다. / 답변2
  + [9879] ntt=9730 (3905) [기타] 토지합병으로 주택부속토지면적이 증가된 경우  토지형태코드. / 답변3
  + [9880] ntt=9725 (3904) [기타] 증여의 경우 취득부대비용 과표 포함 여부 문의 / 답변3
  + [9881] ntt=9724 (3903) [기타] 상속 취득세 관련 질의입니다. / 답변2
  + [9882] ntt=9723 (3902) [기타] 다자녀 감면 문의 / 답변7
  + [9883] ntt=9722 (3901) [기타] 트랙터 과세대상 문의 / 답변7
  + [9884] ntt=9721 (3900) [기타] 과세자료 제공 관련 문의드립니다. / 답변2
  + [9885] ntt=9720 (3899) [기타] 공매차량 낙찰후 낙찰자가 소유권을 미이전할 경우 / 답변2
  + [9886] ntt=9719 (3898) [기타] 직권등재 관련하여 법령질문 / 답변3
  + [9887] ntt=9717 (3897) [기타] 정보공개 청구관련하여, / 답변4
  + [9888] ntt=9716 (3896) [기타] 차량 취득세 장애인 사후감면 문의 / 답변4
  + [9889] ntt=9715 (3895) [기타] 연부취득 판결문 관련입니다. / 답변1
  + [9890] ntt=9714 (3894) [기타] 농어촌 주택개량 취득세 등 감면 대상 여부 문의 / 답변5
  + [9891] ntt=9713 (3893) [기타] 리스차량 과세자료 수집관련 / 답변3
  + [9892] ntt=9712 (3892) [기타] 항만용역업 관련 면허세 문의드립니다. / 답변2
  + [9893] ntt=9711 (3891) [기타] 조직변경(법무법인->유한회사)시 취득세 납세의무 / 답변4
  + [9894] ntt=9710 (3890) [기타] 주민세(법인균등) 비과세 문의 / 답변1
  + [9895] ntt=9708 (3889) [기타] 특별징수분 납세지문의 / 답변1
  + [9896] ntt=9706 (3888) [기타] 공시지가 정정된 토지의 취득세 환급 문의드립니다. / 답변4
  + [9897] ntt=9704 (3887) [기타] 표준지방세정보시스템 권한 부여 관련 사례 또는 조언 구합. / 답변3
  + [9898] ntt=9703 (3886) [기타] 신탁재산 경매 배당 관련 질의 / 답변1
  + [9899] ntt=9702 (3885) [기타] 종교시설 해당여부 / 답변8
  + [9900] ntt=9701 (3884) [기타] [취득세 감면] 한국농어촌공사 관련하여 문의드립니다. / 답변2
  + [9901] ntt=9700 (3883) [기타] 주세법에 따른 면허 부과 관련하여 질의드립니다. / 답변1
  + [9902] ntt=9699 (3882) [기타] 재산세 코드 관련 질의 드립니다 / 답변1
  + [9903] ntt=9698 (3881) [기타] 과징금 체납처분 문의 / 답변1
[page 1591 완료] 누적 신규 9903건  (이 게시판 저장 총 47,577건)
  + [9904] ntt=9697 (3880) [기타] 미등기 아파트(토지) 상속 관련 취득세 문의 / 답변3
  + [9905] ntt=9696 (3879) [기타] 자경농민 감면(양봉업-저온창고) / 답변6
  + [9906] ntt=9695 (3878) [기타] 정기분 고지서 외부위탁 출력 / 답변9
  + [9907] ntt=9694 (3877) [기타] 지방세법 시행령 제27조제3항 문의드립니다. / 답변1
  + [9908] ntt=9692 (3876) [기타] 공부지목이 '전'인 토지에 건물을 지었을 경우 / 답변5
  + [9909] ntt=9690 (3875) [기타] 법인지방소득세 안분관련 문의 / 답변1
  + [9910] ntt=9688 (3874) [기타] 등록면허세(면허) 관련 문의드립니다. / 답변1
  + [9911] ntt=9687 (3873) [기타] 제3자가 납부한 재산세 환급 / 답변7
  + [9912] ntt=9685 (3872) [기타] 종교단체관련 질의 올립니다. / 답변4
  + [9913] ntt=9682 (3871) [기타] 자동차세 거소지 등록 / 답변11
  + [9914] ntt=9681 (3870) [기타] 연부로  분양취득중인 종교목적용 감면토지는 / 답변6
  + [9915] ntt=9680 (3869) [기타] 한정승인 이후 부과된 세금으로 인한 차량 압류 / 답변7
  + [9916] ntt=9674 (3868) [기타] 산업단지 감면후 추징대상여부 / 답변3
  + [9917] ntt=9669 (3867) [기타] 단독주택을 건물(100%), 토지(15/102) 취득할 . / 답변4
  + [9918] ntt=9668 (3866) [기타] 태양광시설에 대한 취득세, 재산세 과세 문의 / 답변2
  + [9919] ntt=9667 (3865) [기타] 지방세특례제한법 180조의2 3항 2호 / 답변2
  + [9920] ntt=9666 (3864) [기타] 취득세 지점관련 중과 문의드립니다.. / 답변2
  + [9921] ntt=9665 (3863) [기타] 2~10년전에 송달한 자료에 대해 입증자료를 제출하라고 . / 답변8
  + [9922] ntt=9663 (3862) [기타] 지방세법제15조제1항제2호에 따른 자경농민 상속취득 세율. / 답변4
  + [9923] ntt=9662 (3861) [기타] 지특법 31조 임대주택 감면 2016년 개정이유 아시는분. / 답변7
  + [9924] ntt=9661 (3860) [기타] 운행정지명령 자동차에 관해 세금관련문의입니다. / 답변1
  + [9925] ntt=9660 (3859) [기타] 휴일 자동차번호판 영치 문의 / 답변16
  + [9926] ntt=9659 (3858) [기타] 귀농인 감면관련 문의 드립니다 / 답변3
  + [9927] ntt=9658 (3857) [기타] 회생계획인가 전 착오로 납부된 체납액에 관하여 문의드립니. / 답변1
  + [9928] ntt=9656 (3856) [기타] 기부채납 감면가능한지 문의드려요~ / 답변1
  + [9929] ntt=9655 (3855) [기타] 지방세법시행령 제138조 제2항 제2호 마목 (지역자원시. / 답변1
  + [9930] ntt=9654 (3854) [기타] 취득세 환급 가산금 기산일 문의 / 답변4
  + [9931] ntt=9653 (3853) [기타] 장학재단 세무관련 질의 입니다. / 답변1
  + [9932] ntt=9649 (3852) [기타] 재산세 시가표준액이 시가보다 높은 건축물의 시가반영 감산. / 답변4
  + [9933] ntt=9647 (3851) [기타] 예금압류 해제에 관하여 / 답변4
[page 1592 완료] 누적 신규 9933건  (이 게시판 저장 총 47,607건)
  + [9934] ntt=9645 (3850) [기타] 재산세(토지) 별도합산 적용과 관련하여... / 답변1
  + [9935] ntt=9644 (3849) [기타] 존재하지 않는 주소지, 주민번호인 경우 / 답변7
  + [9936] ntt=9643 (3848) [기타] 결손 후 삭제 / 답변5
  + [9937] ntt=9642 (3847) [기타] 임대사업(한국토지주택공사) / 답변2
  + [9938] ntt=9641 (3846) [기타] 금융리스 문의 / 답변2
  + [9939] ntt=9640 (3845) [기타] 재개발, 재건축 임대주택 조합 취득세 관련 문의 / 답변1
  + [9940] ntt=9639 (3844) [기타] 지방세법 13조2항 관련 문의드립니다.. / 답변1
  + [9941] ntt=9638 (3843) [기타] 지목변경 취득세 문의(전원마을) / 답변4
  + [9942] ntt=9636 (3842) [기타] 교환 취득 문의드립니다. (타지역 물건 교환거래) / 답변2
  + [9943] ntt=9634 (3841) [기타] 법인 창업시 창업판단 / 답변1
  + [9944] ntt=9632 (3840) [기타] 추징발생일관련 문의 / 답변5
  + [9945] ntt=9631 (3839) [기타] 신축건물 공사비산출내역서 공유 부탁드립니다. / 답변3
  + [9946] ntt=9629 (3838) [기타] 매각,증여 범위에 신탁, 합병 포함여부 / 답변2
  + [9947] ntt=9628 (3837) [기타] 건축물 대장 미등기 관련 재산세 부과 / 답변6
  + [9948] ntt=9627 (3836) [기타] 최저한세 적용 관련 도움 요청드립니다. / 답변2
  + [9949] ntt=9625 (3835) [기타] 상속관련  취득시기 / 답변1
  + [9950] ntt=9624 (3834) [기타] 감사자료(도시자연공원구역 관련 지방세자료) 문의드립니다 / 답변2
  + [9951] ntt=9621 (3833) [기타] 자경농민의 20키로 밖의 새로운 농지 추가 취득 / 답변4
  + [9952] ntt=9618 (3832) [기타] 화물자동차 양수시 수시분 면허세 문의 / 답변2
  + [9953] ntt=9617 (3831) [기타] 건물의 옥상 및 차고 위 설치하는 태양광시설 취득세 문의 / 답변4
  + [9954] ntt=9616 (3830) [기타] 자동차세 사망인 상속 문의드립니다. / 답변2
  + [9955] ntt=9615 (3829) [기타] 무허가 재개발 입주권 딱지 / 답변2
  + [9956] ntt=9614 (3828) [기타] 검증 관련 취득세 부과 / 답변6
  + [9957] ntt=9613 (3827) [기타] 재산세 토지분 담당자분들 문의드립니다. / 답변1
  + [9958] ntt=9612 (3826) [기타] 자경농민 감면 공동경작부분.. / 답변1
  + [9959] ntt=9611 (3825) [기타] 세무직 승진 적체 해소 사례 요청2 / 답변4
  + [9960] ntt=9610 (3824) [기타] 창업이 아니고 사업확장으로 봐야할까요 / 답변4
    [retry 1/3] ReadTimeout
  + [9961] ntt=9607 (3823) [기타] 상속으로 인한 납세의무 승계 / 답변1
  + [9962] ntt=9606 (3822) [기타] 기초적인 질문 드릴게요. / 답변4
  + [9963] ntt=9605 (3821) [기타] 일부 매매 일부 증여 어떻게 해야할까요? / 답변4
[page 1593 완료] 누적 신규 9963건  (이 게시판 저장 총 47,637건)
  + [9964] ntt=9604 (3820) [기타] 한국농어촌공사에 매도 후 임차경작하다가  환매로 취득하는. / 답변1
  + [9965] ntt=9602 (3819) [기타] 국외이주자 체납자 압류된 토지 공매 / 답변3
  + [9966] ntt=9601 (3818) [기타] 영농조합법인 유통.가공에 해당하는지 조언 부탁드립니다. / 답변8
  + [9967] ntt=9600 (3817) [기타] 재산세 토지분 세율 적용 / 답변2
  + [9968] ntt=9598 (3816) [기타] 신축건물 분양사무실을 본점사무소용으로 볼수있는지요? / 답변4
  + [9969] ntt=9597 (3815) [기타] 납세고지서상의 납기 / 답변4
  + [9970] ntt=9596 (3814) [기타] 재산세의 현황부과 시행령은 조세[법률주의에 반한다? / 답변8
  + [9971] ntt=9595 (3813) [기타] 법인지방소득세 추가납부 문의(지방세법 제103조의 63관. / 답변1
  + [9972] ntt=9593 (3812) [기타] 종교시설 감면 관련 / 답변6
  + [9973] ntt=9591 (3811) [기타] 말소등록된(영업용차량)중고자동차 감면에 대한 질문이요. / 답변2
  + [9974] ntt=9590 (3810) [기타] 미준공, 미등기 건물 취득세 과세가능 여부 / 답변5
  + [9975] ntt=9589 (3809) [기타] 양도소득납세지 기준 / 답변1
  + [9976] ntt=9588 (3808) [기타] 법인간의 특수관계 성립여부 궁금해서 질의올립니다. / 답변2
  + [9977] ntt=9587 (3807) [기타] 농협 고유목적사업 해당유무(한우타운) / 답변6
  + [9978] ntt=9586 (3806) [기타] 공부와 현황 다를 경우 취득세 부과 기준 / 답변7
  + [9979] ntt=9585 (3805) [기타] 용도지수 재래시장 에 대하여(재산세) / 답변2
    [retry 1/3] ReadTimeout
  + [9980] ntt=9583 (3804) [기타] 실거래 신고 관련 취득세 판례 요청합니다. / 답변4
  + [9981] ntt=9581 (3803) [기타] 설계변경 공사비가 후에 확정되었을때 취득시기는? / 답변2
  + [9982] ntt=9580 (3802) [기타] 지역주택조합원 분양권 승계시 취득일자 / 답변1
  + [9983] ntt=9579 (3801) [기타] 자가용번호  위수탁관련? / 답변2
  + [9984] ntt=9577 (3800) [기타] 건축물 용도변경에 대한 등록면허세(면허) / 답변1
  + [9985] ntt=9572 (3799) [기타] 부당하게 산정된 공시지가 대한 재산세 조정가능 여부 질의 / 답변3
  + [9986] ntt=9569 (3798) [기타] 조세심판결정 환급 / 답변3
  + [9987] ntt=9568 (3797) [기타] 부동산 실거래가 위반 과태료 관련 취득세 / 답변8
  + [9988] ntt=9567 (3796) [기타] 지방세 과세정보 공개 여부 / 답변5
  + [9989] ntt=9566 (3795) [기타] 주상복합 부동산 부담부증여 세액 계산방법 질문 / 답변1
  + [9990] ntt=9565 (3794) [기타] 취득세 건물 신축 관련 표시변경된 건축물대장 / 답변3
  + [9991] ntt=9564 (3793) [기타] 건축주의 상속1가구1주택 감면여부 / 답변3
  + [9992] ntt=9563 (3792) [기타] 부담부증여 소득인정 범위 어디까지 봐야할까요.. / 답변5
  + [9993] ntt=9560 (3791) [기타] 공동저당 설정시 물건들의 소재지가 다를 경우 / 답변1
[page 1594 완료] 누적 신규 9993건  (이 게시판 저장 총 47,667건)
  + [9994] ntt=9559 (3790) [기타] 지방소득세(종합소득분) 국세청전자신고분 / 답변1
  + [9995] ntt=9558 (3789) [기타] 결손처분 사후관리 다들 어떻게 하시는 지 궁금합니다. / 답변5
  + [9996] ntt=9557 (3788) [기타] 아파트 신축 및 기부채납 관련 문의 / 답변3
  + [9997] ntt=9556 (3787) [기타] 지방세 부과 제척기간 문의 / 답변3
  + [9998] ntt=9555 (3786) [기타] 전원주택단지 별도합산 여부 / 답변1
  + [9999] ntt=9554 (3785) [기타] 취득세 과표 산입여부 관련하여 / 답변1
  + [10000] ntt=9553 (3784) [기타] KTX 특실에서 일반실로 변경으로 인한 구조변경 취득세 . / 답변4
  + [10001] ntt=9551 (3783) [기타] 수상레저기구취득세 / 답변3
  + [10002] ntt=9550 (3782) [기타] 과점주주 특수관계인 여부 질의드립니다. / 답변2
  + [10003] ntt=9547 (3781) [기타] 취득세 및 자동차세 환급가산금 관련입니다. / 답변6
  + [10004] ntt=9546 (3780) [기타] 자동차세 상속포기 문의드립니다. (수정질의) / 답변4
  + [10005] ntt=9543 (3779) [기타] 최초 체납고지서 공시송달에 관하여 / 답변4
  + [10006] ntt=9542 (3778) [기타] 차량취득세 업무매뉴얼 구합니다. / 답변4
  + [10007] ntt=9540 (3777) [기타] 감면관련 / 답변5
  + [10008] ntt=9539 (3776) [기타] 임대사업자 감면 / 답변1
  + [10009] ntt=9536 (3775) [기타] 등기와 건축물 대장이 다를 시 / 답변8
  + [10010] ntt=9535 (3774) [기타] 산업단지 감면조항 적용여부 / 답변5
  + [10011] ntt=9531 (3773) [기타] 지가 정정으로 취득세를 추징할수 있는지 / 답변4
  + [10012] ntt=9530 (3772) [기타] 토지수용으로 인한 대체 취득 감면(시행자:한국전력공사) / 답변3
  + [10013] ntt=9529 (3771) [기타] 사실상 마을회 소유 농지 재산세 과세관련 문의드립니다 / 답변4
  + [10014] ntt=9528 (3770) [기타] 매매업자 부활등록 차량 취득에 대한 매매업 감면 적용 / 답변1
  + [10015] ntt=9527 (3769) [기타] 종교단체 비과세 감면 현장 조사 시스템 출력 관련 / 답변1
  + [10016] ntt=9526 (3768) [기타] 과점주주 취득세 과세대상 등 질의 드립니다. / 답변2
  + [10017] ntt=9525 (3767) [기타] 지입사내차주변경 취득세 문의드립니다. / 답변6
  + [10018] ntt=9523 (3766) [기타] 마을회관 감면 / 답변3
  + [10019] ntt=9522 (3765) [기타] 지목변경 취득세 납세의무 성립 - 토지 합병 후 일단지 . / 답변2
  + [10020] ntt=9521 (3764) [기타] 차량취득세 시각장애인4급 최저한세관련 문의합니다. / 답변4
  + [10021] ntt=9520 (3763) [기타] 자경농민(상속취득) 추징관련 문의드립니다. / 답변4
    [retry 1/3] ReadTimeout
  + [10022] ntt=9519 (3762) [기타] 차량취득세 장애인 감면분 추징대상인지 여부 문의 / 답변2
  + [10023] ntt=9518 (3761) [기타] 임대사업자 관련 문의드려요. / 답변3
[page 1595 완료] 누적 신규 10023건  (이 게시판 저장 총 47,697건)
  + [10024] ntt=9516 (3760) [기타] 법인의 거래계약 해제신고 문의입니다. / 답변5
  + [10025] ntt=9515 (3759) [기타] 1인소유 자동차에서 공동명의로 명의이전 / 답변2
  + [10026] ntt=9514 (3758) [기타] 제2차납세의무관련 질의 / 답변2
  + [10027] ntt=9512 (3757) [기타] 사실상 멸실차량 인정 관련 지침입니다. / 답변5
  + [10028] ntt=9505 (3756) [기타] 상속 1가구 1주택 감면 관련 문의드립니다. / 답변6
  + [10029] ntt=9501 (3755) [기타] 세무직 승진 적체 해소 사례 요청 / 답변8
  + [10030] ntt=9498 (3754) [기타] 무허가 주택 취득세율 적용 문의/ 지방세법 11조 1항 . / 답변3
  + [10031] ntt=9497 (3753) [기타] 고급주택 용도변경 취득세 / 답변1
  + [10032] ntt=9495 (3752) [기타] 창업벤처감면 / 답변3
  + [10033] ntt=9494 (3751) [기타] 종교단체의 재단 설립 후 부동산 취득 / 답변8
  + [10034] ntt=9493 (3750) [기타] 비과세감면 추징분 부과제척기간 기산일문의 / 답변3
  + [10035] ntt=9491 (3749) [기타] 결손처분 시효소멸 / 답변6
  + [10036] ntt=9490 (3748) [기타] 과점주주 간주취득세 과세대상 여부 / 답변2
  + [10037] ntt=9489 (3747) [기타] 한국토지주택공사 임대목적으로 소유하는 부동산 재산세 감면. / 답변4
  + [10038] ntt=9488 (3746) [기타] 법원 판결로 인한 강제이전시 차량 취득세 문의입니다. / 답변3
  + [10039] ntt=9486 (3745) [기타] 미분할 상속취득세 납부 후 감면신청에 따른 환불 / 답변4
  + [10040] ntt=9484 (3744) [기타] 특별징수납부 등 불성실가산세 / 답변1
  + [10041] ntt=9483 (3743) [기타] 감면신청후 기존건물 철거,신축할 경우 추징대상 여부 / 답변2
  + [10042] ntt=9482 (3742) [기타] 징수촉탁으로 영치된 차량의 인도명령서 발송 질문 / 답변2
  + [10043] ntt=9480 (3741) [기타] 1회성 등록면허세(면허) 부과 문의 / 답변2
  + [10044] ntt=9479 (3740) [기타] 법인합병 등록면허세 감면 문의 / 답변2
  + [10045] ntt=9477 (3739) [기타] 법인지방소득세 가산세 문의드립니다. / 답변1
  + [10046] ntt=9476 (3738) [기타] 종교단체가 종교용 부동산을 취득 후 2년 이내에 소속 유. / 답변6
  + [10047] ntt=9475 (3737) [기타] 취득세 수시부과 / 답변4
  + [10048] ntt=9472 (3736) [기타] 법인지방소득세 안분신고 가산세 / 답변1
  + [10049] ntt=9471 (3735) [기타] 자동차 공매관련 질문입니다. / 답변1
  + [10050] ntt=9470 (3734) [기타] 무허가 건물 취득세 / 답변5
  + [10051] ntt=9467 (3733) [기타] 부동산매매계약 후 잔금지급일 도래 전에 매도인이 사망한 . / 답변5
  + [10052] ntt=9465 (3732) [기타] 지목변경이 A->B->A로 다시 변경된경우 과세? / 답변7
  + [10053] ntt=9464 (3731) [기타] 미준공 공동주택 취득시기 질의 / 답변5
[page 1596 완료] 누적 신규 10053건  (이 게시판 저장 총 47,727건)
  + [10054] ntt=9463 (3730) [기타] 자동차세 부과여부에 대해서.. / 답변5
  + [10055] ntt=9462 (3729) [기타] 판결(화해권고결정) / 답변2
  + [10056] ntt=9459 (3728) [기타] 법인 차량 취득시 법인장부 요구여부 / 답변5
  + [10057] ntt=9453 (3727) [기타] 종교단체 감면 / 답변4
  + [10058] ntt=9452 (3726) [기타] 부담부 증여관련..채무승계가 아닌 채무를 설정 후 기존채. / 답변1
  + [10059] ntt=9449 (3725) [기타] 부과제척기간이 지난 상속 취득세 질의 / 답변5
  + [10060] ntt=9448 (3724) [기타] 체납자가 소유한 지분 1% 차량에 대한 압류가능여부.. / 답변4
  + [10061] ntt=9447 (3723) [기타] 담보설정된 아파트를 이혼으로 인한 재산분할 취득시 / 답변2
  + [10062] ntt=9445 (3722) [기타] 국세 소멸정보 안내 / 답변5
  + [10063] ntt=9444 (3721) [기타] 리스(이용자리스)차량의  리스종료시 취득세 문의 / 답변3
  + [10064] ntt=9443 (3720) [기타] 지방세특례제한법 제78조 제5항 제1호에 따라 정당한 사. / 답변7
  + [10065] ntt=9442 (3719) [기타] 유상승계취득 취득시기 / 답변5
  + [10066] ntt=9441 (3718) [기타] 압류실익이 없는 압류해제 처리 / 답변3
  + [10067] ntt=9440 (3717) [기타] 선박에 대한 납세지 고민(항구가 없는 지자체) / 답변6
  + [10068] ntt=9437 (3716) [기타] 사업자등록증 발급 전 창업중소기업 감면 / 답변2
  + [10069] ntt=9436 (3715) [기타] 등록원부상 주소지로 자동차세 과세여부 / 답변3
  + [10070] ntt=9435 (3714) [기타] 농로 비과세 여부 / 답변2
  + [10071] ntt=9434 (3713) [기타] 개인사업자(창업)문의드려요 / 답변4
  + [10072] ntt=9432 (3712) [기타] 포괄유증과 특정유증의 차이? / 답변3
  + [10073] ntt=9430 (3711) [기타] 차량 감면추징 및 취득일 문의 / 답변4
  + [10074] ntt=9428 (3710) [기타] 과밀억제권역 해당 및 창업감면 문의 / 답변3
  + [10075] ntt=9426 (3709) [기타] 채무인수액이 있는 증여 / 답변4
  + [10076] ntt=9425 (3708) [기타] 가설건축물 지역자원시설세 중과 해당 여부 관련 / 답변4
  + [10077] ntt=9424 (3707) [기타] 법인세분 지방소득세 가감신고제도에 대한 문의 / 답변1
  + [10078] ntt=9423 (3706) [기타] 독촉장 고지 단축에 따른 체납처분 효과 여부 / 답변4
  + [10079] ntt=9422 (3705) [기타] 매매용(상품용 ) 자동차세 문의드립니다. / 답변1
  + [10080] ntt=9421 (3704) [기타] 민자형기숙사 일반과세 전환? / 답변2
  + [10081] ntt=9417 (3703) [기타] 주민세(종업원분) 납세의무관련(독립된"사업소"기준) / 답변2
  + [10082] ntt=9411 (3702) [기타] 교환에 의한 취득에도 대체취득 감면이 되는지요 / 답변3
  + [10083] ntt=9408 (3701) [기타] 사업계획서 양식 있으시면 공유 부탁드립니다.^^ / 답변8
[page 1597 완료] 누적 신규 10083건  (이 게시판 저장 총 47,757건)
  + [10084] ntt=9407 (3700) [기타] 지하수에 대한 지역자원시설세 부과 문의 / 답변2
  + [10085] ntt=9404 (3699) [기타] 교도소 재소자 압류차량 공매 가능여부 / 답변3
  + [10086] ntt=9403 (3698) [기타] 합병문의 드립니다 / 답변1
  + [10087] ntt=9401 (3697) [기타] 압류의 효력 / 답변5
  + [10088] ntt=9400 (3696) [기타] 지방소득세 부과 철회에 대하여 / 답변1
  + [10089] ntt=9399 (3695) [기타] 사실상 멸실인정 차량에 대한 압류해제에 대하여 / 답변2
  + [10090] ntt=9397 (3694) [기타] 상습 체납차량 번호판 영치와 관련하여 / 답변4
    [retry 1/3] ReadTimeout
  + [10091] ntt=9396 (3693) [기타] 자동차세가 대표자에게 부과되는 법적 근거가 있나요? / 답변3
  + [10092] ntt=9395 (3692) [기타] 지방세환급금 현금 지급 경험 공유 부탁드립니다. / 답변4
  + [10093] ntt=9394 (3691) [기타] 과점주주 취득세 문의(납세의무성립 여부) / 답변1
  + [10094] ntt=9393 (3690) [기타] 세입징수 포상금에 대한 질의입니다. / 답변3
    [retry 1/3] ReadTimeout
  + [10095] ntt=9392 (3689) [기타] 지특법 제57조의2 제1항 문의 / 답변1
  + [10096] ntt=9391 (3688) [기타] 취득시기의 해석에 대해 문의합니다 / 답변2
  + [10097] ntt=9389 (3687) [기타] 실거래신고 수정에 따른 취득세 환급 여부 / 답변4
  + [10098] ntt=9388 (3686) [기타] 소멸시효 완성 전 재산 발견 / 답변6
  + [10099] ntt=9387 (3685) [기타] 상속취득 재산세 문의 / 답변1
  + [10100] ntt=9383 (3684) [기타] 관허사업제한문의입니다.. / 답변4
  + [10101] ntt=9382 (3683) [기타] 유흥주점 취득세 부과 / 답변5
  + [10102] ntt=9381 (3682) [기타] 개인사업자 업종변경 창업중소기업 해당여부 문의 / 답변4
  + [10103] ntt=9380 (3681) [기타] 대체취득 초과액 산정시 / 답변4
  + [10104] ntt=9379 (3680) [기타] 관허사업제한문의드립니다... / 답변5
  + [10105] ntt=9378 (3679) [기타] 지분취득에 따른 취득세 면세점 문의 / 답변5
  + [10106] ntt=9377 (3678) [기타] 산업단지 감면 관련 / 답변4
  + [10107] ntt=9376 (3677) [기타] 농협쌀조합공동사업법인 → 농업회사법인농협양곡주식회사(감면. / 답변2
  + [10108] ntt=9374 (3676) [기타] 지방세환급금 소멸시효에 대하여 / 답변5
  + [10109] ntt=9370 (3675) [기타] 부과의 제척기간? 질문입니다. / 답변7
  + [10110] ntt=9369 (3674) [기타] 재산세>지식산업센터(9층) 사무실용도(공장아님)지역자원시. / 답변1
  + [10111] ntt=9366 (3673) [기타] 전자송달과 세액공제 / 답변6
  + [10112] ntt=9365 (3672) [기타] 종업원분 주민세 과세대상과 균등분 과세대상에서의 사업소 . / 답변1
  + [10113] ntt=9364 (3671) [기타] 탈루세원에 대한 포상금 신청민원관련하여~~ / 답변4
[page 1598 완료] 누적 신규 10113건  (이 게시판 저장 총 47,787건)
  + [10114] ntt=9363 (3670) [기타] 기한연장 사유 해당 여부 / 답변3
  + [10115] ntt=9362 (3669) [기타] 시효소멸결손대상자의 부동산 압류 / 답변6
  + [10116] ntt=9361 (3668) [기타] 종중소유 임야 문의드립니다 / 답변1
  + [10117] ntt=9360 (3667) [기타] 자경농민 감면 후 유예기간 내 배우자에게 증여 / 답변8
  + [10118] ntt=9359 (3666) [기타] 지방세 감면 변경신청 가능여부 문의 / 답변6
  + [10119] ntt=9354 (3665) [기타] 세무조사 대상 여부 / 답변2
  + [10120] ntt=9352 (3664) [기타] 취득세 추징시 가산세 부과 적정 문의 / 답변7
  + [10121] ntt=9350 (3663) [기타] 결손처분 된 과세자료 소멸시효 기산일이 궁금합니다 / 답변4
  + [10122] ntt=9349 (3662) [기타] 사용승인 후 소유자 변경? / 답변1
  + [10123] ntt=9348 (3661) [기타] 취득세 감면유예기간 종료 후 정당한 사유로 유예기간 연장. / 답변2
  + [10124] ntt=9340 (3660) [기타] 법인지방소득세 주유소 안분 / 답변1
  + [10125] ntt=9338 (3659) [기타] 건축물 신축관련하여 취득세 환급 여부 문의 / 답변3
  + [10126] ntt=9337 (3658) [기타] 사용승인이전 건축물의 소유권이전  세율에 대한 문의입니다. / 답변1
  + [10127] ntt=9336 (3657) [기타] 개인사업자 창업중소기업감면 / 답변1
  + [10128] ntt=9335 (3656) [기타] 지목변경 문의드립니다. / 답변6
  + [10129] ntt=9334 (3655) [기타] 연말정산 지방소득세(특별징수) 환급관련 문의! 꼭 좀 알. / 답변1
  + [10130] ntt=9333 (3654) [기타] 재산세 고지묶음 대상 중가산금 감액관련 / 답변2
  + [10131] ntt=9332 (3653) [기타] 과점주주 취득세(명의신탁) 관련 / 답변2
  + [10132] ntt=9331 (3652) [기타] 지역자원시설 중과? / 답변2
  + [10133] ntt=9330 (3651) [기타] 건축물 용도변경 면허세 문의 / 답변3
  + [10134] ntt=9328 (3650) [기타] 후보자용 과세증명서 발급시 구비서류 관련 / 답변2
  + [10135] ntt=9326 (3649) [기타] 유치원 감면 문의 / 답변4
  + [10136] ntt=9325 (3648) [기타] 지방소득세(특별징수) 연말정산 환급은 어디에서? / 답변1
  + [10137] ntt=9323 (3647) [기타] 체납된 특별징수의무자에 대한 연말정산 환급처리 방법 / 답변1
  + [10138] ntt=9318 (3646) [기타] 육교 와 연결된 상가공지를 도로처럼 사용에 대한  비과세. / 답변2
  + [10139] ntt=9317 (3645) [기타] 연말정산분  환급시 특별징수의무자가의 다른 체납은 충당대. / 답변1
  + [10140] ntt=9316 (3644) [기타] 대나무 식재의 경우 농지판단 여부 / 답변2
  + [10141] ntt=9315 (3643) [기타] cctv 통합관제센터 번호판영치 개인정보보호법 위반여부? / 답변2
  + [10142] ntt=9314 (3642) [기타] [취득세]공시지가가 없는 도로를 취득할 때 공시지가 적용. / 답변3
  + [10143] ntt=9311 (3641) [기타] 지소 간편장부대상자 가산세 문의드립니다. / 답변1
[page 1599 완료] 누적 신규 10143건  (이 게시판 저장 총 47,817건)
  + [10144] ntt=9310 (3640) [기타] 운전면허취소 확인방법 / 답변4
  + [10145] ntt=9309 (3639) [기타] 금융리스 이용 중 매매업자에게 이전 후 리스종료 취득세 / 답변6
  + [10146] ntt=9308 (3638) [기타] 신탁재산 압류토지 공매배당 문의 / 답변2
  + [10147] ntt=9307 (3637) [기타] 법인의 건물신축(시가표준액보다 신고가액이 낮을때) 문의 / 답변8
  + [10148] ntt=9306 (3636) [기타] 미성년자 차량의 공매 질문 / 답변3
  + [10149] ntt=9305 (3635) [기타] 차량구입시 할부이자의 취득가격 포함관련질의 / 답변2
  + [10150] ntt=9301 (3634) [기타] 환급금 폐업자 관련 서류 문의드립니다. / 답변3
  + [10151] ntt=9299 (3633) [기타] 자경농민 감면 문의 / 답변3
  + [10152] ntt=9297 (3632) [기타] 건축주가 용도변경한 물건도 최초분양에 해당되는지? / 답변2
  + [10153] ntt=9296 (3631) [기타] 공시송달 게시의뢰 공문 / 답변4
  + [10154] ntt=9295 (3630) [기타] 지역아동센터에 대한 감면 / 답변2
  + [10155] ntt=9294 (3629) [기타] 지방세 전체 설명 자료 검색방법 요청 / 답변2
  + [10156] ntt=9293 (3628) [기타] 공유물 분할 관련 질문 / 답변1
  + [10157] ntt=9291 (3627) [기타] 지방소득세(특별징수) 연말정산 환급 문의 / 답변1
  + [10158] ntt=9288 (3626) [기타] 차량연식을 낮춰 부과하여 취득세를 과소납부한 경우, 차후. / 답변5
  + [10159] ntt=9287 (3625) [기타] 농협 주유소 자동세차시설 감면 문의 / 답변3
  + [10160] ntt=9284 (3624) [기타] 부동산 공매배당 관련 몇가지 궁금증이 있습니다. / 답변6
  + [10161] ntt=9283 (3623) [기타] 경정청구 기간에 대하여 문의드립니다. / 답변3
  + [10162] ntt=9280 (3622) [기타] 주민세(종업원분) 문의드립니다. / 답변3
  + [10163] ntt=9279 (3621) [기타] 찾아가지 않는 배분금 공탁 여부 / 답변2
  + [10164] ntt=9278 (3620) [기타] 준공공임대주택 재산세 추징관련 / 답변2
  + [10165] ntt=9277 (3619) [기타] 농협의 양곡저장창고 지역자원세중과대상인가요? / 답변3
  + [10166] ntt=9276 (3618) [기타] 부담부증여 질문입니다 / 답변3
  + [10167] ntt=9275 (3617) [기타] 법인 차량 및 기계장비 취득시 할부이자 과표산입여부 / 답변5
  + [10168] ntt=9274 (3616) [기타] 특별시세, 광역시세, 도세 징수에 따른 징수교부금 비율 . / 답변4
  + [10169] ntt=9273 (3615) [기타] 대형화재로 인한 화재건축물 재산세 과세여부 등 질의 / 답변3
  + [10170] ntt=9272 (3614) [기타] 예금 압류 압류 금지 재산 문의 / 답변4
  + [10171] ntt=9271 (3613) [기타] 감액 시 환급가산금 적용 여부 / 답변1
  + [10172] ntt=9270 (3612) [기타] 지식산업센터 분양 감면시 제조업과 비감면업종 겸용사용 / 답변4
  + [10173] ntt=9269 (3611) [기타] 재결에 의한 토지취득시  취득일 및 취득가액 판단 / 답변1
[page 1600 완료] 누적 신규 10173건  (이 게시판 저장 총 47,847건)
  + [10174] ntt=9268 (3610) [기타] 중고자동차매매업 취득세 감면(A매매상->B매매상으로 이전. / 답변3
  + [10175] ntt=9266 (3609) [기타] 산림사업 시행을 위한 과세자료 요구 관련 / 답변1
  + [10176] ntt=9265 (3608) [기타] 주민세 재산분 / 답변1
  + [10177] ntt=9263 (3607) [기타] 신고분 징수결의 / 답변3
  + [10178] ntt=9262 (3606) [기타] 유권해석 찾아주세요... / 답변5
  + [10179] ntt=9258 (3605) [기타] 교통사고 차량 시가표준액 적용문의 / 답변2
  + [10180] ntt=9257 (3604) [기타] 사권 제한토지 감면 관련 / 답변4
  + [10181] ntt=9256 (3603) [기타] 지방소득세(양도소득분) 관련 / 답변1
  + [10182] ntt=9255 (3602) [기타] 부담부증여 질문 드립니다... / 답변1
  + [10183] ntt=9252 (3601) [기타] 과점주주 취득 비상장 법인 제외? / 답변4
  + [10184] ntt=9249 (3600) [기타] 급여 압류 관련 질의합니다 / 답변1
  + [10185] ntt=9248 (3599) [기타] 매매계약 후 잔금지급일 도래전 사망시 취득문의 / 답변4
  + [10186] ntt=9246 (3598) [기타] 창업중소기업의 부동산 취득세 감면대상인지 여부 / 답변3
  + [10187] ntt=9241 (3597) [기타] 지방소득세(특별징수) 환급과 관련하여?? / 답변1
  + [10188] ntt=9240 (3596) [기타] 문의드립니다. / 답변7
  + [10189] ntt=9238 (3595) [기타] 반송된 독촉고지서를 언제까지 보관하고 있어야 하나요? / 답변7
  + [10190] ntt=9234 (3594) [기타] 법인지방소득세 안분시 종업원 기준 / 답변1
  + [10191] ntt=9233 (3593) [기타] 철골구조 축사의 과세표준적용 문의 / 답변2
  + [10192] ntt=9232 (3592) [기타] 임대주택으로 등록한 주거용오피스텔 1가구1주택의 요건에 . / 답변5
  + [10193] ntt=9230 (3591) [기타] 지목변경 취득세 문의 / 답변2
  + [10194] ntt=9227 (3590) [기타] 차량공매시 이전등록 사항에 대한 통지여부 / 답변3
  + [10195] ntt=9226 (3589) [기타] 법인지방소득세 안분신고 대상 유무 / 답변1
  + [10196] ntt=9224 (3588) [기타] 부동산 감면 추징과 관련하여 도움을 구합니다. / 답변5
  + [10197] ntt=9223 (3587) [기타] 9인승 차량을 캠핑카로 구조변경시 승합자동차(소형일반버스. / 답변3
  + [10198] ntt=9222 (3586) [기타] 법인지방소득세 신고관련 질의(아주급) / 답변3
  + [10199] ntt=9220 (3585) [기타] 환급급 청구기간에 대한 문의 / 답변4
  + [10200] ntt=9219 (3584) [기타] 지식산업센터 내 사무실용도 지역자원시설세 몇배 중과 / 답변3
  + [10201] ntt=9216 (3583) [기타] 포상금 지급 관련하여 위원회 구성 여부 / 답변3
  + [10202] ntt=9215 (3582) [기타] 경차감면 중 특수용도형 피견인차-트레일러 / 답변6
  + [10203] ntt=9214 (3581) [기타] 상속보존취득시, 1가구1주택감면 가능여부? / 답변4
[page 1601 완료] 누적 신규 10203건  (이 게시판 저장 총 47,877건)
  + [10204] ntt=9212 (3580) [기타] 종교단체 수양관 경내 농구장 취득세 감면 어떻게 생각하시. / 답변3
  + [10205] ntt=9211 (3579) [기타] 차량 취득세 면제(장애감면) 세대분리로 인한추징에 관해서. / 답변5
  + [10206] ntt=9210 (3578) [기타] 건축물분 재산세 관련입니다 / 답변1
  + [10207] ntt=9208 (3577) [기타] 다자녀 대체취득 감면 / 답변2
  + [10208] ntt=9207 (3576) [기타] 사회적기업이 지식산업센타를 분양받을시 / 답변1
  + [10209] ntt=9206 (3575) [기타] 위탁자 체납으로 수탁자 지방세환급금 압류 가능 여부 / 답변1
  + [10210] ntt=9204 (3574) [기타] 차량 취득세 감면분 추징시 어떤 가산세(신고불,납부불)를. / 답변4
  + [10211] ntt=9201 (3573) [기타] 지역자원시설세 중과세 관련 / 답변2
  + [10212] ntt=9200 (3572) [기타] 아파트 분양 취득과 관련한 고민 / 답변7
  + [10213] ntt=9196 (3571) [기타] 지방세환급금의 소멸시효에 대한 문의 / 답변3
  + [10214] ntt=9195 (3570) [기타] 외국인 주소 정비 관련 문의 / 답변2
  + [10215] ntt=9194 (3569) [기타] 유흥주점 중과세 해당 여부 질의 / 답변3
  + [10216] ntt=9191 (3568) [기타] 주택임대사업자 등록면허세 질의합니다. / 답변0
  + [10217] ntt=9190 (3567) [기타] 신탁재산 압류 후 징수 가능 범위 / 답변1
  + [10218] ntt=9181 (3566) [기타] 농업,어업법인 감면적용시 토지형태 문의 / 답변1
  + [10219] ntt=9180 (3565) [기타] 경매신청 후 법원에 취하로 인한  등록면허세(등록분) 문. / 답변2
  + [10220] ntt=9175 (3564) [기타] 묘지 공매 문의입니다. / 답변1
  + [10221] ntt=9172 (3563) [기타] 공용건축물 개인하수 면허세 / 답변2
  + [10222] ntt=9171 (3562) [기타] 토지수용 대체취득 감면 시 관계법령 / 답변3
  + [10223] ntt=9170 (3561) [기타] 체험장 이용시 자경농민 감면 여부 / 답변2
  + [10224] ntt=9168 (3560) [기타] 신축 취득세 어린이집 감면시 신축을 위하여 취득한 부동산. / 답변4
  + [10225] ntt=9166 (3559) [기타] 직권고지와 부과의 차이 / 답변3
  + [10226] ntt=9164 (3558) [기타] 취득세 환급 청구시 제출서류 / 답변1
  + [10227] ntt=9163 (3557) [기타] 고질체납 차량 일소계획 관련 행안부 지침있으시면 부탁드립. / 답변5
  + [10228] ntt=9162 (3556) [기타] 토지교환 취득시 과표산정 / 답변3
  + [10229] ntt=9161 (3555) [기타] 등록면허세 1건의 의미 질문입니다 / 답변2
  + [10230] ntt=9160 (3554) [기타] 특정자동차 산출과표 문의하면 답변해야할까요? / 답변5
  + [10231] ntt=9159 (3553) [기타] 지역주택조합원 분양권 승계시 취득시기 / 답변5
  + [10232] ntt=9158 (3552) [기타] 연부취득 중 합병시 과세문제 / 답변3
  + [10233] ntt=9156 (3551) [기타] (상속) 자기 지분만 신고납부 / 답변5
[page 1602 완료] 누적 신규 10233건  (이 게시판 저장 총 47,907건)
  + [10234] ntt=9154 (3550) [기타] 가설건축물 취득 신고 후 무단용도변경으로 위반 적발 / 답변4
  + [10235] ntt=9152 (3549) [기타] 보험압류질의(재질의) / 답변2
  + [10236] ntt=9151 (3548) [기타] 보험 압류 질문 / 답변2
  + [10237] ntt=9150 (3547) [기타] 상속으로 인한 등기 시 등록세 부과문의합니다. / 답변1
  + [10238] ntt=9148 (3546) [기타] 본점 범위 문의 / 답변1
  + [10239] ntt=9147 (3545) [기타] 공유물분할 적용문의 / 답변1
  + [10240] ntt=9141 (3544) [기타] 임대사업자용  주택 신축 감면 대상 / 답변4
  + [10241] ntt=9140 (3543) [기타] 이의신청(본안 심리) 대상으로 볼 수 있는지 여부 / 답변3
  + [10242] ntt=9138 (3542) [기타] 보험압류방법 (재질의) / 답변2
  + [10243] ntt=9137 (3541) [기타] 취득시기 문의 / 답변6
  + [10244] ntt=9136 (3540) [기타] 위반 건축물 관련 취득세 질의합니다 / 답변1
  + [10245] ntt=9135 (3539) [기타] 보험도 압류할 수 있을까요? / 답변4
  + [10246] ntt=9132 (3538) [기타] 상속주택 감면(지방세 15조 1항 2호) / 답변5
  + [10247] ntt=9128 (3537) [기타] 자동차세 상속인 지정 관련 문의 / 답변3
  + [10248] ntt=9126 (3536) [기타] 과점주주 취득세의 소액부징수 / 답변4
  + [10249] ntt=9125 (3535) [기타] 예금압류 실무 문의 / 답변6
  + [10250] ntt=9123 (3534) [기타] 푸드트럭 면허세 관련 문의드립니다. / 답변3
  + [10251] ntt=9122 (3533) [기타] 사실상 멸실로 인정되어 비과세처리 받고 있는 차량에 대한. / 답변4
  + [10252] ntt=9118 (3532) [기타] 부부간 2차납세자지정이 가능할까요? / 답변3
  + [10253] ntt=9117 (3531) [기타] 과태료 사망자 체납시 업무처리 문의 / 답변5
  + [10254] ntt=9116 (3530) [기타] 등기부등본이 열람이 안되는 부동산의 재산세 대장정비 요령. / 답변3
  + [10255] ntt=9115 (3529) [기타] 상속 취득세 질의 / 답변4
  + [10256] ntt=9113 (3528) [기타] 건축신고사항변경 관련 등록면허세(면허) 부과 / 답변1
  + [10257] ntt=9112 (3527) [기타] 지입차주 변경에 따른 취득세 납부여부질의 / 답변1
  + [10258] ntt=9110 (3526) [기타] 임대주택 감면 31조 1항...적용 문의 / 답변6
  + [10259] ntt=9109 (3525) [기타] 법인지방소득세 신고 시 본점과 지점이 같은 시에 있는 경. / 답변1
  + [10260] ntt=9108 (3524) [기타] 휴업법인의 경우 법인분 지방소득세 신고 해야 하나요? / 답변1
  + [10261] ntt=9107 (3523) [기타] 공동주택 여러호수 1건으로 일괄취득시 최저한세와 취득세율 / 답변5
  + [10262] ntt=9106 (3522) [기타] 기존가설건축물 이전 설치시 전산프로그램 문의 / 답변4
  + [10263] ntt=9105 (3521) [기타] 재산세 직권등재 건 감액 가능 여부 문의 / 답변3
[page 1603 완료] 누적 신규 10263건  (이 게시판 저장 총 47,937건)
  + [10264] ntt=9104 (3520) [기타] 지방세특례제한법 13조 2항2 (환매취득)과 178조(감. / 답변1
  + [10265] ntt=9102 (3519) [기타] 공유물 분할인가 / 답변1
  + [10266] ntt=9101 (3518) [기타] 부담부증여 관련 문의드립니다. / 답변1
  + [10267] ntt=9100 (3517) [기타] 과세대장이나 과세내역서는 본인만 발급이 가능한가요?? / 답변8
  + [10268] ntt=9099 (3516) [기타] 귀농후 사업자 등록 감면 검토 / 답변1
  + [10269] ntt=9098 (3515) [기타] 질문검사권과 개인정보보호법(징수관련) / 답변2
  + [10270] ntt=9097 (3514) [기타] 현물출자 및 포괄사업양수도에 따른 법인전환 / 답변2
  + [10271] ntt=9093 (3513) [기타] 직계존비속 간 매매 시 증빙서류 / 답변6
  + [10272] ntt=9089 (3512) [기타] 징수유예와 관련하여 문의드립니다.(일부 수정) / 답변3
  + [10273] ntt=9087 (3511) [기타] 재산세 비과세 감면 조사계획과 관련하여... / 답변3
  + [10274] ntt=9085 (3510) [기타] 감면처리기간 5일에 대한 법적 근거가 어디있나요? / 답변7
    [retry 1/3] ReadTimeout
  + [10275] ntt=9079 (3509) [기타] 자동차세 추징시 납부기한 문제 / 답변3
  + [10276] ntt=9078 (3508) [기타] 영유아 어린이집 감면(가정어린이집 아파트등) 세율적용 문. / 답변3
  + [10277] ntt=9077 (3507) [기타] 과세전적부심사청구의 대상 / 답변7
  + [10278] ntt=9075 (3506) [기타] 차량취득세 다자녀 감면 중 부부간 명의이전 / 답변4
  + [10279] ntt=9074 (3505) [기타] 내무부 세정13407-244(1996.3.4) / 답변1
  + [10280] ntt=9073 (3504) [기타] 건축물대장 지번오류로 인한 건물 미이전시 추후 건물 취득. / 답변3
  + [10281] ntt=9072 (3503) [기타] 지식산업센터 설립용 토지분양 취득세감면[담보신탁]  급 / 답변4
  + [10282] ntt=9071 (3502) [기타] 증여시 과표 문의 / 답변9
  + [10283] ntt=9070 (3501) [기타] 시효소멸 문의 / 답변8
  + [10284] ntt=9069 (3500) [기타] 차량 취득세 장애인 감면 추징시 / 답변4
  + [10285] ntt=9063 (3499) [기타] 태양광발전에대한 간주취득 문의 / 답변3
  + [10286] ntt=9061 (3498) [기타] 포상금 지급관련 / 답변4
  + [10287] ntt=9060 (3497) [기타] 합자회사 무한책임사원의 제2차납세의무지정 / 답변3
  + [10288] ntt=9058 (3496) [기타] 법해석 일반론에 대하여 문의드립니다.(다소 황당할 수 있. / 답변3
  + [10289] ntt=9057 (3495) [기타] 연결법인 질의입니다. / 답변1
  + [10290] ntt=9056 (3494) [기타] 공동명의 지방세 환급 / 답변6
  + [10291] ntt=9055 (3493) [기타] 압류해제 가능여부 / 답변3
  + [10292] ntt=9054 (3492) [기타] 재산세 주된납세의무자 / 답변3
  + [10293] ntt=9053 (3491) [기타] 비주거용건물연계처리에 대해 / 답변1
[page 1604 완료] 누적 신규 10293건  (이 게시판 저장 총 47,967건)
  + [10294] ntt=9052 (3490) [기타] 건축물 현황 / 답변5
  + [10295] ntt=9051 (3489) [기타] 매매용차량 매매업자에게 매도한 경우 / 답변4
  + [10296] ntt=9049 (3488) [기타] 유흥주점 재산세 중과세 관련(개인정보???) 조언을 구합. / 답변7
  + [10297] ntt=9048 (3487) [기타] 국가유공자 차량감면 추징 ( 감면 후 1년내 지입사 이전. / 답변3
  + [10298] ntt=9047 (3486) [기타] 사업장 상호변경시 등록면허세(면허) 부과여부 / 답변4
  + [10299] ntt=9036 (3485) [기타] 자동차세 연납 납부 후 이전 및 말소로 인한 환급 관련 / 답변6
  + [10300] ntt=9035 (3484) [기타] 창업에 해당되는지....문의드립니다... / 답변2
  + [10301] ntt=9034 (3483) [기타] 장애인차량과 관련된 질문입니다 / 답변5
  + [10302] ntt=9033 (3482) [기타] 자경농민 감면 중 귀농인의 요건 질문입니다. / 답변4
  + [10303] ntt=9031 (3481) [기타] 지방소득세(특별징수) 연말정산 환급 및 충당가능여부 / 답변1
  + [10304] ntt=9029 (3480) [기타] 매매업자가 기간내 수출말소시 취득세 추징여부 문의? / 답변3
  + [10305] ntt=9028 (3479) [기타] 면허세 상위종변경 문의 / 답변4
  + [10306] ntt=9026 (3478) [기타] 부담부 증여관련 세율적용 / 답변8
  + [10307] ntt=9025 (3477) [기타] 인텔리전트 빌딩 확인하는 방법 노하우를 알려주시기 부탁드. / 답변1
  + [10308] ntt=9024 (3476) [기타] 가번지(등기 안 된 필지) 압류 가능한가요? / 답변5
  + [10309] ntt=9023 (3475) [기타] 교통사고 차량 시가표준액 적용 / 답변1
  + [10310] ntt=9022 (3474) [기타] 공동명의차량 상속에 대해 질문드립니다. / 답변3
  + [10311] ntt=9021 (3473) [기타] 등록면허세(등록) 비과세 여부(국가 등에 관한 비과세) . / 답변3
  + [10312] ntt=9020 (3472) [기타] 공동명의 장애인 자동차 취득세 감면관련 질문입니다. / 답변2
  + [10313] ntt=9019 (3471) [기타] 지방세 체납액 분납에 대해서 / 답변12
  + [10314] ntt=9018 (3470) [기타] 수원지방법원 2017.5.10선고 2016구합66255 . / 답변2
  + [10315] ntt=9017 (3469) [기타] 공동명의 자동차 공매관련 / 답변1
  + [10316] ntt=9016 (3468) [기타] 질의응답 쪽지 기능개선 / 답변9
  + [10317] ntt=9014 (3467) [기타] 신탁회사 리스채권에 대한 압류 / 답변1
  + [10318] ntt=9013 (3466) [기타] (긴급)유류분반환청구 등기원인 상속인지 증여인지 궁금합니. / 답변5
  + [10319] ntt=9012 (3465) [기타] 지특법 감면 추징 관련 문의 / 답변4
  + [10320] ntt=9008 (3464) [기타] 급여압류에 대한 질의 / 답변6
  + [10321] ntt=9007 (3463) [기타] 어린이집 집단급식소 등록면허세(면허분) 부과 문의 / 답변1
  + [10322] ntt=9005 (3462) [기타] 현물출자 문의(법인설립이후 사업양수도계약) / 답변3
  + [10323] ntt=9004 (3461) [기타] 중고자동차 매매업자가 경승용차를 매매용으로 취득시 감면코. / 답변5
[page 1605 완료] 누적 신규 10323건  (이 게시판 저장 총 47,997건)
  + [10324] ntt=9002 (3460) [기타] 무허가주택 주택수? / 답변7
  + [10325] ntt=9001 (3459) [기타] 지입차 위수탁자를 명시하지 않을 경우 제재방안 마련 / 답변2
  + [10326] ntt=9000 (3458) [기타] 지방세(지방소득세)와 국세의 징수권은 무관하다라는 판례 . / 답변4
  + [10327] ntt=8999 (3457) [기타] 해산간주법인 명단공개시 / 답변1
    [retry 1/3] ReadTimeout
  + [10328] ntt=8998 (3456) [기타] 등록면허세 건축물 용도변경 부과문의 / 답변3
  + [10329] ntt=8997 (3455) [기타] 지방소득세(특별징수)연말정산 시효관련 문의 / 답변4
  + [10330] ntt=8996 (3454) [기타] 대법판례 2000두1911, 2001.10.23 구합니다 / 답변3
  + [10331] ntt=8995 (3453) [기타] 자동차 이전등록 관련 질문입니다. / 답변5
  + [10332] ntt=8994 (3452) [기타] 10년전 압류한 채권의 압류선착주의 배분관련 질의입니다 / 답변2
  + [10333] ntt=8993 (3451) [기타] 종중 등록증 확인 방법 문의 / 답변3
  + [10334] ntt=8992 (3450) [기타] 지식산업센터와 중과제외업종 / 답변2
  + [10335] ntt=8990 (3449) [기타] 건축물의 옥상에 새로 설치한 대형전자광고판이 취득세 과세. / 답변5
  + [10336] ntt=8989 (3448) [기타] 리스차량에 대한 취득세 등록 / 답변5
  + [10337] ntt=8988 (3447) [기타] 아래 차량 상속관련 재질의 / 답변5
  + [10338] ntt=8987 (3446) [기타] 차량 상속관련 질의 / 답변5
  + [10339] ntt=8986 (3445) [기타] 자율방범대 취득세 문의드립니다. / 답변3
  + [10340] ntt=8985 (3444) [기타] 다자녀와 장애인 감면 중복 관련 / 답변8
  + [10341] ntt=8984 (3443) [기타] 지방소득세(특별징수)연말정산 환급 관련하여 / 답변1
  + [10342] ntt=8978 (3442) [기타] 국가의 잘못으로 인한 손해배상토지의 경우 별도합산 가능 . / 답변1
  + [10343] ntt=8977 (3441) [기타] 건축 공동명의관련 등록면허세(면허) 문의 / 답변2
  + [10344] ntt=8976 (3440) [기타] 과세자료 통합 제공 / 답변6
  + [10345] ntt=8973 (3439) [기타] 사실상 종중소유 농지 소유권이전에 대한 재산세 문의 / 답변5
  + [10346] ntt=8971 (3438) [기타] 합병문의 드립니다(긴급) / 답변1
  + [10347] ntt=8969 (3437) [기타] 증축보존 등기가 안된 상가주택 경락취득시 문의 / 답변3
  + [10348] ntt=8968 (3436) [기타] 포괄적사업양수도에 의한 감면 / 답변2
  + [10349] ntt=8964 (3435) [기타] 농업회사법인이 식용곤충(메뚜기)을 양식하는 경우? / 답변13
  + [10350] ntt=8963 (3434) [기타] 건물증축에 대한 취득세문의드립니다.(경락관련시점) / 답변2
  + [10351] ntt=8962 (3433) [기타] 법인지방소득세 확정신고 대상자 추출 방법 / 답변1
  + [10352] ntt=8961 (3432) [기타] 한정승인 후 재산세 부과 / 답변5
  + [10353] ntt=8956 (3431) [기타] 수시분 면허세 납부여부 / 답변4
[page 1606 완료] 누적 신규 10353건  (이 게시판 저장 총 48,027건)
  + [10354] ntt=8954 (3430) [기타] 기업부설연구소 감면 문의드립니다. / 답변1
  + [10355] ntt=8953 (3429) [기타] 개인의 신축 과표 적용 / 답변5
  + [10356] ntt=8952 (3428) [기타] 제3자의 체납액(혹은 부과세액, 신고세액)에 환급금 충당 / 답변3
  + [10357] ntt=8951 (3427) [기타] 차량 취득세 담당자만 보세요 / 답변20
  + [10358] ntt=8938 (3426) [기타] 무허가주택의 농특세 부과여부 / 답변8
  + [10359] ntt=8937 (3425) [기타] 산업단지 토지취득 감면시 / 답변6
  + [10360] ntt=8935 (3424) [기타] 가족관계증명서 이용방법에 대한 질의입니다. / 답변8
  + [10361] ntt=8931 (3423) [기타] 취득세 경정청구 관련 환급가산금 기산일 문의 / 답변2
  + [10362] ntt=8930 (3422) [기타] 민박 취소 후 주택세율 적용 문의 / 답변4
  + [10363] ntt=8928 (3421) [기타] 법인지방소득세 과세관련 / 답변3
  + [10364] ntt=8927 (3420) [기타] 한정승인 차량 공매 질문 / 답변3
  + [10365] ntt=8925 (3419) [기타] 어린이집 비인가 면적에 대한 직접 사용인지요? / 답변3
  + [10366] ntt=8924 (3418) [기타] 상속개시 이전에 교통사고로 인한 폐차 취득세 / 답변3
  + [10367] ntt=8923 (3417) [기타] 공매시 입찰자의 주민등록번호 수집근거법령을 알고 싶습니다. / 답변1
  + [10368] ntt=8921 (3416) [기타] 자경농민 농업경영체확인원상 경영주외 농업인인 경우 / 답변4
  + [10369] ntt=8920 (3415) [기타] 법인지방소득세 가산세부과 문의입니다. / 답변1
  + [10370] ntt=8919 (3414) [기타] 특별징수분 환급기산일 / 답변4
  + [10371] ntt=8918 (3413) [기타] 산업단지 감면 토지에 공장을 아주 작은 면적만 신축한 경. / 답변2
  + [10372] ntt=8916 (3412) [기타] 행정자치부 지방세특례제도과-108(2016.1.13) 공. / 답변6
  + [10373] ntt=8915 (3411) [기타] 상속 취득세 화해권고결정에 따른 취득원인 및 취득일이 궁. / 답변5
  + [10374] ntt=8903 (3410) [기타] 폐업한 사업주(고액체납)의 가족이 상속포기한 경우 / 답변3
  + [10375] ntt=8902 (3409) [기타] 2차납세의무자의 지정 / 답변2
  + [10376] ntt=8900 (3408) [기타] 경차의 취득세 과세 기준 문의드립니다(넓이기준) / 답변5
  + [10377] ntt=8898 (3407) [기타] 징수유예등 및 체납처분유예 관련입니다. / 답변3
  + [10378] ntt=8897 (3406) [기타] 무허가미등기주택 / 답변5
  + [10379] ntt=8896 (3405) [기타] 학교법인재단이 취득하는 교외 기숙사? / 답변2
  + [10380] ntt=8894 (3404) [기타] 집합건물 옥탑안분 / 답변3
  + [10381] ntt=8892 (3403) [기타] 신탁회사 압류 가능 여부(중복등기로 등록된 해당 물건지에. / 답변1
  + [10382] ntt=8890 (3402) [기타] 재산세 추징관련 문의 / 답변3
  + [10383] ntt=8888 (3401) [기타] 장애감면시 기산일은 언제로? / 답변2
[page 1607 완료] 누적 신규 10383건  (이 게시판 저장 총 48,057건)
  + [10384] ntt=8886 (3400) [기타] 최초 독촉장 반송시 공시송달에 대하여 / 답변6
  + [10385] ntt=8881 (3399) [기타] 2차납세의무자  소멸시효 / 답변3
  + [10386] ntt=8880 (3398) [기타] 농업법인 감면 사후관리 노하우 / 답변4
  + [10387] ntt=8879 (3397) [기타] 법인지방소득세  신고지 기준(아주 급) / 답변2
  + [10388] ntt=8878 (3396) [기타] 납세자보호관 설치 운영 잘 될까요? / 답변9
  + [10389] ntt=8877 (3395) [기타] 과점주주 취득세 과세표준관련 / 답변2
  + [10390] ntt=8876 (3394) [기타] 장애인 차량 대체취득 관련(자동차세 중복감면) / 답변3
  + [10391] ntt=8875 (3393) [기타] 매매가액이 시가표준액보다 낮을 때 증여로 볼지 궁금합니다. / 답변2
  + [10392] ntt=8856 (3392) [기타] 영농조합법인의 농산물 유통제조가공 증빙서류등 / 답변1
  + [10393] ntt=8855 (3391) [기타] 법인의 자기주식 취득시 과점주주 취득세 문의 / 답변1
  + [10394] ntt=8852 (3390) [기타] 지식산업센터 제조업을 도시형공장으로 봐야 하는지? / 답변1
  + [10395] ntt=8850 (3389) [기타] 농업법인 감면 사후 관리 문의 / 답변3
  + [10396] ntt=8848 (3388) [기타] 취득세 과표 과소신고 민원 관련 문의 / 답변1
  + [10397] ntt=8847 (3387) [기타] 창업중소벤처기업감면 문의... / 답변2
  + [10398] ntt=8846 (3386) [기타] 취득세 과소신고가액 정당 여부 조사 민원 / 답변1
  + [10399] ntt=8845 (3385) [기타] 서민주택감면 (지특법 33조2항) / 답변7
  + [10400] ntt=8844 (3384) [기타] 임대사업자 최초분양이 맞는지 여부(전매로인한 분양권승계) / 답변3
  + [10401] ntt=8843 (3383) [기타] 대법원 2008.7.24. 선고 2008두8949 판결문. / 답변2
  + [10402] ntt=8842 (3382) [기타] 지방세 자동이체 신청 / 답변7
  + [10403] ntt=8841 (3381) [기타] 유치원 감면... / 답변4
  + [10404] ntt=8840 (3380) [기타] 압류해제 촉탁시 등록면허세 부과여부 / 답변2
  + [10405] ntt=8839 (3379) [기타] 구조변경 취득세 관련 문의드립니다. / 답변8
  + [10406] ntt=8838 (3378) [기타] 다자녀 감면 관련 질의드립니다. / 답변7
  + [10407] ntt=8837 (3377) [기타] 과밀억제권역 범위 문의 / 답변1
  + [10408] ntt=8836 (3376) [기타] 가설건축물 멸실신고 / 답변7
  + [10409] ntt=8833 (3375) [기타] 의료법인이 의료업에 사용하는 부동산을 신탁등기한 경우 ". / 답변4
  + [10410] ntt=8832 (3374) [기타] 사망자 종합소득부과에 대해서 문의합니다. / 답변4
  + [10411] ntt=8829 (3373) [기타] 번호판 영치관련 질의 / 답변12
  + [10412] ntt=8826 (3372) [기타] 전기자동차 자동차세 국가유공자감면문의 / 답변3
  + [10413] ntt=8824 (3371) [기타] 폐기물 수집.가공 처리업에 대한 공장용건축물 해당 여부 / 답변2
[page 1608 완료] 누적 신규 10413건  (이 게시판 저장 총 48,087건)
  + [10414] ntt=8823 (3370) [기타] 서민주택 감면(1오피스텔-주택 사용중, 추가 빌라(서민주. / 답변8
  + [10415] ntt=8822 (3369) [기타] 차량 등 취득세신고시 할부이자관련 / 답변2
  + [10416] ntt=8819 (3368) [기타] 다자녀 감면시 먼저 감면신청하는 1대의 판단기준 / 답변5
  + [10417] ntt=8813 (3367) [기타] 사실상 취득가격 / 답변3
  + [10418] ntt=8812 (3366) [기타] 부담부증여 (증여자 채무) 수정 / 답변4
  + [10419] ntt=8809 (3365) [기타] 청산 종결간주  법인의 자동차세 납세의무자? / 답변1
  + [10420] ntt=8807 (3364) [기타] 자동차세 체납관련 / 답변7
  + [10421] ntt=8806 (3363) [기타] 공장 지방이전 감면 및 산업단지 감면 문의 / 답변1
  + [10422] ntt=8798 (3362) [기타] 양도신청서 서식(신청인란에 양도인이 맞을까요? 양수인이 . / 답변4
  + [10423] ntt=8797 (3361) [기타] 지특법31조3항관련 재산세감면 문의드립니다! / 답변4
  + [10424] ntt=8796 (3360) [기타] 토지수용 초과액 산정관련 문의드립니다. / 답변2
  + [10425] ntt=8791 (3359) [기타] 임대사업자 최초분양관련... / 답변3
  + [10426] ntt=8790 (3358) [기타] 일괄취득시 최소납부제 적용 과표는?? / 답변5
  + [10427] ntt=8789 (3357) [기타] 창업중소기업 제외 규정문의 / 답변1
  + [10428] ntt=8788 (3356) [기타] 다자녀 사후감면 및 환급 관련입니다. / 답변4
  + [10429] ntt=8785 (3355) [기타] 증축 취득세 면세점 문의 / 답변3
  + [10430] ntt=8784 (3354) [기타] 재개발관련 감면문의(지특법 74조1항,3항) / 답변1
  + [10431] ntt=8783 (3353) [기타] 과점주주 간주취득세 문의 / 답변3
  + [10432] ntt=8781 (3352) [기타] 산업단지 기존건물 토지 승계취득시 감면문의 / 답변3
  + [10433] ntt=8780 (3351) [기타] 산업단지 승계취득 / 답변1
  + [10434] ntt=8779 (3350) [기타] 승용차 요일제 문의드립니다. / 답변5
  + [10435] ntt=8775 (3349) [기타] 1가구1주택 범위...질문드립니다... / 답변10
  + [10436] ntt=8774 (3348) [기타] 교도소에 있는 차주의 차량 체납처분 / 답변4
  + [10437] ntt=8773 (3347) [기타] 장애인 공동소유 차량 세대분리시 납세지 문의 / 답변6
  + [10438] ntt=8772 (3346) [기타] 상속 취득세 관련 문의 드립니다. / 답변3
  + [10439] ntt=8771 (3345) [기타] 지방소득세 특별징수분 환급 / 답변3
  + [10440] ntt=8770 (3344) [기타] 서민주택 1가구1주택 감면여부? / 답변6
  + [10441] ntt=8769 (3343) [기타] 일시적 2주택 주택 수 산정 시 / 답변1
  + [10442] ntt=8768 (3342) [기타] 자동차 번호판이 영치된 경우,  영치후  24시간이내 운. / 답변13
  + [10443] ntt=8767 (3341) [기타] 상속 1가구 1주택 및 농지 세율특례 질의 / 답변4
[page 1609 완료] 누적 신규 10443건  (이 게시판 저장 총 48,117건)
  + [10444] ntt=8765 (3340) [기타] 최초분양자에 해당되는지...문의드립니다... / 답변4
  + [10445] ntt=8764 (3339) [기타] 창업중소기업 차량 감면 문의 / 답변1
  + [10446] ntt=8761 (3338) [기타] 사망자 환급액 체납충당가능 여부 / 답변3
  + [10447] ntt=8760 (3337) [기타] 취득의 시기 질의 / 답변5
  + [10448] ntt=8758 (3336) [기타] 발코니 확장비용 (취득세 과표 포함) / 답변3
  + [10449] ntt=8757 (3335) [기타] 창업중소기업감면 추징대상인지.. / 답변1
  + [10450] ntt=8755 (3334) [기타] 이혼조정일(2017.12.18) 혼인신고서상 이혼일 (2. / 답변2
  + [10451] ntt=8753 (3333) [기타] 합의해제로 인한 증여 취소(감면의 경우) / 답변2
  + [10452] ntt=8752 (3332) [기타] 창업중소기업 설립 등록면허세 감면시 제출 서류 / 답변2
  + [10453] ntt=8751 (3331) [기타] 장애인 감면차량 공동소유자가 외국인일때 세대분리 확인시 . / 답변7
  + [10454] ntt=8750 (3330) [기타] 주택건설사업에 제공중인 토지의 재산세 분리과세 대상 범위 / 답변1
  + [10455] ntt=8749 (3329) [기타] 주민세(종업원분) 환급 질의 / 답변1
  + [10456] ntt=8748 (3328) [기타] 상속 동시 취득(3주택) / 답변5
  + [10457] ntt=8745 (3327) [기타] 종업원 범위관련 질문드립니다. / 답변2
  + [10458] ntt=8744 (3326) [기타] 민간인의 지방세징수포상금 요청 ?! / 답변11
  + [10459] ntt=8728 (3325) [기타] 농지문의입니다. / 답변6
  + [10460] ntt=8727 (3324) [기타] 농어촌주택개량에 대한 감면 문의입니다. / 답변3
  + [10461] ntt=8724 (3323) [기타] 면제 감면 경감 차이 / 답변5
  + [10462] ntt=8723 (3322) [기타] 차량 시가표준액 문의 / 답변5
  + [10463] ntt=8721 (3321) [기타] 차량 소유대수 판정기준? < 저의 장기 숙제입니다.> / 답변9
  + [10464] ntt=8720 (3320) [기타] 대도시 중과제외업종이 기준인가요? / 답변3
  + [10465] ntt=8718 (3319) [기타] 상속에 대한 취득세 문의드립니다. / 답변9
  + [10466] ntt=8717 (3318) [기타] 과세표준 산출방식의 변경 문의 / 답변1
  + [10467] ntt=8716 (3317) [기타] 중과제외업종과 중과업종이 겸용되고 있을때 취득세 중과세 / 답변3
  + [10468] ntt=8715 (3316) [기타] 예금압류 추심요구에 불응하는 경우 과태료 / 답변2
  + [10469] ntt=8714 (3315) [기타] 납세담보 평가 / 답변3
  + [10470] ntt=8713 (3314) [기타] 과점주주 취득세 부과처리 문의 / 답변6
  + [10471] ntt=8712 (3313) [기타] 토지 수용에의한 납세의무자 질문(고수님들 고견부탁^^) / 답변2
  + [10472] ntt=8711 (3312) [기타] 지특법 감면 기한 후신고 가산세 / 답변6
  + [10473] ntt=8706 (3311) [기타] 선등기가산세 문의드립니다~ / 답변3
[page 1610 완료] 누적 신규 10473건  (이 게시판 저장 총 48,147건)
  + [10474] ntt=8704 (3310) [기타] 연말정산 환급: 납세자 환급신청의무 or 지자체 직권환급 / 답변2
  + [10475] ntt=8703 (3309) [기타] 증여 계약해제로 소유권 이전시 등록면허세 세율 / 답변3
  + [10476] ntt=8701 (3308) [기타] 상속 이전 등록 없이 폐차, 말소가 가능하다고 나와있는데 / 답변9
  + [10477] ntt=8700 (3307) [기타] 대지권 미등기  토지에 대한 취득세 / 답변1
  + [10478] ntt=8699 (3306) [기타] 저온저장고 건물용도 코드 문의 / 답변2
  + [10479] ntt=8697 (3305) [기타] 준공공임대주택 등에 감면 / 답변2
  + [10480] ntt=8695 (3304) [기타] 대체취득 부재지주 판단시(국외이주신고관련) / 답변2
  + [10481] ntt=8690 (3303) [기타] 공매 배분관련질의입니다.<한국자산관리공사가매입한저당권> / 답변3
  + [10482] ntt=8689 (3302) [기타] 대단위 부속토지 관련하여... / 답변1
  + [10483] ntt=8688 (3301) [기타] 등록면허세 독촉장 질문 / 답변3
  + [10484] ntt=8687 (3300) [기타] 사권 제한 토지 감면 / 답변2
  + [10485] ntt=8686 (3299) [기타] 제조업에 해당하는지요?? / 답변3
  + [10486] ntt=8685 (3298) [기타] 차량 취득세 담당자만 보세요 : 치명적 오류 2가지 / 답변7
  + [10487] ntt=8684 (3297) [기타] 가설건축물 지목변경 취득세 / 답변5
  + [10488] ntt=8682 (3296) [기타] 전기차 장애인감면후 1년이내 매각하면 추징? / 답변7
  + [10489] ntt=8680 (3295) [기타] 창업중소기업감면 관련 답변부탁드립니다. / 답변2
  + [10490] ntt=8677 (3294) [기타] 대습상속 순위 질문 / 답변5
  + [10491] ntt=8675 (3293) [기타] 주택에 따른 취득세 세율 / 답변4
  + [10492] ntt=8674 (3292) [기타] 분양중인 아파트(다세대주택) 재산세 / 답변5
  + [10493] ntt=8673 (3291) [기타] 합병 감면시 차량 및 기계장비 세율문의 / 답변3
    [retry 1/3] ReadTimeout
  + [10494] ntt=8671 (3290) [기타] 장애인 대체취득 / 답변9
  + [10495] ntt=8670 (3289) [기타] 수정-행정권한의 위임및 위탁에 관한 규정에 의거 부동산 . / 답변1
  + [10496] ntt=8665 (3288) [기타] 임대사업자 중과제외업종 해석문의? / 답변2
  + [10497] ntt=8664 (3287) [기타] 지방소득세(양도소득분) 납세지 문의 / 답변2
    [retry 1/3] ReadTimeout
    [retry 2/3] ConnectTimeout
  + [10498] ntt=8663 (3286) [기타] 위반건축물 종교시설 재산세 감면 / 답변7
  + [10499] ntt=8662 (3285) [기타] 직계존비속 간 부동산 매매대금 매매계약서 작성일 이전 지. / 답변2
  + [10500] ntt=8661 (3284) [기타] 독촉장 공시송달 분에 대한 질문입니다. / 답변5
  + [10501] ntt=8660 (3283) [기타] 합유자 변경시 취득세 부과 / 답변3
  + [10502] ntt=8659 (3282) [기타] 해산간주 법인의 취득 / 답변2
  + [10503] ntt=8658 (3281) [기타] 지방세법 제23조[정의] 1항 라 항목 관련..이륜차취등. / 답변5
[page 1611 완료] 누적 신규 10503건  (이 게시판 저장 총 48,177건)
  + [10504] ntt=8657 (3280) [기타] 영농법인 감면농지 사내이사 명의로 직불금을 수령한 경우? / 답변3
  + [10505] ntt=8656 (3279) [기타] 상속 취득세 연대납세 의무 / 답변4
  + [10506] ntt=8653 (3278) [기타] 연부취득 산업단지감면 적용문의 / 답변3
  + [10507] ntt=8652 (3277) [기타] 마을회 소속 자동차의 대표자 변경 / 답변5
  + [10508] ntt=8651 (3276) [기타] 재산세 분리과세 대상여부 문의 / 답변4
  + [10509] ntt=8648 (3275) [기타] 장애인 소유 차량 자동차세 소급감면에 관한 질의입니다. / 답변7
  + [10510] ntt=8643 (3274) [기타] 법인 분사기 등록면허세 질의 / 답변1
  + [10511] ntt=8640 (3273) [기타] 재산세 주된상속자 / 답변5
  + [10512] ntt=8639 (3272) [기타] 과점주주 취득세 문의 / 답변5
  + [10513] ntt=8636 (3271) [기타] 법인 지방소득세 관련 특별징수명메서 제출 대상 / 답변2
  + [10514] ntt=8633 (3270) [기타] 자동차세 과세예고(추징) 문의드립니다. / 답변7
  + [10515] ntt=8632 (3269) [기타] 주민세 종업원분 월급여 / 답변3
  + [10516] ntt=8631 (3268) [기타] 자동차세 감면 소급적용 문의 / 답변4
  + [10517] ntt=8627 (3267) [기타] 압류소멸시효관련 문의 / 답변7
  + [10518] ntt=8626 (3266) [기타] 시효소멸결손의 취소 / 답변4
  + [10519] ntt=8623 (3265) [기타] 연부취득 중 합병시 과세문제 / 답변3
  + [10520] ntt=8622 (3264) [기타] 주민세(종업원분) 질의 / 답변6
  + [10521] ntt=8620 (3263) [기타] 공부상 주택과 주택외 두가지 용도로 면적이 불분명한 경우. / 답변4
  + [10522] ntt=8619 (3262) [기타] 영업용차량 이전시 기준가액 적용은 어떻게 하시나요? / 답변6
  + [10523] ntt=8615 (3261) [기타] 상속 취득세 취소 및 가산세 / 답변5
  + [10524] ntt=8611 (3260) [기타] 회생개시결정 / 답변3
  + [10525] ntt=8610 (3259) [기타] 혹시 2018년 알기쉬은 지방세 한글 파일 있으신분?? / 답변6
  + [10526] ntt=8605 (3258) [기타] 감면 후 추징사유발생 날짜 / 답변8
  + [10527] ntt=8604 (3257) [기타] 합유자 사망 취득세 관련 질의 / 답변5
  + [10528] ntt=8603 (3256) [기타] 대수선 관련문의요... / 답변1
  + [10529] ntt=8602 (3255) [기타] 과점주주 경제적 연관관계 및 경영지배관계해당여부 문의 / 답변2
  + [10530] ntt=8601 (3254) [기타] 2014년 이전 법인지방소득세 / 답변3
  + [10531] ntt=8600 (3253) [기타] 창업벤처기업에 대한 감면 / 답변4
  + [10532] ntt=8599 (3252) [기타] 5년 전 납부확인서 발급 / 답변6
  + [10533] ntt=8594 (3251) [기타] 개별주택가격 합리적 산정 / 답변2
[page 1612 완료] 누적 신규 10533건  (이 게시판 저장 총 48,207건)
  + [10534] ntt=8591 (3250) [기타] 과점주주 간주취득세 과세시 차량에 대한 질문입니다 / 답변6
  + [10535] ntt=8589 (3249) [기타] 재산세 대장 납세의무자 관련 질의... / 답변8
  + [10536] ntt=8587 (3248) [기타] 창업중소기업 판단 시기 / 답변3
  + [10537] ntt=8582 (3247) [기타] 지방세 납세증명서 비영리단체 발급 / 답변4
    [retry 1/3] ReadTimeout
    [retry 2/3] ConnectTimeout
  + [10538] ntt=8581 (3246) [기타] 작은도서관의 법인균등할 주민세 과세 여부 / 답변3
  + [10539] ntt=8580 (3245) [기타] 부동산 실거래가 과태료 부과로 인한 취득세 경정청구 문의 / 답변3
  + [10540] ntt=8579 (3244) [기타] 교회소유 9층건물의 부목사 사택 감면 여부 / 답변9
  + [10541] ntt=8577 (3243) [기타] 주택 취득세 부과시 3억 이하와 3억~6억이하의 차이 / 답변8
  + [10542] ntt=8576 (3242) [기타] 지목변경으로 직전연도 과세표준이 없는 경우 / 답변3
  + [10543] ntt=8575 (3241) [기타] 교부청구시 필요서류가 없을 경우 배분여부 / 답변2
  + [10544] ntt=8573 (3240) [기타] 부당이득금 청구소송 관련입니다. / 답변6
  + [10545] ntt=8570 (3239) [기타] 리스차량 취득세 부과시 금융리스와 운용리스의 차이는? / 답변4
  + [10546] ntt=8569 (3238) [기타] 저당권설정 선등기 후수납 가산세 / 답변1
  + [10547] ntt=8568 (3237) [기타] 저당권설정 선등기 후수납 가산세 / 답변1
  + [10548] ntt=8566 (3236) [기타] 무허가주택 부속토지 취득세 과표 문의 / 답변4
  + [10549] ntt=8565 (3235) [기타] 판결문으로 자동차세 부과를 소급 할 수 있을까요? / 답변3
  + [10550] ntt=8564 (3234) [기타] [긴급] 과점주주 간주취득세 성립 여부 질의 / 답변2
  + [10551] ntt=8562 (3233) [기타] 법인지방소득세  환급가산금 문의 / 답변1
  + [10552] ntt=8558 (3232) [기타] 지적재조사로 면적이 변경된 경우 취득세 과세여부 / 답변2
  + [10553] ntt=8556 (3231) [기타] 법원 공탁금 압류 질문 / 답변3
  + [10554] ntt=8555 (3230) [기타] 임대 감면 여부(가족에게 임대) / 답변5
  + [10555] ntt=8554 (3229) [기타] 타지에서 팩스로 부과 요청을 하는 경우 / 답변4
  + [10556] ntt=8549 (3228) [기타] 법인 합병으로 인한 감면 / 답변1
  + [10557] ntt=8548 (3227) [기타] 지목변경 취득세(자연상승분) / 답변4
  + [10558] ntt=8547 (3226) [기타] 직권등재 재산세 체납처분 / 답변3
  + [10559] ntt=8545 (3225) [기타] 대표자 상속 취득세(자경농민) 감면 후 협의상속 / 답변5
  + [10560] ntt=8540 (3224) [기타] 장애인 차량에 대한 취득세 감면 후 추징 여부 / 답변6
    [retry 1/3] ReadTimeout
    [retry 2/3] ConnectTimeout
  + [10561] ntt=8539 (3223) [기타] 법인 차량 취득세 문의(금융이자) / 답변2
  + [10562] ntt=8538 (3222) [기타] 사용승인 이전 건축물의 신탁계약시  납세의무자 질의 및 . / 답변1
  + [10563] ntt=8537 (3221) [기타] 과점주주 취득세 문의(차량 과표관련) / 답변7
[page 1613 완료] 누적 신규 10563건  (이 게시판 저장 총 48,237건)
  + [10564] ntt=8535 (3220) [기타] 귀농인 감면 운영 질의드립니다. / 답변5
  + [10565] ntt=8534 (3219) [기타] 개인신축신고시 상하수도원인자부담금 / 답변4
  + [10566] ntt=8533 (3218) [기타] 등록면허세( 면허분) 무선국 관련 궁금합니다. / 답변3
  + [10567] ntt=8532 (3217) [기타] 중과세율에 관하여 질문이 있습니다. / 답변1
  + [10568] ntt=8531 (3216) [기타] 원인무효 판결에 따른 취득세 부과취소 / 답변1
  + [10569] ntt=8530 (3215) [기타] 창고 용도 구분 / 답변3
  + [10570] ntt=8528 (3214) [기타] 몇가지 질문 / 답변4
  + [10571] ntt=8524 (3213) [기타] [취득세]변전소의 취득가액 / 답변1
  + [10572] ntt=8523 (3212) [기타] 취득세 질문) 위탁자 지위를 이전하였음에도 불구하고 신탁. / 답변1
  + [10573] ntt=8522 (3211) [기타] 지역농협의 농협365코너(ATM입출금기)만 사용목적인 건. / 답변1
  + [10574] ntt=8521 (3210) [기타] 지방세 납부기한에 대한 문의 / 답변6
  + [10575] ntt=8520 (3209) [기타] 지방세 소액부징수? / 답변6
  + [10576] ntt=8519 (3208) [기타] 종업원분 주민세 신고납부 적정성 여부 조사시 관련서류 / 답변2
    [retry 1/3] ReadTimeout
  + [10577] ntt=8516 (3207) [기타] 상속 취득세 환급 (이중신고,재협의) / 답변5
  + [10578] ntt=8515 (3206) [기타] 지방세운영과-2142호 (2010. 7. 26) 문서좀 . / 답변1
  + [10579] ntt=8512 (3205) [기타] [긴급] 중개수수료 취득세 과세표준 포함여부 질의 / 답변4
  + [10580] ntt=8511 (3204) [기타] 불법전용산지 양성화 과정에서 발생되는 지목변경 취득세 질. / 답변3
  + [10581] ntt=8509 (3203) [기타] 신탁재산 회생채권 신고 / 답변1
  + [10582] ntt=8507 (3202) [기타] 가등기소유권이전청구권 가처분 등기시. / 답변1
  + [10583] ntt=8506 (3201) [기타] 주민등록 말소자의 지방소득세(양도소득) 납세지 / 답변1
  + [10584] ntt=8505 (3200) [기타] 자동차세 환급관련 문의드려요 / 답변6
  + [10585] ntt=8502 (3199) [기타] 오래된 건물 상속 보존 등기시 취득세 / 답변13
  + [10586] ntt=8501 (3198) [기타] 차량공매 / 답변2
  + [10587] ntt=8500 (3197) [기타] 공동채권자가 사망하여서 저당권 이전 설정시 적용 과세표준. / 답변1
  + [10588] ntt=8499 (3196) [기타] 공장 및 광업재단 저당법 제6조에 의한 근저당권설정등기 / 답변3
  + [10589] ntt=8497 (3195) [기타] 상속 (매도중인경우) 1가구 1주택 상속감면 / 답변2
  + [10590] ntt=8496 (3194) [기타] 지역자원시설세 / 답변1
  + [10591] ntt=8494 (3193) [기타] 등록면허세 타.시군 전입시 부과여부 / 답변3
  + [10592] ntt=8492 (3192) [기타] 산업단지조성공사 토지 중 신탁계약 토지 과세구분 판례 / 답변2
  + [10593] ntt=8491 (3191) [기타] 마을에서 공용으로 쓰는 주차장 재산세 비과 문의 / 답변3
[page 1614 완료] 누적 신규 10593건  (이 게시판 저장 총 48,267건)
  + [10594] ntt=8490 (3190) [기타] 과세대상인 송유관, 가스관, 열수송관에 해당되지 않아 과. / 답변4
  + [10595] ntt=8489 (3189) [기타] 장애 감면 (차량취득세 및 자동차세) 부모가 재혼한 형제. / 답변4
  + [10596] ntt=8488 (3188) [기타] 주민등록번호 불명자의 재산세 장기 체납자 압류관련 / 답변6
  + [10597] ntt=8486 (3187) [기타] 차량 지역번호에서 전국번호 변경시 등록면허세 관련 질의 / 답변2
  + [10598] ntt=8485 (3186) [기타] 지식산업센터 직접사용 여부 / 답변3
  + [10599] ntt=8484 (3185) [기타] 명의신탁에 의한 과점주주와 부과 제척기간 질의 / 답변4
  + [10600] ntt=8483 (3184) [기타] 가설건축물 화초소매점 관련 / 답변3
  + [10601] ntt=8482 (3183) [기타] 공동명의 자동차 공매관련입니다. / 답변1
  + [10602] ntt=8481 (3182) [기타] 배당금 및 로얄티 지급조서 제출여부(법인지방소득세) / 답변1
  + [10603] ntt=8480 (3181) [기타] 최저한세 적용관련 문의 / 답변3
  + [10604] ntt=8479 (3180) [기타] 문의드립니다. / 답변2
  + [10605] ntt=8478 (3179) [기타] 장애인감면 차량 대체취득후 기존차량 차령초과말소로 기간도. / 답변5
  + [10606] ntt=8477 (3178) [기타] 주택부속토지 세율관련 / 답변4
  + [10607] ntt=8476 (3177) [기타] 창업중소기업 감면문의 (갑자기 혼돈이..) / 답변1
  + [10608] ntt=8475 (3176) [기타] 차량에 대한 합병감면시 취득시기 문의 / 답변2
  + [10609] ntt=8474 (3175) [기타] 1가구1주택 문의 / 답변3
  + [10610] ntt=8473 (3174) [기타] 학교가 국가등 지자체 해당 여부 / 답변7
  + [10611] ntt=8472 (3173) [기타] 재차 상속 문의 드립니다. / 답변7
  + [10612] ntt=8471 (3172) [기타] 임대사업자 감면 관련 / 답변5
  + [10613] ntt=8470 (3171) [기타] 자경농민 취득세 추징 관련하여 여쭤봅니다~ / 답변4
  + [10614] ntt=8469 (3170) [기타] 세무관련 문의드립니다. / 답변6
  + [10615] ntt=8468 (3169) [기타] 법인 공유물 분할 과세표준 / 답변1
  + [10616] ntt=8466 (3168) [기타] 납세고지의 하자 / 답변3
  + [10617] ntt=8462 (3167) [기타] 자동차세(지방교육세) 관련 문의드립니다. / 답변3
  + [10618] ntt=8460 (3166) [기타] 콘도회원권 납기내 미신고 매매 문의입니다. / 답변3
    [retry 1/3] ReadTimeout
  + [10619] ntt=8458 (3165) [기타] 분양권 부부 공동명의로 전환시 취득세 질의 / 답변5
  + [10620] ntt=8457 (3164) [기타] 무허가 주택 세율 문의드립니다. / 답변3
  + [10621] ntt=8456 (3163) [기타] 미등기 상속재산에 대한 재산세 납세의무자 관련 문의 / 답변7
  + [10622] ntt=8455 (3162) [기타] 지역주택조합 조합원 취득세 과표 문의 / 답변3
  + [10623] ntt=8454 (3161) [기타] 산업단지감면 문의 / 답변6
[page 1615 완료] 누적 신규 10623건  (이 게시판 저장 총 48,297건)
  + [10624] ntt=8453 (3160) [기타] 차량구조변경 : 기존차량에서 이동 장착한 경우....? / 답변3
    [retry 1/3] ReadTimeout
  + [10625] ntt=8452 (3159) [기타] 차량 취득시기 질문 (세금계산서와 잔금지급일) / 답변2
  + [10626] ntt=8451 (3158) [기타] 체비지 취득세 세율 질의 / 답변2
  + [10627] ntt=8450 (3157) [기타] 자경농민 감면관련 상온창고가 무엇인가요? / 답변3
  + [10628] ntt=8449 (3156) [기타] 체납처분 중지 관련질의 / 답변2
  + [10629] ntt=8448 (3155) [기타] 대도시 내 중과대상이면서 동시에 면제되는 사례 질의 / 답변2
  + [10630] ntt=8446 (3154) [기타] 무료노인복지시설 감면 신청서류 / 답변1
  + [10631] ntt=8442 (3153) [기타] 지방세 이의신청 대상 여부 / 답변4
  + [10632] ntt=8439 (3152) [기타] 영치된 번호판 반환에 관한 문제 / 답변6
  + [10633] ntt=8438 (3151) [기타] 재개발 지역  멸실되지 않은 부동산의 과세표준 / 답변1
  + [10634] ntt=8433 (3150) [기타] 진정명의인 회복원인 무효판결시 취득세(통합취득세) 환급관. / 답변1
  + [10635] ntt=8432 (3149) [기타] 사망일(상속일)로 부터 부과 제척기간 문의 / 답변8
    [retry 1/3] ReadTimeout
  + [10636] ntt=8430 (3148) [기타] 창업벤처감면 문의 / 답변1
  + [10637] ntt=8429 (3147) [기타] 기준면적이내의주거용토지 관련 문의드려요 / 답변4
  + [10638] ntt=8428 (3146) [기타] 예금압류 문의 / 답변4
    [retry 1/3] ReadTimeout
  + [10639] ntt=8425 (3145) [기타] 지특법31조 임대주택 감면 관련 / 답변7
  + [10640] ntt=8421 (3144) [기타] 개인명의 종중재산이 대위등기 된 경우 / 답변1
  + [10641] ntt=8420 (3143) [기타] 대위등기 신청 시 납부확인서 발급 문의입니다. / 답변3
  + [10642] ntt=8419 (3142) [기타] 과거 대지권 등기가 안된 아파트를 현재 대지권 등기하고자. / 답변2
  + [10643] ntt=8418 (3141) [기타] 양도 예정결정, 확정결정 / 답변2
  + [10644] ntt=8416 (3140) [기타] 면허세 기간연장과 관련하여 질의합니다. / 답변2
  + [10645] ntt=8414 (3139) [기타] 농협,산림조합의 로컬푸드 감면 해당 여부 / 답변2
  + [10646] ntt=8409 (3138) [기타] 농업법인 감면 후 추징에 관해 문의드립니다. / 답변6
  + [10647] ntt=8407 (3137) [기타] 납기전 징수가 가능한지요? / 답변2
  + [10648] ntt=8405 (3136) [기타] 매매용 자동차 영업용 시가표준액 적용 여부 문의? / 답변3
  + [10649] ntt=8403 (3135) [기타] 지방세 신용카드 수납 수수료는 지자체가 납부한다?! / 답변7
  + [10650] ntt=8402 (3134) [기타] 화해권고에 의한 소유권이전등기절차 / 답변2
  + [10651] ntt=8400 (3133) [기타] 임대사업자 대상물건 등록 문의 / 답변4
  + [10652] ntt=8399 (3132) [기타] "납세자보호관" 설치(예정)부서 여쭙습니다. / 답변5
  + [10653] ntt=8396 (3131) [기타] 농어촌민박 내 바베큐장 재산세 과세 코드 / 답변7
[page 1616 완료] 누적 신규 10653건  (이 게시판 저장 총 48,327건)
  + [10654] ntt=8392 (3130) [기타] 기존 가설건축물 축조신고 / 답변6
  + [10655] ntt=8383 (3129) [기타] 가압류채권자(체납자)의 공매배분금에 대한 채권압류및 추심. / 답변5
  + [10656] ntt=8378 (3128) [기타] 다세대주택의 건물부분만 대물변제취득 / 답변1
  + [10657] ntt=8377 (3127) [기타] 체납차량 번호판영치상태인경우의 자동차세 / 답변8
  + [10658] ntt=8376 (3126) [기타] 차량의 다자녀 감면 질문 / 답변10
  + [10659] ntt=8375 (3125) [기타] 법인지방소득세 본점 관련 문의드립니다. / 답변2
  + [10660] ntt=8371 (3124) [기타] 부담부증여에서 부채금액이 시가표준액보다 높은 경우 어떻게. / 답변5
  + [10661] ntt=8370 (3123) [기타] 화해권고결정에 의한 소유권이전등기절차 이행시 취득세 및 . / 답변4
  + [10662] ntt=8369 (3122) [기타] 60일? 30일? / 답변8
  + [10663] ntt=8368 (3121) [기타] 등록세 (임차권, 임대차금액?) / 답변4
  + [10664] ntt=8366 (3120) [기타] 창업중소기업(재산세) 감면관련 문의드려요 / 답변4
  + [10665] ntt=8365 (3119) [기타] 신축 주택이나 건축물에서 필로티 부과 문의 / 답변8
  + [10666] ntt=8364 (3118) [기타] 신탁회사의 지방세 환급 관련 / 답변4
  + [10667] ntt=8363 (3117) [기타] 완전모자회사간 적격합병시 취득세 과세표준 / 답변1
  + [10668] ntt=8351 (3116) [기타] 지특법제78조 제4항 2호[산업단지 감면] 재산세감면규정. / 답변8
  + [10669] ntt=8350 (3115) [기타] 신축 건축물 취득세 신고시 증축분 신고가액도 포함해서 신. / 답변9
  + [10670] ntt=8349 (3114) [기타] 세입경정 요청시 환급가산금 관련 문의 / 답변1
  + [10671] ntt=8348 (3113) [기타] 주민세 종업원분 문의 / 답변1
  + [10672] ntt=8347 (3112) [기타] 임대주택 감면 재산세 문의 / 답변7
  + [10673] ntt=8346 (3111) [기타] 차량 국가유공자 기존차 보유 1년 이내 대체취득 / 답변10
  + [10674] ntt=8345 (3110) [기타] 자경농민의 농지취득관련 문의 / 답변8
  + [10675] ntt=8343 (3109) [기타] 차량 취득세(시가표준액 적용) 문의좀 드려요 많은 의견 . / 답변7
  + [10676] ntt=8342 (3108) [기타] 상속 1가구 1주택 감면 / 답변9
  + [10677] ntt=8341 (3107) [기타] 주민세(종업원분)  급여총액 월평균 문의 / 답변1
  + [10678] ntt=8340 (3106) [기타] 창업중소기업 재산세 감면 추징사유 있는가요? / 답변4
  + [10679] ntt=8338 (3105) [기타] 법인 취득세 경정청구(과표 변경) 관련해서 문의드립니다. / 답변3
  + [10680] ntt=8337 (3104) [기타] 차량 취득세 관련 문의드립니다. / 답변6
  + [10681] ntt=8336 (3103) [기타] 자경감면 관련 문의 / 답변5
  + [10682] ntt=8335 (3102) [기타] 주민세(종업원분) 중소기업 고용지원 특례 관련 질의 / 답변1
  + [10683] ntt=8334 (3101) [기타] 경정 등의 청구 등 / 답변2
[page 1617 완료] 누적 신규 10683건  (이 게시판 저장 총 48,357건)
  + [10684] ntt=8330 (3100) [기타] 저당권에 대한 가처분 신청시 등록면허세가 어떻게 되는지 . / 답변4
  + [10685] ntt=8329 (3099) [기타] 명의신탁해지로 인한 소유권이전 시 취득일자 / 답변3
  + [10686] ntt=8328 (3098) [기타] 제증명 발급 위임장 관련 문의 / 답변5
  + [10687] ntt=8327 (3097) [기타] 법인지방소득세 14년이전 국세부가세 질의 / 답변5
  + [10688] ntt=8326 (3096) [기타] 지방세 과세예고 관련 법령규정 존재유무 / 답변6
  + [10689] ntt=8324 (3095) [기타] 주민세(종업원분) 사업소 판단 문의 / 답변3
  + [10690] ntt=8320 (3094) [기타] 90일 경과후 지방세 불복청구제도 문의 / 답변5
  + [10691] ntt=8319 (3093) [기타] 임대주택 등에 대한 감면 / 답변5
  + [10692] ntt=8316 (3092) [기타] 국세환급금을 지방세체납에 충당할수 있는지요? / 답변8
  + [10693] ntt=8313 (3091) [기타] 창업중소기업 추징 문의 / 답변3
  + [10694] ntt=8311 (3090) [기타] 주민세(종업원분) 중소기업 감면 문의 / 답변3
  + [10695] ntt=8310 (3089) [기타] 특별징수 반기신고 기준 / 답변1
  + [10696] ntt=8308 (3088) [기타] 현물출자 관련 질의 / 답변2
  + [10697] ntt=8305 (3087) [기타] 남편은 국가유공자, 부인은 장애인 그러면?? / 답변11
  + [10698] ntt=8303 (3086) [기타] 사망자 종합소득 과세 처리방법 / 답변2
  + [10699] ntt=8302 (3085) [기타] 사회복지법인이 운영하는 노인복지시설 재산세(토지) / 답변2
  + [10700] ntt=8301 (3084) [기타] 운행정지차량 영치여부 / 답변1
  + [10701] ntt=8300 (3083) [기타] 지특법 제29조 국가유공자 등에 대한 감면에 대해서 질문. / 답변6
  + [10702] ntt=8299 (3082) [기타] 매매가격에 부가가치세 포함여부 기재가 되어 있지 아니한 . / 답변3
  + [10703] ntt=8298 (3081) [기타] 예금압류 문의 / 답변4
  + [10704] ntt=8296 (3080) [기타] 농어촌주택개량사업의 단독주택 필로티(주차장) / 답변2
  + [10705] ntt=8294 (3079) [기타] 창업감면 문의 / 답변3
  + [10706] ntt=8293 (3078) [기타] 매도자 사망일과 매수자 취득일(잔금지급일)이 일치 할 경. / 답변3
  + [10707] ntt=8292 (3077) [기타] 건축주 사망에 따른 취득세 적용요령 질의합니다.. / 답변6
  + [10708] ntt=8288 (3076) [기타] 덤프트럭, 콘트리트믹서트럭 저당권 설정 시 교육세 잘못 . / 답변4
  + [10709] ntt=8287 (3075) [기타] 사망자 취득세 적용요령 질의합니다,, / 답변4
  + [10710] ntt=8282 (3074) [기타] 체납 법인에 2차납세의무자 등록 / 답변2
  + [10711] ntt=8281 (3073) [기타] 귀농인 감면 사후관리 질의드립니다. / 답변1
  + [10712] ntt=8280 (3072) [기타] 차량 취득세 중복 감면 / 답변7
  + [10713] ntt=8268 (3071) [기타] 운행정지차량에 대한 질문 / 답변1
[page 1618 완료] 누적 신규 10713건  (이 게시판 저장 총 48,387건)
  + [10714] ntt=8266 (3070) [기타] 특정 필지 재산세를 누가 납부하고 있는지 물어볼 때 / 답변9
  + [10715] ntt=8255 (3069) [기타] 귀농인에 대한 등록면허세(등록)분 감면 여부 / 답변1
  + [10716] ntt=8246 (3068) [기타] 지방소득세(특별징수) 가산세 문의 / 답변1
  + [10717] ntt=8242 (3067) [기타] 과점주주 취득세 면세점 등 적용 여부 / 답변3
  + [10718] ntt=8239 (3066) [기타] 귀농인에 대한 등록면허세(등록) 감면 여부 / 답변2
  + [10719] ntt=8238 (3065) [기타] 지방소득세(양도소득) 한정승인에 대해 문의해요~ / 답변2
  + [10720] ntt=8232 (3064) [기타] 폐업 법인 납세의무자 변경 / 답변5
  + [10721] ntt=8228 (3063) [기타] 수용 중복감면 문의 / 답변3
  + [10722] ntt=8226 (3062) [기타] 영어조합법인의 횟집운영에 대한 직접사용여부 / 답변5
  + [10723] ntt=8225 (3061) [기타] 주유기에 설치되어 있는 ODT(옥외단말기)를 교체하였을대. / 답변5
  + [10724] ntt=8223 (3060) [기타] 지점중과여부질의? / 답변3
  + [10725] ntt=8219 (3059) [기타] 임대주택감면-오피스텔 농특세 문의 / 답변10
  + [10726] ntt=8218 (3058) [기타] 한국토지주택공사의 임대용 공동주택단지내의 상가부분 감면여. / 답변7
  + [10727] ntt=8213 (3057) [기타] 법인지방소득세 (14년이전 국세부가세) 가산세 문의합니다. / 답변2
  + [10728] ntt=8212 (3056) [기타] 종업원분 주민세 문의드려요~ / 답변2
  + [10729] ntt=8200 (3055) [기타] 법인세분 지방소득세(14년 이전 국세부가세) 가산세 문의. / 답변1
  + [10730] ntt=8198 (3054) [기타] 창업벤처감면시 일반적인 검토외에 주의사항이 있을까요? / 답변3
  + [10731] ntt=8197 (3053) [기타] 사망자 체납 문의 / 답변7
  + [10732] ntt=8195 (3052) [기타] 창업중소기업 감면 추징 문의 / 답변3
  + [10733] ntt=8194 (3051) [기타] 화물운반용 "토잉카" 과세대상인가요 / 답변2
    [retry 1/3] ReadTimeout
  + [10734] ntt=8193 (3050) [기타] 창업중소기업감면 관련 문의 / 답변3
  + [10735] ntt=8192 (3049) [기타] 명의신탁해지로 인한 종중소유 농지의 재산세 과세형태 문의 / 답변5
  + [10736] ntt=8191 (3048) [기타] 부속 토지에 대한 취득세 감면 여부가 궁금합니다. / 답변3
  + [10737] ntt=8179 (3047) [기타] '증여취득세' 관련 참고자료 올려드립니다. / 답변14
  + [10738] ntt=8178 (3046) [기타] 민원인이 특정 차량의 시가표준액 문의가 있는경우 알려 줄. / 답변10
  + [10739] ntt=8177 (3045) [기타] 매매금액을 오류 표기할 시 경정청구 가능? / 답변9
  + [10740] ntt=8176 (3044) [기타] 명의 대여 문의 / 답변3
  + [10741] ntt=8175 (3043) [기타] "oo마을회" 소유 마을회관에 대한 토지분 재산세 감면 . / 답변11
  + [10742] ntt=8173 (3042) [기타] 법인 취득세 과세표준 질의 / 답변4
  + [10743] ntt=8172 (3041) [기타] 옹벽 과세여부 / 답변3
[page 1619 완료] 누적 신규 10743건  (이 게시판 저장 총 48,417건)
  + [10744] ntt=8171 (3040) [기타] 자동차 임의경매시 영치한 자동차번호판 영치해제 반납 관련. / 답변2
  + [10745] ntt=8164 (3039) [기타] 창업중소기업 감면 추징 문의 / 답변5
    [retry 1/3] ReadTimeout
  + [10746] ntt=8163 (3038) [기타] 상속과 건축물대장 관련하여 질문올립니다. / 답변2
  + [10747] ntt=8161 (3037) [기타] 미신고 상속물건에 대한 재산세 납세의무자 질의 / 답변5
  + [10748] ntt=8160 (3036) [기타] 정기분 등록면허세(면허)  하천점용 관련 문의드립니다. / 답변1
  + [10749] ntt=8159 (3035) [기타] 리클레이머의 취득세 부과대상 해당여부 / 답변2
  + [10750] ntt=8158 (3034) [기타] 주택임대사업자 면허세 문의 / 답변2
  + [10751] ntt=8157 (3033) [기타] 상속(1가구 1주택 문의) / 답변7
  + [10752] ntt=8156 (3032) [기타] 경매진행중인 자동차의 자동차세 / 답변6
  + [10753] ntt=8153 (3031) [기타] 부동산실거래신고 허위 신고자 과소신고가산세 부과 관련 / 답변3
  + [10754] ntt=8150 (3030) [기타] 상속신고 기한내 특정인 법정지분에 대하여서만 신고납부 할. / 답변6
  + [10755] ntt=8149 (3029) [기타] 단체 차량에 대한 자동차세 환급 및 충당 관련 문의 / 답변2
  + [10756] ntt=8147 (3028) [기타] 법인지방소득세 과소신고가산세 부과방법 질의 / 답변2
  + [10757] ntt=8146 (3027) [기타] 면허분 등록면허세 과세여부에 대하여 / 답변3
  + [10758] ntt=8145 (3026) [기타] 장애인 자동차의 대체취득에 대하여 / 답변7
  + [10759] ntt=8144 (3025) [기타] 종교시설에 대한 불법건축물 부과 여부 / 답변6
  + [10760] ntt=8143 (3024) [기타] 세무조사 자료 제출 거부시 과태료 부과 문의 / 답변6
  + [10761] ntt=8140 (3023) [기타] 지방세 판례 중 공보불게재 / 답변2
  + [10762] ntt=8139 (3022) [기타] 부동산 유상거래시 직계존비속관계인지 여부 확인방법? / 답변6
  + [10763] ntt=8137 (3021) [기타] 주택의 지분취득시 세율 / 답변7
  + [10764] ntt=8136 (3020) [기타] 특별징수 연말정산 환급관련 질문입니다.. / 답변3
  + [10765] ntt=8135 (3019) [기타] 재산세 감면기간 문의 / 답변7
  + [10766] ntt=8130 (3018) [기타] 급여압류 우선순위 문의 / 답변11
  + [10767] ntt=8129 (3017) [기타] 종교단체 부동산 감면 질의 / 답변9
  + [10768] ntt=8128 (3016) [기타] 농어촌 주택개량 감면 문의 / 답변3
  + [10769] ntt=8127 (3015) [기타] 토지수용시 협의양도인택지 대체취득시 취득이 가능한 날 기. / 답변2
  + [10770] ntt=8125 (3014) [기타] 감면 서류 ? / 답변9
  + [10771] ntt=8123 (3013) [기타] 직계존비속간의 유상거래 여부판단 / 답변2
  + [10772] ntt=8122 (3012) [기타] 사망자 차량 공매관련 질문입니다. / 답변5
  + [10773] ntt=8121 (3011) [기타] 개인사업자 납세증명서 발급 시 사업장정보 관련 문의 / 답변5
[page 1620 완료] 누적 신규 10773건  (이 게시판 저장 총 48,447건)
  + [10774] ntt=8117 (3010) [기타] 자동차 취득세 면세점 부과 시 공채 문의 / 답변7
  + [10775] ntt=8116 (3009) [기타] 과태료 관련 궁금한게 있습니다. / 답변2
  + [10776] ntt=8115 (3008) [기타] 파산선고 전 압류 및 부당이득금 / 답변2
  + [10777] ntt=8107 (3007) [기타] 지식산업센터 벤처기업을 운영하기 위한 시설 / 답변1
  + [10778] ntt=8106 (3006) [기타] 제증명서류발급시 핸드폰에 찍어놓은 신분증사용문의 / 답변8
  + [10779] ntt=8104 (3005) [기타] 회생결정시 납기전징수 / 답변4
  + [10780] ntt=8103 (3004) [기타] 자경농민 감면시 [휴경지] / 답변8
  + [10781] ntt=8102 (3003) [기타] 경락받은 부동산 낙찰금액 안분시 감정평가액비율 적용여부 / 답변3
  + [10782] ntt=8101 (3002) [기타] 농어촌주택개량 감면주택 사후관리 / 답변3
  + [10783] ntt=8100 (3001) [기타] 부동산 공매시 공매수수료 미납시 처리는 어떻게?? / 답변3
  + [10784] ntt=8099 (3000) [기타] 사망자 과오납금 환급절차 / 답변8
  + [10785] ntt=8098 (2999) [기타] 매수인이 매수대금을 납부하지 않아 매각결정이 취소된 경우. / 답변4
  + [10786] ntt=8096 (2998) [기타] 7.1일기준 개별공시지가 이의신청에 의한 토지가격조정시 . / 답변3
  + [10787] ntt=8094 (2997) [기타] 취득세 제척기간 질의합니다 / 답변8
  + [10788] ntt=8093 (2996) [기타] 중복감면 등 적용 및 직접사용 의미 / 답변5
  + [10789] ntt=8092 (2995) [기타] 비과세 임야 문의 / 답변7
  + [10790] ntt=8091 (2994) [기타] 취득세 현황 과세 / 답변7
  + [10791] ntt=8090 (2993) [기타] 연부취득 산업단지감면 문의드립니다. / 답변5
  + [10792] ntt=8089 (2992) [기타] 보조금 관리 조례에 체납확인 개정 가능 여부 / 답변3
  + [10793] ntt=8088 (2991) [기타] 재산세 사실상 소유자에 관한 질의 / 답변10
  + [10794] ntt=8087 (2990) [기타] 예금압류문의(재질의) / 답변6
  + [10795] ntt=8086 (2989) [기타] 재개발지역내 종교용지 재산세(토지분) 감면 방법에 대하여. / 답변5
  + [10796] ntt=8085 (2988) [기타] 예금 압류 문의 / 답변5
  + [10797] ntt=8083 (2987) [기타] 지특법 제183조제1항의 의미 / 답변6
  + [10798] ntt=8081 (2986) [기타] 주택임대사업자 오피스텔 재산세 문의 / 답변6
  + [10799] ntt=8080 (2985) [기타] 지입차량에 대한 취득세와 등록면허세 기준이 궁금합니다. / 답변3
  + [10800] ntt=8079 (2984) [기타] 선박 보존등기 절차 및 원시취득 판단 질의 / 답변2
  + [10801] ntt=8078 (2983) [기타] 재산세 과세기준일은 왜 6월1일인가요? / 답변10
  + [10802] ntt=8077 (2982) [기타] 지식산업센터 감면부동산 매출액 안분 추징시 / 답변3
  + [10803] ntt=8074 (2981) [기타] 구 등록세 감면 문의드립니다. / 답변8
[page 1621 완료] 누적 신규 10803건  (이 게시판 저장 총 48,477건)
  + [10804] ntt=8073 (2980) [기타] 예금 압류 추심 후 공시송달 / 답변3
  + [10805] ntt=8071 (2979) [기타] 압류집합건물 공매 가능한지 문의 / 답변3
  + [10806] ntt=8070 (2978) [기타] 공공기록해제 / 답변4
  + [10807] ntt=8061 (2977) [기타] 일반산업단지 취득세 감면 여부 문의 / 답변4
  + [10808] ntt=8059 (2976) [기타] 과점주주간주취득 500,000원 이하 취득세 부과 문의 / 답변2
  + [10809] ntt=8058 (2975) [기타] 소멸시효 판단 / 답변5
  + [10810] ntt=8057 (2974) [기타] 환전업 면허세납세의무 / 답변1
  + [10811] ntt=8056 (2973) [기타] 지방세특례제한법 제8조제2항[농지확대개발을 위한 면제등). / 답변1
  + [10812] ntt=8055 (2972) [기타] 과소신고가산세 적용 / 답변7
  + [10813] ntt=8054 (2971) [기타] 한국농어촌공사 토지 화해권고결정 관련 취득시기 / 답변1
  + [10814] ntt=8053 (2970) [기타] 특별징수 조정환급 관련 문의드립니다. / 답변1
  + [10815] ntt=8052 (2969) [기타] 기부채납 비과세 질의 / 답변1
  + [10816] ntt=8051 (2968) [기타] 증여 취득세 납부후 공시지가 재산정되었을때. / 답변1
  + [10817] ntt=8049 (2967) [기타] 공공기록 정보 등록 해제 후 재등록이 가능한지의 여부 / 답변1
  + [10818] ntt=8048 (2966) [기타] 한시적 영업신고에 대한 등록면허세(면허분) 과세 대상여부. / 답변1
  + [10819] ntt=8047 (2965) [기타] 상속재산 취득세 다른 공유자의 취득세 납부확인서 발급 여. / 답변1
  + [10820] ntt=8045 (2964) [기타] 재개발지역내 종교용지 감면적용 방법에 대하여 문의드림니다. / 답변1
  + [10821] ntt=8044 (2963) [기타] 대물변제계약서로 취득세 신고 / 답변1
  + [10822] ntt=8043 (2962) [기타] 주택임대사업자 등록면허세(면허) 납세지 문의 / 답변3
  + [10823] ntt=8042 (2961) [기타] 등록면허세(면허) 부과관련 / 답변2
  + [10824] ntt=8040 (2960) [기타] 상속 취득세 문의입니다. / 답변3
  + [10825] ntt=8038 (2959) [기타] 농업법인이 취득하는 농지 감면을 할때 도시지역 여부를 확. / 답변3
  + [10826] ntt=8037 (2958) [기타] 장애인차량 대체취득 관련 / 답변5
  + [10827] ntt=8036 (2957) [기타] 유료직업소개사업 "지점"의 등록면허세(면허)  문의드립니. / 답변1
  + [10828] ntt=8035 (2956) [기타] 상속대위등기관련 취득세 문의드립니다. / 답변3
  + [10829] ntt=8034 (2955) [기타] 예금 압류 후 추심 질문 / 답변3
  + [10830] ntt=8032 (2954) [기타] 경매신청 등록면허세 이자 계산 문의 / 답변1
  + [10831] ntt=8031 (2953) [기타] 멤버십 콘도회원권 질의 올립니다 / 답변1
  + [10832] ntt=8029 (2952) [기타] 지식산업센타 감면유호 여부 / 답변2
  + [10833] ntt=8027 (2951) [기타] 상속 부동산 취득세 문의 / 답변8
[page 1622 완료] 누적 신규 10833건  (이 게시판 저장 총 48,507건)
  + [10834] ntt=8025 (2950) [기타] 재택근무자의 지방소득세(특별징수분) 납세지는? / 답변2
  + [10835] ntt=8024 (2949) [기타] 식품제조가공업 면적증가로 상위종으로 변경시 부과금액 / 답변1
  + [10836] ntt=8023 (2948) [기타] 상속 취득세 문의드립니다. / 답변2
  + [10837] ntt=8021 (2947) [기타] 식품즉적판매제조가공업의 한시적영업신고시 등록면허세(면허). / 답변1
  + [10838] ntt=8020 (2946) [기타] 경매 또는 가압류 취하시 납세의무자가 누가 되는지 궁금합. / 답변2
  + [10839] ntt=8019 (2945) [기타] 국가유공자 본인 사망 후 유족에게 승계시 취득세 감면 대. / 답변2
  + [10840] ntt=8018 (2944) [기타] 상속관련 취득세 부과여부 / 답변6
  + [10841] ntt=8017 (2943) [기타] 자동차세 연납 환급 / 답변3
  + [10842] ntt=8014 (2942) [기타] 토지용도변경에 따른 재산세 감면 적법성여부 / 답변1
  + [10843] ntt=8012 (2941) [기타] 지목변경 취득세 궁금합니다. / 답변3
  + [10844] ntt=8011 (2940) [기타] 창업중소기업 감면 추징 관련 문의 / 답변3
  + [10845] ntt=8010 (2939) [기타] 장애인 대체취득 / 답변3
  + [10846] ntt=8009 (2938) [기타] 사업양도양수에 따라 법인전환 감면받은 법인의 2년내 폐업. / 답변1
  + [10847] ntt=8008 (2937) [기타] 사망자 차량 공매 관련 문의드립니다. / 답변2
  + [10848] ntt=8007 (2936) [기타] 연말정산 지방소득세(특별징수분) 환급가산금 / 답변3
  + [10849] ntt=8006 (2935) [기타] 직계존비속간 매매시 거래금액 지급증빙 문의 / 답변1
  + [10850] ntt=8005 (2934) [기타] 법인지방소득세 환급관련 문의 / 답변2
  + [10851] ntt=8002 (2933) [기타] 다자녀 차량 감면 질의입니다. / 답변4
  + [10852] ntt=8001 (2932) [기타] 상속1가구1주택(30세 미만의 자녀 취득) / 답변1
  + [10853] ntt=7999 (2931) [기타] 재산세 시가표준액 관련 문의드립니다. / 답변1
  + [10854] ntt=7998 (2930) [기타] 도시 및 주거환경정비법에 따른 주택재개발정비조합의 취득세. / 답변1
  + [10855] ntt=7997 (2929) [기타] 농어가주택개량 감면받고 2년이내 매각시 재산세 추징여부 / 답변2
  + [10856] ntt=7996 (2928) [기타] 국가와 지자체로부터 임대받은 산업단지 내 공장용지에 신축. / 답변1
  + [10857] ntt=7993 (2927) [기타] 대체취득감면 문의입니다~ / 답변1
  + [10858] ntt=7992 (2926) [기타] 용도지역 변경 재산세 감면 개정안 적법성  여부 / 답변2
  + [10859] ntt=7989 (2925) [기타] 재산세 주된상속인으로 과세 후 상속포기하셨다면 / 답변4
  + [10860] ntt=7988 (2924) [기타] 지방소득세 환급 문의 / 답변2
  + [10861] ntt=7986 (2923) [기타] 개인지방소득세(양도소득분) 납세지문의 / 답변2
  + [10862] ntt=7982 (2922) [기타] 사실상 지목변경 과세대상 여부 / 답변3
  + [10863] ntt=7979 (2921) [기타] 제조회사로부터 취득한 차량을 구조변경 후 판매하는 회사의. / 답변2
[page 1623 완료] 누적 신규 10863건  (이 게시판 저장 총 48,537건)
  + [10864] ntt=7978 (2920) [기타] 연부취득도중 신탁회사에게 권리의무승계 / 답변6
  + [10865] ntt=7960 (2919) [기타] 무변론 판결에 의한 소유권이전등기 / 답변4
  + [10866] ntt=7957 (2918) [기타] 미성년자의 세목별과세증명서 발급관련 / 답변3
  + [10867] ntt=7954 (2917) [기타] 임대사업자 취득세(60일이내여부) 감면 문의 / 답변4
  + [10868] ntt=7953 (2916) [기타] 피상속인이 2주택자일 때, 상속인이 각각 1가구1주택 감. / 답변1
  + [10869] ntt=7952 (2915) [기타] 토지수용에 따른 대체 취득문의 / 답변4
  + [10870] ntt=7945 (2914) [기타] 차량(다자녀,장애)감면후 유예기간내에 기존차량을 팔았다가. / 답변1
  + [10871] ntt=7941 (2913) [기타] 가압류 혹은 가처분 금지가 원부상 등록된 차량의 공매 가. / 답변2
  + [10872] ntt=7940 (2912) [기타] 차량 구매 후 등록 전 사망 / 답변1
  + [10873] ntt=7938 (2911) [기타] 영업용차량이 다자녀감면  가능한지 여부 - 유권해석 소개 / 답변3
  + [10874] ntt=7935 (2910) [기타] 지방세특례제한법 177조의 2 문의드립니다. / 답변1
  + [10875] ntt=7933 (2909) [기타] 시효완성된 조세채권의 수납 후 환급관련 / 답변3
  + [10876] ntt=7930 (2908) [기타] 독촉고지서 발송 / 답변2
  + [10877] ntt=7928 (2907) [기타] 가상계좌 구축 관련하여 질문드립니다. / 답변1
  + [10878] ntt=7927 (2906) [기타] 토지면적정정신청에 따른 재산세(토지분) 환급관련 재문의드. / 답변1
  + [10879] ntt=7926 (2905) [기타] 지식산업센터 입주자의 지하창고 분양받은경우 감면여부 / 답변2
  + [10880] ntt=7924 (2904) [기타] 납세자 전화번호 과세정보? / 답변2
  + [10881] ntt=7923 (2903) [기타] 재산세 주택분 이의신청 질문드립니다. / 답변3
  + [10882] ntt=7921 (2902) [기타] 토지면적정정신청에 따른 재산세(토지분) 환급관련 문의드립. / 답변2
  + [10883] ntt=7920 (2901) [기타] 어린이집 사후감면관련 / 답변3
  + [10884] ntt=7917 (2900) [기타] 취득세) 주택가격 과세표준에 대해 질의 / 답변1
  + [10885] ntt=7913 (2899) [기타] 공공정보등록 제외 대상 / 답변2
  + [10886] ntt=7912 (2898) [기타] 해외이주 증빙 / 답변4
  + [10887] ntt=7909 (2897) [기타] 제2차 납세의무자 관련 질문드립니다. / 답변1
  + [10888] ntt=7906 (2896) [기타] 임대주택 감면 취득세 문의 / 답변2
  + [10889] ntt=7902 (2895) [기타] 장애인 차량 취득세 감면 문의 / 답변4
  + [10890] ntt=7901 (2894) [기타] 신탁등기수수료 취득과표  포함여부 / 답변2
  + [10891] ntt=7900 (2893) [기타] 지목변경 취득세의 가산세 관련하여 문의드려요 / 답변2
  + [10892] ntt=7899 (2892) [기타] 지방세특례제한법 제126조 감면신청 기한 관련입니다~ / 답변4
  + [10893] ntt=7898 (2891) [기타] 차량 취득세 대체 취득 감면 관련 문의 / 답변1
[page 1624 완료] 누적 신규 10893건  (이 게시판 저장 총 48,567건)
  + [10894] ntt=7897 (2890) [기타] 대물변제 취득세 과세표준 질의 드리겠습니다. / 답변1
  + [10895] ntt=7896 (2889) [기타] 공유물 분할 관련하여 문의드려요 ~ / 답변4
  + [10896] ntt=7895 (2888) [기타] 공유물 분할로 볼것인지 교환으로 볼것인지 판단 좀 부탁드. / 답변1
  + [10897] ntt=7893 (2887) [기타] 토지수용으로 인한 감면관련 문의드립니다. / 답변3
  + [10898] ntt=7890 (2886) [기타] 산업단지부동산을 승계취득하는 경우? / 답변3
  + [10899] ntt=7888 (2885) [기타] 계약해제 입증 서류? / 답변4
  + [10900] ntt=7887 (2884) [기타] 구분소유적 공유관계 / 답변2
  + [10901] ntt=7886 (2883) [기타] 본점의 체납으로 지점 재산에 압류 및 체납처분이 가능한가. / 답변1
  + [10902] ntt=7884 (2882) [기타] 부동산 취득세 여부 / 답변2
  + [10903] ntt=7883 (2881) [기타] 재산세 관련 문의드립니다. / 답변5
  + [10904] ntt=7882 (2880) [기타] 고지서 송달관련 문의드립니다. / 답변5
  + [10905] ntt=7877 (2879) [기타] 수탁자 명의 재산세를 위탁자가 환급 요청시 증빙서류 / 답변2
  + [10906] ntt=7875 (2878) [기타] 법인의 지방세환급금양도신청서 / 답변1
  + [10907] ntt=7874 (2877) [기타] 합병시 최소납부세제 적용 문의 / 답변2
  + [10908] ntt=7873 (2876) [기타] 수출말소 차량 취득세 과세여부 / 답변2
  + [10909] ntt=7870 (2875) [기타] 취득세 과세대상으로 볼수 있는가? / 답변1
  + [10910] ntt=7868 (2874) [기타] 화재보험등 과표산입 / 답변1
  + [10911] ntt=7866 (2873) [기타] 기업부설연구소 취득세 감면 문의드립니다. / 답변1
  + [10912] ntt=7864 (2872) [기타] 금융기관 지방소득세(특별징수) 이자소득 관련 문의 / 답변1
  + [10913] ntt=7862 (2871) [기타] 취득세 과세표준 경정 청구 / 답변1
  + [10914] ntt=7859 (2870) [기타] 유족연금압류 / 답변1
  + [10915] ntt=7857 (2869) [기타] 지목변경 도로 관련 / 답변1
  + [10916] ntt=7855 (2868) [기타] 차량공매 배분요구종기일관련 질문입니다. / 답변3
  + [10917] ntt=7853 (2867) [기타] 등록면허세 면허분 (패류양식어업) 공유자 부과 / 답변1
  + [10918] ntt=7852 (2866) [기타] 주택건설사업자 중과세 해당 여부 / 답변1
  + [10919] ntt=7851 (2865) [기타] 재산세(주택) 관련 공부상 소유자 문의드립니다 / 답변3
  + [10920] ntt=7850 (2864) [기타] 차량 할부이자 상환 중에 할부금 전액 납부로 취득세 환급. / 답변4
  + [10921] ntt=7844 (2863) [기타] 버스운송사업 / 답변1
  + [10922] ntt=7842 (2862) [기타] 지방소득세 과세관할에 대한 문의드립니다~ / 답변2
  + [10923] ntt=7838 (2861) [기타] 법인 지점 설치 등록면허세 문의(지방세법 시행령 43조 . / 답변2
[page 1625 완료] 누적 신규 10923건  (이 게시판 저장 총 48,597건)
  + [10924] ntt=7837 (2860) [기타] 자경농민의 취득하는 농업용 건축물(축사)의 범위 질의 / 답변1
  + [10925] ntt=7834 (2859) [기타] 건축물 용도변경 시 취득원인 질의 / 답변5
  + [10926] ntt=7833 (2858) [기타] 명의신탁해지를 원인으로 승소판결 후 소유권이전등기절차 미. / 답변1
  + [10927] ntt=7832 (2857) [기타] 과징금 이의신청 가능여부 / 답변3
  + [10928] ntt=7831 (2856) [기타] 법인 합병과 분할 관련 질의 / 답변2
  + [10929] ntt=7830 (2855) [기타] 노인복지시설에 대한 감면 / 답변1
  + [10930] ntt=7829 (2854) [기타] 지하수에 대한 지역자원시설세 신고납부? 보통징수? / 답변2
  + [10931] ntt=7828 (2853) [기타] 가설건축물 취득시기 질의 / 답변2
  + [10932] ntt=7825 (2852) [기타] 일시적2주택 유상거래감면 추징시 / 답변3
  + [10933] ntt=7824 (2851) [기타] [특별징수 지방소득세]반기신고 사업자 내국법인 이자소득 . / 답변1
  + [10934] ntt=7822 (2850) [기타] 매매용 중고 자동차를 매매상대표자 명의에서 매매상 개인명. / 답변1
  + [10935] ntt=7821 (2849) [기타] 법인장부착오 / 답변1
  + [10936] ntt=7819 (2848) [기타] 단순지목변경 취득세 / 답변2
  + [10937] ntt=7815 (2847) [기타] 환급기산일 / 답변2
  + [10938] ntt=7814 (2846) [기타] 주택재건축정비사업조합 / 답변1
  + [10939] ntt=7813 (2845) [기타] 증여로 등기완료후 부담부증여로 다시 취득세 신고시 / 답변1
  + [10940] ntt=7811 (2844) [기타] 상속으로 납세의무의 승계 / 답변1
  + [10941] ntt=7810 (2843) [기타] 토지개발사업 지목변경 / 답변1
  + [10942] ntt=7808 (2842) [기타] 매매용중고 자동차 이전관련 / 답변2
  + [10943] ntt=7800 (2841) [기타] 상속취득세관련 문의 드립니다. / 답변1
  + [10944] ntt=7798 (2840) [기타] 자경농민(배우자 감면 적용) 감면시 동거 기간? / 답변1
  + [10945] ntt=7797 (2839) [기타] 농어촌 민박(펜션) 재산세 질의 / 답변1
    [retry 1/3] ReadTimeout
  + [10946] ntt=7794 (2838) [기타] 파산 문의드립니다.(자동차세) / 답변2
  + [10947] ntt=7792 (2837) [기타] 가설건축물 취득세 질문하겠습니다. / 답변2
  + [10948] ntt=7791 (2836) [기타] 과점주주 내부거래 문의 드립니다. / 답변2
  + [10949] ntt=7790 (2835) [기타] 취득세 감면분 추징 / 답변2
  + [10950] ntt=7785 (2834) [기타] 차량 취득세 감면에 대하여 문의드립니다 / 답변3
  + [10951] ntt=7784 (2833) [기타] 저당권 및 자동차관련과태료 압류가 승계된 경우 배분문제 / 답변2
    [retry 1/3] ReadTimeout
  + [10952] ntt=7783 (2832) [기타] 문중소유 토지관련입니다 / 답변3
  + [10953] ntt=7781 (2831) [기타] 관허사업 제한 대상 여부 / 답변1
[page 1626 완료] 누적 신규 10953건  (이 게시판 저장 총 48,627건)
  + [10954] ntt=7779 (2830) [기타] 무허가 주택 멸실된 경우 과세기준일부터 6개월 이내라면 . / 답변1
  + [10955] ntt=7778 (2829) [기타] 원시취득 누락부분 적용 요령 질의 / 답변2
  + [10956] ntt=7777 (2828) [기타] 지분취득을 통하여 분양 받은 주택에 대하여 임대사업자등록. / 답변1
  + [10957] ntt=7776 (2827) [기타] 지분취득시 임대사업자 취득세 감면 가능 여부 / 답변1
  + [10958] ntt=7774 (2826) [기타] 교통사고로 가액이 하락된 중고자동차의 법인장부가액 인정해. / 답변2
  + [10959] ntt=7772 (2825) [기타] 추징 시 부과제척기간 / 답변1
  + [10960] ntt=7771 (2824) [기타] 2018년 시행 지방세법령 적용요령 / 답변4
  + [10961] ntt=7770 (2823) [기타] 취득세(차량) 매매금액 착오과다신고시 환급여부 / 답변2
  + [10962] ntt=7768 (2822) [기타] 산업단지 감면 문의 / 답변1
  + [10963] ntt=7767 (2821) [기타] 등록면허세(면허) 육묘업 과세대상 여부 / 답변1
  + [10964] ntt=7766 (2820) [기타] [재산세] 상속등기 미이행된 토지의 납세의무자 지정 관련. / 답변2
  + [10965] ntt=7765 (2819) [기타] 자경농민 감면에 대해 여쭤보겠습니다. / 답변2
  + [10966] ntt=7763 (2818) [기타] 창업중소기업 감면 문의 / 답변3
  + [10967] ntt=7760 (2817) [기타] 종교단체 감면 문의 / 답변1
  + [10968] ntt=7758 (2816) [기타] 농특세비과세문의 / 답변2
  + [10969] ntt=7756 (2815) [기타] [재산세]정비공장 지역자원시설세 중과해당여부 / 답변1
  + [10970] ntt=7754 (2814) [기타] 장애인차량 감면 문의 / 답변2
  + [10971] ntt=7753 (2813) [기타] 외국인투자와 관련하여... / 답변1
  + [10972] ntt=7749 (2812) [기타] 특별징수분 대사 문의 / 답변0
  + [10973] ntt=7747 (2811) [기타] 법인지방소득세 질의 / 답변1
  + [10974] ntt=7742 (2810) [기타] [자동차세] 12월 과세기준일 이후 양도·폐차 차량 가산. / 답변2
  + [10975] ntt=7741 (2809) [기타] 농어촌 주택개량 취득세감면에 대하여.. / 답변1
  + [10976] ntt=7739 (2808) [기타] 불법가설건축물(컨테이너) 취득세 부과 / 답변3
  + [10977] ntt=7738 (2807) [기타] 건축물 증축신고 후 준공 전 건축주가 사망하는 경우 취득. / 답변1
  + [10978] ntt=7736 (2806) [기타] 법인또는 공장의 지방이전시 (구)사업장이 위반건축물이라면. / 답변3
  + [10979] ntt=7730 (2805) [기타] 자경농민감면 추징시 요건 문의드립니다. / 답변1
  + [10980] ntt=7729 (2804) [기타] 자경농민감면 주소지 요건 충족 문의 / 답변1
  + [10981] ntt=7727 (2803) [기타] 지입차량의 취득세 납기 문의 / 답변1
  + [10982] ntt=7726 (2802) [기타] 과점주주, 경제적 연관관계, 간주취득세 납세의무 성립 여. / 답변3
  + [10983] ntt=7724 (2801) [기타] 장애인 , 국가유공자 개정내용 시행시기 / 답변4
[page 1627 완료] 누적 신규 10983건  (이 게시판 저장 총 48,657건)
  + [10984] ntt=7723 (2800) [기타] 2018년 차량취득세, 등록면허세 관련 변경된 법.... / 답변6
  + [10985] ntt=7722 (2799) [기타] 대포차 공매와 공매차량 짐 소유권 관련하여 질문있습니다. / 답변2
  + [10986] ntt=7721 (2798) [기타] 2018년 고시된 차량 시가표준액 고시내용 중 이런 건 . / 답변1
    [retry 1/3] ReadTimeout
  + [10987] ntt=7720 (2797) [기타] 이륜차 125CC이하 차량 취득세 문의드려요,, / 답변12
  + [10988] ntt=7719 (2796) [기타] 차종질문 / 답변1
  + [10989] ntt=7718 (2795) [기타] 차량 취득세 환급사유 관련 / 답변1
  + [10990] ntt=7714 (2794) [기타] 취득세(상속)관련질문드립니다 / 답변1
  + [10991] ntt=7713 (2793) [기타] 2018년 고시된 차량 시가표준액이 맞는 건가요? / 답변3
  + [10992] ntt=7712 (2792) [기타] 배우자와 직계존비속 간의 거래 문의드립니다. / 답변2
  + [10993] ntt=7711 (2791) [기타] 법인 체납관련 문의 드려요 / 답변2
  + [10994] ntt=7710 (2790) [기타] 재산세 납세의무자에 대한 질의 / 답변2
  + [10995] ntt=7709 (2789) [기타] 개인간 거래에서  취득세 신고시 부동산 중개수수료를 첨부. / 답변1
  + [10996] ntt=7707 (2788) [기타] 2018년도 개정된 내용중 과표미달에 대해 / 답변2
  + [10997] ntt=7706 (2787) [기타] 지목변경 취득세 문의 / 답변1
  + [10998] ntt=7705 (2786) [기타] 재산세 납세의무자 / 답변3
  + [10999] ntt=7704 (2785) [기타] 개발행위준공일을 지목변경 취득일로 보아 과세하는 것에 대. / 답변3
  + [11000] ntt=7703 (2784) [기타] 재산세 현황과세 관련 판례(급합니다ㅜ) / 답변2
  + [11001] ntt=7702 (2783) [기타] (재산세)산업단지 입주기업 감면 부칙 제25조 관련 문의. / 답변1
  + [11002] ntt=7701 (2782) [기타] 지방세심의위원회 위원 명단 공개 여부 / 답변1
  + [11003] ntt=7700 (2781) [기타] 차량 시가표준액 적용요령 변경에 따른 문의 / 답변5
  + [11004] ntt=7699 (2780) [기타] 별정우체국 차량 취득 비과세 여부 / 답변1
  + [11005] ntt=7698 (2779) [기타] 경기도시공사 지목변경 농특세비과세 허용가능 여부 / 답변1
  + [11006] ntt=7697 (2778) [기타] 부동산 취득에 해당되는지 문의드립니다.. / 답변1
  + [11007] ntt=7693 (2777) [기타] 장애인 차량 문의 / 답변2
  + [11008] ntt=7692 (2776) [기타] (자동차 취득세) 다자녀감면과 공동명의시 추징 / 답변9
  + [11009] ntt=7691 (2775) [기타] 자동차세 세대분리 문의드립니다. / 답변1
  + [11010] ntt=7689 (2774) [기타] 법인 지목변경 과세표준 문의 / 답변1
  + [11011] ntt=7688 (2773) [기타] 주택을 현물출자로 취득 시 주택세율 적용 가능 질의 / 답변3
    [retry 1/3] ReadTimeout
  + [11012] ntt=7687 (2772) [기타] 창업중소기업감면후 임대로 인한 추징 문의 / 답변2
  + [11013] ntt=7686 (2771) [기타] 한정상속 취득세 문의 / 답변2
[page 1628 완료] 누적 신규 11013건  (이 게시판 저장 총 48,687건)
  + [11014] ntt=7684 (2770) [기타] 법인지방소득세 건축물 안분기준 / 답변1
  + [11015] ntt=7683 (2769) [기타] 증여를 매매로 허위신고시 추징여부 / 답변6
  + [11016] ntt=7682 (2768) [기타] 공매 잔대금 납부 후 부동산 등기압류 / 답변2
  + [11017] ntt=7681 (2767) [기타] 산업단지 감면 임대시 추징 문의 / 답변1
  + [11018] ntt=7680 (2766) [기타] 공장 취득세 과세표준 문의합니다 / 답변2
  + [11019] ntt=7679 (2765) [기타] 지방세특례제한법 제33조 서민주택감면시 주상복합건물 해당. / 답변2
  + [11020] ntt=7678 (2764) [기타] 공매 배당관련 질문입니다. / 답변3
  + [11021] ntt=7677 (2763) [기타] 사업양도양수감면 질의입니다. / 답변2
  + [11022] ntt=7675 (2762) [기타] 창업중소기업 관련 문의드립니다... / 답변1
  + [11023] ntt=7674 (2761) [기타] 취득세 과세표준 문의드립니다. / 답변1
  + [11024] ntt=7673 (2760) [기타] 영치 후 말소된 차량의 등록번호판 사후처리 질의 드립니다 / 답변5
  + [11025] ntt=7671 (2759) [기타] 주민세(개인균등분) 과세여부 질의합니다 / 답변2
  + [11026] ntt=7670 (2758) [기타] 농업법인 감면 문의 / 답변3
  + [11027] ntt=7669 (2757) [기타] 종중 명의신탁해지로 인한 소유권이전 및 대상토지 과세행태. / 답변2
  + [11028] ntt=7667 (2756) [기타] 파산 선고전 2차 납세 의무자 재산 압류 가능여부 / 답변2
  + [11029] ntt=7666 (2755) [기타] 등록면허세(면허분) 대표자 변경시(개인이며 당초 대표자를. / 답변1
  + [11030] ntt=7665 (2754) [기타] 적격합병시 중과세율적용여부 / 답변1
  + [11031] ntt=7664 (2753) [기타] 자경농민 감면 후 공유분할 하여 타용도 사용 / 답변1
  + [11032] ntt=7660 (2752) [기타] 창업중소기업감면 문의 / 답변1
  + [11033] ntt=7658 (2751) [기타] 현황과 대장이 다를경우 과세표준액 산정기준? / 답변3
  + [11034] ntt=7657 (2750) [기타] 산업단지안에 기업부설 연구소 / 답변1
  + [11035] ntt=7656 (2749) [기타] 의료법인 구내에 별동 건물신축 감면문의 / 답변1
  + [11036] ntt=7654 (2748) [기타] 공매 예탁관련 질문입니다. / 답변2
    [retry 1/3] ReadTimeout
    [retry 2/3] ConnectTimeout
  + [11037] ntt=7653 (2747) [기타] 개인간 환매특약부 매매시 재산세 납세의무자 질의 / 답변1
  + [11038] ntt=7652 (2746) [기타] 개인인 건축주에게 분양받은 부동산 취득 신고건 취득의 시. / 답변2
  + [11039] ntt=7649 (2745) [기타] 종합부동산세 질문드립니다. / 답변3
  + [11040] ntt=7648 (2744) [기타] 가산세 적용 질문 / 답변1
  + [11041] ntt=7647 (2743) [기타] 장애인 차량 대체취득 관련 문의입니다. / 답변2
  + [11042] ntt=7646 (2742) [기타] 법인아닌 단체차량 자동차세 부과시, 대표자가 아닌 단체에. / 답변2
  + [11043] ntt=7645 (2741) [기타] 강제경매도 추징사유 되는지요?? / 답변5
[page 1629 완료] 누적 신규 11043건  (이 게시판 저장 총 48,717건)
  + [11044] ntt=7644 (2740) [기타] 아파트분양시 보상금관련 취득세환급가능여부 / 답변3
  + [11045] ntt=7641 (2739) [기타] 등록면허세(면허분) 문의드립니다. / 답변1
  + [11046] ntt=7634 (2738) [기타] 법인합병시 신탁재산의 취득세 / 답변4
  + [11047] ntt=7633 (2737) [기타] 승합형 승용차 문의드립니다. / 답변1
  + [11048] ntt=7631 (2736) [기타] 도관시설에서 연결시설을 어디까지 보아야 할 까요? / 답변1
  + [11049] ntt=7630 (2735) [기타] 수산물 냉장냉동시설 신축후 국가귀속시 취득세 비과세 여부 / 답변2
  + [11050] ntt=7628 (2734) [기타] 창업해당 여부 / 답변5
  + [11051] ntt=7625 (2733) [기타] 임대사업자 감면 관련 문의(무단증축면적 있는 경우) / 답변3
  + [11052] ntt=7624 (2732) [기타] 자경농민 감면 및 추징 / 답변3
  + [11053] ntt=7623 (2731) [기타] 자경농민 본인 또는 배우자 관련 / 답변2
  + [11054] ntt=7622 (2730) [기타] 지식산업센터 입주허용업종 문의 / 답변1
  + [11055] ntt=7621 (2729) [기타] 신탁자산과 상속에 대해서 문의드립니다. / 답변2
  + [11056] ntt=7619 (2728) [기타] 직계존비속 매매 관련해서 질의 드립니다 / 답변2
  + [11057] ntt=7617 (2727) [기타] 1가구 1주택 상속 문의드립니다. / 답변1
  + [11058] ntt=7616 (2726) [기타] 대지권 등기 등록세 부과 관련 문의 / 답변4
  + [11059] ntt=7615 (2725) [기타] 수탁자 신용정보등록 가능여부 / 답변2
  + [11060] ntt=7614 (2724) [기타] 합병 지특법57조의2 질문드립니다. / 답변4
  + [11061] ntt=7613 (2723) [기타] 장애인 감면차량에 대한 문의입니다 / 답변2
  + [11062] ntt=7611 (2722) [기타] 동산압류 관련된 서류 / 답변1
  + [11063] ntt=7610 (2721) [기타] 대단위 면적 주상복합 건물 부속토지 관련 / 답변1
  + [11064] ntt=7608 (2720) [기타] 1가구1주택 상속 문의 / 답변1
  + [11065] ntt=7607 (2719) [기타] 창업감면 사업자의 업종추가 / 답변2
  + [11066] ntt=7605 (2718) [기타] 납세자 보호에 관한 조례에 의한 납세보호관의 업무문의 / 답변2
  + [11067] ntt=7604 (2717) [기타] 창업중소기업의 업종추가 / 답변1
  + [11068] ntt=7603 (2716) [기타] 주유소매매시 주유기,저장탱크 세율적용문의 / 답변3
  + [11069] ntt=7601 (2715) [기타] 산업단지 내 토지분양 취득 신고 후 경정청구 / 답변3
  + [11070] ntt=7600 (2714) [기타] 법인장부 제출의무 대상 법인 범위 질의 / 답변4
  + [11071] ntt=7599 (2713) [기타] 매연저감장치 구조변경 취득세 / 답변3
  + [11072] ntt=7598 (2712) [기타] 등기에 등재가 되면 수정신고는 할수 없는지? / 답변3
  + [11073] ntt=7595 (2711) [기타] 상속에 대한 취득세 문의드립니다. / 답변3
[page 1630 완료] 누적 신규 11073건  (이 게시판 저장 총 48,747건)
  + [11074] ntt=7594 (2710) [기타] 구축물 과세대상 여부 / 답변3
  + [11075] ntt=7592 (2709) [기타] 최소납부세제 중과 / 답변5
  + [11076] ntt=7590 (2708) [기타] 국가유공자 취득세 감면관련입니다. / 답변1
  + [11077] ntt=7586 (2707) [기타] 종업원분 주민세 해당 여부(여러 사업장을 하나의 사업소로. / 답변1
  + [11078] ntt=7584 (2706) [기타] 지점 설치후 바로 신규 부동산 취득 / 답변2
  + [11079] ntt=7583 (2705) [기타] 무벽 면적비율의 판단 기준 / 답변4
  + [11080] ntt=7582 (2704) [기타] 소방서 소유 자동차세 비과세  대상 / 답변1
  + [11081] ntt=7581 (2703) [기타] 소송당사자가 아닌 납세자가 행정소송 판결을 인용하여 취득. / 답변2
  + [11082] ntt=7580 (2702) [기타] 소득세법의 지정지역 / 답변2
  + [11083] ntt=7579 (2701) [기타] 기부채납 지역주택조합 비과세 적용관련 / 답변1
  + [11084] ntt=7578 (2700) [기타] 지목변경 문의 / 답변3
  + [11085] ntt=7577 (2699) [기타] 등록면허세(면허) 질의 / 답변1
  + [11086] ntt=7576 (2698) [기타] 상속포기자가 자동차 점유자일 경우 자동차세 부과문의 / 답변4
  + [11087] ntt=7572 (2697) [기타] 조합원아파트 증여에의한 지위승계 / 답변1
  + [11088] ntt=7571 (2696) [기타] 대체취득 감면 문의 / 답변2
  + [11089] ntt=7570 (2695) [기타] 기업부설연구소에 대한 토지(재산세 토지) / 답변2
  + [11090] ntt=7569 (2694) [기타] 매매예약 가등기 과세표준 / 답변1
  + [11091] ntt=7567 (2693) [기타] 은행업과 외국환업의 등록면허세 관련.. / 답변0
  + [11092] ntt=7566 (2692) [기타] 재산세(용도구분 비과세) 하천 관련이요 / 답변2
  + [11093] ntt=7559 (2691) [기타] 주민세(개인균등) 기숙사 생활 직장인 비과세인가요..?ㅠ. / 답변1
  + [11094] ntt=7558 (2690) [기타] 공유 자동차에 대한 연대납세의무 / 답변1
  + [11095] ntt=7554 (2689) [기타] 법인 합병 문의 / 답변3
  + [11096] ntt=7553 (2688) [기타] 농어촌 주택개량에 대한 감면(전용면적) / 답변1
  + [11097] ntt=7552 (2687) [기타] 4인의 상속인 중 母만 자경농민감면 받은 후 공유분할 된. / 답변2
  + [11098] ntt=7551 (2686) [기타] 자동차세 비과감면 문의 / 답변4
  + [11099] ntt=7550 (2685) [기타] 장애인 자동차에 대한감면 / 답변2
  + [11100] ntt=7549 (2684) [기타] 장애인 자동차세 감면 문의(구조변경) / 답변2
  + [11101] ntt=7547 (2683) [기타] 비상장주식에 대한 채권압류시 물건내용 문의 / 답변1
  + [11102] ntt=7545 (2682) [기타] 법인 합병과 자동차 사용본거지에 따른 부과 질문... ㅠ. / 답변1
  + [11103] ntt=7541 (2681) [기타] 창업중소기업 감면 추징대상 문의 / 답변2
[page 1631 완료] 누적 신규 11103건  (이 게시판 저장 총 48,777건)
  + [11104] ntt=7540 (2680) [기타] 과점주주 취득세 과세여부 / 답변1
  + [11105] ntt=7539 (2679) [기타] 산업단지 감면 및 추징 문의 / 답변1
  + [11106] ntt=7534 (2678) [기타] 휴먼법인 인수에서 인수의 뜻? / 답변1
  + [11107] ntt=7533 (2677) [기타] 가정어린이집 취득자가  원장일 필요는 없고 대표자이기만하. / 답변1
  + [11108] ntt=7530 (2676) [기타] 유권해석 원문 (내무부 시세 22670-84,1992.6. / 답변1
  + [11109] ntt=7529 (2675) [기타] 개인회생신청후 징수유예 / 답변1
  + [11110] ntt=7527 (2674) [기타] 체납자분 개인파산신청시 행정적으로 도와드릴방법이 있을까요. / 답변2
  + [11111] ntt=7526 (2673) [기타] 지목변경 지분별 소유자가 개인,법인인 경우 법인이 공사한. / 답변2
  + [11112] ntt=7523 (2672) [기타] 조심 2016지0531에 대한 문의 / 답변2
  + [11113] ntt=7521 (2671) [기타] 경매취득시 제시외물건과세방법 / 답변2
  + [11114] ntt=7519 (2670) [기타] 골프장내 원형보전지 토지형태 / 답변2
  + [11115] ntt=7518 (2669) [기타] 일반우편 송달불능에따른 가산금 환급요청 / 답변3
  + [11116] ntt=7517 (2668) [기타] 특별징수 연말정산 환급관련 질의 / 답변1
  + [11117] ntt=7516 (2667) [기타] 법인 해산후 계속등기시 취등록세 중과문의 / 답변1
  + [11118] ntt=7515 (2666) [기타] 증여도 분양에 해당하나요? / 답변2
  + [11119] ntt=7514 (2665) [기타] 과점주주 내부거래로 취득세 해당 없다??? / 답변4
  + [11120] ntt=7513 (2664) [기타] 취득세 경정청구 관련 문의 / 답변6
  + [11121] ntt=7510 (2663) [기타] 2018년시행 차량대체취득 문의 / 답변3
  + [11122] ntt=7509 (2662) [기타] 부담부증여 적용가능한지 문의드립니다. / 답변3
  + [11123] ntt=7508 (2661) [기타] 장애인차량 감면 여부 / 답변4
  + [11124] ntt=7506 (2660) [기타] 자동차 취득세 감면(대체취득) / 답변5
    [retry 1/3] ReadTimeout
  + [11125] ntt=7505 (2659) [기타] 주민세(개인사업) 관련 질문드립니다.(대표자 사망) / 답변2
  + [11126] ntt=7502 (2658) [기타] 지식산업센터 건축주 감면 문의 / 답변2
  + [11127] ntt=7494 (2657) [기타] 과점주주 취득일 문의 / 답변4
  + [11128] ntt=7493 (2656) [기타] 차량 구조변경 -의료검진차 / 답변1
  + [11129] ntt=7489 (2655) [기타] 등록면허세(면허분) 중 일회성 등록면허세 관련하여 질문드. / 답변2
  + [11130] ntt=7488 (2654) [기타] 재산세 납세의무자 질문드립니다. / 답변2
  + [11131] ntt=7487 (2653) [기타] 시설물 납세의무자자가 제가 생각한게 맞는지? / 답변1
    [retry 1/3] ReadTimeout
  + [11132] ntt=7486 (2652) [기타] 수출말소(자동차세) 문의드립니다. / 답변1
  + [11133] ntt=7485 (2651) [기타] 취득시기 문의드립니다. / 답변2
[page 1632 완료] 누적 신규 11133건  (이 게시판 저장 총 48,807건)
  + [11134] ntt=7484 (2650) [기타] 1987년 신축으로 취득한 종교용건축물에 대한 등기일현재. / 답변2
  + [11135] ntt=7483 (2649) [기타] 배우자직계존비속간 유상거래인정여부 / 답변2
  + [11136] ntt=7481 (2648) [기타] 자경농민 추징 조건 문의 / 답변1
  + [11137] ntt=7478 (2647) [기타] 교환취득 과세표준 및 취득세 계산 문의 드려요 / 답변2
  + [11138] ntt=7477 (2646) [기타] 세목별 과세증명서 발급관련 / 답변3
  + [11139] ntt=7476 (2645) [기타] 재산세 체납자에 대한 체납처분 방법 문의 / 답변3
  + [11140] ntt=7475 (2644) [기타] 부담부증여 신고 시 증빙서류의 적정성 검토 / 답변4
  + [11141] ntt=7473 (2643) [기타] 자경농민 감면관련 소득금액 문의 / 답변1
  + [11142] ntt=7472 (2642) [기타] 사망일 이후 사망신고 이전에 폐차 된 차량에 관해 (자동. / 답변1
  + [11143] ntt=7471 (2641) [기타] 유치원 신축후 합병에 따른 지목변경 / 답변1
  + [11144] ntt=7470 (2640) [기타] 세목별 과세증명서 발급시 위임자가 교도소에 있는경우 / 답변1
  + [11145] ntt=7467 (2639) [기타] 차량 수정신고 문의입니다 / 답변1
  + [11146] ntt=7466 (2638) [기타] 사업의 양도양수 2차 납세의무자 질의합니다. / 답변1
  + [11147] ntt=7465 (2637) [기타] 재산세 비과세 필지 문의 / 답변1
  + [11148] ntt=7464 (2636) [기타] 현물출자 감면시 추징사유 / 답변3
  + [11149] ntt=7461 (2635) [기타] 사업용 고정자산이란? / 답변1
  + [11150] ntt=7459 (2634) [기타] 납세자고지 필수기재사항 누락 관련 / 답변2
  + [11151] ntt=7458 (2633) [기타] 자경농민 취득세 문의드립니다.. / 답변1
  + [11152] ntt=7457 (2632) [기타] 주민세종업원분 문의 / 답변2
  + [11153] ntt=7456 (2631) [기타] 등록면허세(면허) 정기분 과세대상인지 문의드립니다. / 답변1
    [retry 1/3] ReadTimeout
    [retry 2/3] ConnectTimeout
  + [11154] ntt=7454 (2630) [기타] 도로점용료(세외수입) 이중부과에 대한 환급금 제척기한 / 답변2
  + [11155] ntt=7452 (2629) [기타] 분양 목적 부동산 취득세 추징 / 답변1
  + [11156] ntt=7451 (2628) [기타] 경기도시공사 감면 문의 / 답변1
  + [11157] ntt=7449 (2627) [기타] 주민세 재산분 / 답변1
  + [11158] ntt=7448 (2626) [기타] 국가유공자 관련 취득세 감면 문의드립니다 / 답변2
  + [11159] ntt=7447 (2625) [기타] 지식산업센터 입주하는 중소기업 감면 업종 / 답변4
  + [11160] ntt=7446 (2624) [기타] 이혼에 따른 재산분할 / 답변2
  + [11161] ntt=7444 (2623) [기타] 합의서 양식 구함 / 답변1
  + [11162] ntt=7443 (2622) [기타] 84평방미터이하 신축아파트 원시취득 관련 / 답변2
  + [11163] ntt=7441 (2621) [기타] 85㎡ 이하 국민주택 취득세 신고시 도급법인이 수급법인에. / 답변1
[page 1633 완료] 누적 신규 11163건  (이 게시판 저장 총 48,837건)
  + [11164] ntt=7440 (2620) [기타] 피상속인 체납액에 대한 한정승인 여쭤볼게요.. / 답변1
  + [11165] ntt=7438 (2619) [기타] 85㎡ 이하 국민주택 취득세 신고시 부가가치세 과세표준 . / 답변2
  + [11166] ntt=7437 (2618) [기타] 건축물구조 궁금합니다. / 답변1
  + [11167] ntt=7436 (2617) [기타] 교환거래당사자중 법인이있는경우 과세표준적용문의 / 답변1
  + [11168] ntt=7434 (2616) [기타] 토지 소유권보존 / 답변1
  + [11169] ntt=7432 (2615) [기타] 고급오락장용 건물 또는 토지분 재산세 중과세분 세입자에게. / 답변1
    [retry 1/3] ReadTimeout
  + [11170] ntt=7429 (2614) [기타] 부담부증여시 부동산 일부만 증여 받는경우 해당물건의 임차. / 답변1
  + [11171] ntt=7427 (2613) [기타] 저장조 취득세에 대한 질문입니다 . / 답변1
  + [11172] ntt=7426 (2612) [기타] 취득세 간접비용으로 볼수 있는지 여부 / 답변1
  + [11173] ntt=7424 (2611) [기타] 자경농민감면 / 답변1
  + [11174] ntt=7423 (2610) [기타] 상속취득세 신고시 매매금액상당의 신고가액 인정여부 / 답변3
    [retry 1/3] ReadTimeout
  + [11175] ntt=7421 (2609) [기타] 토지 지목변경 관련 / 답변1
  + [11176] ntt=7420 (2608) [기타] 개정전 지방세기본법 134조의 3,4 내용이 무엇이었는지. / 답변3
  + [11177] ntt=7414 (2607) [기타] 직계존비속간의 교환일 경우 취득세 문의드립니다. / 답변2
  + [11178] ntt=7413 (2606) [기타] 미상속자동차 (한정승인) 차량 과세여부? / 답변1
  + [11179] ntt=7412 (2605) [기타] 자동차세 감면(장애인과 외국인의 공동등록)문의 / 답변1
  + [11180] ntt=7411 (2604) [기타] 건설기계 취득세 (지입관련) 문의 / 답변7
  + [11181] ntt=7410 (2603) [기타] 장애감면 세대분리 문의드립니다(2) / 답변2
  + [11182] ntt=7408 (2602) [기타] 지특법 제57조의2 1항 법인세법 적격합병 감면 / 답변5
  + [11183] ntt=7407 (2601) [기타] 장애감면 세대분리 추징에 대하여 문의 드립니다. / 답변4
  + [11184] ntt=7406 (2600) [기타] 퇴직소득세 환급문의 / 답변1
  + [11185] ntt=7405 (2599) [기타] 농협 고유목적사업 해당 여부 / 답변2
  + [11186] ntt=7402 (2598) [기타] 지특법 제57조의2 3항 3호 관련 문의드립니다. / 답변2
  + [11187] ntt=7401 (2597) [기타] 자동차세 비과세 문의드립니다. / 답변1
  + [11188] ntt=7400 (2596) [기타] 혹시 시군중 지방세 실무협의회 하시는 곳 있나요?? / 답변1
  + [11189] ntt=7398 (2595) [기타] 차량 취득세 감면 추징 문의 / 답변3
  + [11190] ntt=7397 (2594) [기타] 상속미등기 부동산에 대한 재산세 납세의무자 신고에 대한 . / 답변1
  + [11191] ntt=7396 (2593) [기타] 체납자 부인 명의의 임대보증금 추심방법이 알고 싶습니다. / 답변2
  + [11192] ntt=7391 (2592) [기타] 주택세율 적용되는 주택 부속토지 판단 질의(예시 추가) / 답변4
  + [11193] ntt=7390 (2591) [기타] 타기관 과세자료 요청시 근거 법조항 문의 / 답변1
[page 1634 완료] 누적 신규 11193건  (이 게시판 저장 총 48,867건)
  + [11194] ntt=7388 (2590) [기타] 기계장비 구조변경 과세 문의드립니다. / 답변2
  + [11195] ntt=7387 (2589) [기타] 창업중소기업 사업용재산 감면 추징 문의 / 답변1
  + [11196] ntt=7386 (2588) [기타] 주거지역 공장내 가설건축물 축조시 세율 문의 / 답변1
  + [11197] ntt=7384 (2587) [기타] 법정이율에 관한 문의 / 답변2
  + [11198] ntt=7383 (2586) [기타] 부담부 증여에 관하여 여쭈어 봅니다. / 답변3
  + [11199] ntt=7381 (2585) [기타] 세외수입 부과제척기간 문의 / 답변1
  + [11200] ntt=7380 (2584) [기타] 상속 취득세 관련 가산세 면제 사유 해당되는지 / 답변1
  + [11201] ntt=7379 (2583) [기타] 납세조합관련 자료 / 답변4
  + [11202] ntt=7378 (2582) [기타] 시 안의 동지역 공장용 건축물 부속토지 / 답변1
  + [11203] ntt=7376 (2581) [기타] 시 안의 동지역 공장용 건축물 부속토지 / 답변1
  + [11204] ntt=7372 (2580) [기타] 세대 내 장애인 2명 간 차량 이전 문의 / 답변2
  + [11205] ntt=7371 (2579) [기타] 처분금지가처분 신청이 되있는 차량의 공매 가능여부 / 답변3
  + [11206] ntt=7369 (2578) [기타] 다자녀감면 자동차 취득세 질의드립니다. / 답변3
  + [11207] ntt=7368 (2577) [기타] 환급가산금 일수 계산 방법 / 답변6
  + [11208] ntt=7366 (2576) [기타] 농촌주택개량사업 감면 문의 / 답변3
  + [11209] ntt=7365 (2575) [기타] 기계장비 취득세 관련 문의 / 답변4
  + [11210] ntt=7364 (2574) [기타] 증여계약을 합의해제 한 후 원소유자 취득세 납세의무? / 답변3
  + [11211] ntt=7360 (2573) [기타] 가설건축물 취득신고 대상 여부 / 답변1
  + [11212] ntt=7359 (2572) [기타] 결손금소급공제 / 답변1
  + [11213] ntt=7358 (2571) [기타] 광업권 매매시 취등록세 문의 / 답변2
  + [11214] ntt=7356 (2570) [기타] 상속 취득신고를 사실상 소유자 신고로 간주한 재산세 납세. / 답변1
  + [11215] ntt=7354 (2569) [기타] 감면임대주택에 사업자등록 내지 법인등록을 신고한 경우 / 답변1
  + [11216] ntt=7353 (2568) [기타] 자경농민 농지취득 2년이내 배우자에게 증여 / 답변2
  + [11217] ntt=7352 (2567) [기타] 농업법인 추가 설립에 따른 감면 여부 문의 / 답변2
  + [11218] ntt=7349 (2566) [기타] 상속 취득신고를 사실상 소유자 신고로 간주할수 있는지? / 답변3
  + [11219] ntt=7346 (2565) [기타] 이혼에 의한 재산분할에 의한 취득시 과세표준 적용 방법 . / 답변1
  + [11220] ntt=7345 (2564) [기타] 토지 등록전환에 따른 면적증가 취득세 문의 / 답변2
  + [11221] ntt=7343 (2563) [기타] 다자녀 감면 적용관련(2017년 개정법령 적용) / 답변2
  + [11222] ntt=7342 (2562) [기타] 콘도회원권의 취득가격의 범위 / 답변1
  + [11223] ntt=7338 (2561) [기타] 재산분 주민세 내부형 발코니의 경우 / 답변1
[page 1635 완료] 누적 신규 11223건  (이 게시판 저장 총 48,897건)
  + [11224] ntt=7337 (2560) [기타] 취득세 과세여부등 문의 / 답변1
  + [11225] ntt=7336 (2559) [기타] 법인지방소득세 이월공제세액 관련 질문 / 답변1
    [retry 1/3] ReadTimeout
    [retry 2/3] ConnectTimeout
  + [11226] ntt=7333 (2558) [기타] 종교단체(대한불교천태종)에서 취득하는 주택 / 답변2
  + [11227] ntt=7332 (2557) [기타] 유증에의한 취득세신고후 등기불가사유로 취득세환급 가능한지 / 답변1
  + [11228] ntt=7331 (2556) [기타] 국가유공자 전용면적 문의 / 답변2
  + [11229] ntt=7330 (2555) [기타] 운수회사의 체납자동차세 징수 관련 문의 드려요. / 답변1
  + [11230] ntt=7329 (2554) [기타] 다운계약서관련 취득세 직권부과문의 / 답변1
  + [11231] ntt=7328 (2553) [기타] 손실보상금 화해권고 결정시 대체취득 감면여부 / 답변1
  + [11232] ntt=7327 (2552) [기타] 등록면허세 납세의무자 질문드립니다. / 답변3
  + [11233] ntt=7326 (2551) [기타] 지역자원시설세 대형화재위험 건축물 관련 문의 / 답변1
  + [11234] ntt=7325 (2550) [기타] 재질의 (12.1) 개인사업자가 사업장을 임차하여 사업하. / 답변1
  + [11235] ntt=7322 (2549) [기타] 적격합병 계산 방법 문의 / 답변1
  + [11236] ntt=7321 (2548) [기타] 1가구 1주택 공동상속 세율특례 / 답변2
  + [11237] ntt=7320 (2547) [기타] 공장을 임차해서 운영하다 장소가 다른곳에 공장을 매입하여. / 답변1
  + [11238] ntt=7319 (2546) [기타] 토지 과세대상 안분방법 문의 / 답변1
  + [11239] ntt=7318 (2545) [기타] 재산세 별도합산과세대상 / 답변2
  + [11240] ntt=7317 (2544) [기타] 과세표준 적용문제 질문드립니다. / 답변4
  + [11241] ntt=7316 (2543) [기타] 장애인 자동차 공동명의와 세대분리에 관한 질문 / 답변2
  + [11242] ntt=7315 (2542) [기타] 다자녀 감면 / 답변5
  + [11243] ntt=7311 (2541) [기타] 대체취득 감면 시 / 답변4
  + [11244] ntt=7310 (2540) [기타] 비영업용으로 등록 후 당일 영업용으로 변경하는 경우, 지. / 답변2
  + [11245] ntt=7309 (2539) [기타] 추가)재산세 휴경지 / 답변3
  + [11246] ntt=7306 (2538) [기타] 임대보증금 압류 및 추심관련 질문드립니다. / 답변1
  + [11247] ntt=7305 (2537) [기타] 지방세심의위원회 / 답변1
  + [11248] ntt=7302 (2536) [기타] 재산세 납세의무자 / 답변1
  + [11249] ntt=7301 (2535) [기타] 원인무효 판결 등록세 환부 / 답변1
  + [11250] ntt=7300 (2534) [기타] 산업단지(주거용시설용지)취득세 감면 / 답변2
  + [11251] ntt=7299 (2533) [기타] 재산세 세부담 상한 문의 / 답변1
  + [11252] ntt=7298 (2532) [기타] [농업법인에 대한 감면] 일반법인에서 농업법인으로 전환 . / 답변2
  + [11253] ntt=7297 (2531) [기타] 재산세 휴경지 판단기준 / 답변3
[page 1636 완료] 누적 신규 11253건  (이 게시판 저장 총 48,927건)
  + [11254] ntt=7294 (2530) [기타] 법인지방소득세 건축물 안분포함여부 / 답변1
  + [11255] ntt=7293 (2529) [기타] 법인의 2차 납세의무 대상자 / 답변1
  + [11256] ntt=7291 (2528) [기타] 장애인 차량 대체취득 감면 문의 / 답변1
  + [11257] ntt=7289 (2527) [기타] 취득세 과소신고 / 답변3
  + [11258] ntt=7288 (2526) [기타] 창업중소기업 감면 문의 / 답변1
  + [11259] ntt=7286 (2525) [기타] 농어업인 융자 관련 등록면허세 감면 문의드립니다. / 답변3
  + [11260] ntt=7285 (2524) [기타] 건물 대위등기에 의한 취득세 문의 입니다. / 답변2
  + [11261] ntt=7283 (2523) [기타] 주민세 재산분과 법인지방소득세 사업장 안분 문의 / 답변2
  + [11262] ntt=7282 (2522) [기타] 취득세신고납부 후 등기소의 등기신청 각하로 인한 취득세 . / 답변2
  + [11263] ntt=7281 (2521) [기타] 1가구1주택상속 문의 / 답변2
  + [11264] ntt=7279 (2520) [기타] 기부채납확약서 비과세 / 답변2
  + [11265] ntt=7278 (2519) [기타] 유치원을 초중등교육법에의한 학교보아 지특법 41조 적용할. / 답변3
  + [11266] ntt=7277 (2518) [기타] 상속 취득세 순위 관련 문의 / 답변2
  + [11267] ntt=7276 (2517) [기타] 법정지분 상속 신고납부 후 협의 분할시 취득세 업무 / 답변2
  + [11268] ntt=7274 (2516) [기타] 법인지방소득세 가산세 관련 질문 / 답변1
  + [11269] ntt=7273 (2515) [기타] 주민세(재산분) 공연장 과세제외 해당여부 질의 / 답변1
  + [11270] ntt=7271 (2514) [기타] 대체취득 감면 질의(교환에 의하여 취득시) / 답변2
  + [11271] ntt=7269 (2513) [기타] 재산세 납세의무자 관련 / 답변1
  + [11272] ntt=7268 (2512) [기타] 공매장소가 아닌 일반폐차장에 있던 공매차량의 보관료 지급. / 답변2
  + [11273] ntt=7267 (2511) [기타] 폐업한 사업장 신고납부 세목 질문 / 답변1
  + [11274] ntt=7264 (2510) [기타] 부동산 펀드물건의 재산세 토지분 과세구분과 관련하여 다른. / 답변2
  + [11275] ntt=7263 (2509) [기타] 지방소득세 반기납 신고 / 답변1
  + [11276] ntt=7262 (2508) [기타] 임대주택 등에 대한 감면 / 답변1
  + [11277] ntt=7261 (2507) [기타] 주택개량 감면(재산세)에 대해서 / 답변1
  + [11278] ntt=7260 (2506) [기타] 대물변제에 의한 취득 시 취득일 질의 올립니다. / 답변1
  + [11279] ntt=7259 (2505) [기타] 고지서 송달과 관련하여 문의드립니다.(회사동료 수령: 등. / 답변2
  + [11280] ntt=7258 (2504) [기타] 상속포기 기간중 재산세 납세의무자 / 답변2
  + [11281] ntt=7256 (2503) [기타] 농업법인 감면 문의 / 답변2
  + [11282] ntt=7255 (2502) [기타] 업무무관비용 관련 법인지방소득세 추가납부 / 답변4
  + [11283] ntt=7253 (2501) [기타] 운반비 취득세 포함 여부 / 답변2
[page 1637 완료] 누적 신규 11283건  (이 게시판 저장 총 48,957건)
  + [11284] ntt=7252 (2500) [기타] 시가표준액 무벽 감산 질문드립니다 / 답변1
  + [11285] ntt=7251 (2499) [기타] 거래계약해제후 다시 거래 계약을 하였을때 취득세 신고를 . / 답변2
  + [11286] ntt=7250 (2498) [기타] 임대사업자 감면(취득일로부터 60일 이내) 재산세 문의 / 답변2
  + [11287] ntt=7249 (2497) [기타] 물적설비만있는 사업장 법인지방소득세 안분계산방법 질의입니. / 답변2
  + [11288] ntt=7245 (2496) [기타] 주택건설사업자 취득세감면 해당여부 / 답변3
  + [11289] ntt=7243 (2495) [기타] 대체취득물건의 지역적 범위에 대하여 문의드립니다. / 답변2
  + [11290] ntt=7242 (2494) [기타] 시설물 수반한 매매시 세율 / 답변1
  + [11291] ntt=7241 (2493) [기타] [자동차세] 상속이전등록되지 않은 차량 상속인 지정에 관. / 답변1
  + [11292] ntt=7240 (2492) [기타] 부담부증여 인정여부? / 답변1
  + [11293] ntt=7238 (2491) [기타] 개발행위된 대지매입후 건물준공시 지목변경과세표준 / 답변1
  + [11294] ntt=7236 (2490) [기타] 매 연부금지급일 이후에 발생한 건설자금이자 신고납부기한? / 답변1
  + [11295] ntt=7234 (2489) [기타] 야영시설의 시가표준액은? / 답변1
  + [11296] ntt=7232 (2488) [기타] 주상복합건물의 부담부증여 취득시 과세표준 적용 문의합니다 / 답변1
  + [11297] ntt=7230 (2487) [기타] 주된상속자 사망시 재산세 납세의무자 질의입니다. / 답변3
  + [11298] ntt=7229 (2486) [기타] 과세적 적부 심사의 대상이 될까요? / 답변1
  + [11299] ntt=7228 (2485) [기타] 공유물분할 판결 미등기 부동산에 대한 재산세 납세의무자 . / 답변1
  + [11300] ntt=7222 (2484) [기타] 영유아보육시설 토지분 재산세 감면 여쭤봅니다. / 답변2
  + [11301] ntt=7221 (2483) [기타] 사망자, 청산법인, 청산종결간주법인 공공기록정보 등록 / 답변1
  + [11302] ntt=7220 (2482) [기타] 직계존비속간의 매매에 관해 여쭙니다~ / 답변1
  + [11303] ntt=7219 (2481) [기타] 자경농민의 가설건축물(축사)에 대하여 감면 가능한가요? / 답변2
  + [11304] ntt=7218 (2480) [기타] 대수선 관련 문의드립니다. / 답변2
  + [11305] ntt=7216 (2479) [기타] 상속취득세 관련 문의 / 답변1
  + [11306] ntt=7215 (2478) [기타] 대위상속등기 신고시, 취득세가 기납부되어 있는 경우의 문. / 답변2
  + [11307] ntt=7214 (2477) [기타] 토지 교환시 과세표준 및 주택세율 적용 여부 / 답변1
  + [11308] ntt=7213 (2476) [기타] 원천세 소득처분 신고시 납세지 문의 / 답변3
  + [11309] ntt=7212 (2475) [기타] 수입대행사를 통하여 자동차를 수입하는 경우 취득세 과세표. / 답변2
  + [11310] ntt=7211 (2474) [기타] 지목변경에 포함되는 비용 / 답변1
  + [11311] ntt=7209 (2473) [기타] 관허사업제한 조건 문의 드림 / 답변1
  + [11312] ntt=7207 (2472) [기타] 가산세 부과 관련 / 답변1
  + [11313] ntt=7206 (2471) [기타] 취득일이 전소유자의 취득일보다 빠른경우 사례? / 답변1
[page 1638 완료] 누적 신규 11313건  (이 게시판 저장 총 48,987건)
  + [11314] ntt=7205 (2470) [기타] 번호판 영치 관련 질문입니다. / 답변4
  + [11315] ntt=7201 (2469) [기타] 법인지방소득세 안분방법 / 답변1
  + [11316] ntt=7198 (2468) [기타] 주민세(균등분,종업원분,재산분) 에 대해 문의 드립니다. / 답변2
  + [11317] ntt=7196 (2467) [기타] 11월 지방세 연구원 교육하였을때 / 답변1
  + [11318] ntt=7194 (2466) [기타] 고급오락장이 있는 일반건물 토지안분방법 / 답변2
  + [11319] ntt=7193 (2465) [기타] 주민세(개인균등) 대학원생 과세여부 / 답변1
  + [11320] ntt=7192 (2464) [기타] 매매용 중고자동차 취득 여부 문의 / 답변2
  + [11321] ntt=7189 (2463) [기타] 신탁부동산 수익자에게 소유권이전처리시 과표 및 세율문의 / 답변1
  + [11322] ntt=7185 (2462) [기타] 증여취득의 경우 과세표준 / 답변4
  + [11323] ntt=7184 (2461) [기타] 특별징수분 연말정산 환급 지자체 문의 / 답변2
  + [11324] ntt=7182 (2460) [기타] 부동산 신탁등기용 납세증명서 문의 / 답변2
    [retry 1/3] ReadTimeout
  + [11325] ntt=7181 (2459) [기타] 주민세(재산분) 에 대해 문의 드립니다. / 답변2
  + [11326] ntt=7179 (2458) [기타] 리스(금융리스) 취득을  할부취득로 볼수있는지요? / 답변1
  + [11327] ntt=7178 (2457) [기타] 신축아파트 분양 취득시기 / 답변2
  + [11328] ntt=7174 (2456) [기타] 취득세 무납부고지에 대해서 문의 / 답변7
  + [11329] ntt=7172 (2455) [기타] 장애인 자동차 관련 / 답변2
  + [11330] ntt=7171 (2454) [기타] 주민세(법인균등) 태양광 발전시설 및 전파기지국 등 관련. / 답변1
  + [11331] ntt=7170 (2453) [기타] 공매 시 임금채권은 배분요구 기일 내에 교부청구를 하지 . / 답변3
  + [11332] ntt=7169 (2452) [기타] 개인 임대사업 감면 후 법인전환에 따른 현물출자 시 추징. / 답변2
  + [11333] ntt=7167 (2451) [기타] 부부간 , 부담부증여 / 답변1
    [retry 1/3] ReadTimeout
    [retry 2/3] ConnectTimeout
  + [11334] ntt=7166 (2450) [기타] 자동차세 장애인 감면과 관련하여 문의드립니다. / 답변2
  + [11335] ntt=7165 (2449) [기타] lpg장애인차 상속 차량 취득세 관련입니다 / 답변1
  + [11336] ntt=7164 (2448) [기타] 사기 기타 부정한 행위의 범위 / 답변1
  + [11337] ntt=7163 (2447) [기타] 경비용역업체 학교 경비인원 파견, 인적 및 물적 시설을 . / 답변1
  + [11338] ntt=7162 (2446) [기타] 공시되지 아니한 공동주택가격 산정가액에 대한 문의 / 답변4
  + [11339] ntt=7157 (2445) [기타] 무허가 주택 양성화 관련 질의 / 답변1
  + [11340] ntt=7156 (2444) [기타] 증여 취득시 프리미엄 질의(오타수정) / 답변2
  + [11341] ntt=7155 (2443) [기타] 지방세특례제한법  78조 산업단지 내 토지 재산세 감면여. / 답변2
  + [11342] ntt=7154 (2442) [기타] 자회사간의 주식변동 특수관계인 여부 / 답변2
  + [11343] ntt=7153 (2441) [기타] 사망일과 매매일이 동일할때 상속인 취득세 관련 / 답변3
[page 1639 완료] 누적 신규 11343건  (이 게시판 저장 총 49,017건)
  + [11344] ntt=7152 (2440) [기타] 과점주주 간주취득세 과세표준 문의 / 답변2
  + [11345] ntt=7151 (2439) [기타] [2008년 면허세 부과업무요령] 자료 있으신분 공유좀 . / 답변2
  + [11346] ntt=7150 (2438) [기타] 과점주주 취득세 관련 / 답변4
  + [11347] ntt=7147 (2437) [기타] 임대주택 폐업후 다시 신청 추징여부 / 답변1
  + [11348] ntt=7146 (2436) [기타] 창업감면 질의하겠읍니다. / 답변1
  + [11349] ntt=7144 (2435) [기타] 주택유상거래(기숙사) 문의드립니다 / 답변1
  + [11350] ntt=7142 (2434) [기타] 지방세 환급금의 소멸시효 관련 문의 / 답변1
  + [11351] ntt=7141 (2433) [기타] 타 자치단체 세무조사 사례 부탁드립니다. / 답변1
  + [11352] ntt=7140 (2432) [기타] 토지 및 산업용 건축물 산업단지 감면 후 공실상태 / 답변1
  + [11353] ntt=7124 (2431) [기타] 마을회등에 의한 감면(?) / 답변1
  + [11354] ntt=7123 (2430) [기타] 결손처분 문의입니다... / 답변4
  + [11355] ntt=7122 (2429) [기타] 태양광발전사업이 창업중소기업 업종에 해당되는지 / 답변1
    [retry 1/3] ReadTimeout
  + [11356] ntt=7120 (2428) [기타] 자경농민 감면 시 농업소득 금액 기준 / 답변6
  + [11357] ntt=7116 (2427) [기타] 법인 합병의 경우 차량취득세 감면 방법 질의 / 답변3
  + [11358] ntt=7115 (2426) [기타] 면허세 종업원수 판단 기준 / 답변1
  + [11359] ntt=7113 (2425) [기타] 과점주주(농업협동조합, 농업회사법인(주) 해당여부? / 답변2
  + [11360] ntt=7110 (2424) [기타] 다자녀감면차량 취득세 추징 기준일에대한 법해석 질문 / 답변2
  + [11361] ntt=7108 (2423) [기타] 도시지역내 농업용수 관정 재산세 과세 관련 문의 / 답변2
  + [11362] ntt=7106 (2422) [기타] 보험 계약자와 수익자가 다른 경우의 압류 가능 여부 문의. / 답변3
  + [11363] ntt=7105 (2421) [기타] [자동차세] 교회 소유 차량 상속인 지정에 관한 질의입니. / 답변4
  + [11364] ntt=7100 (2420) [기타] 지역자원 시설세 중과 대상 적용시 사실상 이용현황 적용 . / 답변2
  + [11365] ntt=7099 (2419) [기타] 지방소득세(양도소득) 징수유예 관련 문의 / 답변1
  + [11366] ntt=7098 (2418) [기타] 농어촌주택개량사업 대상자 지목변경 취득세 문의 / 답변3
  + [11367] ntt=7097 (2417) [기타] 최저한세 문의드립니다. / 답변7
  + [11368] ntt=7096 (2416) [기타] 자동차세 상속인 지정에 관해 질의드립니다. / 답변2
  + [11369] ntt=7095 (2415) [기타] 상속포기에 따른 재산세 감액문의 / 답변2
  + [11370] ntt=7093 (2414) [기타] 국민주택채권매입표 있으신분 / 답변5
  + [11371] ntt=7089 (2413) [기타] 등록면허세 세율을 다르게 적용하여 신고한 후, 추징시 신. / 답변1
  + [11372] ntt=7071 (2412) [기타] 차량공매배분 중 임금채권의 확정조건에 대하여 질문있습니다. / 답변2
  + [11373] ntt=7068 (2411) [기타] 2008년 면허세부과업무요령[행자부 지방세정팀-1366(. / 답변2
[page 1640 완료] 누적 신규 11373건  (이 게시판 저장 총 49,047건)
  + [11374] ntt=7067 (2410) [기타] 매매용자동차 감면 추징(경차) / 답변1
  + [11375] ntt=7066 (2409) [기타] 채권자 명의변경시 등록면허세 등록분 질의 / 답변2
  + [11376] ntt=7065 (2408) [기타] 2012년 지방세법 별지 제17호 서식 다운방법 / 답변1
  + [11377] ntt=7063 (2407) [기타] 결손처분관련 문의입니다. / 답변1
  + [11378] ntt=7062 (2406) [기타] 상속보존취득세 문의 / 답변5
  + [11379] ntt=7044 (2405) [기타] 영농조합법인이 농업회사법인 주식회사로 변경되었을 경우 취. / 답변3
  + [11380] ntt=7041 (2404) [기타] 골프장 밖 기숙사 중과 대상여부 / 답변2
  + [11381] ntt=7040 (2403) [기타] 상호등기 변경 관련 문의입니다. / 답변1
  + [11382] ntt=7039 (2402) [기타] 경형 자동차 취득세 감면 후 영업용(렌터카)로 용도변경한. / 답변3
  + [11383] ntt=7038 (2401) [기타] 종교법인의 사회복지시설 업무 부동산? / 답변1
  + [11384] ntt=7036 (2400) [기타] 시설물 취득세 문의 드립니다. / 답변1
  + [11385] ntt=7035 (2399) [기타] 미준공건축물 취득세 문의입니다. / 답변1
  + [11386] ntt=7034 (2398) [기타] 잔금지급일 사용승인일 중 늦은날 취득시기 / 답변2
  + [11387] ntt=7031 (2397) [기타] 주택 유상거래 적용 문의 / 답변1
  + [11388] ntt=7030 (2396) [기타] 부동산실거래신고 위반 / 답변1
  + [11389] ntt=7029 (2395) [기타] 장애인 감면 차량 취득세 추징 기산일 문의 / 답변3
  + [11390] ntt=7028 (2394) [기타] 법인지방소득세 안분시 일용근로소득 / 답변1
  + [11391] ntt=7027 (2393) [기타] 차량 과세표준문의드립니다 / 답변1
  + [11392] ntt=7026 (2392) [기타] 대도시 내 지점설치 중과 / 답변1
  + [11393] ntt=7025 (2391) [기타] 건물 신축시 승강기 시가표준액 산정 / 답변3
  + [11394] ntt=7024 (2390) [기타] 아파트 분양 지체상금 과세표준 포함여부 / 답변1
  + [11395] ntt=7023 (2389) [기타] 보일러 가스인입시설 과세여부 질의 / 답변1
  + [11396] ntt=7022 (2388) [기타] 야구연습장 재산세 과세형태 / 답변2
  + [11397] ntt=7021 (2387) [기타] 신탁계약에 따른 납세의무자 / 답변1
  + [11398] ntt=7020 (2386) [기타] 수정신고와 가산세 문의 / 답변1
  + [11399] ntt=7018 (2385) [기타] 농어촌공사 공공용지 협의취득 / 답변1
  + [11400] ntt=7017 (2384) [기타] 지점 이전 문의(문제가 많아서 문의드립니다.) / 답변2
  + [11401] ntt=7014 (2383) [기타] 귝유지상 무허가 건축물 재산세 과세대장 등재 여부 / 답변1
  + [11402] ntt=7013 (2382) [기타] 기계장비(콘크리트뱃칭플랜트)의 취득에 따른 취득세 부과여. / 답변1
  + [11403] ntt=7012 (2381) [기타] 대법원 2015두 38931 관련 문의(급) / 답변2
[page 1641 완료] 누적 신규 11403건  (이 게시판 저장 총 49,077건)
  + [11404] ntt=7011 (2380) [기타] 초과압류 금지 문의드립니다. / 답변2
  + [11405] ntt=7008 (2379) [기타] 차량 변경 등록면허세 과세 여부 질문드립니다. / 답변2
  + [11406] ntt=7007 (2378) [기타] 가산세 질의 / 답변1
  + [11407] ntt=7006 (2377) [기타] 아파트 분양 / 답변1
  + [11408] ntt=7005 (2376) [기타] 사업시행자의 택지조성후 분양의경우 납세의무자 및 과세표준. / 답변1
  + [11409] ntt=7004 (2375) [기타] 주택의 건물부분만 취득시 주택가격 안분기준 / 답변1
  + [11410] ntt=7002 (2374) [기타] 자동차세 세대분리의 부득이한 사유에 해당되는지 궁금합니다. / 답변1
  + [11411] ntt=7000 (2373) [기타] 국가유공자 대부금으로 조합원권리취득시 과세방법 / 답변2
  + [11412] ntt=6999 (2372) [기타] 특수자동차 국가유공자 감면 문의드립니다. / 답변1
  + [11413] ntt=6995 (2371) [기타] 상속으로인한 과점주주신고납부기한 / 답변1
    [retry 1/3] ReadTimeout
  + [11414] ntt=6993 (2370) [기타] 선등기후수납가산세 문의입니다. / 답변3
  + [11415] ntt=6988 (2369) [기타] 농협에 대한 주민세(종업원분),주민세(법인균등) 부과 판. / 답변1
  + [11416] ntt=6987 (2368) [기타] 주택 건물과 부속토지를 각각 취득할때 주택유상거래세율 적. / 답변1
  + [11417] ntt=6986 (2367) [기타] 사회적기업의 부동산 취득에 대한 감면 문의 / 답변1
  + [11418] ntt=6985 (2366) [기타] 지목변경 취득세 문의 / 답변4
  + [11419] ntt=6984 (2365) [기타] 서민주택용 토지의  농어촌특별세 비과세 범위 / 답변1
  + [11420] ntt=6983 (2364) [기타] 재산세 분리과세여부(추가) / 답변2
  + [11421] ntt=6982 (2363) [기타] 교환에 따른 취득세율 문의입니다. / 답변1
  + [11422] ntt=6981 (2362) [기타] 상속에 따른 취득세 신고납부 후 대위등기 건 문의 / 답변2
  + [11423] ntt=6980 (2361) [기타] 폐업법인으로 자동차 이전 문의 / 답변2
  + [11424] ntt=6979 (2360) [기타] 동일법인으로 보아 부동산 압류가능 여부에 대하여 질의합니. / 답변1
  + [11425] ntt=6978 (2359) [기타] 자동차세 상속포기 질문있습니다. / 답변2
  + [11426] ntt=6977 (2358) [기타] 외국인의 존비속 매매 거래 시 자금출처 및 입금내역이 필. / 답변2
  + [11427] ntt=6976 (2357) [기타] 산업단지 입주기업 재산세 추징관련 / 답변1
  + [11428] ntt=6975 (2356) [기타] 자동차세 상속과 관련하여 문의드립니다. / 답변3
  + [11429] ntt=6974 (2355) [기타] 주민세(법인균등분) 관련 질문입니다. / 답변1
  + [11430] ntt=6972 (2354) [기타] 장애 취득세 감면 차량 지분 이전에 관해 질문 올립니다. / 답변1
  + [11431] ntt=6971 (2353) [기타] 주택분 재산세  소액부징수에 대한 질문입니다. / 답변2
  + [11432] ntt=6970 (2352) [기타] 지특법시행령 제8조 개정사항에 대해서 질의드립니다. / 답변3
  + [11433] ntt=6969 (2351) [기타] 지방소득세 안분 관련 문의 드립니다. / 답변1
[page 1642 완료] 누적 신규 11433건  (이 게시판 저장 총 49,107건)
  + [11434] ntt=6965 (2350) [기타] 매매(상품)용 중고자동차 추징대상 질의 / 답변1
  + [11435] ntt=6963 (2349) [기타] 지목변경 취득세 관련 문의 / 답변1
  + [11436] ntt=6962 (2348) [기타] 공매진행시, 이의신청 접수 / 답변2
  + [11437] ntt=6958 (2347) [기타] 부동산실거래신고 위반 취득세 부과 / 답변2
  + [11438] ntt=6957 (2346) [기타] 해산간주안 법인에 대한 재산세 부과 / 답변2
    [retry 1/3] ReadTimeout
  + [11439] ntt=6954 (2345) [기타] 20톤 미만의 소형어선에 대한 등록면허세(등록) 과세여부 / 답변1
  + [11440] ntt=6951 (2344) [기타] 취득세 관련 - 다가구주택 유상(주택)세율 적용 문의 / 답변1
  + [11441] ntt=6950 (2343) [기타] 상속 유류분반환분 취득세 관련 / 답변3
  + [11442] ntt=6947 (2342) [기타] 배우자직계존비속간 유상거래인정여부 / 답변1
  + [11443] ntt=6945 (2341) [기타] 종교단체 감면 문의 / 답변1
  + [11444] ntt=6944 (2340) [기타] 자경농민 취득자 주소지 관련 / 답변1
  + [11445] ntt=6943 (2339) [기타] 상속포기와 자동차세 / 답변1
  + [11446] ntt=6940 (2338) [기타] 경정청구서 법정신고일 문의 / 답변1
  + [11447] ntt=6937 (2337) [기타] 주민세 재산분 케터링업체 / 답변2
  + [11448] ntt=6934 (2336) [기타] 콘도회원권 취득세 질의 올립니다. / 답변1
  + [11449] ntt=6933 (2335) [기타] 자동차운행정지명령에 대해서 / 답변1
  + [11450] ntt=6930 (2334) [기타] 산업단지 지특법 제78조 4항 질의 드립니다 / 답변1
  + [11451] ntt=6929 (2333) [기타] 토지수용으로 인한 대체취득 감면시 부재부동산 소유자 판단. / 답변1
  + [11452] ntt=6927 (2332) [기타] 재산세 분리과세여부 / 답변1
  + [11453] ntt=6925 (2331) [기타] 장애인 공동명의 등록전환 후 매각 추징문의 / 답변2
  + [11454] ntt=6924 (2330) [기타] 화재로 일부 소실된 주택의 재산세 부과 관련 문의입니다. / 답변1
  + [11455] ntt=6923 (2329) [기타] 상속 취득세 질의 / 답변2
  + [11456] ntt=6922 (2328) [기타] 안녕하세요. 신규 세무직입니다. 체납자의 연락처를 알고싶. / 답변3
  + [11457] ntt=6920 (2327) [기타] 차량 상속 취득세 문의 / 답변3
  + [11458] ntt=6919 (2326) [기타] 자동차세 대체취득과 관련하여 문의드립니다. / 답변1
  + [11459] ntt=6918 (2325) [기타] 포락지 / 답변1
  + [11460] ntt=6917 (2324) [기타] 서민주택 농특세 비과세 여부 / 답변1
  + [11461] ntt=6914 (2323) [기타] 최초분양시 취득세 서류 / 답변2
  + [11462] ntt=6907 (2322) [기타] 장애인, 국가유공자 등 감면차량 문의 / 답변1
  + [11463] ntt=6906 (2321) [기타] 세대분리의 관련법을 알수 있을까요? / 답변2
[page 1643 완료] 누적 신규 11463건  (이 게시판 저장 총 49,137건)
    [retry 1/3] ReadTimeout
  + [11464] ntt=6904 (2320) [기타] 지방세 통계관련 질문드립니다. / 답변1
  + [11465] ntt=6901 (2319) [기타] 비거주자의 지방소득세 납세지 문의드려요~ / 답변1
  + [11466] ntt=6900 (2318) [기타] 지특법 58조의3의 5항 개정규정 관련 / 답변1
  + [11467] ntt=6899 (2317) [기타] 대도시에서 대도시 지점 전입(또는 설치 )문의 / 답변1
  + [11468] ntt=6897 (2316) [기타] 임대용 건물을 건축할 목적으로 취득한 토지의 감면 / 답변1
  + [11469] ntt=6896 (2315) [기타] 동일건물의 별개사업자 등록에 따른  종업원분 주민세 문의 / 답변2
  + [11470] ntt=6895 (2314) [기타] 비영리법인 자산양도소득에 대한 과세특례 / 답변1
  + [11471] ntt=6893 (2313) [기타] 법인 장부 허위 작성 관련 문의 드립니다. / 답변1
  + [11472] ntt=6892 (2312) [기타] 학교용부동산 감면 해당 여부 / 답변1
  + [11473] ntt=6890 (2311) [기타] 임대주택 재산세 감면적용 문의 / 답변1
  + [11474] ntt=6889 (2310) [기타] 주택세율 적용 문의 / 답변2
  + [11475] ntt=6886 (2309) [기타] 법인 합병 감면 적격 여부 / 답변2
  + [11476] ntt=6885 (2308) [기타] 테슬라 S90D (전기자동차)도 장애인 감면이 될까요? / 답변4
  + [11477] ntt=6881 (2307) [기타] 사망자의 양도소득할 지방소득세의 납세자 / 답변1
  + [11478] ntt=6877 (2306) [기타] 자동차인도명령 판결 이후 자동차세 부과에 관한 질의입니다. / 답변1
  + [11479] ntt=6875 (2305) [기타] 환급관련 / 답변2
  + [11480] ntt=6874 (2304) [기타] 취득세 건물 부속시설 난방에 대한 문의 / 답변2
  + [11481] ntt=6873 (2303) [기타] 회생채권 중가산금 관련 / 답변4
  + [11482] ntt=6872 (2302) [기타] 신용정보 공공기록 관련 문의 드립니다 / 답변2
  + [11483] ntt=6871 (2301) [기타] 법인의 본점이전 후 자동차등록원부에 변경신고를 안한경우 . / 답변1
  + [11484] ntt=6870 (2300) [기타] 자경농민의 농지 상속취득시 세대별주민등록표 합가기간 문의 / 답변1
  + [11485] ntt=6869 (2299) [기타] 주민세(개인사업) 사망자 관련 / 답변1
  + [11486] ntt=6868 (2298) [기타] 환급 관련(지분소유자 모두 사망) / 답변1
  + [11487] ntt=6865 (2297) [기타] 차량 취득세 문의입니다. / 답변5
  + [11488] ntt=6864 (2296) [기타] 중과세 문의합니다. / 답변1
  + [11489] ntt=6862 (2295) [기타] 부동산 중개 수수료 취득세 과세표준에 포함되는지 문의 올. / 답변3
  + [11490] ntt=6861 (2294) [기타] 장애인 감면차량 문의드립니다 / 답변4
  + [11491] ntt=6859 (2293) [기타] 차량운행못하게된 장애인, 단독명의 감면가능한가요? / 답변3
  + [11492] ntt=6858 (2292) [기타] 농어촌공사 농업기반시설용 토지 판결 취득 / 답변1
  + [11493] ntt=6854 (2291) [기타] 공장의 지방 이전에 따른 감면 관련 초과분 취득세 과세표. / 답변1
[page 1644 완료] 누적 신규 11493건  (이 게시판 저장 총 49,167건)
  + [11494] ntt=6853 (2290) [기타] 학교용 부동산 감면 해당 여부 / 답변2
  + [11495] ntt=6852 (2289) [기타] 자동차세 소급 감면 / 답변2
  + [11496] ntt=6851 (2288) [기타] 자동차세 한정승인에 대하여 질문이 있습니다. / 답변2
  + [11497] ntt=6850 (2287) [기타] 화해권고결정 취득 시기 문의드립니다. / 답변2
  + [11498] ntt=6849 (2286) [기타] 등록면허세(면허) 질문합니다. / 답변2
  + [11499] ntt=6848 (2285) [기타] 공부상 임야 농지원부에 등재된 경우 자경농민 감면 / 답변2
  + [11500] ntt=6846 (2284) [기타] 명의신탁해지 판결된 토지의 재산세 납세의무자 / 답변1
  + [11501] ntt=6845 (2283) [기타] 창업중소기업감면 / 답변2
  + [11502] ntt=6844 (2282) [기타] 토지수용에 따른 대체취득 감면 문의 / 답변1
  + [11503] ntt=6843 (2281) [기타] 강파이프구조 건축물 구조지수 적용 문의 / 답변2
  + [11504] ntt=6842 (2280) [기타] 종교용목적으로 사용하는 주차장 재산세 감면 / 답변2
  + [11505] ntt=6841 (2279) [기타] 차대번호를 확인할 수 없게 만든 차량을 공매하면 문제가 . / 답변3
  + [11506] ntt=6840 (2278) [기타] 법인합병에 따른 차량취득세 감면 / 답변3
  + [11507] ntt=6839 (2277) [기타] 취득세 감면 추징의 신고기한 문의 / 답변3
  + [11508] ntt=6838 (2276) [기타] 고급오락장 재산세(토지분)중과세면적산출질의 / 답변1
  + [11509] ntt=6836 (2275) [기타] 주택유상거래 세율 적용 문의 / 답변1
  + [11510] ntt=6835 (2274) [기타] 자동차세 세대분리시의 궁금점이 있습니다. / 답변1
  + [11511] ntt=6833 (2273) [기타] 주민세(종업원분) 사업소 문의-많은 도움 바랍니다. / 답변1
  + [11512] ntt=6832 (2272) [기타] 다른사유로 추징된건에 대하여 예전재산세에 이의신청이 가능. / 답변1
  + [11513] ntt=6831 (2271) [기타] 취득세 차량 국가유공자 감면 질의(대체취득) / 답변3
  + [11514] ntt=6829 (2270) [기타] 선박 등록면허세 관련 질문드립니다. / 답변1
  + [11515] ntt=6828 (2269) [기타] 법조문 어디서 찾나요?? / 답변2
  + [11516] ntt=6827 (2268) [기타] 사회복지사업을 목적으로 하는 단체의 취득세 감면문의드립니. / 답변1
  + [11517] ntt=6826 (2267) [기타] 공매자동차 배분가능여부 질의 / 답변1
  + [11518] ntt=6825 (2266) [기타] 세부담 상한 문의 / 답변1
  + [11519] ntt=6824 (2265) [기타] 취득세 중과세 해당여부 / 답변1
  + [11520] ntt=6823 (2264) [기타] 지방소득세(특별징수분)  환급가산금 관련 질문드립니다. / 답변1
  + [11521] ntt=6820 (2263) [기타] 자동차세 비과세 대상에서 과세대상으로 전환시의 판단에 대. / 답변1
  + [11522] ntt=6819 (2262) [기타] 선박에 근무하는 선원에 대한 주민세(종업원분) 납세지 / 답변1
  + [11523] ntt=6818 (2261) [기타] 장애인 감면 관련하여 자동차세 문의드립니다. / 답변1
[page 1645 완료] 누적 신규 11523건  (이 게시판 저장 총 49,197건)
  + [11524] ntt=6817 (2260) [기타] 기계장치 취득세 과세표준 적용 / 답변1
  + [11525] ntt=6816 (2259) [기타] 재산세 부과 내역 확인 관련 / 답변2
  + [11526] ntt=6815 (2258) [기타] 과밀억제권역내 본점이 지방으로 이전하고 본점자리에 지점이. / 답변1
  + [11527] ntt=6813 (2257) [기타] 주유시설 과세대상 여부 / 답변1
  + [11528] ntt=6812 (2256) [기타] 초과압류의 금지 / 답변2
  + [11529] ntt=6811 (2255) [기타] 장애인 대체취득 감면 추징문의 / 답변2
  + [11530] ntt=6810 (2254) [기타] 주택임태사업자에 대한 면허분 등록세 문의 / 답변2
  + [11531] ntt=6809 (2253) [기타] 주민세(균등분), 자동차세 관련 문의입니다. / 답변2
  + [11532] ntt=6808 (2252) [기타] 국세 유권해석 자료 요청 / 답변1
  + [11533] ntt=6807 (2251) [기타] 창업감면 문의 / 답변1
  + [11534] ntt=6804 (2250) [기타] 부과제척기간 문의합니다. / 답변1
  + [11535] ntt=6803 (2249) [기타] 신축 공동주택 시가표준액 산정 질의(수정) / 답변8
  + [11536] ntt=6801 (2248) [기타] 무상(상속)취득시 감정평가평가금액중 일부만 인정가능한지 / 답변4
  + [11537] ntt=6799 (2247) [기타] 폐업 법인 자동차세 환급금 지급 / 답변1
  + [11538] ntt=6798 (2246) [기타] 합병에 따른 차량취득세 감면 문의합니다. / 답변1
  + [11539] ntt=6797 (2245) [기타] 다자녀감면 추징(운수회사로 이전) 문의합니다 / 답변2
  + [11540] ntt=6794 (2244) [기타] 사찰에 대한 감면 가능 여부 / 답변1
  + [11541] ntt=6793 (2243) [기타] 주민세 / 답변1
  + [11542] ntt=6792 (2242) [기타] 사권제한감면 여부 / 답변3
  + [11543] ntt=6790 (2241) [기타] 다자녀 감면 관련 질문입니다. / 답변2
  + [11544] ntt=6785 (2240) [기타] 대한불교조계종 000의 산하단체 종교 감면 여부 / 답변1
  + [11545] ntt=6783 (2239) [기타] 국가유공자 감면 문의드립니다. / 답변1
  + [11546] ntt=6782 (2238) [기타] 건물 신축하여 임대사업자 감면을 받았던 부동산을 일괄 매. / 답변2
  + [11547] ntt=6781 (2237) [기타] 전원마을 환지계획 관련 취득세 질의 / 답변1
  + [11548] ntt=6780 (2236) [기타] 종업원분 주민세 문의 / 답변2
  + [11549] ntt=6776 (2235) [기타] 부담부증여에 관한 문의입니다. / 답변2
  + [11550] ntt=6774 (2234) [기타] 재산세-대지권 등기 되어 있지 않은 토지 / 답변1
  + [11551] ntt=6772 (2233) [기타] 대물변제 / 답변1
  + [11552] ntt=6771 (2232) [기타] 계약해제 파기 후 당초계약 유효화한 경우 취득세 납세의무. / 답변2
  + [11553] ntt=6766 (2231) [기타] 장애인감면 추징에 관한 질문입니다. / 답변2
[page 1646 완료] 누적 신규 11553건  (이 게시판 저장 총 49,227건)
  + [11554] ntt=6765 (2230) [기타] 의료법인의 취득세 감면에 있어서 직접 사용의 범위? / 답변1
  + [11555] ntt=6729 (2229) [기타] 자동차세 부과관련하여 질문이 있습니다 / 답변3
  + [11556] ntt=6728 (2228) [기타] 농업법인의 감면 / 답변2
  + [11557] ntt=6727 (2227) [기타] 무변론 종결 판결의 취득가액과 취득일자 / 답변2
  + [11558] ntt=6726 (2226) [기타] 부담부증여 관련 건 / 답변2
  + [11559] ntt=6725 (2225) [기타] 농어촌공사가 취득하는 부동산(환매취득) 관련 질의드립니다. / 답변1
  + [11560] ntt=6722 (2224) [기타] 취득세 경정청구 / 답변1
  + [11561] ntt=6720 (2223) [기타] 재산분 주민세 관련 사업소 구분 기준 / 답변1
  + [11562] ntt=6718 (2222) [기타] 농어촌 주택개량에 대한 감면 질의 / 답변1
  + [11563] ntt=6717 (2221) [기타] 차량 취득세 장애 감면 문의드립니다. / 답변2
  + [11564] ntt=6716 (2220) [기타] 길 하나사이인데 본점사업용으로 으로 보아 본점사용부동산 . / 답변2
  + [11565] ntt=6715 (2219) [기타] 사업양수인 관련 질의 / 답변2
  + [11566] ntt=6714 (2218) [기타] 신축후 용도변경시 감면가능여부 질의 / 답변2
    [retry 1/3] ReadTimeout
  + [11567] ntt=6713 (2217) [기타] 판결 관련 질의 / 답변1
  + [11568] ntt=6712 (2216) [기타] 상속 취득세 신고납부 후 취득세 환급 가능 여부 / 답변1
  + [11569] ntt=6711 (2215) [기타] 환급금 충당에 대해 질의합니다 / 답변1
  + [11570] ntt=6710 (2214) [기타] 채권 압류 및 추심 관련 질의드립니다. / 답변2
  + [11571] ntt=6707 (2213) [기타] 공공기록정보등록 / 답변1
  + [11572] ntt=6702 (2212) [기타] 재산세 납세의무자 문의 / 답변3
  + [11573] ntt=6701 (2211) [기타] 지방세법 제112조 제3항 (재산세 도시지역분)  문의 / 답변4
  + [11574] ntt=6700 (2210) [기타] 판결에 의한 등기 취소후 취득세 환급관련~ / 답변2
  + [11575] ntt=6699 (2209) [기타] 주민세(종업원분) 중소기업 여부 관련 문의 / 답변3
  + [11576] ntt=6698 (2208) [기타] 제3자에게 소유권이전 / 답변2
  + [11577] ntt=6697 (2207) [기타] 전업농어가주택 판단여부 / 답변2
  + [11578] ntt=6695 (2206) [기타] 어린이집건물 부지 감면 / 답변2
  + [11579] ntt=6694 (2205) [기타] 등록면허세(면허) 문의합니다 / 답변1
  + [11580] ntt=6693 (2204) [기타] 농업회사법인의 취득세 감면 추징관련입니다. / 답변1
  + [11581] ntt=6691 (2203) [기타] 의료법인이 운영하는 주차장 감면? / 답변2
  + [11582] ntt=6690 (2202) [기타] 급해서 문의드립니다 / 답변1
  + [11583] ntt=6689 (2201) [기타] 종교용으로 사용하고 있던 건물 취득시 세율적용문의 / 답변1
[page 1647 완료] 누적 신규 11583건  (이 게시판 저장 총 49,257건)
  + [11584] ntt=6688 (2200) [기타] 취득세액 문의 / 답변2
  + [11585] ntt=6687 (2199) [기타] 1가구 1주택 문의 / 답변1
  + [11586] ntt=6685 (2198) [기타] 사실상 소멸된 것으로 인정되는 자동차 범위에 관련한 질의 / 답변3
  + [11587] ntt=6683 (2197) [기타] 입목에 대한 취득세 과세여부 / 답변1
  + [11588] ntt=6682 (2196) [기타] 종교용 감면 여부 질의 / 답변2
  + [11589] ntt=6681 (2195) [기타] 무상취득시 감정평가액으로 취득세를 재신고 납부할수 있는지. / 답변2
  + [11590] ntt=6680 (2194) [기타] 사회복지법인등이 운영하는 어린이집에 대한 주민세(재산분,. / 답변2
    [retry 1/3] ReadTimeout
  + [11591] ntt=6678 (2193) [기타] 신탁된 토지 재산세 감면적용 문의 / 답변1
  + [11592] ntt=6677 (2192) [기타] 취득세 추징발생일과 가산세적용여부 문의드립니다. / 답변1
  + [11593] ntt=6675 (2191) [기타] 골프장 준공 시 각종 비용의 취득세 과세표준 포함 여부 / 답변2
  + [11594] ntt=6673 (2190) [기타] 개인사업자의 현물출자를 통한 법인전환 관련 취득세 감면 . / 답변2
  + [11595] ntt=6671 (2189) [기타] 등록면허세(면허)관련 문의합니다 / 답변1
  + [11596] ntt=6670 (2188) [기타] 과밀억제권역에 대한 문의 / 답변1
  + [11597] ntt=6669 (2187) [기타] 주민세(개인균등분) 휴학생 및 동거인 / 답변1
  + [11598] ntt=6665 (2186) [기타] 물탱크 취득세부과여부 관련 질문입니다. / 답변4
  + [11599] ntt=6664 (2185) [기타] 주민세(종업원분) 중소기업공제 관련 문의 / 답변2
  + [11600] ntt=6663 (2184) [기타] 취득세 과세대상 여부 문의 드립니다. / 답변4
  + [11601] ntt=6662 (2183) [기타] 소멸시효 기산일에 관하여 / 답변4
  + [11602] ntt=6661 (2182) [기타] 자동이체 납부에 대하여 / 답변2
  + [11603] ntt=6660 (2181) [기타] 소유권보존에 따른 구.등록세 신고시 무허가건물부분 적용여. / 답변4
  + [11604] ntt=6658 (2180) [기타] 대체취득시 매수 수용 철거 당시의 시가표준액 적용시기 / 답변2
  + [11605] ntt=6657 (2179) [기타] 사업장 폐업으로 인한 근로자 개인에 대한 환급 / 답변1
  + [11606] ntt=6656 (2178) [기타] 자동차세 부과시에 질문이 있습니다 / 답변2
  + [11607] ntt=6655 (2177) [기타] 상속 취득세 문의드립니다 / 답변2
  + [11608] ntt=6654 (2176) [기타] 차량 취득세 장애인 감면 추징문의 / 답변2
  + [11609] ntt=6653 (2175) [기타] 차량취득세 사후감면 문의 / 답변1
  + [11610] ntt=6652 (2174) [기타] 등록세분 중과문의드립니다. / 답변1
  + [11611] ntt=6651 (2173) [기타] 재산세 과세대상 토지에 대한 사항 / 답변1
  + [11612] ntt=6650 (2172) [기타] 농어촌특별세 비과세 적용 / 답변1
    [retry 1/3] ReadTimeout
  + [11613] ntt=6649 (2171) [기타] 동종업종 창업중소기업 감면여부 / 답변1
[page 1648 완료] 누적 신규 11613건  (이 게시판 저장 총 49,287건)
  + [11614] ntt=6648 (2170) [기타] 차량취득세 장애인감면 후 전손처리 된 경우 문의드립니다. / 답변3
  + [11615] ntt=6647 (2169) [기타] 재개발 구역내 관리처분게획인가후 원조합원 토지취득 / 답변1
  + [11616] ntt=6646 (2168) [기타] 지방세법 시행령 제27조제3항 문의드립니다. / 답변2
  + [11617] ntt=6644 (2167) [기타] 압류물건 제3자 소유권이전으로 인한 압류 효력상실에 대한. / 답변5
  + [11618] ntt=6643 (2166) [기타] 개인 주택임대사업자가 현물출자할 경우 감면 여부 / 답변3
  + [11619] ntt=6642 (2165) [기타] 종업원분 주민세 부과관련 중소기업 고용지원 해당여부 / 답변4
  + [11620] ntt=6641 (2164) [기타] 1가구1주택 상속에 대한 질의 / 답변1
  + [11621] ntt=6637 (2163) [기타] 지방세징수법제9조"체납 또는 결손처분 자료의 제공" 문의 / 답변2
  + [11622] ntt=6632 (2162) [기타] 주민세(법인균등분) 문의입니다 / 답변2
  + [11623] ntt=6629 (2161) [기타] 재산세 도시지역분과 관련하여 문의드립니다. / 답변1
  + [11624] ntt=6628 (2160) [기타] 창업중소기업 감면 질의 / 답변2
  + [11625] ntt=6627 (2159) [기타] 폐업법인에게 부과된 자동차세 질의 / 답변1
  + [11626] ntt=6623 (2158) [기타] 서민주택 감면적용이 가능하는지? / 답변1
  + [11627] ntt=6620 (2157) [기타] 주민세종업원분 / 답변1
  + [11628] ntt=6619 (2156) [기타] 사망자와 상속인관련 자동차세부과에 대해 / 답변1
  + [11629] ntt=6617 (2155) [기타] 동종업종 사업확장으로 창업배제 / 답변1
  + [11630] ntt=6616 (2154) [기타] 판결에 의한 상속재산분할 / 답변1
  + [11631] ntt=6615 (2153) [기타] 청산종결된법인에 대한 환급금에 대한 환급대상자 / 답변1
  + [11632] ntt=6614 (2152) [기타] 농어촌 주택개량에 대한 감면 / 답변1
  + [11633] ntt=6613 (2151) [기타] 1%의 명의만 가진 대표소유자의 자동차를 당해세가 아닌 . / 답변1
  + [11634] ntt=6612 (2150) [기타] 정당한 사유판단(도시개발사업 관련) / 답변1
  + [11635] ntt=6610 (2149) [기타] 최소납부제 적용 관련 문의 / 답변2
  + [11636] ntt=6608 (2148) [기타] 주민세 종업원분 문의 / 답변4
  + [11637] ntt=6607 (2147) [기타] 산업단지 감면 후 추징 / 답변2
  + [11638] ntt=6605 (2146) [기타] 지특법 제84조관련 문의드립니다. / 답변2
  + [11639] ntt=6604 (2145) [기타] 출국 금지 관련 / 답변3
  + [11640] ntt=6603 (2144) [기타] 지법130조 해석에 대하여~ / 답변1
  + [11641] ntt=6602 (2143) [기타] 이의신청 결정사례는 어디서 찾을 수 있을까요? / 답변1
  + [11642] ntt=6601 (2142) [기타] 법인 취득세 경정청구 / 답변1
  + [11643] ntt=6600 (2141) [기타] 허위계약에 따른 취득세 문의 / 답변1
[page 1649 완료] 누적 신규 11643건  (이 게시판 저장 총 49,317건)
  + [11644] ntt=6598 (2140) [기타] 임대주택에 대한 감면 문의 / 답변3
  + [11645] ntt=6597 (2139) [기타] 농어촌공사 용도구분에 의한 비과세 여부 / 답변1
  + [11646] ntt=6593 (2138) [기타] 버섯재배사 부속토지 귀농인 취득시 감면여부? / 답변1
  + [11647] ntt=6592 (2137) [기타] 특별징수 세입경정 요청 / 답변1
  + [11648] ntt=6585 (2136) [기타] 특별징수분 세입경정 요청에 대하여 / 답변1
  + [11649] ntt=6584 (2135) [기타] 장애인 차량 감면에 대하여 ??? / 답변3
  + [11650] ntt=6583 (2134) [기타] 토지 취득 후 주상복합 건물 취득시 주택 세율 구간 문의 / 답변1
  + [11651] ntt=6581 (2133) [기타] 전,답,과수원 중 종합합산과세 토지 관련 / 답변2
  + [11652] ntt=6579 (2132) [기타] 환급관련 질의드립니다, / 답변1
  + [11653] ntt=6578 (2131) [기타] 도난차량환급에 대해서 / 답변2
  + [11654] ntt=6575 (2130) [기타] 농어촌주택개량 대상자에 대한 감면 / 답변1
  + [11655] ntt=6574 (2129) [기타] 공동상속인 중 일부 상속인에게만  미신고자 직권고지한 경. / 답변1
  + [11656] ntt=6572 (2128) [기타] 등록면허세(면허) 관련 / 답변1
  + [11657] ntt=6570 (2127) [기타] 지식산업센터 토지 감면에 대한 문의 / 답변1
  + [11658] ntt=6569 (2126) [기타] 장애인 차량 감면 추징에 관하여 / 답변5
  + [11659] ntt=6558 (2125) [기타] 개인간 거래시 채무(근저당) 인수액 과표 포함 여부 / 답변4
  + [11660] ntt=6557 (2124) [기타] 자동차세 연납 후 소유자가 사망하였을시... / 답변1
  + [11661] ntt=6555 (2123) [기타] 재산세 화재위험 건축물 중과세 범위 / 답변1
  + [11662] ntt=6554 (2122) [기타] 신축 건물 취득일 이후에 공사비를 정산한 경우, 취득세 . / 답변2
  + [11663] ntt=6550 (2121) [기타] 공시송달에 관하여. / 답변4
  + [11664] ntt=6547 (2120) [기타] 상속한정승인 받은 후 경매진행중인 부동산의 재산세 납세의. / 답변2
  + [11665] ntt=6544 (2119) [기타] 제2차납세의무자 폐업일 문의 / 답변1
  + [11666] ntt=6543 (2118) [기타] 공동주택 대지권 설정에 따른 구)등록세 적용? / 답변2
  + [11667] ntt=6542 (2117) [기타] 아파트를 사무실로 사용하는 경우 / 답변2
  + [11668] ntt=6540 (2116) [기타] 폐업법인에 대한 환급가능 여부 / 답변1
  + [11669] ntt=6539 (2115) [기타] 지하수시설 취득세 관련 / 답변2
  + [11670] ntt=6537 (2114) [기타] 전업농어가 창고 적용 면적 어디까지? / 답변2
  + [11671] ntt=6535 (2113) [기타] 산업단지 재산세 감면 문의 ㅠ / 답변1
  + [11672] ntt=6534 (2112) [기타] 창업 감면 후 업종 변경 관련 취득세 추징 문의 / 답변2
  + [11673] ntt=6533 (2111) [기타] 공동주택 내 부대시설 증축 관련 취득세 질문 / 답변1
[page 1650 완료] 누적 신규 11673건  (이 게시판 저장 총 49,347건)
  + [11674] ntt=6532 (2110) [기타] 건축주 변경 신고에 대한 등록면허세 관련입니다. / 답변3
  + [11675] ntt=6527 (2109) [기타] 등록면허세 관련입니다 / 답변2
  + [11676] ntt=6524 (2108) [기타] 준공공임대사업 취득세 감면 여부 / 답변1
  + [11677] ntt=6523 (2107) [기타] 세부담상한 문의 / 답변1
  + [11678] ntt=6522 (2106) [기타] 취득원인이 상속인데 귀농으로 감면 받을수 있는지요?? / 답변2
  + [11679] ntt=6518 (2105) [기타] 귀농인의 농지 취득시 도시지역을 제외해야 하는지요? / 답변1
  + [11680] ntt=6516 (2104) [기타] 주택 유상거래 적용 기준 문의 / 답변1
  + [11681] ntt=6515 (2103) [기타] 파산선고 받은 법인의 환급금 지급 문의 / 답변2
  + [11682] ntt=6513 (2102) [기타] 온라인 강좌 관련 / 답변1
  + [11683] ntt=6511 (2101) [기타] 계약해제 신고 후 납부한 취득세 환급문의입니다. / 답변2
  + [11684] ntt=6508 (2100) [기타] 자동차 공매 관련(점유자의 공매의뢰) / 답변1
  + [11685] ntt=6506 (2099) [기타] 자동차 명의이전 취소판결로 인한 매매상 미매각 추징금 환. / 답변1
  + [11686] ntt=6505 (2098) [기타] 자경농민감면 관련(도시지역,비도시지역 ) / 답변2
  + [11687] ntt=6504 (2097) [기타] 이의신청 결정문 공시송달 가능 여부 / 답변3
  + [11688] ntt=6503 (2096) [기타] 아파트 주차장입구 캐노피 설치 취득세 문의 / 답변1
  + [11689] ntt=6502 (2095) [기타] 지특법 제85조의2[지방공기업 등에 대한 감면] 관련 문. / 답변2
  + [11690] ntt=6501 (2094) [기타] 장애인자동차 감면 관련 문의 / 답변2
  + [11691] ntt=6500 (2093) [기타] 등록면허세(면허)질의 / 답변1
  + [11692] ntt=6497 (2092) [기타] 창업중소기업 등에 대한 감면 문의 / 답변2
  + [11693] ntt=6496 (2091) [기타] 파산한 법인 환급금 양도신청 문의. / 답변2
  + [11694] ntt=6494 (2090) [기타] 다자녀차량 감면 추징 관련 / 답변2
  + [11695] ntt=6493 (2089) [기타] 법인주소정비(재산세관련) / 답변3
  + [11696] ntt=6490 (2088) [기타] 주택건설사업자 상가신축시 사유발생일 질의? / 답변2
  + [11697] ntt=6488 (2087) [기타] 신고 납부 후 감면신청과 경정청구 / 답변6
  + [11698] ntt=6484 (2086) [기타] 주민세(재산분)가산세 관련 / 답변2
  + [11699] ntt=6482 (2085) [기타] 대체취득 취득일 질의(수정) / 답변1
  + [11700] ntt=6481 (2084) [기타] 잘못된 법인번호로 부과한 자동차세 문의 / 답변3
  + [11701] ntt=6479 (2083) [기타] 법인중과세 문의드립니다 / 답변1
  + [11702] ntt=6477 (2082) [기타] 창업 법인의 지점설치 관련 문의드립니다. / 답변1
  + [11703] ntt=6476 (2081) [기타] 대체취득 부재지주 판단 여부 / 답변3
[page 1651 완료] 누적 신규 11703건  (이 게시판 저장 총 49,377건)
  + [11704] ntt=6475 (2080) [기타] 물납 관련 질의 / 답변2
  + [11705] ntt=6474 (2079) [기타] 체납액과 압류에 대해 질의드립니다. / 답변4
  + [11706] ntt=6473 (2078) [기타] 상속과 소유권 보존이 동시에 진행되는 경우 취득일 질의 . / 답변2
  + [11707] ntt=6471 (2077) [기타] 환급금 지급보류 근거 / 답변1
  + [11708] ntt=6469 (2076) [기타] 재산세 감면 문의 / 답변1
  + [11709] ntt=6468 (2075) [기타] 세부담상한 계산방법에 대한 질의 / 답변1
  + [11710] ntt=6467 (2074) [기타] 분양금 후불이자 / 답변5
  + [11711] ntt=6466 (2073) [기타] 시각장애4급 차량취득세 감면 문의드립니다. / 답변4
  + [11712] ntt=6465 (2072) [기타] 재산세 현황과세에 따른 분리과세세율 적용질의 입니다. / 답변2
  + [11713] ntt=6464 (2071) [기타] 재개발 원 조합원의 상속인이 85제곱미터 이하 취득세 감. / 답변1
  + [11714] ntt=6462 (2070) [기타] 취득세와 재산세 감면규정 적용관련 / 답변1
  + [11715] ntt=6461 (2069) [기타] 산업단지 토지 추징 / 답변2
  + [11716] ntt=6460 (2068) [기타] 자동차세 감면 소급적용 문의 / 답변2
  + [11717] ntt=6457 (2067) [기타] 창업중소기업(대표자같고,동종업종,소재지같은경우)감면 문의 / 답변3
  + [11718] ntt=6454 (2066) [기타] 자동차세 장애인감면관련 법률해석에 대해서... / 답변2
  + [11719] ntt=6453 (2065) [기타] 사실상 종중으로 신고된 재산세토지분에 관하여 / 답변1
  + [11720] ntt=6452 (2064) [기타] 지분 주택세율 관련 / 답변3
  + [11721] ntt=6450 (2063) [기타] 신고납부 세목의 신고 행위에 대해 과세관청의 개입 여부? / 답변2
  + [11722] ntt=6449 (2062) [기타] 차량인도명령 거부 및 과태료 부과 질의드립니다. / 답변1
  + [11723] ntt=6448 (2061) [기타] 자동차세 고질체납차량 일소계획(행정자치부 세정13430-. / 답변2
  + [11724] ntt=6447 (2060) [기타] 과점주주 문의 / 답변4
  + [11725] ntt=6436 (2059) [기타] 창업(벤처)중소기업 감면 - 사업장을 이전한 경우 / 답변2
  + [11726] ntt=6435 (2058) [기타] 지특법31조4항관련(한국토지주택공사 공공주택특별법관련매입. / 답변1
  + [11727] ntt=6434 (2057) [기타] LH주택건설 사업에 따른 농특세 비과세 여부 / 답변3
  + [11728] ntt=6433 (2056) [기타] 재산세의 현황부과에대해서 대지를 전으로 보아 분리과세가능. / 답변1
  + [11729] ntt=6431 (2055) [기타] 1가구1주택 세율의 특례적용 관련입니다. / 답변1
  + [11730] ntt=6430 (2054) [기타] 산업단지 감면후 수시부과(추징)분 납부 후 경정청구 가능. / 답변1
  + [11731] ntt=6429 (2053) [기타] 조합원 임대사업자 재산세 감면 여부 / 답변1
  + [11732] ntt=6424 (2052) [기타] 사실상 사용일로 볼 수 있는지? / 답변1
  + [11733] ntt=6423 (2051) [기타] 장애인 차량감면혜택에 관하여 문의사항입니다. / 답변3
[page 1652 완료] 누적 신규 11733건  (이 게시판 저장 총 49,407건)
  + [11734] ntt=6421 (2050) [기타] 주택개량 감면 시 전용면적 질문드립니다. / 답변3
  + [11735] ntt=6420 (2049) [기타] 국가단체 소유권 보존 시 과세표준 질의 / 답변2
  + [11736] ntt=6419 (2048) [기타] 산업단지 추징 문의 / 답변1
  + [11737] ntt=6418 (2047) [기타] 간주취득이 지특법에 감면 대상여부? / 답변2
  + [11738] ntt=6416 (2046) [기타] 차량 구조변경후 장애인 감면 문의 / 답변2
  + [11739] ntt=6415 (2045) [기타] 농특세비과세 여부(이전공공기관 소속직원 취득주택) / 답변1
  + [11740] ntt=6414 (2044) [기타] 자경농민의 농지 조성용 임야 취득세 감면 관련 문의 드립. / 답변1
  + [11741] ntt=6413 (2043) [기타] 차량취득세 감면해제후 자진신고시 이의신청 처리절차 문의 / 답변1
  + [11742] ntt=6412 (2042) [기타] 자동차세 환급시 대상에 관하여 질문입니다. / 답변2
  + [11743] ntt=6407 (2041) [기타] 자동차세 부과시 건설기계에 관하여.. / 답변2
  + [11744] ntt=6406 (2040) [기타] 사망자에게 발생된 수시분(말소분 및 이전분)자동차세의 상. / 답변1
  + [11745] ntt=6405 (2039) [기타] 미준공 건축물에 대한 가등기설정시 과세표준액 적용 요령 / 답변2
  + [11746] ntt=6402 (2038) [기타] 멸실자동차 말소등록없이 대체취득하는 차량 장애인 감면 가. / 답변1
  + [11747] ntt=6401 (2037) [기타] 주상복합의 지하 건물대장 대피소 건 / 답변2
  + [11748] ntt=6400 (2036) [기타] 재건축 지목변경 취득세 부과여부 질의? / 답변1
  + [11749] ntt=6399 (2035) [기타] 창업중소기업 감면 여부 / 답변2
  + [11750] ntt=6398 (2034) [기타] 사망후 상속차량 공매시 취득세과세여부 / 답변2
  + [11751] ntt=6397 (2033) [기타] 수변전 설비 및 크레인 과세여부 / 답변1
  + [11752] ntt=6396 (2032) [기타] 창업시 사업이력 판단 여부 / 답변1
  + [11753] ntt=6395 (2031) [기타] 농업법인의 유통,가공공장 재산분주민세 감면여부 / 답변2
  + [11754] ntt=6394 (2030) [기타] 화물차구조변경 취득세 문의드립니다. / 답변3
  + [11755] ntt=6393 (2029) [기타] 주거용 오피스텔 재산세 관련 문의 / 답변2
  + [11756] ntt=6392 (2028) [기타] 대법원92누7315,1992.9.22선고 판결문을 요청합. / 답변1
  + [11757] ntt=6391 (2027) [기타] 주택건설사업용 부동산(신축) 중과제외 여부 / 답변2
  + [11758] ntt=6390 (2026) [기타] 기업합병 중과 제외 또는 중과? / 답변1
  + [11759] ntt=6388 (2025) [기타] 건설기계 신규등록시 취득세 과세 질문드립니다. / 답변3
  + [11760] ntt=6387 (2024) [기타] 지입차의 체납금액으로 인하여 법인의 재산 압류 여부 / 답변1
  + [11761] ntt=6386 (2023) [기타] 감액 관련 문의 / 답변1
  + [11762] ntt=6385 (2022) [기타] 환급관련 / 답변2
  + [11763] ntt=6384 (2021) [기타] 레미콘회사의 싸이로가 과세대상인가요? / 답변1
[page 1653 완료] 누적 신규 11763건  (이 게시판 저장 총 49,437건)
  + [11764] ntt=6382 (2020) [기타] 건물 내에 저온저장고를 지었을 경우 취득세 과세 여부 / 답변1
  + [11765] ntt=6381 (2019) [기타] 취득세(차량) 다자녀감면 문의 / 답변4
  + [11766] ntt=6379 (2018) [기타] 임대주택 건설용 토지 감면 문의 / 답변4
  + [11767] ntt=6378 (2017) [기타] 직전연도 월별 종업원수 작성방법 문의 / 답변4
  + [11768] ntt=6377 (2016) [기타] 요트 납세지 관련 / 답변1
  + [11769] ntt=6376 (2015) [기타] 고속도로 터널이 지나는 임야의 재산세 감면 여부 / 답변2
  + [11770] ntt=6375 (2014) [기타] 다자녀 감액관련 질문입니다. / 답변4
  + [11771] ntt=6374 (2013) [기타] 개인사업자의 법인전환 문의(사업양수도방식) / 답변2
  + [11772] ntt=6372 (2012) [기타] 영농법인 취득세 추징 문의 드립니다 / 답변3
  + [11773] ntt=6371 (2011) [기타] 명의이전 전의 압류로 현재 차주의 차량의 공매로 넘길 수. / 답변2
  + [11774] ntt=6369 (2010) [기타] 납부불성실가산세의 적용시점 / 답변4
  + [11775] ntt=6368 (2009) [기타] 지방소득세(퇴직소득) 과세자료 연계  여부 문의(실무자님. / 답변1
  + [11776] ntt=6367 (2008) [기타] 영농조합법인의 배당소득에 대한 지방소득세 면제 관련 / 답변1
  + [11777] ntt=6366 (2007) [기타] 상속 1가구1주택의 범위 / 답변1
  + [11778] ntt=6363 (2006) [기타] 신주인수권발행할경우 등록세 기준 / 답변3
  + [11779] ntt=6362 (2005) [기타] 축사 양성화 관련 재산세 과세대장 등재 여부 / 답변1
  + [11780] ntt=6360 (2004) [기타] 건물을 용도변경하지 않고 사용한 경우 감면대상이 안되나요. / 답변1
  + [11781] ntt=6359 (2003) [기타] 경품용 차량 취득세 질문드립니다. / 답변7
  + [11782] ntt=6358 (2002) [기타] 등록세 문의 / 답변3
  + [11783] ntt=6357 (2001) [기타] 공장용도 코드 관련입니다 / 답변0
  + [11784] ntt=6356 (2000) [기타] 한국인이 대마도(일본) 땅 구입후 한국에다 신고 절차 / 답변3
  + [11785] ntt=6355 (1999) [기타] 농어촌 주택개량 감면분 추징관련입니다. / 답변2
  + [11786] ntt=6354 (1998) [기타] 창업중소기업 취득한 건설기계 관련 질의 / 답변4
  + [11787] ntt=6353 (1997) [기타] 지방세법 시행령제36조1항에 대한 해석문의(자동차 취득세. / 답변4
  + [11788] ntt=6352 (1996) [기타] 환매병행등기 취득세 관련 문의 / 답변2
  + [11789] ntt=6350 (1995) [기타] 장애인 차량 소유지분 이전에 따른 추징문의 / 답변4
  + [11790] ntt=6348 (1994) [기타] 체납자가 설정해놓은 가압류를 압류할 수 있나요? / 답변2
  + [11791] ntt=6347 (1993) [기타] 상속시 과표건 / 답변3
  + [11792] ntt=6346 (1992) [기타] 가설건축물 취득시기와 관련하여 문의드립니다 / 답변3
  + [11793] ntt=6345 (1991) [기타] 창업관련 문의입니다 / 답변2
[page 1654 완료] 누적 신규 11793건  (이 게시판 저장 총 49,467건)
  + [11794] ntt=6344 (1990) [기타] 매매용 자동차 도난 취득세 추징 문의드립니다 / 답변3
  + [11795] ntt=6343 (1989) [기타] 차량취득세 다자녀 사후감면 질의 / 답변3
  + [11796] ntt=6342 (1988) [기타] 농어촌 주택개량대상자에 대한 감면 질의 / 답변2
  + [11797] ntt=6341 (1987) [기타] 선박 시가표준액 산정 관련해서 문의드립니다. / 답변1
  + [11798] ntt=6340 (1986) [기타] 임대주택사업자 지방세 일괄부과 방법 문의 / 답변0
  + [11799] ntt=6339 (1985) [기타] 미신고 상속 순위 / 답변3
  + [11800] ntt=6338 (1984) [기타] 천재지변 차량 대체취득 감면 문의드립니다. / 답변2
  + [11801] ntt=6337 (1983) [기타] 종업원분 주민세 합산신고 대상 여부 / 답변2
  + [11802] ntt=6336 (1982) [기타] 경매로 인한 재취득시 / 답변3
  + [11803] ntt=6335 (1981) [기타] 공장용부동산을 임차한 경우 / 답변3
  + [11804] ntt=6333 (1980) [기타] 창업중소기업 감면 대상여부 / 답변1
  + [11805] ntt=6331 (1979) [기타] 태양광 시설물에 대한 재산분 주민세 과세대상 여부 / 답변2
  + [11806] ntt=6330 (1978) [기타] 일반건축물과 집합건축물 간의 전환 시 등록세 질의 / 답변1
  + [11807] ntt=6329 (1977) [기타] 대포차구입시의 처리방법 / 답변1
  + [11808] ntt=6328 (1976) [기타] 해외 이민의 경우 자동차세 납세의무 / 답변3
  + [11809] ntt=6327 (1975) [기타] 가설건축물(모델하우스) 납세의무자 문의 / 답변2
  + [11810] ntt=6326 (1974) [기타] 선순위 상속인 상속포기시 후순위 상속인의 취득세 신고납부. / 답변1
  + [11811] ntt=6325 (1973) [기타] 사망자차량 공매가능 문의입니다. / 답변2
  + [11812] ntt=6324 (1972) [기타] 지방소득세(양도소득) 납세지 문의 / 답변1
  + [11813] ntt=6323 (1971) [기타] 개인->법인 부담부증여 / 답변2
  + [11814] ntt=6322 (1970) [기타] 자동차세 환급시점에 관하여 / 답변1
  + [11815] ntt=6321 (1969) [기타] 사망신고를 3년 뒤에 신고한 체납액에 대한 압류 및 공매. / 답변1
  + [11816] ntt=6317 (1968) [기타] 창업중소기업 감면의무내용 문의 / 답변2
  + [11817] ntt=6316 (1967) [기타] 차량 취득세 다자녀감면 문의드립니다. / 답변3
  + [11818] ntt=6314 (1966) [기타] 주택에 부속되어 생활용으로 사용하고 있는 지하수 / 답변2
  + [11819] ntt=6311 (1965) [기타] 차량 일괄 경매 취득시 차량별 취득가액 산정기준 / 답변3
  + [11820] ntt=6310 (1964) [기타] 건축물 대장상 찜질방 용도 코드 관련입니다 / 답변2
  + [11821] ntt=6308 (1963) [기타] 명의신탁해지증서 / 답변3
  + [11822] ntt=6305 (1962) [기타] 멸실,소멸된 차량으로 인정받을 수 있는 방법이 있나요? / 답변2
  + [11823] ntt=6303 (1961) [기타] 법인지방소득세 가산세 / 답변1
[page 1655 완료] 누적 신규 11823건  (이 게시판 저장 총 49,497건)
  + [11824] ntt=6302 (1960) [기타] 유동화 전문화사의 부동산 취득시 취득가액 포함여부 / 답변2
  + [11825] ntt=6301 (1959) [기타] 건축물 신축시 과표 산정 / 답변3
  + [11826] ntt=6300 (1958) [기타] 종중의 지방소득세(양도소득)  납세지문의드려요 / 답변1
  + [11827] ntt=6299 (1957) [기타] 주민세 종업원분 문의 / 답변1
  + [11828] ntt=6297 (1956) [기타] 1가구1주택 다시 정리해서 질문드립니다 / 답변2
  + [11829] ntt=6295 (1955) [기타] 지방소득세 양도소득분에 대해 질문드려요~ / 답변1
  + [11830] ntt=6294 (1954) [기타] 지방소득세(양도소득) 납세지 질문드려요. / 답변1
  + [11831] ntt=6293 (1953) [기타] 공유권 분할 등기 후 합의해제 질의 / 답변2
  + [11832] ntt=6291 (1952) [기타] 버섯재배사건축물 및 부속토지 상속 취득시 세율적용에 대한. / 답변2
  + [11833] ntt=6290 (1951) [기타] 상속이나 서민주택 1가구1주택 감면시 주택 해당 여부 문. / 답변5
  + [11834] ntt=6289 (1950) [기타] 과점주주 해당여부 / 답변4
  + [11835] ntt=6288 (1949) [기타] 자동차세 장애인감면 혜택중에 지분비율의 의미가 궁금합니다 / 답변3
  + [11836] ntt=6284 (1948) [기타] 교환에 따른 취득세 과세여부 / 답변2
  + [11837] ntt=6280 (1947) [기타] 1가구1주택 상속 취득세 감면 관련 문의 / 답변2
  + [11838] ntt=6276 (1946) [기타] 지방세환급가산금의 기산일 문의 / 답변1
  + [11839] ntt=6275 (1945) [기타] 임의경매가 진행 중인 부동산을 매수게약한 경우 취득세 납. / 답변1
  + [11840] ntt=6270 (1944) [기타] 무허가 축사 추인관련 문의드립니다 / 답변2
  + [11841] ntt=6269 (1943) [기타] 선박 시가표준액 적용 관련 / 답변1
    [retry 1/3] ReadTimeout
    [retry 2/3] ConnectTimeout
    [retry 3/3] ConnectTimeout
  + [11842] ntt=6266 (1941) [기타] 임대주택 등에 대한 감면 관련 가족에게 임대시 문의입니다. / 답변1
  + [11843] ntt=6265 (1940) [기타] 어린이집 취득세 추징여부(부부 공동명의, 부인이 원장, . / 답변2
  + [11844] ntt=6262 (1939) [기타] 부동산 신탁등기용 납세증명서 발급 질의 / 답변1
  + [11845] ntt=6260 (1938) [기타] 환급가산금기산일 문의 / 답변1
  + [11846] ntt=6255 (1937) [기타] 급배수시설관련 문의드립니다. / 답변2
  + [11847] ntt=6253 (1936) [기타] 취득세 과소 부과분에 대한 가산세 문의 / 답변1
  + [11848] ntt=6252 (1935) [기타] 지목변경 취득세 문의(대지조성사업이 아닌 사실상 택지조성. / 답변2
  + [11849] ntt=6251 (1934) [기타] 도로 세액 코드 / 답변1
  + [11850] ntt=6250 (1933) [기타] 재산세 지목변경 상한세액 / 답변1
  + [11851] ntt=6248 (1932) [기타] 세부담 상한문의 / 답변2
  + [11852] ntt=6246 (1931) [기타] 직계존비속 유상거래시 유상거래를 입증하지 못했을 경우 과. / 답변1
[page 1656 완료] 누적 신규 11852건  (이 게시판 저장 총 49,526건)
  + [11853] ntt=6244 (1930) [기타] 사망자 소유 예금으로 상속인 체납세 납부 / 답변1
  + [11854] ntt=6243 (1929) [기타] 자동차 취득세 추징문제 (지특법 17조 장애인용 자동차에. / 답변1
  + [11855] ntt=6242 (1928) [기타] 잔금기준 관련 판례(급) / 답변1
  + [11856] ntt=6241 (1927) [기타] 매매용 중고자동차 감면 후 2년이내 수출말소한 경우 / 답변1
  + [11857] ntt=6240 (1926) [기타] 환가말소등록 누락 자동차 지방세 감액 관련 / 답변1
  + [11858] ntt=6238 (1925) [기타] 대도시 전입 물어봅니다. / 답변1
    [retry 1/3] ReadTimeout
  + [11859] ntt=6237 (1924) [기타] 불법건축물 사당에 대한 비과세 문의 / 답변3
  + [11860] ntt=6236 (1923) [기타] 지입회사에 대한 압류가능여부 질의 / 답변2
  + [11861] ntt=6235 (1922) [기타] 금융투자업 등록면허세(면허분)환급에 대해 질의드립니다. / 답변1
  + [11862] ntt=6233 (1921) [기타] 지방소득세(종합) 직권고지 납세지 문의 / 답변1
  + [11863] ntt=6232 (1920) [기타] 2차납세의무자 지정과 소멸시효 / 답변2
  + [11864] ntt=6231 (1919) [기타] 자경농민감면 질의 / 답변2
  + [11865] ntt=6230 (1918) [기타] 주택재건축 조합의 토지 권리가격에 대해 문의드립니다 / 답변2
  + [11866] ntt=6229 (1917) [기타] 문중소유 토지 과세코드 관련입니다 / 답변2
  + [11867] ntt=6227 (1916) [기타] 임대사업자 절세관련 문의드려요. / 답변1
  + [11868] ntt=6226 (1915) [기타] 차량 취득세 납세지 착오로 세입금 이체요청시 가산세 문제 / 답변3
  + [11869] ntt=6225 (1914) [기타] 지방소득세(특별징수분)  지방세 환급청구 소멸시효 기간 . / 답변1
  + [11870] ntt=6223 (1913) [기타] 장애인 차량 추징 문의 / 답변5
  + [11871] ntt=6222 (1912) [기타] 자동차세 상속에 관련하여..간단한 질문입니다 / 답변3
  + [11872] ntt=6218 (1911) [기타] 지방소득세 세입금 정정 요청 관련 질문 / 답변2
  + [11873] ntt=6217 (1910) [기타] 직계존비속간 거래시 취득세 문의드립니다 / 답변2
  + [11874] ntt=6216 (1909) [기타] 재해로 인한 징수유예 / 답변1
  + [11875] ntt=6215 (1908) [기타] 재산세, 산림계획경영인가 관련해서 질문 드립니다. / 답변3
  + [11876] ntt=6214 (1907) [기타] 본점신축건물인데 중과제외 문의 / 답변1
  + [11877] ntt=6212 (1906) [기타] 공증받지 않은 유증에 의한 취득세 부과 / 답변3
  + [11878] ntt=6211 (1905) [기타] 주민세 재산분 신고 / 답변2
  + [11879] ntt=6210 (1904) [기타] 주민세재산분 / 답변2
  + [11880] ntt=6209 (1903) [기타] 산업단지 입주기업 감면 질문 / 답변3
  + [11881] ntt=6207 (1902) [기타] 부당이득금 지급하게 된 도로에 대한 도시지역분 부과 / 답변2
  + [11882] ntt=6205 (1901) [기타] 법인의 위탁사업장 법인균등분 주민세 / 답변2
[page 1657 완료] 누적 신규 11882건  (이 게시판 저장 총 49,556건)
  + [11883] ntt=6202 (1900) [기타] 다자녀감면 취득세 추징관련 / 답변9
  + [11884] ntt=6201 (1899) [기타] 한국농어촌공사 농특세 감면 여부 / 답변2
  + [11885] ntt=6198 (1898) [기타] 자동차세 비과세에 대한 재산상속포기 판결문 제출시기의 의. / 답변2
  + [11886] ntt=6197 (1897) [기타] 절세 문의입니다. / 답변2
  + [11887] ntt=6196 (1896) [기타] 내진성능 확보 건축물 또는 주택에 대한 감면에 대한문의 / 답변1
  + [11888] ntt=6195 (1895) [기타] 지방세법 관련  문의드립니다. / 답변3
  + [11889] ntt=6194 (1894) [기타] 지방세특례제한법 감면 대상 여부 / 답변1
  + [11890] ntt=6193 (1893) [기타] 주민세 종업원분 부과를 위한 동일구내의 판단 기준 / 답변2
  + [11891] ntt=6191 (1892) [기타] 문의드립니다. / 답변5
  + [11892] ntt=6190 (1891) [기타] 산업단지 조성중 토지에 대한 감면(법인설립) / 답변3
    [retry 1/3] ReadTimeout
  + [11893] ntt=6186 (1890) [기타] 신축과표 하자보수충당금과 퇴직급여충당금 산입여부 / 답변4
  + [11894] ntt=6185 (1889) [기타] 교환 취득세 문의 / 답변1
  + [11895] ntt=6184 (1888) [기타] 매각결정에 따른 이의신청 / 답변1
  + [11896] ntt=6183 (1887) [기타] 2차 납세의무 지정 후 납부 최고서 공시송달 문의 / 답변3
  + [11897] ntt=6182 (1886) [기타] 미신고 상속 관련 / 답변1
  + [11898] ntt=6179 (1885) [기타] 사업소에 부과되는 균등분 주민세, 휴업관련 질의입니다. / 답변3
  + [11899] ntt=6178 (1884) [기타] 법인지방소득세 환급가산금 기산일 문의 / 답변1
  + [11900] ntt=6177 (1883) [기타] 재건축조합 토지 취득세 문의드립니다 / 답변2
  + [11901] ntt=6176 (1882) [기타] 산업단지개발사업 시행자에 대한 재산세 감면 질의 / 답변3
  + [11902] ntt=6175 (1881) [기타] 등록면허세(면허) 분 관련 문의입니다. / 답변3
  + [11903] ntt=6173 (1880) [기타] 창업중소기업 혹은 창업벤처기업 감면 여부 / 답변3
  + [11904] ntt=6172 (1879) [기타] 건축신고(허가) 등록면허세 부과 / 답변1
  + [11905] ntt=6168 (1878) [기타] 주민세 균등분 문의 / 답변1
  + [11906] ntt=6167 (1877) [기타] 유증으로 인한 상속의 경우 취득세율 적용 문의 / 답변1
  + [11907] ntt=6162 (1876) [기타] 부동산 압류 해제 요건관련 / 답변3
  + [11908] ntt=6161 (1875) [기타] 견본주택 법인균등할주민세 부과관련 / 답변1
  + [11909] ntt=6160 (1874) [기타] 재산세 상속대표자 관련 질문입니다. / 답변2
  + [11910] ntt=6159 (1873) [기타] 산업단지 시행자 감면 / 답변1
  + [11911] ntt=6157 (1872) [기타] 직장 기숙사에 거주하는 직장인의 주민세 과세관련 / 답변1
  + [11912] ntt=6156 (1871) [기타] 사망자상속에 관련 질문입니다 / 답변1
[page 1658 완료] 누적 신규 11912건  (이 게시판 저장 총 49,586건)
  + [11913] ntt=6154 (1870) [기타] 공동명의 자동차에 대한 고지서 송달 / 답변1
  + [11914] ntt=6153 (1869) [기타] 압류가능여부 문의드려요. / 답변2
  + [11915] ntt=6151 (1868) [기타] 지입차량 주정차위반 과태료 체납에 대해 운송회사 부동산 . / 답변2
  + [11916] ntt=6149 (1867) [기타] 지목변경 간주취득세 부과가능여부 / 답변1
  + [11917] ntt=6148 (1866) [기타] 임시건축물 신축시 농어촌특별세 비과세 여부 / 답변2
  + [11918] ntt=6145 (1865) [기타] 예금압류 추심 문의 / 답변4
  + [11919] ntt=6144 (1864) [기타] 주민세(개인균등분) 질의합니다. / 답변1
  + [11920] ntt=6143 (1863) [기타] 대포차에 대한 따로 처리를 해야할까요? / 답변2
  + [11921] ntt=6142 (1862) [기타] 소유권보존(신축) 취득세 문의 / 답변3
  + [11922] ntt=6141 (1861) [기타] 세무조사 수시분 부과에 관한 질의 / 답변3
  + [11923] ntt=6140 (1860) [기타] 지방세 환급금 소멸시효 문의 / 답변1
  + [11924] ntt=6138 (1859) [기타] 보험회사 법인지방소득세 지점 과세 / 답변1
  + [11925] ntt=6137 (1858) [기타] 비과세 관련 판단 자료 요청해요. / 답변1
  + [11926] ntt=6136 (1857) [기타] 자동차세 환급(장애인 소급감면)문의드립니다. / 답변2
  + [11927] ntt=6134 (1856) [기타] 과태료 관허사업제한시 해당 사업의 범위 / 답변2
  + [11928] ntt=6133 (1855) [기타] 고액체납자 명단공개대상자 / 답변2
  + [11929] ntt=6132 (1854) [기타] 중고차상사에서 해당차량에대한 법원가처분으로 2년이내 매각. / 답변1
  + [11930] ntt=6129 (1853) [기타] 장애인감면 취득세 추징문의(내용수정) / 답변4
  + [11931] ntt=6128 (1852) [기타] 산업단지 실시 계획인가후 / 답변2
  + [11932] ntt=6127 (1851) [기타] 묘지에 관한 취득세율 / 답변4
  + [11933] ntt=6125 (1850) [기타] 차량 과소신고에 대해서.. / 답변4
  + [11934] ntt=6123 (1849) [기타] 부동산합의해제에 의한 재산세 납세의무자 / 답변2
  + [11935] ntt=6121 (1848) [기타] 수익형호텔 취득세 / 답변1
  + [11936] ntt=6120 (1847) [기타] 주민세(법인균등분) 비과세 대상 질의 / 답변1
  + [11937] ntt=6119 (1846) [기타] 주택건설사업자 중과 여부 / 답변1
  + [11938] ntt=6118 (1845) [기타] 자동차세 외국인관련 처분 문의입니다 / 답변2
    [retry 1/3] ReadTimeout
    [retry 2/3] ConnectTimeout
  + [11939] ntt=6114 (1844) [기타] 법인 지방소득세 과세대상 / 답변3
  + [11940] ntt=6113 (1843) [기타] 자동차세 장애인관련 질문입니다 / 답변3
  + [11941] ntt=6111 (1842) [기타] 공동명의 차량 자동차세 감면에 관해 질의드립니다. / 답변6
  + [11942] ntt=6110 (1841) [기타] 지방소득세(양도소득분) 납세지 문의 / 답변2
[page 1659 완료] 누적 신규 11942건  (이 게시판 저장 총 49,616건)
  + [11943] ntt=6108 (1840) [기타] 산업단지 감면 관련 / 답변1
  + [11944] ntt=6107 (1839) [기타] 차량취득과표차이 추징 문의(세무조사 관련) / 답변2
  + [11945] ntt=6106 (1838) [기타] 자동차세 감면차량 문의합니다. / 답변2
  + [11946] ntt=6104 (1837) [기타] 토지 현황 변경으로 인한 공시지가 상승에 관한 문의 / 답변2
  + [11947] ntt=6103 (1836) [기타] 주민세 균등분 외국인 과세 문의 / 답변1
  + [11948] ntt=6102 (1835) [기타] 창업 감면시 업종코드 찾는 방법 / 답변3
  + [11949] ntt=6099 (1834) [기타] 2007두2197 당해세 압류선착주의 적용 배제에 관한 . / 답변4
  + [11950] ntt=6097 (1833) [기타] 주소지불명 외국인과 전화번호가 되지 않는 납세자관련입니다 / 답변2
  + [11951] ntt=6096 (1832) [기타] 문중소유 임야 분리//종합 합산 여부 / 답변1
  + [11952] ntt=6095 (1831) [기타] 도난 말소 관련 의문입니다 / 답변2
  + [11953] ntt=6094 (1830) [기타] 지특법제33조(주택공급확대를 위한감면)와 관련한 질문 / 답변1
    [retry 1/3] ReadTimeout
  + [11954] ntt=6093 (1829) [기타] 지목변경 취득일 문의 / 답변1
  + [11955] ntt=6092 (1828) [기타] 주민세(법인균등분)에 대해 문의드립니다. / 답변2
  + [11956] ntt=6091 (1827) [기타] 주민세(재산분) 중 중과대상 관련 질문있습니다. / 답변1
  + [11957] ntt=6090 (1826) [기타] 농어촌공사 재산세 감면율 문의 / 답변2
  + [11958] ntt=6088 (1825) [기타] 제2차 납세의무자 관련 문의드립니다. / 답변2
  + [11959] ntt=6087 (1824) [기타] 지방세 환급여부(부동산위반거래) / 답변2
  + [11960] ntt=6085 (1823) [기타] 무허가주택 취득세 과세표준 관련 질의합니다 / 답변2
  + [11961] ntt=6084 (1822) [기타] 국세청 경정결정시 가산세 감면유무 ? / 답변1
  + [11962] ntt=6081 (1821) [기타] 산업단지 감면후 추징 / 답변3
  + [11963] ntt=6080 (1820) [기타] 사원주거용 목적부동산 중과제외 질의? / 답변1
  + [11964] ntt=6079 (1819) [기타] 산업단지 토지 승계취득시 감면대상 여부 / 답변1
  + [11965] ntt=6078 (1818) [기타] 차량 취득세 다자녀 감면 관련건입니다. / 답변3
  + [11966] ntt=6075 (1817) [기타] 재산분 주민세 관련 / 답변3
  + [11967] ntt=6074 (1816) [기타] 부착된 금고란? / 답변2
  + [11968] ntt=6073 (1815) [기타] 주민세(개인균등분) 감액 질문드립니다. / 답변3
  + [11969] ntt=6072 (1814) [기타] 법인지방소득세 가산세 감면 해당 여부 질의 / 답변1
  + [11970] ntt=6070 (1813) [기타] 자동차 공매대금 배분시 쟁점사항 질의 / 답변8
  + [11971] ntt=6069 (1812) [기타] 골프연습장 재산분 주민세 문의드립니다 / 답변1
  + [11972] ntt=6068 (1811) [기타] 세대원이 있는 세대주인 군인은 개인균등분 주민세 과세대상. / 답변2
[page 1660 완료] 누적 신규 11972건  (이 게시판 저장 총 49,646건)
  + [11973] ntt=6066 (1810) [기타] 차량 압류해제 가능여부 문의드립니다. / 답변4
  + [11974] ntt=6065 (1809) [기타] 개인균등분 주민세 질의 / 답변2
    [retry 1/3] ReadTimeout
  + [11975] ntt=6064 (1808) [기타] 주민세(개인균등분) 과세여부 / 답변2
  + [11976] ntt=6063 (1807) [기타] 지방세 환급여부(부동산위반거래) / 답변1
  + [11977] ntt=6060 (1806) [기타] 산업단지 재산세 관련 질문입니다 / 답변1
  + [11978] ntt=6059 (1805) [기타] 지특법81조 이전공공기관을 따라 이주하는 소속임직원에 감. / 답변1
  + [11979] ntt=6058 (1804) [기타] 주민세(균등분) -외교관 해외거주 / 답변5
  + [11980] ntt=6055 (1803) [기타] 건축 허가사항 변경(연면적 증가)시 등록면허세(면허) 과. / 답변2
  + [11981] ntt=6051 (1802) [기타] 주민세법균 문의 / 답변2
  + [11982] ntt=6049 (1801) [기타] 학교등이 취득하는 부동산 취득세 면제 해당 여부 판단 / 답변1
    [retry 1/3] ReadTimeout
  + [11983] ntt=6047 (1800) [기타] 주민세(개인균등분)재질의 드립니다. / 답변2
  + [11984] ntt=6046 (1799) [기타] 법인지방소득세 수입금액기준 가산세 적용 문의 / 답변1
  + [11985] ntt=6045 (1798) [기타] 재산세(토지) 과세구분 코드에 대해서..(캠핑장,야영장 . / 답변2
  + [11986] ntt=6044 (1797) [기타] 부과제척기간, 지방세 환급 관련입니다. / 답변3
  + [11987] ntt=6043 (1796) [기타] 차량 취득세 다자녀 감면 대체취득 문의드립니다. / 답변5
  + [11988] ntt=6040 (1795) [기타] 과점주주 취득 문의드립니다.. / 답변3
  + [11989] ntt=6039 (1794) [기타] 법인합병 아시는 분... / 답변1
  + [11990] ntt=6038 (1793) [기타] 주민세(개인균등분) 질문드립니다. / 답변2
  + [11991] ntt=6037 (1792) [기타] 개인에서 법인전환 중과제외 문의 / 답변2
  + [11992] ntt=6036 (1791) [기타] 현출출자 문의 / 답변2
  + [11993] ntt=6035 (1790) [기타] 노인복지시설 감면 여부 / 답변4
  + [11994] ntt=6034 (1789) [기타] 창업중소기업 감면 여부 / 답변1
  + [11995] ntt=6033 (1788) [기타] 압류차량에서 습득한 물건의 처리 / 답변1
  + [11996] ntt=6032 (1787) [기타] 신탁물건에 대한 교통유발부담금 체납처분과 관련하여 여쭤봅. / 답변2
  + [11997] ntt=6031 (1786) [기타] 창업중소기업 감면 문의 / 답변1
  + [11998] ntt=6023 (1785) [기타] 창업중소기업 추징시 가산세 관련 문의 / 답변2
  + [11999] ntt=6016 (1784) [기타] 프리랜서 개인사업분 주민세 관련 질의 / 답변3
  + [12000] ntt=6015 (1783) [기타] 이동식 리프트가 기계장비 과세대상인지 ? / 답변1
  + [12001] ntt=6014 (1782) [기타] 환급가산금문의 / 답변4
  + [12002] ntt=6013 (1781) [기타] 콘도회원권 취득관련 / 답변1
[page 1661 완료] 누적 신규 12002건  (이 게시판 저장 총 49,676건)
  + [12003] ntt=6012 (1780) [기타] 중과세율 적용 어떻게하나요? / 답변4
  + [12004] ntt=6011 (1779) [기타] 의료법인의 의료업 해당여부 판단 / 답변1
  + [12005] ntt=6010 (1778) [기타] 재산세 납세의무자 관련 문의드립니다 / 답변2
  + [12006] ntt=6009 (1777) [기타] 농업회사 법인 부동산 취득? / 답변2
  + [12007] ntt=6005 (1776) [기타] 산업단지 감면 문의드립니다. / 답변2
  + [12008] ntt=6004 (1775) [기타] 연접하지 않은 토지를 공유물분할시 세율특례 적용대상인지 / 답변1
    [retry 1/3] ReadTimeout
  + [12009] ntt=6003 (1774) [기타] 창업중소기업 추징여부 / 답변1
  + [12010] ntt=6002 (1773) [기타] 이동가능한 컨테이너 휴게실 취득세 / 답변3
  + [12011] ntt=6000 (1772) [기타] 판결 관련 문의 / 답변2
  + [12012] ntt=5999 (1771) [기타] 지목변경 취득세 관련 문의 드립니다 / 답변2
  + [12013] ntt=5996 (1770) [기타] 세대주 사망에 따른 개인균등분 주민세 / 답변4
  + [12014] ntt=5994 (1769) [기타] 불법 산지전용 양성화 관련 문의입니다. / 답변1
  + [12015] ntt=5993 (1768) [기타] 창업중소기업 / 답변1
  + [12016] ntt=5992 (1767) [기타] 법무사 비용의 취득세 과표산입 여부 문의 - 세무조사 추. / 답변4
  + [12017] ntt=5990 (1766) [기타] 경찰서의 감면차량 관련 문의 / 답변3
  + [12018] ntt=5989 (1765) [기타] 공유물분할시 사회복지법인 감면을 적용가능지 여부 / 답변3
  + [12019] ntt=5988 (1764) [기타] 자동차세 관련 문의드립니다 / 답변3
  + [12020] ntt=5985 (1763) [기타] 법인균등주민세 관련 사업소 문의 / 답변2
  + [12021] ntt=5984 (1762) [기타] 공매개시공고 등록을 한 후 설정한 가압류의 경우 배분순위. / 답변1
  + [12022] ntt=5983 (1761) [기타] 재산세 주된상속자 관련입니다 / 답변1
  + [12023] ntt=5982 (1760) [기타] 주택임대사업자 감면 : 60일내 변경등록신청했으나 60일. / 답변2
  + [12024] ntt=5981 (1759) [기타] 공시지가 관련 문의 드립니다. / 답변4
  + [12025] ntt=5980 (1758) [기타] 자동차 공매 배당관련문의(저당권 승계시) / 답변3
  + [12026] ntt=5978 (1757) [기타] 자동차세 와 관련하여 질문이있습니다 / 답변3
  + [12027] ntt=5977 (1756) [기타] 조합원아파트 임대사업자 감면 여부 / 답변4
  + [12028] ntt=5976 (1755) [기타] 자동차세 연대 납세의무 문의 / 답변2
  + [12029] ntt=5974 (1754) [기타] 기존에 보유하고 있던 가설건축물을 동일한 대지 내로 옮겨. / 답변1
  + [12030] ntt=5972 (1753) [기타] 지방세기본법 제33조(공시송달) 제2항 관련 / 답변3
  + [12031] ntt=5970 (1752) [기타] 지특법 제29조(국가유공자 등에 대한 감면) 관련 질문입. / 답변1
  + [12032] ntt=5969 (1751) [기타] 침수차량 대체취득에 관한 질문드립니다.(지특법 제92조) / 답변4
[page 1662 완료] 누적 신규 12032건  (이 게시판 저장 총 49,706건)
  + [12033] ntt=5966 (1750) [기타] 장애인감면 차량 취득세 추징 기산일 문의 / 답변3
  + [12034] ntt=5964 (1749) [기타] 법인간거래시 미지급비용 환급가능여부 / 답변1
  + [12035] ntt=5963 (1748) [기타] 자동차세 관련해서 질문이 있습니다 / 답변3
  + [12036] ntt=5962 (1747) [기타] 상속 협의가 안되었을 경우 대표자 신고 / 답변3
  + [12037] ntt=5961 (1746) [기타] 체납법인과 2차 납세의무자 대한 업무처리 방법 문의 / 답변1
  + [12038] ntt=5959 (1745) [기타] 농업법인 및 자경농민 직불금 타인수령 추징관련 / 답변1
  + [12039] ntt=5958 (1744) [기타] 이전공공기관을 따라 이주하는 소속 임직원의 주택취득 감면. / 답변1
  + [12040] ntt=5957 (1743) [기타] 증여 합의해제 관련하여 추징 문의드립니다. / 답변6
  + [12041] ntt=5954 (1742) [기타] 세율특례의 적용 방법 / 답변3
  + [12042] ntt=5953 (1741) [기타] 세무조사 추징액에 대한 고지유예 가능여부 / 답변2
  + [12043] ntt=5950 (1740) [기타] 취득가액의 범위(공탁금에 포함된 소송 비용등) / 답변1
  + [12044] ntt=5949 (1739) [기타] 수시분 (상속) 취득세 문의 / 답변1
  + [12045] ntt=5948 (1738) [기타] 내년 업무보고 참고용으로 업무보고자료 공유하고자 합니다. / 답변4
  + [12046] ntt=5947 (1737) [기타] 단독주택의 토지만 취득 후, 건물을 취득하는 경우 취득세. / 답변2
  + [12047] ntt=5945 (1736) [기타] 지입차주 종업원 여부 / 답변1
  + [12048] ntt=5943 (1735) [기타] 가설건축물 승계취득시 1년경과 판단기준 / 답변2
  + [12049] ntt=5940 (1734) [기타] 자경농민의 농지조성관련 / 답변1
  + [12050] ntt=5938 (1733) [기타] 주택조합 취득세 첨부서류 및 일반 사항 질문드립니다 / 답변1
  + [12051] ntt=5937 (1732) [기타] 장애인 자동차세 감면 관련 문의 / 답변3
  + [12052] ntt=5935 (1731) [기타] 번호판을 반납후 휴지(休止)중인 건설기계에 대한 자동차세 / 답변1
  + [12053] ntt=5934 (1730) [기타] 7월 징수유예된 건에대해 압류가 가능한지? / 답변2
  + [12054] ntt=5933 (1729) [기타] 종교단체 유치원 법인균등 주민세 과세 여부 / 답변1
  + [12055] ntt=5930 (1728) [기타] 창업 중소기업 판단과 관련하여... / 답변1
  + [12056] ntt=5929 (1727) [기타] 지방세특례제한법 74조 관련 / 답변1
  + [12057] ntt=5928 (1726) [기타] 운송회사명의 지입차량을 현물출자형식으로 변경하는 경우 / 답변3
  + [12058] ntt=5927 (1725) [기타] 관허사업제한 대상 여부 / 답변3
  + [12059] ntt=5926 (1724) [기타] 공사현장 주민세 법인균등분 문의드립니다 / 답변3
  + [12060] ntt=5924 (1723) [기타] 취득세 동일필지 내 2가구 주택시 주택세율 문의 / 답변1
  + [12061] ntt=5923 (1722) [기타] 법정상속등기 후 유증에 의해 상속인 1인으로 경정등기시 . / 답변1
  + [12062] ntt=5922 (1721) [기타] 다세대신축후 대지권설정시 토지 지분 증가 취득세? / 답변3
[page 1663 완료] 누적 신규 12062건  (이 게시판 저장 총 49,736건)
  + [12063] ntt=5921 (1720) [기타] 신탁회사 공매물건 배분 관련 질문입니다. / 답변3
  + [12064] ntt=5918 (1719) [기타] 재산세 감면 관련 문의드립니다. / 답변4
  + [12065] ntt=5917 (1718) [기타] 독촉장 발부시기에 대한 효력발생여부 / 답변1
  + [12066] ntt=5915 (1717) [기타] (자동차세)장애인 감면차량 기산일 문의드립니다. / 답변2
  + [12067] ntt=5914 (1716) [기타] 창업중소기업 감면 문의 / 답변1
  + [12068] ntt=5911 (1715) [기타] 콘도 공매 처분 실익 분석 / 답변1
  + [12069] ntt=5910 (1714) [기타] 유료낚시터 부지의 토지형태?? / 답변2
  + [12070] ntt=5909 (1713) [기타] 취득세-하수도원인자부담금 문의 / 답변2
  + [12071] ntt=5907 (1712) [기타] 부과가산금 관련... / 답변2
  + [12072] ntt=5904 (1711) [기타] 농협 합병 관련 문의드립니다 / 답변2
  + [12073] ntt=5901 (1710) [기타] 자동차 취득세 감면신청시 공무원의 처리기간은?? / 답변6
  + [12074] ntt=5899 (1709) [기타] 콘도회원권 부과 질의드립니다~~ / 답변3
  + [12075] ntt=5894 (1708) [기타] 대체취득 감면질의(재건축정비사업조합이 관계법령에 따라 토. / 답변2
  + [12076] ntt=5891 (1707) [기타] 창업으로 보지 않는 경우에 대한 문의 / 답변4
  + [12077] ntt=5890 (1706) [기타] 창업중소기업감면 주주변동, 법인의 대표자 변경관련  문의. / 답변1
  + [12078] ntt=5889 (1705) [기타] 취득세 농지세율 적용 가능 여부 / 답변3
  + [12079] ntt=5888 (1704) [기타] 주민세 정기분관련 질문남깁니다~ / 답변1
  + [12080] ntt=5886 (1703) [기타] 장애인혜택에 대해서 궁금한 것이 있습니다 / 답변3
  + [12081] ntt=5885 (1702) [기타] 창업중소기업 재산세 감면 관련 문의 드립니다. / 답변1
  + [12082] ntt=5882 (1701) [기타] 부과취소 등 소송 시 체납처분 범위~~~ / 답변3
  + [12083] ntt=5880 (1700) [기타] 법인 지방소득세 소액부 / 답변4
  + [12084] ntt=5878 (1699) [기타] 한국농어촌공사 관련 임야 및 잡종지 등에 대해서 질문드립. / 답변3
  + [12085] ntt=5877 (1698) [기타] 지특법 14조 농협, 산림조합등 감면 / 답변2
  + [12086] ntt=5872 (1697) [기타] 창업 감면 여부 문의 / 답변4
  + [12087] ntt=5871 (1696) [기타] 주택 신축시 과세표준 관련 문의입니다. / 답변2
  + [12088] ntt=5870 (1695) [기타] 장애인관련하여 질문이 있습니다 / 답변3
  + [12089] ntt=5868 (1694) [기타] 납부기한연장 질의드립니다 / 답변2
  + [12090] ntt=5867 (1693) [기타] 자동차인도명령질의드립니다. / 답변5
  + [12091] ntt=5866 (1692) [기타] 2차납세의무자 관련하여 질의 드립니다. / 답변3
  + [12092] ntt=5865 (1691) [기타] 창업중소기업 감면 문의 / 답변2
[page 1664 완료] 누적 신규 12092건  (이 게시판 저장 총 49,766건)
  + [12093] ntt=5864 (1690) [기타] 지특법 제80조(공장의 지방 이전에 따른 감면) / 답변1
  + [12094] ntt=5863 (1689) [기타] 전기 이륜자동차에 대해서 문의합니다. / 답변3
  + [12095] ntt=5862 (1688) [기타] 노인복지시설 취득세 감면 질의 / 답변2
  + [12096] ntt=5858 (1687) [기타] 창업감면 관련(감면신청시와 다른 업종 영위시) / 답변1
  + [12097] ntt=5854 (1686) [기타] 공동명의 자동차의 대표소유자 사망에 따른 상속 / 답변2
  + [12098] ntt=5853 (1685) [기타] 체납세 상속 / 답변2
  + [12099] ntt=5851 (1684) [기타] 토지수용 등으로 인한 대체취득에 대한 감면 관련 부재부동. / 답변1
  + [12100] ntt=5847 (1683) [기타] 국세 원천징수 관련자료(국기, 서면-2014-법령해석기본. / 답변1
  + [12101] ntt=5846 (1682) [기타] 자동차소유자 교도소수감 중 감면은? / 답변4
  + [12102] ntt=5845 (1681) [기타] 자동차 공동소유자관련 경매 문의합니다. / 답변2
  + [12103] ntt=5844 (1680) [기타] 지방세법  제26조 제2항제2호(등록에 대한 등록세 비과. / 답변1
  + [12104] ntt=5843 (1679) [기타] 지방세특례제한법 제11조의 농업법인 요건 / 답변1
  + [12105] ntt=5842 (1678) [기타] 한국토지주택공사의 임대용 부동산 감면 / 답변1
  + [12106] ntt=5839 (1677) [기타] 토지소유자의 지방세 세목별과세증명서를 재개뱔조합이 발급가. / 답변2
  + [12107] ntt=5837 (1676) [기타] 건물토지 일괄취득후 감면신청시 철거하는 기존건물은 취득세. / 답변4
  + [12108] ntt=5836 (1675) [기타] 취득세 이의신청 기간 / 답변3
  + [12109] ntt=5834 (1674) [기타] 법인의 합병,분할시 취득일 / 답변5
  + [12110] ntt=5833 (1673) [기타] 자동차 소유자 사망 시 공매 및 체납승계 절차 문의 / 답변5
  + [12111] ntt=5825 (1672) [기타] 비과세 감면 신청 반려 통지의 의미 / 답변1
  + [12112] ntt=5823 (1671) [기타] 사망자 지정통지서가 반송되었는데요 / 답변1
  + [12113] ntt=5822 (1670) [기타] 협조 요청 / 답변2
  + [12114] ntt=5821 (1669) [기타] 농협에서 운영하는 양곡창고와 육묘장의 재산분 주민세 / 답변3
  + [12115] ntt=5820 (1668) [기타] 원시취득시 하자보수예치금 혹은 하자이행보증보험의 과표 산. / 답변1
  + [12116] ntt=5819 (1667) [기타] 농업법인(지특법 제11조제2항 영농유통가공에 직접사용 부. / 답변3
  + [12117] ntt=5816 (1666) [기타] 재산세 상당세액 적용 문의 / 답변1
  + [12118] ntt=5815 (1665) [기타] 경차감면차량 구조변경시 취득세 납부여부 / 답변4
  + [12119] ntt=5813 (1664) [기타] 미신고상속재산 재산세 체납발생시 처리방법 / 답변2
  + [12120] ntt=5811 (1663) [기타] 굴삭기 자동차세 비과세 이유 문의 / 답변5
  + [12121] ntt=5810 (1662) [기타] 지식산업센터 등에 대한 감면질의 입니다.(재산세) / 답변3
  + [12122] ntt=5809 (1661) [기타] 10년전 증여후 합의해제 시 취득세 부과여부? / 답변3
[page 1665 완료] 누적 신규 12122건  (이 게시판 저장 총 49,796건)
  + [12123] ntt=5801 (1660) [기타] 지방소득세 환급가산금기산일 / 답변1
  + [12124] ntt=5797 (1659) [기타] 도시개발사업 관련 / 답변1
  + [12125] ntt=5796 (1658) [기타] 재산세 토지 과세구분 관련 문의 / 답변3
  + [12126] ntt=5795 (1657) [기타] 취득세 원시취득 납세 의무자 및 과세표준 질문드립니다 / 답변1
  + [12127] ntt=5794 (1656) [기타] 종교단체의 지역아동센터로 사용하기 위하여 취득하는 부동산. / 답변2
  + [12128] ntt=5792 (1655) [기타] 농어촌 주택개량에 대한 감면과 추징 / 답변1
  + [12129] ntt=5790 (1654) [기타] 재산세 상당액 적용 문의 / 답변1
  + [12130] ntt=5789 (1653) [기타] 취득세 장애인 감면요건불비(세대분리)로 추징되었는데. 3. / 답변3
  + [12131] ntt=5788 (1652) [기타] 주민세 재산분 감면 / 답변1
  + [12132] ntt=5785 (1651) [기타] 대표 스님 사택도 취득세 감면 대상인가요? / 답변2
  + [12133] ntt=5784 (1650) [기타] 재산세 관련 문의 / 답변2
  + [12134] ntt=5783 (1649) [기타] 주민세(재산분)문의드립니다 / 답변3
  + [12135] ntt=5782 (1648) [기타] 상속을 원인으로한 취득세 부과시 지분별 과세 문의 / 답변3
  + [12136] ntt=5781 (1647) [기타] 위수탁 사업장의 주민세 재산분 납세의무자는? / 답변1
  + [12137] ntt=5780 (1646) [기타] 재건축아파트의 비조합원용 토지 취득세 해당면적 계산방법 . / 답변1
  + [12138] ntt=5779 (1645) [기타] 폐차처리로 직권말소된 차량을 견인하여 공매할 수 있는지 . / 답변4
  + [12139] ntt=5777 (1644) [기타] 골프장 원시취득 시 스프링쿨러시설의 취득세 관련 질의 / 답변2
  + [12140] ntt=5775 (1643) [기타] 지목변경 취득세 부과시 / 답변3
  + [12141] ntt=5774 (1642) [기타] 지자체 이관예정 공공시설물 감면 문의 드립니다 / 답변2
  + [12142] ntt=5773 (1641) [기타] 세대분리,,,취득세 자동차세 추징 / 답변1
  + [12143] ntt=5772 (1640) [기타] 공유물 분할 판단 / 답변1
  + [12144] ntt=5756 (1639) [기타] 산업단지 입주기업 감면 부칙 적용 여부 / 답변1
  + [12145] ntt=5752 (1638) [기타] 지목변경에 따른 취득세 문의입니다. / 답변1
  + [12146] ntt=5751 (1637) [기타] 경노당에대한 감면여부 / 답변1
  + [12147] ntt=5750 (1636) [기타] 세대분리 취득세,자동차세부과 / 답변4
  + [12148] ntt=5749 (1635) [기타] 부담부증여 가능 여부 / 답변1
  + [12149] ntt=5742 (1634) [기타] 유예기간내 직접 사용에서 유예기간 종기(마감일) / 답변2
  + [12150] ntt=5741 (1633) [기타] 선고2013구합213(2013. 7. 23.) 판결문을 . / 답변1
  + [12151] ntt=5740 (1632) [기타] 유예기간내 직접 사용에서 유예기간 종기(마감일) / 답변1
  + [12152] ntt=5737 (1631) [기타] 주민세 재산분 문의 / 답변3
[page 1666 완료] 누적 신규 12152건  (이 게시판 저장 총 49,826건)
  + [12153] ntt=5736 (1630) [기타] 지방소득세(특별징수분) 납세지 / 답변1
  + [12154] ntt=5735 (1629) [기타] 손해배상청구권으로 인한 취득세 경정청구 질의 / 답변1
  + [12155] ntt=5729 (1628) [기타] 주민세 재산분에 대한 질의 / 답변2
  + [12156] ntt=5728 (1627) [기타] 위탁과제 2016-5 "지방세 세수예측 오차의 원인과... / 답변3
  + [12157] ntt=5727 (1626) [기타] 무인변전소 비과세 적용은 착오입니다 / 답변3
  + [12158] ntt=5726 (1625) [기타] 주민세(재산분), 하수처리시설?? / 답변1
  + [12159] ntt=5725 (1624) [기타] 차량 압류해제 여부? / 답변4
  + [12160] ntt=5724 (1623) [기타] 재산분 주민세 관련하여 질의있습니다. / 답변1
  + [12161] ntt=5723 (1622) [기타] 주민세(균등분) 문의 / 답변3
  + [12162] ntt=5721 (1621) [기타] 자경농민 감면 문의 / 답변2
  + [12163] ntt=5718 (1620) [기타] 귀농인 감면에 대해 질문요~ / 답변2
  + [12164] ntt=5717 (1619) [기타] 재산분 주민세 가동하지 않는 기계장치는... / 답변1
  + [12165] ntt=5714 (1618) [기타] 행심제2005-443호 요청 / 답변2
  + [12166] ntt=5713 (1617) [기타] 주민세(재산분) 문의드립니다. / 답변1
  + [12167] ntt=5711 (1616) [기타] 차량공매 배분 때 채권을 가진 체납자의 배분여부에 대한 . / 답변3
  + [12168] ntt=5710 (1615) [기타] 지방세법 제26조 1항(등록면허세 비과세)적용 여부 / 답변2
  + [12169] ntt=5709 (1614) [기타] 장애인 차량 취득세 감면 후 추징사유 / 답변6
    [retry 1/3] ReadTimeout
  + [12170] ntt=5708 (1613) [기타] 제2차납세의무자 질의합니다 / 답변1
  + [12171] ntt=5705 (1612) [기타] 산업단지 취득세감면 후 해당부동산을 분할하여 설립한 법인. / 답변2
  + [12172] ntt=5704 (1611) [기타] 대위등기형식의 취득세 과세방법 / 답변3
  + [12173] ntt=5703 (1610) [기타] 취득세 과세여부 / 답변1
  + [12174] ntt=5702 (1609) [기타] 장애인 차량 감면 세대분리 추징 질문입니다. / 답변3
  + [12175] ntt=5700 (1608) [기타] 건축중인 부속토지에 대한 재산세 세율적용에 대해 / 답변6
  + [12176] ntt=5699 (1607) [기타] 풍력발전소 지방세 부과관련 / 답변2
  + [12177] ntt=5697 (1606) [기타] 주민세 재산분관련 / 답변3
  + [12178] ntt=5696 (1605) [기타] 취득세 보존-상속 질의드립니다~~~ / 답변2
  + [12179] ntt=5695 (1604) [기타] 1가구1주택감면질의 / 답변4
  + [12180] ntt=5693 (1603) [기타] 대체취득 감면시 지장물 보상내역중 제외 대상 / 답변2
  + [12181] ntt=5692 (1602) [기타] 85㎡초과 분양아파트 선납할인금있는경우 과세표준 / 답변2
  + [12182] ntt=5691 (1601) [기타] 차량 구조변경 취득세에 관해 / 답변6
[page 1667 완료] 누적 신규 12182건  (이 게시판 저장 총 49,856건)
  + [12183] ntt=5690 (1600) [기타] 세무부서 자금배정업무의 회계부서 이관에 대해 잘 아시는분. / 답변2
  + [12184] ntt=5689 (1599) [기타] 직접사용여부 / 답변1
    [retry 1/3] ReadTimeout
    [retry 2/3] ConnectTimeout
  + [12185] ntt=5688 (1598) [기타] 환급금 충당관련 / 답변2
  + [12186] ntt=5687 (1597) [기타] 주민세 재산분 관련(농협창고) / 답변2
  + [12187] ntt=5686 (1596) [기타] 주민세(재산분)  과세면적 계산 / 답변4
  + [12188] ntt=5683 (1595) [기타] 법인지방소득세 문의 / 답변2
  + [12189] ntt=5682 (1594) [기타] 직권말소 차량은 공매  배분을 할 때 일반차량과 같은 방. / 답변3
  + [12190] ntt=5678 (1593) [기타] 법인해산등기 후 조직변경으로 공사로 설립등기 시 취득세 . / 답변5
  + [12191] ntt=5677 (1592) [기타] 단독상속인이 사망한 경우 취득세 과세 문의드립니다. / 답변2
  + [12192] ntt=5676 (1591) [기타] 창업중소기업 감면 관련 / 답변2
  + [12193] ntt=5662 (1590) [기타] 임차한 컨테이너에 대한 납세의무자 여부 질의 / 답변2
  + [12194] ntt=5658 (1589) [기타] 지방소득세 특별징수 납세지 문의 / 답변2
  + [12195] ntt=5655 (1588) [기타] 주민세 재산분 일부 공실(미사용)부분 문의드려요 / 답변3
  + [12196] ntt=5652 (1587) [기타] 주민세(재산분)문의드립니다. / 답변2
  + [12197] ntt=5651 (1586) [기타] 결손처분 관련 질문입니다. / 답변4
  + [12198] ntt=5650 (1585) [기타] 제2차납세의무자에 대한 제재~~ / 답변3
  + [12199] ntt=5649 (1584) [기타] 다자녀감면 후 전손처리시 추징 및 감면 질의 / 답변5
  + [12200] ntt=5648 (1583) [기타] 준공공임대사업과 단기임대사업 / 답변2
  + [12201] ntt=5646 (1582) [기타] 주유기의 납세의무자 / 답변4
  + [12202] ntt=5645 (1581) [기타] 산업단지 사업시행자 외의 자가 산업용 건축물 취득시 감면 / 답변1
  + [12203] ntt=5644 (1580) [기타] 공장의 지방이전 감면 문의 / 답변2
  + [12204] ntt=5643 (1579) [기타] 주민세(재산분) , 공사중인경우? / 답변7
  + [12205] ntt=5642 (1578) [기타] 임대사업 분양 의미 질의 / 답변1
  + [12206] ntt=5641 (1577) [기타] 건축물대장상 상가로 등록되어 있는데 실제 사람이 주거용으. / 답변4
  + [12207] ntt=5640 (1576) [기타] 산업단지 감면 추징? 질문입니다. / 답변2
    [retry 1/3] ReadTimeout
  + [12208] ntt=5639 (1575) [기타] 건축물대장상 골프연습장(실내) 주거용으로 사용시 재산세 . / 답변2
  + [12209] ntt=5638 (1574) [기타] 대법원2010두23668판결[2013.5.9선고} 판결내. / 답변3
  + [12210] ntt=5637 (1573) [기타] 기한후 신고와 가산세 관련 / 답변6
  + [12211] ntt=5636 (1572) [기타] 임대주택 감면 문의 / 답변2
  + [12212] ntt=5634 (1571) [기타] 주민세 재산분(대학교 직장어린이집) / 답변1
[page 1668 완료] 누적 신규 12212건  (이 게시판 저장 총 49,886건)
  + [12213] ntt=5633 (1570) [기타] 재산세 납세의무자 / 답변4
  + [12214] ntt=5630 (1569) [기타] 지방세특례제한법 31조 임대사업자 감면 관련 문의입니다. / 답변3
  + [12215] ntt=5629 (1568) [기타] 등록면허세 질의 / 답변1
  + [12216] ntt=5627 (1567) [기타] 자경농민 감면 질의 / 답변1
  + [12217] ntt=5625 (1566) [기타] 재산세(토지)  과세구분 관련 문의 / 답변1
  + [12218] ntt=5624 (1565) [기타] 주민세 재산분 관련 질문입니다. / 답변1
  + [12219] ntt=5620 (1564) [기타] 농어촌주택개량 주택 취득세 및 재산세 / 답변8
  + [12220] ntt=5619 (1563) [기타] 재산세 용도구분(하천)에 의한 비과세 관련이예요 / 답변3
  + [12221] ntt=5618 (1562) [기타] 산업단지 감면 질의 / 답변1
  + [12222] ntt=5616 (1561) [기타] 주민세 재산분 과세제외면적 / 답변1
  + [12223] ntt=5615 (1560) [기타] 중복감면에 해당하나요? / 답변2
  + [12224] ntt=5613 (1559) [기타] 임대주택이 소멸된 임대사업자의 면허세에 관하여 / 답변1
  + [12225] ntt=5607 (1558) [기타] 짚라인(짚와이어) 취득세 관련 입니다... / 답변6
  + [12226] ntt=5605 (1557) [기타] 대체취득으로 환급해 줄 수 있을까요? / 답변3
    [retry 1/3] ReadTimeout
  + [12227] ntt=5603 (1556) [기타] 산업단지 미분양 토지 재산세 비감면 환급 여부 / 답변2
  + [12228] ntt=5602 (1555) [기타] 농업협동조합 고유목적사업용으로 토지 취득한 경우 1년 이. / 답변3
  + [12229] ntt=5600 (1554) [기타] 판결 주문에 따른 취득일자 질의 / 답변8
  + [12230] ntt=5599 (1553) [기타] 자동차 미상속 차량에대한 자동차세 납세의무자 및 공매가능. / 답변2
  + [12231] ntt=5598 (1552) [기타] 부담부증여의 경우 소득인정금액을 어느선까지 보시나요 / 답변2
  + [12232] ntt=5596 (1551) [기타] 농어촌공사 2017년 취득 농지 50% 감면으로 변경되었. / 답변1
  + [12233] ntt=5595 (1550) [기타] [판례요청] 대법원2012두25200 취득세등부과처분취소. / 답변2
  + [12234] ntt=5594 (1549) [기타] 개발제한 구역내 건축중인 토지 도시지역분 과세 유무 / 답변3
  + [12235] ntt=5591 (1548) [기타] 산업단지 시행자의 2015, 2016년 미분양 산업단지내. / 답변1
  + [12236] ntt=5566 (1547) [기타] 지목변경 취득세 과세표준 포함여부 / 답변1
  + [12237] ntt=5534 (1546) [기타] 기계장비 취득세 부과대상 여부 / 답변3
  + [12238] ntt=5532 (1545) [기타] 지방세 환급대상자의 금융정보 조회를 할 수 있는지? / 답변1
  + [12239] ntt=5531 (1544) [기타] 125cc 이상 이륜차 사용폐지 시 등록면허세 부과여부 / 답변5
  + [12240] ntt=5524 (1543) [기타] 지식산업센터 신탁에 대한 문의 / 답변3
  + [12241] ntt=5523 (1542) [기타] 임대주택 사업자 감면 문의 / 답변6
  + [12242] ntt=5522 (1541) [기타] 환지예정지 승계취득시 시가표준액 / 답변2
[page 1669 완료] 누적 신규 12242건  (이 게시판 저장 총 49,916건)
  + [12243] ntt=5508 (1540) [기타] 과점주주 관련 / 답변4
  + [12244] ntt=5507 (1539) [기타] 이륜차 번호변경 가능한지요 / 답변5
  + [12245] ntt=5506 (1538) [기타] 등기완료 후 합의해제말소 / 답변2
  + [12246] ntt=5505 (1537) [기타] [판례요청]재산세 시가표준액 관련 판례를 요청합니다. / 답변5
  + [12247] ntt=5504 (1536) [기타] 취득세 전산오류-환급액 발생시 / 답변3
  + [12248] ntt=5503 (1535) [기타] 종교단체에서 운영하는 "지역아동센타"에 대한 재산세등 감. / 답변3
  + [12249] ntt=5502 (1534) [기타] 농업법인 추징 관련 / 답변2
  + [12250] ntt=5492 (1533) [기타] 상속 한정승인일 경우 취득세부과문의 / 답변3
  + [12251] ntt=5489 (1532) [기타] 2차 납세의무 지정의 지분율 문의 / 답변2
  + [12252] ntt=5488 (1531) [기타] 연부취득시 취득가격의 범위 / 답변2
  + [12253] ntt=5487 (1530) [기타] 차량취득세 환급에 대한 질의입니다(인수거부) / 답변5
    [retry 1/3] ReadTimeout
    [retry 2/3] ConnectTimeout
  + [12254] ntt=5484 (1529) [기타] 2차 납세의무 지정 여부문의 / 답변3
  + [12255] ntt=5482 (1528) [기타] 도시정비법에의한 재건축 아파트 건축물분 취득의 시기 / 답변2
  + [12256] ntt=5474 (1527) [기타] 차량 취득세 다자녀 감면 / 답변2
  + [12257] ntt=5473 (1526) [기타] 지목변경시 농특세 비과세 여부 / 답변4
  + [12258] ntt=5472 (1525) [기타] <질의> 압류조서 작성시 참관인 인원 문의입니다. / 답변6
  + [12259] ntt=5471 (1524) [기타] 주민세(재산분)과세대상 문의드립니다. / 답변4
  + [12260] ntt=5468 (1523) [기타] 소유권확인 민사판결로 인하여 소유권이 변경되었을 때 취득. / 답변1
  + [12261] ntt=5466 (1522) [기타] 유상거래로 부동산취득시 건물과 토지 각각 거래하는 경우 . / 답변1
  + [12262] ntt=5465 (1521) [기타] 다자녀 감면 대체취득(60일내 이전 후 같은날 다시 소유. / 답변2
  + [12263] ntt=5464 (1520) [기타] 지입회사 현물출자 차량 압류 가능 여부 / 답변2
  + [12264] ntt=5463 (1519) [기타] 법원사례좀 알려주세요~~ / 답변4
  + [12265] ntt=5462 (1518) [기타] 자금배정업무 세무부서에서 회계부서로의 이관과 관련해서요 / 답변2
  + [12266] ntt=5461 (1517) [기타] 주민세(재산분)오염물질사업소 기준이 궁금합니다. / 답변2
  + [12267] ntt=5460 (1516) [기타] 임대주택 건축용 토지감면 문의드립니다. / 답변3
  + [12268] ntt=5459 (1515) [기타] 주민세 재산분 과세기준일 적용문의 / 답변3
  + [12269] ntt=5458 (1514) [기타] 대물변제로 취득한 부동산의 사실상취득금액 인정여부 / 답변4
  + [12270] ntt=5456 (1513) [기타] 등록을 요하지 않는 전동지게차 이용자리스의 경우??? / 답변3
  + [12271] ntt=5455 (1512) [기타] 상속(취득세) 직권고지 후 협의하여 신고가 들어오는 경우 / 답변3
  + [12272] ntt=5453 (1511) [기타] 다자녀 감면차량 환급건 문의입니다. / 답변2
[page 1670 완료] 누적 신규 12272건  (이 게시판 저장 총 49,946건)
    [retry 1/3] ReadTimeout
    [retry 2/3] ConnectTimeout
  + [12273] ntt=5452 (1510) [기타] 존비속 매매 잔금 전 등기후 잔금 미입증 시 추징 가능 . / 답변2
  + [12274] ntt=5451 (1509) [기타] 법인지방소득세의 환급가산금 기산일 / 답변1
  + [12275] ntt=5450 (1508) [기타] 고급오락장 유흥접객원 종사여부 확인방법 / 답변3
  + [12276] ntt=5449 (1507) [기타] 가산세 문의 / 답변6
  + [12277] ntt=5448 (1506) [기타] 법인 합병과 분할 취득세율 적용 / 답변2
  + [12278] ntt=5446 (1505) [기타] (산업단지)산업용건축물  승계취득 후 증축시  기납부한 . / 답변2
  + [12279] ntt=5444 (1504) [기타] 공동명의 자동차의 대표소유자 사망시 공매처분 가능 여부 / 답변2
  + [12280] ntt=5443 (1503) [기타] 주민세(재산분)문의드립니다. / 답변1
  + [12281] ntt=5442 (1502) [기타] 공동시설세 중과 / 답변3
  + [12282] ntt=5440 (1501) [기타] 자동차세 한정승인에 따른 부과 / 답변3
  + [12283] ntt=5437 (1500) [기타] 도시계획세 감면율 존재(?) / 답변1
  + [12284] ntt=5436 (1499) [기타] 소방서 과태료 부과시 부과대상자에게 신분증 제출 요청이 . / 답변2
  + [12285] ntt=5433 (1498) [기타] 자경농민 추징 관련 입니다. / 답변2
  + [12286] ntt=5432 (1497) [기타] 공유물 분할로 임야 취득시 재산세 토지형태 문의 / 답변3
  + [12287] ntt=5431 (1496) [기타] 차량 공동소유지분을 면세점이하로 1%씩 이전하는데... / 답변5
    [retry 1/3] ReadTimeout
  + [12288] ntt=5430 (1495) [기타] 감면된 취득세를 추징사유발생일로부터 30일 이후에 신고납. / 답변5
  + [12289] ntt=5425 (1494) [기타] 상속으로 취득신고 및 등기후 유류분 반환 청구 소송을 한. / 답변5
  + [12290] ntt=5424 (1493) [기타] 자경농민 상속취득 관련 문의드립니다 / 답변2
  + [12291] ntt=5422 (1492) [기타] 종중토지 명의신탁해지시 부동산압류 유효여부 / 답변5
  + [12292] ntt=5421 (1491) [기타] 감면 추징시 지목변경 관련 비용(농지보전부담금 ) 면제금. / 답변2
  + [12293] ntt=5420 (1490) [기타] 상속취득세 미신고분 직권고지 문의 / 답변3
  + [12294] ntt=5419 (1489) [기타] 지특법 제16조 관련 / 답변1
  + [12295] ntt=5414 (1488) [기타] 개별주택관련 문의 / 답변2
  + [12296] ntt=5413 (1487) [기타] 멸실인정차량 압류 해제 궁금합니다. / 답변5
  + [12297] ntt=5412 (1486) [기타] 임대주택을 상속받은경우 문의드립니다. / 답변1
  + [12298] ntt=5411 (1485) [기타] 산업단지 감면 문의 / 답변4
  + [12299] ntt=5410 (1484) [기타] 장애차량 등급변경 후 소유권이전시 추징 / 답변4
  + [12300] ntt=5409 (1483) [기타] 농업회사법인 영농목적 부동산 / 답변7
  + [12301] ntt=5408 (1482) [기타] 고생 많으십니다. 중과제외업종인 유통산업에 관련하여 질문. / 답변4
  + [12302] ntt=5407 (1481) [기타] <차량공매>징수촉탁공매 질의드립니다. / 답변4
[page 1671 완료] 누적 신규 12302건  (이 게시판 저장 총 49,976건)
  + [12303] ntt=5406 (1480) [기타] 장애인 감면 해당되는지 여부 문의합니다. / 답변5
  + [12304] ntt=5404 (1479) [기타] 상속인에 대한 자동차세 부과 문의 / 답변3
  + [12305] ntt=5403 (1478) [기타] 농어촌주택개량사업 재산세 감면 / 답변1
  + [12306] ntt=5401 (1477) [기타] 공유물 분할 질의 / 답변4
  + [12307] ntt=5398 (1476) [기타] 주민세(재산분) 관련 문의입니다. / 답변2
  + [12308] ntt=5396 (1475) [기타] 부과취소 관련 부과제척기간 / 답변1
  + [12309] ntt=5393 (1474) [기타] 법인지방소득세 수정신고 안분후 2,000원미만 소액인경우. / 답변2
  + [12310] ntt=5388 (1473) [기타] 지역자원시설세 화재위험 건축물 3배중과적용대상 / 답변2
  + [12311] ntt=5386 (1472) [기타] 장애인 감면 신청시 공동소유자가 3명인데..... / 답변4
  + [12312] ntt=5385 (1471) [기타] 천재지변등으로 인한 건물의 신축 감면여부 / 답변2
  + [12313] ntt=5382 (1470) [기타] 사업양수도 감면시 추징조건 성립 여부 / 답변1
  + [12314] ntt=5381 (1469) [기타] 지특법 제78조 제5항의 해석에 대해 / 답변2
  + [12315] ntt=5378 (1468) [기타] 대표상속자인 부모에게 부과된 재산세 징수 가능여부 문의 / 답변2
  + [12316] ntt=5377 (1467) [기타] 지적공부상 "임야", 현황"바다" 재산세 과세 여부 / 답변3
  + [12317] ntt=5376 (1466) [기타] 등록면허세(면허) 문의 합니다. / 답변5
  + [12318] ntt=5375 (1465) [기타] 법인이 보유하던 가설건축물을 이전설치시 과세표준 문의드립. / 답변2
  + [12319] ntt=5374 (1464) [기타] 농업회사 법인 숙소 감면 문의 / 답변1
  + [12320] ntt=5373 (1463) [기타] 축사 양성화 취득세 신고 질문입니다 / 답변1
  + [12321] ntt=5372 (1462) [기타] 승합차 구조변경 자동차세 문의드립니다. / 답변3
  + [12322] ntt=5367 (1461) [기타] 주식 명의신탁 입증자료 / 답변0
    [retry 1/3] ReadTimeout
    [retry 2/3] ConnectTimeout
  + [12323] ntt=5366 (1460) [기타] 대도시내 본점 신증축하여 기존 본점 이전하는 경우 중과 / 답변3
  + [12324] ntt=5364 (1459) [기타] 과점주주 특수관계인 판단에 대한 질의 / 답변2
  + [12325] ntt=5363 (1458) [기타] 2015년 창업중소기업 감면 적용방법,  조특법에서 지특. / 답변2
  + [12326] ntt=5337 (1457) [기타] 법인지방소득세 안분 방법 / 답변1
  + [12327] ntt=5331 (1456) [기타] 주민세(재산분) 문의드립니다. / 답변1
  + [12328] ntt=5330 (1455) [기타] 자동차세 문의 / 답변4
  + [12329] ntt=5328 (1454) [기타] 집합건물 재산세대장 입력시 / 답변2
  + [12330] ntt=5327 (1453) [기타] 소송회수비용의 채권소멸시효에 대하여 궁금합니다. / 답변6
  + [12331] ntt=5326 (1452) [기타] 과태료 징수절차에서 '독촉'은 최초 1회에만 시효 중단의. / 답변5
  + [12332] ntt=5325 (1451) [기타] 공장사무실의 구분? / 답변2
[page 1672 완료] 누적 신규 12332건  (이 게시판 저장 총 50,006건)
    [retry 1/3] ReadTimeout
    [retry 2/3] ConnectTimeout
    [retry 3/3] ConnectTimeout

[!] page 1673 목록 요청 실패 -> 중단(이어받기 가능)

[요약] 사유=목록 요청 실패(차단/네트워크) | 이번 신규 12332건 | 질의응답 저장 50,006건 / 남은 1,603건  -> C:\todo_manual_dashboard\law_dashboard_work\data\olta_qa.db
[qa] 종료코드 0

######## BOARD consult (delay 0.25) ########
[init] 게시판=consult(지방세상담)  DB=C:\todo_manual_dashboard\law_dashboard_work\data\olta_qa.db
[init] 이미 받은 글=3,044건
[resume] 프런티어 페이지 98부터 시작(상단 3,044건 재방문 생략)
[init] 게시판 총 18,073건 / 약 603페이지
[page 98 완료] 누적 신규 0건  (이 게시판 저장 총 3,044건)
[page 99 완료] 누적 신규 0건  (이 게시판 저장 총 3,044건)
[page 100 완료] 누적 신규 0건  (이 게시판 저장 총 3,044건)
[page 101 완료] 누적 신규 0건  (이 게시판 저장 총 3,044건)
[page 102 완료] 누적 신규 0건  (이 게시판 저장 총 3,044건)
  + [1] ntt=71843 (15007) [지방세기본법] 부칙 조항 개정에 따른 지방세환급가산금 기산일.. (1) / 답변1 첨부2
  + [2] ntt=71817 (15006) [등록면허세] 지상권(주택부속토지) 과세표준 (1) / 답변1 첨부1
  + [3] ntt=71811 (15005) [재산세] 무허가 주택의 상속관련(직권등재) 납세자 지정.. (1) / 답변1 첨부1
  + [4] ntt=71790 (15004) [취득세] (14954) 적격합병 질의 관련 재질의 드립.. (1) / 답변1 첨부1
  + [5] ntt=71788 (15003) [취득세] [수정]개인사업자가 법인 설립 후, 사업장 일.. (1) / 답변1 첨부2
  + [6] ntt=71785 (15002) [등록면허세] 항공기 보험평가액 vs 행안부 고시된 시가표준.. (1) / 답변1 첨부1
  + [7] ntt=71783 (15001) [취득세] 기반시설 부담금(도로사업비)를 간접비로 보아 .. (1) / 답변1 첨부1
  + [8] ntt=71781 (15000) [취득세] 이혼 후 주식을 자녀에게 양도한 경우, 과점주.. (1) / 답변1 첨부1
  + [9] ntt=71780 (14999) [취득세] 지역주택조합 준공 후 조합원 변경시 취득세 문.. (1) / 답변1 첨부1
  + [10] ntt=71768 (14998) [취득세] 세대창고 - 취득세 과세표준에 포함할 수 있는.. (1) / 답변1
  + [11] ntt=71755 (14997) [취득세] 재개발 분양권을 증여하는경우 과세표준 (1) / 답변1 첨부1
  + [12] ntt=71745 (14996) [지방소득세] 지방소득세 소액부징수 대상 규정관련 질의입니다.. (1) / 답변1
  + [13] ntt=71714 (14995) [기타] “(기 질의번호 14941) 재질의” 자동차 .. (1) / 답변1 첨부1
  + [14] ntt=71712 (14994) [지방세특례제한법] 출산에 따른 주택 취득세 감면 추징 문의 (1) / 답변1 첨부1
  + [15] ntt=71666 (14993) [재산세] 종중의 소유권이전등기 판결 후 등기를 하지 못.. (1) / 답변1 첨부1
  + [16] ntt=71633 (14992) [지방세징수법] 명의신탁해지를 원인으로 압류해제 가능 여부 (1) / 답변1 첨부1
  + [17] ntt=71603 (14991) [지방소득세] 지방세법제103조의59제4항 질의 세무서통보 .. (1) / 답변1 첨부1
  + [18] ntt=71591 (14990) [재산세] 재산세 직권등재 문의 (1) / 답변1 첨부1
  + [19] ntt=71585 (14989) [취득세] 일시적 2주택자가 처분유예기간 내 사망하였을 .. (1) / 답변1 첨부1
  + [20] ntt=71583 (14988) [취득세] 기부채납 무상사용권 (1) / 답변1
  + [21] ntt=71561 (14987) [취득세] 지식산업센터 관련 질의 (1) / 답변1 첨부1
  + [22] ntt=71553 (14986) [취득세] 기부채납 형식의 학교 증축의 경우 원시취득자 .. (1) / 답변1 첨부1
  + [23] ntt=71524 (14985) [취득세] 상속일 경우 취득세 신고기한(9개월) 적용 요.. (1) / 답변1 첨부1
  + [24] ntt=71504 (14984) [지방소득세] 14977. 추가문의 지소 환급소멸시효관련.... (1) / 답변1 첨부1
[page 103 완료] 누적 신규 24건  (이 게시판 저장 총 3,068건)
  + [25] ntt=71494 (14983) [자동차세] 장애인 명의 차량 자동차세 감면 여부 (1) / 답변1 첨부1
  + [26] ntt=71493 (14982) [지방세징수법] 위탁자가 공동소유인 신탁부동산 압류 (1) / 답변1 첨부1
  + [27] ntt=71422 (14981) [지방세징수법] 지방세 보이스피싱관련 (1) / 답변1 첨부1
  + [28] ntt=71416 (14980) [지방소득세] 지방소득세 환급소멸시효 관련(지방세법제103조.. (1) / 답변1 첨부1
  + [29] ntt=71371 (14979) [재산세] 지방세법 제109조 2항 재산세 비과세 관련 (1) / 답변1 첨부1
  + [30] ntt=71367 (14978) [취득세] 이혼에 따른 재산분할로 토지 취득시, 농특세 .. (1) / 답변1 첨부1
  + [31] ntt=71303 (14977) [취득세] 임대의무기간 변경시 임대주택 감면분 추징관련 .. (1) / 답변1
  + [32] ntt=71298 (14976) [취득세] 아파트 분양계약자 잔금 치르고 사망했을 때의 .. (1) / 답변1 첨부1
  + [33] ntt=71297 (14975) [취득세] 감면 추징시 가산세 (1) / 답변1 첨부1
  + [34] ntt=71261 (14974) [취득세] 국가유공자 감면 문의입니다 (1) / 답변1 첨부1
  + [35] ntt=71258 (14973) [취득세] 국가유공자와 공동등록 가능한 자에 일부 지분 .. (1) / 답변1 첨부1
  + [36] ntt=71250 (14972) [재산세] 단기임대주택으로 재산세 감면받던 주택을 202.. (1) / 답변1 첨부1
  + [37] ntt=71244 (14971) [지방세특례제한법] 자경농민 농지→창고용지 지목변경에 대한 질의 (1) / 답변1 첨부1
  + [38] ntt=71242 (14970) [취득세] 환급 이행된 분양권이 주택 수에 포함되어 중과.. (1) / 답변1 첨부1
  + [39] ntt=71167 (14969) [취득세] 학술단체에 대한 취득세 감면 가능 여부 질의 (1) / 답변1 첨부1
  + [40] ntt=71166 (14968) [취득세] 세무조사에 따른 취득세 추징 건에 대한 경정청.. (1) / 답변1 첨부1
  + [41] ntt=71162 (14967) [취득세] 국가유공자 차량취득세 관련 문의 (1) / 답변1 첨부1
  + [42] ntt=71161 (14966) [재산세] (14922)재질의 합니다.(아파트단지내 도로.. (1) / 답변1 첨부1
  + [43] ntt=71159 (14965) [취득세] 법정 지분 상속 취득세 (1) / 답변1 첨부1
  + [44] ntt=71157 (14964) [취득세] 일시적 이주택 질문 (1) / 답변1
  + [45] ntt=71155 (14963) [취득세] 가설건축물 관계자 변경 (1) / 답변1 첨부1
  + [46] ntt=71144 (14962) [재산세] 주택재개발구역 내 건축 중인 교회 대토부지(소.. (1) / 답변1 첨부1
  + [47] ntt=71117 (14961) [취득세] 취득세 임대감면분에 대한 추징 가능 여부 (1) / 답변1 첨부1
  + [48] ntt=71116 (14960) [재산세] 대위상속등기 및 상속포기시 재산세 납세의무 등 (1) / 답변1 첨부1
  + [49] ntt=71115 (14959) [지방세기본법] 지방세기본법에 따른 과세자료 수집 (1) / 답변1 첨부1
  + [50] ntt=71083 (14958) [지방세특례제한법] (14942/재질의)임대사업자 감면 - 임대목.. (1) / 답변1 첨부1
  + [51] ntt=71036 (14957) [취득세] 소규모합병의 적격합병여부 문의 등 (1) / 답변1 첨부1
  + [52] ntt=71016 (14956) [등록면허세] 소형어선 저당권 관련 등록면허세 감면 가능 여.. (1) / 답변1 첨부1
  + [53] ntt=71011 (14955) [지방세특례제한법] 창업벤처중소기업 감면 후 추징 문의 (1) / 답변1 첨부1
  + [54] ntt=70969 (14954) [취득세] 유언공증에 따른 미성년자 주택 상속, 증여 (1) / 답변1 첨부1
[page 104 완료] 누적 신규 54건  (이 게시판 저장 총 3,098건)
  + [55] ntt=70968 (14953) [취득세] 건축비용을 실제 부담한 면적에 대하여 취득자를.. (1) / 답변1 첨부1
  + [56] ntt=70967 (14952) [취득세] (14945)재질의- 공기조화기가 중앙조절식 .. (1) / 답변1
  + [57] ntt=70950 (14951) [지방소득세] 양도소득세 이월과세 신청에 따른 지방소득세(양.. (1) / 답변1 첨부1
  + [58] ntt=70949 (14950) [지방세기본법] 타기관공매 교부청구 후 공매 취소된 경우 징수.. (1) / 답변1 첨부1
  + [59] ntt=70944 (14949) [재산세] (추가질의)공부상 임야이지만, 장기간 농사를 .. (1) / 답변1 첨부1
  + [60] ntt=70939 (14948) [취득세] 중앙조절식이 아닌 공기조화기의 경우 취득세 과.. (1) / 답변1 첨부1
  + [61] ntt=70885 (14947) [지방세특례제한법] 주민세(종업원분) 사회복지법인 등에 대한 감면.. (1) / 답변1 첨부2
  + [62] ntt=70867 (14946) [지방세특례제한법] 새마을금고 감면에 대한 해석 질의 (1) / 답변1 첨부1
  + [63] ntt=70864 (14945) [지방세특례제한법] 임대사업자 감면 - 임대목적물 등록 절차 변경 (2) / 답변2 첨부1
  + [64] ntt=70857 (14944) [기타] 자동차 공매 시 저당권 배분 관련 문의 (1) / 답변1 첨부1
  + [65] ntt=70851 (14943) [취득세] 법인 건물 증축시 건물 옥상에 태양광발전시설 .. (1) / 답변1 첨부1
  + [66] ntt=70805 (14942) [취득세] 상속 취득세 납세자 문의 (1) / 답변1 첨부1
  + [67] ntt=70779 (14941) [취득세] 조정에 의한 이혼 후 재산분할협의서 작성 시 .. (1) / 답변1 첨부1
  + [68] ntt=70769 (14940) [지방세특례제한법] 지방세특례제한법 57조의2 (1) / 답변1 첨부1
  + [69] ntt=70764 (14939) [재산세] 공부상 임야이지만, 장기간 농사를 함으로 농지.. (1) / 답변1 첨부1
  + [70] ntt=70750 (14938) [취득세] 중과예외 정당한 사유 (1) / 답변1 첨부1
  + [71] ntt=70745 (14937) [지방세징수법] 지방세 체납자의 압류등록 된 차량을 인도명령 .. (1) / 답변1 첨부1
  + [72] ntt=70712 (14936) [지방세특례제한법] 생애최초 추징건의 이의신청에 대한 문의입니다. (1) / 답변1 첨부1
  + [73] ntt=70707 (14935) [취득세] 송전선로 지중관로 및 냉각탑의 취득세 과세대상.. (1) / 답변1 첨부1
  + [74] ntt=70697 (14934) [취득세] 직계존비속간 부동산을 시가인정액보다 낮은 가액.. (1) / 답변1 첨부1
  + [75] ntt=70689 (14933) [지방세징수법] 경매배당금 압류 (1) / 답변1 첨부1
  + [76] ntt=70688 (14932) [취득세] 상속 취득세 환급 (1) / 답변1 첨부1
  + [77] ntt=70685 (14931) [취득세] 법인본점이전감면질의 (1) / 답변1 첨부1
  + [78] ntt=70681 (14930) [취득세] 종중 토지수용 대체취득 문의 (1) / 답변1 첨부1
  + [79] ntt=70680 (14929) [취득세] 과점주주 간주취득세 성립여부 (1) / 답변1 첨부1
  + [80] ntt=70678 (14928) [등록면허세] 파산선고 이후 등록면허세(면허분) 과세 (1) / 답변1 첨부1
  + [81] ntt=70654 (14927) [재산세] 양어장 별도합산 과세 대상 여부 질의 (1) / 답변1 첨부1
  + [82] ntt=70646 (14926) [지방세기본법] 고의적 과세예고통지 송달 거부 대응 방안 문의 (1) / 답변1 첨부1
  + [83] ntt=70645 (14925) [재산세] 아파트 단지 내 도로 재산세과세유형 (1) / 답변1 첨부1
  + [84] ntt=70643 (14924) [취득세] 개인 신축건축물 세무조사 중 지목변경 추징 문.. (1) / 답변1 첨부1
[page 105 완료] 누적 신규 84건  (이 게시판 저장 총 3,128건)
  + [85] ntt=70636 (14923) [취득세] 조례로 인한 사업장 통합시 차량이전에 대한 취.. (1) / 답변1 첨부1
  + [86] ntt=70634 (14922) [재산세] 상속재산의 납세의무자 (1) / 답변1 첨부1
  + [87] ntt=70624 (14921) [지방세징수법] 물적납세의무자에게 한 압류가 위탁자의 시효중단.. (1) / 답변1 첨부1
  + [88] ntt=70603 (14920) [세외수입] 세외수입 체납자에 대한 공시송달 가능 여부 문.. (1) / 답변1 첨부2
  + [89] ntt=70602 (14919) [취득세] 환지 관련 취득세 납세의무 관련 문의 (1) / 답변1 첨부1
  + [90] ntt=70601 (14918) [재산세] 미신고 상속에 대한 재산세 납세의무자 및 한정.. (2) / 답변2 첨부3
  + [91] ntt=70599 (14917) [자동차세] 장애인 자동차세 감면 문의 (1) / 답변1 첨부1
  + [92] ntt=70592 (14916) [주민세] 주민세(종업원분) 과세표준 포함여부 (1) / 답변1 첨부1
  + [93] ntt=70585 (14915) [지방세징수법] 보험금 압류 해제 문의 (1) / 답변1 첨부1
  + [94] ntt=70554 (14914) [취득세] 중과세 대상 여부 (1) / 답변1 첨부1
  + [95] ntt=70551 (14913) [지방소득세] 지방소득세(양도소득) 합산신고 질의 (1) / 답변1 첨부1
  + [96] ntt=70548 (14912) [지방소득세] 법인지방소득세 과소신고 및 초과환급 가산세 기.. (1) / 답변1 첨부1
  + [97] ntt=70537 (14911) [지방세기본법] 법인 출자자의 제2차 납세의무 지정 관련 (1) / 답변1 첨부1
  + [98] ntt=70527 (14910) [취득세] 일시적 이주택 납부지연 가산세 질의드립니다 (1) / 답변1
  + [99] ntt=70522 (14909) [지방세징수법] 신탁재산이었던 물건에 대해 수탁자에게 납부통지.. (1) / 답변1 첨부1
  + [100] ntt=70520 (14908) [재산세] 위탁자가 청간종결 간주법인일 때 재산세 납세의.. (1) / 답변1 첨부1
  + [101] ntt=70515 (14907) [취득세] 국가유공자 공동명의자 세대분리 관련 질의 (1) / 답변1 첨부1
  + [102] ntt=70514 (14906) [지방세징수법] 이시파산폐지 법인의 압류 재산 공매 가능여부 (1) / 답변1 첨부1
  + [103] ntt=70513 (14905) [지방세특례제한법] 자경농민 농지 취득세 추징 대상 여부 (1) / 답변1 첨부1
  + [104] ntt=70506 (14904) [지방세징수법] 경락 후 미등기된 토지에 대한 대위등기로 공매.. (1) / 답변1
  + [105] ntt=70504 (14903) [주민세] 주민세(종업원분) 감면대상 여부 질의 (1) / 답변1 첨부1
  + [106] ntt=70495 (14902) [재산세] (14870)재질의/"일반공업지역에 있는 법인.. (1) / 답변1 첨부1
  + [107] ntt=70492 (14901) [지방세기본법] 대위등기 후 환급신청시 환급금의 지급 상대 (1) / 답변1 첨부1
  + [108] ntt=70488 (14900) [지방세징수법] 보험금 압류 해제 문의 (1) / 답변1 첨부1
  + [109] ntt=70477 (14899) [지방세특례제한법] 차량 취득세 장애인 감면 문의 (1) / 답변1 첨부1
  + [110] ntt=70473 (14898) [지방세징수법] 소유권이전등기말소로 압류해제가 가능한지 여부 (1) / 답변1 첨부1
  + [111] ntt=70460 (14897) [지방소득세] 납세의무자 사망함에 따라 상속인들 납세의무 승.. (1) / 답변1
  + [112] ntt=70454 (14896) [취득세] 농업법인 감면 후 감면사유 제거 시 가산세 부.. (1) / 답변1 첨부1
  + [113] ntt=70453 (14895) [재산세] 골프연습장의 안전시설물을 수평투영면적 적용하여.. (1) / 답변1 첨부2
    [retry 1/3] ReadTimeout
  + [114] ntt=70448 (14894) [재산세] 한국도로공사 사권제한 (1) / 답변1 첨부1
[page 106 완료] 누적 신규 114건  (이 게시판 저장 총 3,158건)
  + [115] ntt=70440 (14893) [지방세징수법] 자동차 공매 배분순위 관련 질의 (1) / 답변1 첨부1
  + [116] ntt=70360 (14892) [지방세특례제한법] 지특법 31조 4항,  31조의3 4항 개정법.. (1) / 답변1 첨부1
  + [117] ntt=70347 (14891) [취득세] 생애최초 관련하여 질문드립니다 (1) / 답변1
  + [118] ntt=70343 (14890) [취득세] 지목변경 간주취득세가 지특법 제178조 추징사.. (1) / 답변1 첨부1
  + [119] ntt=70334 (14889) [취득세] 이행판결 취득가액 문의 (1) / 답변1 첨부1
  + [120] ntt=70333 (14888) [재산세] 재산세 사실상의 납세의무자 인정 여부 문의드립.. (1) / 답변1 첨부1
  + [121] ntt=70329 (14887) [세외수입] 회생사건 관련 세외수입 체납 채권 신고 문의 (1) / 답변1 첨부1
  + [122] ntt=70326 (14886) [취득세] 중과배제업종에 직접적으로 사용하고 있는 본점 .. (1) / 답변1 첨부1
  + [123] ntt=70289 (14885) [취득세] 잔금 전 분양권 일부 지분 증여 후 잔금 이후.. (1) / 답변1 첨부1
  + [124] ntt=70287 (14884) [세외수입] 불법건축물이행강제금의 정리보류 및 상속 가능 .. (1) / 답변1 첨부1
  + [125] ntt=70282 (14883) [지방세특례제한법] (14847) 재질의 / "창업중소기업 등에 .. (1) / 답변1 첨부1
  + [126] ntt=70277 (14882) [재산세] 재산세 토지 부과문의 (1) / 답변1 첨부1
  + [127] ntt=70263 (14881) [취득세] 주택건설사업 포괄양수 시 건설임대용 토지 임대.. (1) / 답변1 첨부1
  + [128] ntt=70248 (14880) [주민세] 주민세 종업원분 육아휴직자 과세대상 급여  문.. (1) / 답변1 첨부1
  + [129] ntt=70241 (14879) [취득세] 분양 아파트 취득세 과세표준  포함 여부(지체.. (1) / 답변1 첨부1
  + [130] ntt=70235 (14878) [재산세] 지상권대지권이 등기된 집합건물 부속토지에 대한.. (1) / 답변1 첨부1
  + [131] ntt=70227 (14877) [지방세징수법] (재질의)주택법 위반과 공급계약 취소로 압류해.. (1) / 답변1 첨부1
  + [132] ntt=70220 (14876) [자동차세] 지방세 상담신청드립니다. (1) / 답변1 첨부1
  + [133] ntt=70194 (14875) [등록면허세] 감정평가법인의 설립인가 분사무소 과세 여부 (1) / 답변1 첨부1
  + [134] ntt=70191 (14874) [자동차세] 장애인 감면 적용 유무 (1) / 답변1 첨부1
  + [135] ntt=70190 (14873) [재산세] 일반공업지역 변경 지역 분리과세 적용 타당성 .. (1) / 답변1 첨부1
  + [136] ntt=70165 (14872) [취득세] 토지/건물 고지서 따로 발부 시 과세표준 질의 (1) / 답변1 첨부1
  + [137] ntt=70164 (14871) [재산세] (내용수정)미등기 재산 주된 상속자 지정 관련.. (1) / 답변1 첨부1
  + [138] ntt=70152 (14870) [재산세] (지방세상담 14830) 재질의: 소유권 말소.. (1) / 답변1 첨부1
  + [139] ntt=70113 (14869) [등록면허세] (내용추가)항공기 전대차 계약에서 등록면허세(.. (1) / 답변1 첨부1
  + [140] ntt=70095 (14868) [주민세] 주민세(종업원분) 중소기업 고용지원 관련 문의 (1) / 답변1 첨부1
  + [141] ntt=70089 (14867) [지방세기본법] 과세표준액 적용 가능 및 형사고발 대상 여부 .. (1) / 답변1 첨부1
  + [142] ntt=70082 (14866) [재산세] 공장의 지방 이전에 따른 감면 요건 중 정당한.. (1) / 답변1 첨부1
  + [143] ntt=70037 (14865) [취득세] 이전고시 되지않은 아파트 이혼 판결에 따라 취.. (1) / 답변1 첨부1
  + [144] ntt=70035 (14864) [지방세징수법] 주택법 위반과 공급계약 취소로 압류해제가 가능.. (1) / 답변1 첨부1
[page 107 완료] 누적 신규 144건  (이 게시판 저장 총 3,188건)
    [retry 1/3] ReadTimeout
  + [145] ntt=70005 (14863) [취득세] 일시적2주택 적용 가능 여부 (1) / 답변1 첨부2
  + [146] ntt=69978 (14862) [취득세] 국가유공자 단독 취득 후, 공동 명의자 1% .. (1) / 답변1 첨부1
  + [147] ntt=69976 (14861) [취득세] 지방세법 제9조(비과세) 제3항에 따른 비과세.. (1) / 답변1 첨부1
  + [148] ntt=69964 (14860) [지방세징수법] 지방세 체납 조회 (1) / 답변1 첨부1
  + [149] ntt=69959 (14859) [재산세] 재산세 납세의무자 지정 (1) / 답변1 첨부1
  + [150] ntt=69958 (14858) [재산세] 주택건설사업계획 승인 취소된 토지의 분리과세 .. (1) / 답변1 첨부1
  + [151] ntt=69955 (14857) [취득세] 채권자 대위자의 취득세 신고 시 처리 방법 문.. (1) / 답변1 첨부2
  + [152] ntt=69951 (14856) [지방소득세] 법인지방소득세 납부지연가산세 관련 문의입니다 (1) / 답변1 첨부1
  + [153] ntt=69937 (14855) [취득세] 승강기 설치(개수)로 인한 취득 시 취득세 문.. (1) / 답변1 첨부1
  + [154] ntt=69913 (14854) [지방세징수법] 압류해제의 효력 발생일 문의드립니다. (1) / 답변1
  + [155] ntt=69902 (14853) [취득세] 견본주택(가설건축물) 취득신고시 부지 임차료,.. (1) / 답변1 첨부1
  + [156] ntt=69879 (14852) [지방소득세] 독촉과 최고 독촉장 발송기한 문의 (1) / 답변1 첨부1
  + [157] ntt=69878 (14851) [취득세] 판결문(조정을 갈음하는 결정)에 의한 소유권 .. (1) / 답변1 첨부1
  + [158] ntt=69870 (14850) [취득세] [창업중소기업 등에 대한 감면] 취득세 경정청.. (1) / 답변1 첨부1
  + [159] ntt=69868 (14849) [취득세] 무료 노인복지시설 사무소 (1) / 답변1 첨부1
  + [160] ntt=69856 (14848) [등록면허세] 감정평가법인의 설립인가 분사무소 과세 여부 (1) / 답변1 첨부1
  + [161] ntt=69854 (14847) [지방세특례제한법] 현물출자감면의 추징대상 여부 (1) / 답변1 첨부1
  + [162] ntt=69840 (14846) [취득세] 상품용차량 2년이내 도난말소 후 개인 앞으로 .. (1) / 답변1 첨부1
  + [163] ntt=69817 (14845) [재산세] 재산세 문의드립니다. (1) / 답변1 첨부1
  + [164] ntt=69808 (14844) [지방세특례제한법] 귀농인 감면 관련 질의 드립니다. (1) / 답변1 첨부1
  + [165] ntt=69792 (14843) [취득세] 법인대표가 주식소각을 대가로 법인명의 부동산을.. (1) / 답변1 첨부1
  + [166] ntt=69781 (14842) [지방세징수법] 체납액 법정대위변제 및 공매취하 요청 (1) / 답변1 첨부1
  + [167] ntt=69780 (14841) [취득세] 수분양자가 옵션을 별도로 설치할 경우 공사비용.. (1) / 답변1 첨부1
  + [168] ntt=69776 (14840) [지방세특례제한법] 주유소가 농협 고유목적 직접사용 부동산에 해당.. (1) / 답변1 첨부1
    [retry 1/3] ReadTimeout
  + [169] ntt=69769 (14839) [지방세특례제한법] 제22조 다자녀 가구 해당 여부 (1) / 답변1 첨부1
  + [170] ntt=69741 (14838) [지방세징수법] 미등기 부동산 보존 대위등기 촉탁(사망자) (1) / 답변1 첨부1
  + [171] ntt=69737 (14837) [취득세] 법인과 해당법인 대표이사간의 주택 유상거래 계.. (1) / 답변1 첨부1
  + [172] ntt=69714 (14836) [취득세] 상속으로 인한 입주권 지분 취득 후 처분 했을.. (1) / 답변1 첨부1
  + [173] ntt=69713 (14835) [취득세] [농공단지 대체입주자에 대한 감면] 취득세 경.. (1) / 답변1 첨부1
  + [174] ntt=69701 (14834) [지방소득세] 법인지방소득세 결손금 소급공제 환급분 징수 (1) / 답변1 첨부1
[page 108 완료] 누적 신규 174건  (이 게시판 저장 총 3,218건)
  + [175] ntt=69697 (14833) [재산세] 소유권 말소등기 판결의 소멸시효에 따른 재산세.. (1) / 답변1 첨부1
  + [176] ntt=69692 (14832) [지방세기본법] 신탁재산 세무조사 선정 시 위탁자도 세무조사 .. (1) / 답변1 첨부1
  + [177] ntt=69688 (14831) [취득세] 혼인 전 주택 취득후  주택이 있는 배우자와 .. (1) / 답변1 첨부1
  + [178] ntt=69678 (14830) [기타] 한정상속과 상속재산 파산시 납세의무 등 (1) / 답변1 첨부1
  + [179] ntt=69668 (14829) [취득세] 주택(토지만) 증여 시 취득세 부과질의 (1) / 답변1 첨부1
  + [180] ntt=69664 (14828) [재산세] 별도합산과세대상 토지 적용 관련 (1) / 답변1 첨부1
  + [181] ntt=69659 (14827) [취득세] 법인 상가건물 대수선공사 취득세 과세표준 문의.. (1) / 답변1 첨부1
  + [182] ntt=69651 (14826) [취득세] 원인무효 취득세에 대한 질의 (1) / 답변1 첨부1
  + [183] ntt=69645 (14825) [취득세] *수정* 국립대학교 기숙사 기부채납(20년 운.. (1) / 답변1 첨부1
  + [184] ntt=69644 (14824) [지방세징수법] 징수유예 취소 문의 (1) / 답변1 첨부1
  + [185] ntt=69638 (14823) [기타] 한정승인시 자동차세 납세의무 (1) / 답변1 첨부1
  + [186] ntt=69631 (14822) [재산세] 물류단지안의 저류지, 하수처리장, 완충녹지, .. (1) / 답변1 첨부1
  + [187] ntt=69614 (14821) [재산세] 한국도로공사의 지역지사 사무소 부지에 대한 재.. (1) / 답변1 첨부1
  + [188] ntt=69613 (14820) [취득세] 시행령 개정에 따른 분양권 마이너스피 과세표준.. (1) / 답변1 첨부1
  + [189] ntt=69585 (14819) [재산세] 한 필지 내 지분 소유자 지분 농지 사용시 재.. (1) / 답변1 첨부1
  + [190] ntt=69578 (14818) [취득세] 수영장에 설치된 이동식 쉘터 취득세 세율 (1) / 답변1 첨부1
  + [191] ntt=69577 (14817) [취득세] 자회사 합병 시가인정액 문의 (1) / 답변1 첨부1
  + [192] ntt=69575 (14816) [취득세] 주택 부속토지 지분 보유, 동일 토지 지분 취.. (1) / 답변1 첨부1
  + [193] ntt=69565 (14815) [지방세기본법] 체납액정보 정보공개 가능여부 (1) / 답변1 첨부2
  + [194] ntt=69563 (14814) [지방세기본법] 소송 판결에 따른 부과취소 후 재계산하여 재부.. (1) / 답변1 첨부1
  + [195] ntt=69562 (14813) [취득세] 농업회사법인 감면 추징 (1) / 답변1 첨부1
  + [196] ntt=69557 (14812) [지방세특례제한법] 종교단체 감면 추징대상 문의 (1) / 답변1 첨부1
  + [197] ntt=69551 (14811) [재산세] 재산세 후발적 경정청구 (1) / 답변1
  + [198] ntt=69541 (14810) [재산세] 종중 부과토지의 납세의무자 변경 신고 관련 문.. (1) / 답변1 첨부1
  + [199] ntt=69527 (14809) [취득세] 생애최초 감면 환급 후 추징 시 이자상당액 기.. (1) / 답변1 첨부1
  + [200] ntt=69525 (14808) [취득세] 과점주주 판단 (2) / 답변2 첨부1
  + [201] ntt=69514 (14807) [지방세특례제한법] 지방세특례제한법 제58조3 창업감면 질의 (1) / 답변1 첨부1
  + [202] ntt=69513 (14806) [재산세] 사권 제한토지 등에 대한 감면여부 (1) / 답변1 첨부1
  + [203] ntt=69512 (14805) [지방세징수법] 부동산 신탁공매 처분 관련 (1) / 답변1 첨부1
  + [204] ntt=69511 (14804) [지방세기본법] 과세정보 제공 가능여부 문의 (1) / 답변1 첨부1
[page 109 완료] 누적 신규 204건  (이 게시판 저장 총 3,248건)
  + [205] ntt=69500 (14803) [재산세] 제척기간 도과 재산세 감액 및 부과 취소 문의 (1) / 답변1 첨부1
  + [206] ntt=69489 (14802) [지방세징수법] 취득의 원인무효로 압류해제가 가능한지 여부 (1) / 답변1 첨부1
  + [207] ntt=69469 (14801) [지방세징수법] 압류 증권 처리방안 문의 (1) / 답변1 첨부1
  + [208] ntt=69464 (14800) [취득세] 법인이 대물변제로 부동산 취득할 경우 과표적용.. (1) / 답변1
  + [209] ntt=69439 (14799) [재산세] 전기차 충전기 시가표준액 (1) / 답변1 첨부1
  + [210] ntt=69437 (14798) [취득세] 합병 취득일 문의 (1) / 답변1 첨부1
  + [211] ntt=69436 (14797) [취득세] 직계존비속 간의 유상거래로 볼 수 있는지 여부.. (1) / 답변1 첨부1
  + [212] ntt=69435 (14796) [지방세징수법] 체납체분비 부과제척기간 및 징수소멸시효에 대한.. (1) / 답변1 첨부1
  + [213] ntt=69432 (14795) [지방세징수법] 체납처분비 부과제척기간 및 소멸시효에 대한 질.. (1) / 답변1 첨부1
  + [214] ntt=69431 (14794) [지방세징수법] 체납처분비 부과제척기간에 대한 질의 (1) / 답변1 첨부1
  + [215] ntt=69430 (14793) [지방세징수법] 체납처분비 부과제척기간에 대한 질의 (1) / 답변1 첨부1
  + [216] ntt=69428 (14792) [재산세] 적십자병원 소유 아파트에 대한 감면 여부 (1) / 답변1 첨부1
  + [217] ntt=69401 (14791) [취득세] 토지 유상취득 후 고급주택 신축 시, 토지분 .. (1) / 답변1 첨부1
  + [218] ntt=69395 (14790) [취득세] 상속취득세 친생자부존재 등 확인시 취득시기 및.. (1) / 답변1 첨부1
  + [219] ntt=69394 (14789) [지방세특례제한법] 지역아동센터 감면 문의 (1) / 답변1 첨부1
  + [220] ntt=69389 (14788) [지방세기본법] 지방세기본법 시행령 기한연장 사유 (1) / 답변1
  + [221] ntt=69374 (14787) [취득세] 지방자치단체 투자비율 관련 문의입니다. (1) / 답변1 첨부1
  + [222] ntt=69372 (14786) [재산세] 유료로 이용되는 도로에 대한 사권 제한 감면 .. (1) / 답변1 첨부1
  + [223] ntt=69363 (14785) [지방세기본법] 5년 경과된 취득세 이중신고납부건 환급 가능여.. (1) / 답변1 첨부1
  + [224] ntt=69359 (14784) [지방세특례제한법] 토지수용 계약 전 감면 가능 여부 (1) / 답변1 첨부1
  + [225] ntt=69350 (14783) [취득세] 지목변경 과세표준 관련하여 질의드립니다 (1) / 답변1
  + [226] ntt=69349 (14782) [취득세] 재차상속 해당 여부 질의 (1) / 답변1 첨부1
  + [227] ntt=69272 (14781) [취득세] 신탁계약 해지시 소유권 및 비과세 여부 (1) / 답변1 첨부1
  + [228] ntt=69266 (14780) [취득세] 지방자치단체이 공익용 사업을 위해 민간의 사업.. (1) / 답변1 첨부1
  + [229] ntt=69262 (14779) [취득세] [주택중과]3년이 경과할 때까지 멸실하지 않아.. (1) / 답변1 첨부1
  + [230] ntt=69249 (14778) [취득세] 부당행위계산 적용시 적용범위 (1) / 답변1 첨부1
  + [231] ntt=69238 (14777) [취득세] 사실상 본점 미 사용시, 기납부한 취득세 중과.. (1) / 답변1 첨부1
  + [232] ntt=69237 (14776) [자동차세] 자동차세 납세의무자 지정 문의드립니다 (1) / 답변1
  + [233] ntt=69235 (14775) [지방세특례제한법] 장애인 소유차량 3명의 공동명의자 중 한명이 .. (1) / 답변1 첨부2
  + [234] ntt=69230 (14774) [지방세징수법] 파산 결정일 후의 자동차 공매에서의 배분금액 .. (1) / 답변1 첨부1
[page 110 완료] 누적 신규 234건  (이 게시판 저장 총 3,278건)
  + [235] ntt=69209 (14773) [세외수입] 이행강제금 행정소송 계류중 체납처분(압류) 가.. (1) / 답변1 첨부1
  + [236] ntt=69208 (14772) [취득세] 분양권으로 인한 주택 취득시 재건축 지정고시 .. (1) / 답변1 첨부1
    [retry 1/3] ReadTimeout
  + [237] ntt=69207 (14771) [기타] 회생법인에 대한 세무조사 가능 여부 (1) / 답변1 첨부1
  + [238] ntt=69204 (14770) [등록면허세] 부과제척기간 경과한 미사용 등록면허세(등록) .. (1) / 답변1 첨부1
  + [239] ntt=69202 (14769) [지방세특례제한법] 장애인과 3인 공동소유시 1명만 세대분리 시 .. (1) / 답변1 첨부1
  + [240] ntt=69199 (14768) [취득세] [생애최초] 해당 사례가 상시거주 지연의 정당.. (1) / 답변1 첨부1
  + [241] ntt=69197 (14767) [주민세] 주민세 종업원분 납세자 궁금합니다 (1) / 답변1
  + [242] ntt=69195 (14766) [자동차세] 자동차세 부과대상 문의 (1) / 답변1 첨부1
  + [243] ntt=69193 (14765) [취득세] 무허가 기준 문의 (1) / 답변1 첨부1
  + [244] ntt=69188 (14764) [재산세] 주차장으로 사용하는 토지의 건축물 부속토지 적.. (1) / 답변1 첨부1
  + [245] ntt=69174 (14763) [지방세징수법] 매매예약가등기 이후 증여 (1) / 답변1 첨부1
  + [246] ntt=69173 (14762) [취득세] 부담부증여 (1) / 답변1 첨부1
  + [247] ntt=69171 (14761) [지방세기본법] 지방세 이의신청 청구대상 여부(재질의#83) (1) / 답변1 첨부1
  + [248] ntt=69170 (14760) [재산세] 시가표준액 감산(주차장, 무벽감산) (1) / 답변1 첨부1
  + [249] ntt=69164 (14759) [취득세] 환경친화적 자동차 충전시설 감면 대상자 질의 (1) / 답변1 첨부1
  + [250] ntt=69160 (14758) [취득세] (14735 재질의) 지방공사의 도시개발사업으.. (1) / 답변1 첨부1
  + [251] ntt=69151 (14757) [취득세] 부자지간 거래로 취득자의 재산으로 그 대가를 .. (1) / 답변1
  + [252] ntt=69149 (14756) [취득세] 화해권고 결정에 따른 취득시기 및 지방세 감면.. (1) / 답변1 첨부1
  + [253] ntt=69144 (14755) [지방세특례제한법] 철도시설 관련 재산세 감면 질의 (1) / 답변1 첨부1
  + [254] ntt=69138 (14754) [지방세특례제한법] 취득세 생애최초 감면 후 임차권 등기했으나 상.. (1) / 답변1 첨부1
  + [255] ntt=69136 (14753) [재산세] 대위등기상 상속인 일부의 상속포기로 인한 납세.. (1) / 답변1 첨부1
  + [256] ntt=69132 (14752) [지방세징수법] 물적납세의무 지정 가능여부 (1) / 답변1 첨부1
  + [257] ntt=69129 (14751) [주민세] 주민세 종업원분 과세표준 포함여부 (1) / 답변1
    [retry 1/3] ReadTimeout
  + [258] ntt=69128 (14750) [지방세특례제한법] 산업단지 취득세 감면과 관련하여 "직접 사용".. (1) / 답변1 첨부1
  + [259] ntt=69124 (14749) [취득세] (지방세상담 14728)재질의 (과점주주 간주.. (1) / 답변1 첨부1
    [retry 1/3] ReadTimeout
  + [260] ntt=69122 (14748) [재산세] (재질의)공영주차장 조성비반환 조건이 있는경우.. (1) / 답변1 첨부2
  + [261] ntt=69121 (14747) [재산세] 합병후 존속법인의  산업단지내 공장에 대한 재.. (1) / 답변1
  + [262] ntt=69118 (14746) [지방소득세] 법인지방소득세 경정청구시 환급가산금기산일은 당.. (1) / 답변1 첨부1
  + [263] ntt=69117 (14745) [취득세] 미준공 건물 경매 낙찰시 세율문의 (1) / 답변1 첨부1
  + [264] ntt=69116 (14744) [자동차세] 한정승인, 상속재산 파산 결정을 받은 상속인에.. (1) / 답변1 첨부1
[page 111 완료] 누적 신규 264건  (이 게시판 저장 총 3,308건)
  + [265] ntt=69115 (14743) [취득세] 사내근로복지기금 특수관계 성립 여부 (1) / 답변1 첨부1
  + [266] ntt=69111 (14742) [취득세] 지방공사가 신축한 상가를 임대할 경우 목적사업.. (1) / 답변1 첨부1
  + [267] ntt=69108 (14741) [취득세] 지목변경 과세대상 문의 (1) / 답변1 첨부1
  + [268] ntt=69102 (14740) [지방세기본법] 지방세 이의신청 청구대상 여부 (1) / 답변1 첨부1
  + [269] ntt=69095 (14739) [재산세] 별도합산 과세 여부 (1) / 답변1 첨부1
  + [270] ntt=69093 (14738) [취득세] 지방공사의 도시개발사업으로 취득한 토지의 추징.. (1) / 답변1 첨부2
  + [271] ntt=69071 (14737) [재산세] 재산세 징수유예 사유에 해당되는지 여부 관련 .. (1) / 답변1 첨부1
  + [272] ntt=69069 (14736) [지방세징수법] 급여압류 과다 추심금 관련 문의드립니다. (1) / 답변1 첨부1
  + [273] ntt=69064 (14735) [주민세] 사업에 간접 사용하고 있는 타인소유 건축물 주.. (1) / 답변1 첨부1
  + [274] ntt=69056 (14734) [취득세] 공동상속인 중 1인 사망 시 취득세 납세의무 .. (1) / 답변1 첨부1
  + [275] ntt=69055 (14733) [취득세] 미성년자 토지 매매 관련 문의 (1) / 답변1 첨부1
  + [276] ntt=69053 (14732) [취득세] 임대사업자 추징 예외 사유 관련 질의 (1) / 답변1 첨부1
  + [277] ntt=69047 (14731) [취득세] 과점주주 간주취득세를 부과할 수 있는지 여부 (1) / 답변1 첨부1
  + [278] ntt=69046 (14730) [취득세] 잔금 전 타 대출로 기존 대부금 상환시 국가유.. (1) / 답변1 첨부1
  + [279] ntt=69044 (14729) [재산세] 공영주차장 조성비반환 조건이 있는경우 비과세 .. (1) / 답변1 첨부2
  + [280] ntt=69040 (14728) [취득세] 재개발 조합원의 토지증가분 취득세 관련 질의 (1) / 답변1 첨부1
  + [281] ntt=69031 (14727) [지방세징수법] 체납자 예금압류에서 하자보증금부분만 해제 가능.. (1) / 답변1 첨부1
  + [282] ntt=69029 (14726) [취득세] 준공 후 미분양 아파트에 대한 취득세 주택수 .. (1) / 답변1 첨부1
  + [283] ntt=69027 (14725) [재산세] 시설물에 대한 지역자원시설세 부과관련 문의 (1) / 답변1 첨부1
  + [284] ntt=69021 (14724) [지방세징수법] (지방세상담 14716) 재질의:  체납처분 .. (1) / 답변1 첨부1
  + [285] ntt=69019 (14723) [지방세특례제한법] 임대사업자, 임대주택 감면 시 지목변경 취득세.. (1) / 답변1
  + [286] ntt=69009 (14722) [취득세] 정비예정구역의 경우 주택수 산입 문의 (1) / 답변1 첨부1
  + [287] ntt=69007 (14721) [취득세] 경락공매로 인한 취득시 시설장비 안분 (1) / 답변1
  + [288] ntt=69006 (14720) [취득세] 화해조서 집행문에 근거하여 매수인 동의없이 취.. (1) / 답변1 첨부1
  + [289] ntt=69003 (14719) [지방세징수법] 압류물건의 소유권 변경 시 압류해제 (1) / 답변1
  + [290] ntt=68999 (14718) [주민세] 주민세(사업소분) 공용면적 안분방법관련 문의 (1) / 답변1 첨부1
  + [291] ntt=68990 (14717) [세외수입] [세외수입]신탁자 환급금 압류 및 추심 (1) / 답변1 첨부1
  + [292] ntt=68987 (14716) [재산세] 상속으로 인한 미상속 직권고지 질의입니다. (1) / 답변1 첨부1
  + [293] ntt=68970 (14715) [취득세] (지방세상담 14690)재질의  (취득세 과세.. (1) / 답변1 첨부1
  + [294] ntt=68969 (14714) [취득세] 연부취득 계약변경 관련 질의 (1) / 답변1 첨부1
[page 112 완료] 누적 신규 294건  (이 게시판 저장 총 3,338건)
  + [295] ntt=68961 (14713) [취득세] 유상승계취득 계약 해제시 (1) / 답변1 첨부1
  + [296] ntt=68958 (14712) [재산세] 호주상속제 폐지 이전에 돌아가신 경우 재산세 .. (1) / 답변1 첨부1
  + [297] ntt=68937 (14711) [주민세] 급여지급월이 아닌 귀속월을 기준으로 신고한 경.. (1) / 답변1 첨부1
  + [298] ntt=68936 (14710) [재산세] 개인화물자동차 운송사업 재산세 별도합산 (1) / 답변1 첨부1
  + [299] ntt=68929 (14709) [과세표준] 지방세기본법 제101조 에 따른 형사고발 대상.. (1) / 답변1 첨부1
  + [300] ntt=68927 (14708) [재산세] 재산세 분할납부 후 징수유예 여부 문의 (1) / 답변1 첨부1
  + [301] ntt=68922 (14707) [취득세] 최초 과점주주여부 판단 관련 질문 (1) / 답변1 첨부1
  + [302] ntt=68921 (14706) [지방세징수법] 징수유예 가능 여부 문의  (신탁관계에서 위탁.. (1) / 답변1 첨부1
  + [303] ntt=68918 (14705) [취득세] 조합원 이주 대여금 과표산입 여부 (1) / 답변1 첨부1
  + [304] ntt=68914 (14704) [취득세] 부선 위 제작설치한 해상크레인 취득세(기계장비.. (1) / 답변1 첨부1
  + [305] ntt=68911 (14703) [취득세] 노인복지시설 감면 관련 (1) / 답변1 첨부1
  + [306] ntt=68900 (14702) [재산세] 도시개발구역지정 및 실시계획인가에 따라 기반시.. (1) / 답변1 첨부1
  + [307] ntt=68897 (14701) [재산세] 공부는 대지인데 산림의 형태로 되어 있어 현황.. (1) / 답변1 첨부1
  + [308] ntt=68888 (14700) [취득세] 공장의 지방이전 문의 (1) / 답변1 첨부1
  + [309] ntt=68887 (14699) [취득세] 생애최초 주택취득 감면 관련 상시 거주 지연의.. (1) / 답변1 첨부1
  + [310] ntt=68886 (14698) [취득세] 지방세특례제한법 제17조 장애인 대체취득 관련.. (1) / 답변1 첨부1
  + [311] ntt=68884 (14697) [재산세] 건축물대장 상 주택을 샘플하우스로 사용하는 경.. (1) / 답변1 첨부1
  + [312] ntt=68882 (14696) [취득세] 공공주택사업자의 주택 취득시 중과세 예외 (1) / 답변1 첨부1
  + [313] ntt=68878 (14695) [자동차세] 자동차세 대체취득 감면 (1) / 답변1 첨부1
  + [314] ntt=68874 (14694) [등록면허세] 공유물분할을 위한 경매신청 시, 가액에 대해 (1) / 답변1 첨부1
  + [315] ntt=68871 (14693) [취득세] 취득세 과세대상인 옥외오락시설 해당여부 (회전.. (1) / 답변1 첨부1
  + [316] ntt=68861 (14692) [지방세특례제한법] 이자상당액을 계산하기 위한 이자기산일 산정 방.. (2) / 답변2 첨부1
  + [317] ntt=68841 (14691) [재산세] 기계식세차시설 재산세 부과 관련 문의 (1) / 답변1 첨부1
  + [318] ntt=68838 (14690) [재산세] 사기 판결(형사)에 따른 재산세 납세의무자 판.. (1) / 답변1 첨부1
  + [319] ntt=68833 (14689) [지방소득세] 법인지방소득세 안분누락 기한후신고 가산세 (1) / 답변1 첨부1
  + [320] ntt=68830 (14688) [지방세징수법] 폐업법인, 사망자 환급금 발생 시 처리 방법 (1) / 답변1
  + [321] ntt=68822 (14687) [재산세] 농협경제지주 소유의 부동산(건축물,토지) 지특.. (1) / 답변1 첨부1
  + [322] ntt=68819 (14686) [지방세특례제한법] 골프장을 경영하는 기업이 창업중소기업으로서 지.. (1) / 답변1 첨부1
  + [323] ntt=68818 (14685) [취득세] 노인복지시설 감면 질의 (1) / 답변1 첨부1
  + [324] ntt=68816 (14684) [재산세] 산업단지 준공후 시행자 소유의 녹지(공원) 감.. (1) / 답변1 첨부1
[page 113 완료] 누적 신규 324건  (이 게시판 저장 총 3,368건)
  + [325] ntt=68815 (14683) [지방세특례제한법] 정당한 사유 (1) / 답변1 첨부1
  + [326] ntt=68807 (14682) [취득세] 상속에 따른 부동산 취득세 질의드립니다. (1) / 답변1 첨부1
  + [327] ntt=68797 (14681) [재산세] 골프연습장의 부설주차장 (1) / 답변1 첨부2
  + [328] ntt=68793 (14680) [취득세] 지목변경 취득세 납세의무자 (1) / 답변1 첨부1
  + [329] ntt=68792 (14679) [지방소득세] 2018년 귀속 지방소득세(양도소득) 본세 및.. (1) / 답변1 첨부1
  + [330] ntt=68790 (14678) [취득세] 법인의 경매 낙찰 수수료도 취득가액에 포함되는.. (1) / 답변1
  + [331] ntt=68785 (14677) [취득세] 100% 지분 취득 후 취득세 과점주주 신고 .. (1) / 답변1 첨부1
  + [332] ntt=68779 (14676) [재산세] 지방공기업의 학교시설용지 및 체육시설에 대한 .. (1) / 답변1 첨부1
  + [333] ntt=68775 (14675) [취득세] 1세대2주택 관련 취득세 납부의무가 있는지 질.. (1) / 답변1 첨부1
  + [334] ntt=68770 (14674) [취득세] 직계존비속간 유상거래 인정여부 문의드립니다. (1) / 답변1 첨부1
  + [335] ntt=68764 (14673) [등록면허세] 총포 상품화에 총포사 총포 소지허가 등록면허세.. (1) / 답변1 첨부1
  + [336] ntt=68763 (14672) [취득세] 취득세 경정(1년이 지난 감정평가서) (1) / 답변1 첨부1
  + [337] ntt=68761 (14671) [세외수입] 파산선고에따라 세외수입(교통유발부담금)을 후순.. (1) / 답변1 첨부1
  + [338] ntt=68758 (14670) [지방세기본법] 제2차 납세의무에 대한 부과 제척기간 (2) / 답변2 첨부1
  + [339] ntt=68757 (14669) [재산세] 재산세 유흥주점 중과세 대상 성립 여부 (1) / 답변1 첨부1
  + [340] ntt=68750 (14668) [재산세] 주거용 오피스텔에서 사무소로 소급 용도 변경 .. (1) / 답변1 첨부1
  + [341] ntt=68743 (14667) [취득세] 휴면법인 취득세  중과여부 (1) / 답변1 첨부1
  + [342] ntt=68739 (14666) [재산세] 재산세 현황과세 배제 관련 문의 (1) / 답변1 첨부1
  + [343] ntt=68736 (14665) [재산세] 재산세 직권등재 (1) / 답변1 첨부1
  + [344] ntt=68730 (14664) [재산세] 여객자동차 운수사업법에 따른 최저 보유차고 면.. (1) / 답변1 첨부2
  + [345] ntt=68727 (14663) [재산세] 재산세(토지) 과세대상이 분리과세->별도합산으.. (1) / 답변1 첨부1
  + [346] ntt=68715 (14662) [자동차세] 자동차세 과세기간 질의 (1) / 답변1 첨부1
  + [347] ntt=68710 (14661) [취득세] 주택 유상거래 중과세율 적용 여부 (1) / 답변1 첨부1
  + [348] ntt=68704 (14660) [재산세] 전문휴양업의 글램핑장 카바나,인디언 텐트가 건.. (1) / 답변1 첨부1
  + [349] ntt=68694 (14659) [취득세] [14646재질의]증여로 인한 등기 완료 후 .. (1) / 답변1 첨부1
  + [350] ntt=68692 (14658) [취득세] (재질의)개인 투자금의 장기차입금에 대한 금융.. (1) / 답변1 첨부1
  + [351] ntt=68685 (14657) [재산세] 지방세법 시행령 제102조제7항제11호에 대한.. (1) / 답변1 첨부1
  + [352] ntt=68683 (14656) [재산세] 옥내 기계식 주치장치가 건축물 시가표준액에 포.. (1) / 답변1 첨부1
  + [353] ntt=68681 (14655) [지방세기본법] 2차납세의무자 지정된 체납 건의 가산금, 중가.. (1) / 답변1 첨부1
  + [354] ntt=68679 (14654) [취득세] 공유물 분할 지가가 다른 번지가 분할될때 부과.. (1) / 답변1 첨부1
[page 114 완료] 누적 신규 354건  (이 게시판 저장 총 3,398건)
  + [355] ntt=68678 (14653) [지방세기본법] 14629 재질의(지방세기본법 제50조2항 1.. (1) / 답변1 첨부1
  + [356] ntt=68675 (14652) [취득세] 신탁재산의 위탁자 변경을 원인으로 하는 신탁원.. (1) / 답변1 첨부1
  + [357] ntt=68672 (14651) [재산세] (14633)재질의 기존공장의 부속토지로 볼 .. (1) / 답변1 첨부2
  + [358] ntt=68669 (14650) [재산세] 소유권이전등기 말소 판결 후 말소등기 미이행한.. (1) / 답변1 첨부1
  + [359] ntt=68666 (14649) [취득세] 증여로 인한 등기 완료 후 원 소유자에게 50.. (1) / 답변1 첨부1
  + [360] ntt=68661 (14648) [취득세] 부담부증여 채무인수 관련 질의 (1) / 답변1 첨부1
  + [361] ntt=68660 (14647) [취득세] 개인 투자금의 장기차입금에 대한 금융비용 취득.. (1) / 답변1 첨부1
  + [362] ntt=68652 (14646) [지방소득세] 법인지방소득세 국세청 통보자료에의한 부과 가능.. (1) / 답변1 첨부1
  + [363] ntt=68651 (14645) [지방세징수법] (14624)(재질의)금지사항 등기 말소 (1) / 답변1 첨부1
  + [364] ntt=68646 (14644) [취득세] 취득세 환급 문의(매매계약서를 작성했으나 판결.. (1) / 답변1
  + [365] ntt=68641 (14643) [취득세] 물적분할과 산업용건축물 감면 추징여부(적격분할.. (1) / 답변1 첨부1
  + [366] ntt=68639 (14642) [재산세] 산업단지 재산세 감면 시점 문의 (1) / 답변1 첨부1
  + [367] ntt=68637 (14641) [취득세] 차량취득세 다자녀 재감면했을 경우 추징관련 문.. (1) / 답변1
  + [368] ntt=68636 (14640) [지방세징수법] 징수유예 취소 문의드립니다. (1) / 답변1
  + [369] ntt=68635 (14639) [재산세] 상속 한정승인 관련 재산세 납세의무자 (1) / 답변1 첨부1
  + [370] ntt=68633 (14638) [취득세] 자경농민 감면 추징문이 드립니다 (1) / 답변1 첨부1
  + [371] ntt=68624 (14637) [주민세] 법인 해산간주와 청산종결간주시 사업소분 주민세.. (1) / 답변1 첨부1
  + [372] ntt=68612 (14636) [재산세] 공장의 부속토지로 볼 수 있는지 (1) / 답변1 첨부2
  + [373] ntt=68609 (14635) [재산세] 골프연습장의 주차장, 진입로 등 별도합산 적용.. (1) / 답변1 첨부1
  + [374] ntt=68607 (14634) [재산세] 상속포기시 주된 상속인 질의 (1) / 답변1 첨부1
  + [375] ntt=68600 (14633) [재산세] 재산세 납세의무자 질문입니다. (1) / 답변1 첨부1
  + [376] ntt=68594 (14632) [지방세기본법] 지방세기본법 제50조2항1호 (1) / 답변1 첨부1
  + [377] ntt=68585 (14631) [지방세기본법] 개인회생 체납자의 지방세환급금 충당 문의 (1) / 답변1 첨부1
  + [378] ntt=68581 (14630) [취득세] 특수관계인 성립여부 질의 (1) / 답변1 첨부1
  + [379] ntt=68577 (14629) [재산세] 공부상 주택을 기숙사로 볼 수 있는지(수정) (1) / 답변1 첨부1
  + [380] ntt=68576 (14628) [재산세] 친환경자동차 충전시설에 대한 지역자원시설세 부.. (1) / 답변1 첨부1
  + [381] ntt=68573 (14627) [기타] 금지사항 등기 말소 (1) / 답변1 첨부1
  + [382] ntt=68572 (14626) [취득세] 가로주택정비사업 이전고시에 따른 비조합원용 토.. (1) / 답변1 첨부1
  + [383] ntt=68566 (14625) [취득세] 재개발지역내 시가인정액 적용 요령 문의 (1) / 답변1 첨부1
  + [384] ntt=68565 (14624) [취득세] 14617-재질의 (1) / 답변1 첨부1
[page 115 완료] 누적 신규 384건  (이 게시판 저장 총 3,428건)
  + [385] ntt=68558 (14623) [취득세] 차량취득세 다자녀감면 추징관련 문의 (1) / 답변1
  + [386] ntt=68553 (14622) [지방세징수법] 파산선고 후 발견 재산에 대한 압류 (1) / 답변1
  + [387] ntt=68548 (14621) [재산세] "유지" 비과세에 관련하여 (1) / 답변1 첨부1
  + [388] ntt=68544 (14620) [취득세] 부과제척기간 도과 여부 (1) / 답변1 첨부1
  + [389] ntt=68541 (14619) [지방세특례제한법] 조세심판 결정에 대한 재산세 감액 및 환급 관.. (1) / 답변1 첨부1
  + [390] ntt=68538 (14618) [취득세] 공동 상속의 1가구 1주택 상속 감면 가능여부 (1) / 답변1 첨부1
  + [391] ntt=68526 (14617) [자동차세] 자동차세 감액 (1) / 답변1
  + [392] ntt=68522 (14616) [지방세특례제한법] 자영어민 감면 관련 어선 30톤 이내 질의 (1) / 답변1 첨부1
  + [393] ntt=68516 (14615) [취득세] 지점 설치 후 5년이내 취득으로 보아 취득세 .. (1) / 답변1 첨부1
  + [394] ntt=68509 (14614) [재산세] 납세의무자 변경 (3) / 답변3 첨부1
    [retry 1/3] ReadTimeout
  + [395] ntt=68506 (14613) [지방세특례제한법] 조세심판 결정에 대한 처리 방법 등 (1) / 답변1 첨부1
  + [396] ntt=68491 (14612) [재산세] 진정명의회복을 원인으로 한 소유권이전등기의 경.. (1) / 답변1 첨부1
  + [397] ntt=68482 (14611) [주민세] 주민세(사업소분) 건물 신축 후 사업개시 이전.. (1) / 답변1 첨부1
  + [398] ntt=68468 (14610) [취득세] 농업협동조합이 1년이 경과할 때까지 해당 용도.. (1) / 답변1 첨부1
  + [399] ntt=68467 (14609) [기타] 제2차 납세의무자 지정 관련 문의 (1) / 답변1 첨부1
  + [400] ntt=68466 (14608) [취득세] 건축물 사용승인 이후 토지분 중과세율 적용시 .. (1) / 답변1 첨부1
  + [401] ntt=68464 (14607) [지방세특례제한법] 감면소급 적용 (1) / 답변1 첨부1
  + [402] ntt=68461 (14606) [지방세기본법] 환급가산금의 적용해석문의 (1) / 답변1 첨부1
  + [403] ntt=68456 (14605) [지방세특례제한법] 대수선하여 2년이내 기업부설연구소 인증 후 4.. (1) / 답변1 첨부1
  + [404] ntt=68452 (14604) [취득세] 자동차 연료 판매업을 영위중인 법인이 본점소재.. (1) / 답변1 첨부1
  + [405] ntt=68450 (14603) [주민세] 주민세 사업소분 해산일자와 폐업일자 관련 문의 (1) / 답변1 첨부1
  + [406] ntt=68387 (14602) [취득세] 지방세특례제한법 제41조 관련 질의 (1) / 답변1 첨부1
  + [407] ntt=68371 (14601) [등록면허세] 가축사육업 허가 전환 등록면허세(면허) 신고분.. (1) / 답변1 첨부1
  + [408] ntt=68370 (14600) [재산세] 건축중인 토지로 볼 수 있는 지 여부 (1) / 답변1 첨부2
  + [409] ntt=68354 (14599) [취득세] (605)질의관련 "건축물대장상 용도변경후 주.. (1) / 답변1 첨부1
  + [410] ntt=68353 (14598) [지방소득세] 국세통보 지방소득세(특별징수) 환급관련 문의드.. (1) / 답변1
  + [411] ntt=68351 (14597) [취득세] 창업중소기업 감면 후 특수관계인의 지분을 인수.. (1) / 답변1 첨부1
  + [412] ntt=68348 (14596) [지방세기본법] 취득세 가산세 감면 조항 문의 (1) / 답변1 첨부1
  + [413] ntt=68347 (14595) [주민세] 관외 건설 현장 인력에 대한 주민세(종업원분).. (1) / 답변1 첨부1
  + [414] ntt=68346 (14594) [주민세] 종업원분 국외근무자 (1) / 답변1 첨부1
[page 116 완료] 누적 신규 414건  (이 게시판 저장 총 3,458건)
  + [415] ntt=68345 (14593) [자동차세] 자동차세 환급 (1) / 답변1
  + [416] ntt=68336 (14592) [취득세] PF대출수수료 안분기준에 대한 질의 (1) / 답변1 첨부1
  + [417] ntt=68328 (14591) [취득세] 세대분리 공동명의자 지분 이전에 대한 감면 문.. (1) / 답변1 첨부1
  + [418] ntt=68324 (14590) [취득세] 우오수관매설공사비, 통신시설 이설 원인자부담금.. (1) / 답변1 첨부1
  + [419] ntt=68321 (14589) [세외수입] 휴직자의 급여압류 질의 (1) / 답변1 첨부1
  + [420] ntt=68317 (14588) [취득세] 상속 감면후 재합의시 부과 문의합니다 (1) / 답변1 첨부1
  + [421] ntt=68315 (14587) [취득세] 민간임대주택(장기임대사업자) 주택 중과세 예외.. (1) / 답변1 첨부1
  + [422] ntt=68312 (14586) [지방세징수법] 부동산(압류재산) 공매 시 매수인의 제한 대상.. (1) / 답변1 첨부1
  + [423] ntt=68309 (14585) [취득세] 일시적 2주택 관련하여 질의드립니다(수정) (1) / 답변1 첨부1
  + [424] ntt=68304 (14584) [취득세] 무허가와 허가가 함께 있는 주택의 경우 중과제.. (1) / 답변1 첨부1
  + [425] ntt=68302 (14583) [재산세] 데이터센터 용도 및 공장 여부 (1) / 답변1 첨부1
  + [426] ntt=68295 (14582) [취득세] 취득세 경정청구 기한문의입니다. (1) / 답변1 첨부1
  + [427] ntt=68289 (14581) [지방세특례제한법] 수협이 외국인 숙소로 사용하기 위해 취득한 부.. (1) / 답변1 첨부1
  + [428] ntt=68280 (14580) [취득세] 취득세 과세표준 산입(토지 유상취득/ 건축물 .. (1) / 답변1 첨부1
  + [429] ntt=68278 (14579) [취득세] 건설자금이자 관련 문의 (1) / 답변1 첨부1
  + [430] ntt=68276 (14578) [재산세] 창고시설(물류창고)의 하역주차, 차량램프, 주.. (1) / 답변1 첨부1
  + [431] ntt=68273 (14577) [취득세] 어선에서 모터보트로 변경 (1) / 답변1 첨부1
  + [432] ntt=68260 (14576) [취득세] 생애최초로 취득세 감면후 3년 안에 이혼해서 .. (1) / 답변1 첨부1
  + [433] ntt=68259 (14575) [기타] 차량 공매 배분 관련 (1) / 답변1 첨부1
  + [434] ntt=68258 (14574) [취득세] 귀농인 감면 문의 (1) / 답변1 첨부1
  + [435] ntt=68247 (14573) [취득세] 다자녀(2자녀)취득,등록일 시점 (1) / 답변1 첨부1
  + [436] ntt=68244 (14572) [지방세특례제한법] 테마파크에 대한 농업회사법인 감면 가능 여부 (1) / 답변1 첨부1
  + [437] ntt=68242 (14571) [재산세] 재산세 납세의무자 변동신고...가능할까요? (1) / 답변1 첨부1
  + [438] ntt=68236 (14570) [재산세] 시가표준액 산정에 관한 사실상 현황 판단에 질.. (1) / 답변1 첨부2
  + [439] ntt=68221 (14569) [취득세] 법인분할로 임대사업자 승계시 감면분 추징여부 (1) / 답변1 첨부1
  + [440] ntt=68220 (14568) [지방세기본법] 사용료 체납의 경우 재산조회(과세정보 제공) .. (1) / 답변1 첨부1
  + [441] ntt=68216 (14567) [취득세] 상속 관련 채권자대위권 행사에 따른 체납자(상.. (1) / 답변1 첨부1
  + [442] ntt=68214 (14566) [취득세] 지특법제57조의2 ④ 현물출자 및 사업양수도 .. (1) / 답변1 첨부1
  + [443] ntt=68212 (14565) [자동차세] 자동차세 비과세 관련 상담신청드립니다. (1) / 답변1 첨부1
  + [444] ntt=68209 (14564) [취득세] 과점주주 간주취득세 관련 특수관계인 판단 (1) / 답변1 첨부1
[page 117 완료] 누적 신규 444건  (이 게시판 저장 총 3,488건)
  + [445] ntt=68207 (14563) [재산세] 자치단체 사용 토지에  대한 재산세 비과세 해.. (1) / 답변1 첨부2
  + [446] ntt=68200 (14562) [취득세] 지방세특례제한법 제73조의2 기부채납용 신축 .. (1) / 답변1 첨부1
  + [447] ntt=68199 (14561) [재산세] 미등기 상속물건 재산세 납세의무자 문의드립니다.. (1) / 답변1 첨부1
  + [448] ntt=68186 (14560) [취득세] 지역주택조합 탈퇴 또는 제명 시 조합원과 조합.. (1) / 답변1 첨부1
  + [449] ntt=68185 (14559) [지방세기본법] 과세예고 대상 여부 문의 (1) / 답변1 첨부1
  + [450] ntt=68180 (14558) [취득세] 경매로 본인의 임차보증금과 동일한 가격으로 낙.. (1) / 답변1 첨부1
  + [451] ntt=68173 (14557) [재산세] 재산세 토지면적 오류 시 환급 가능 기간 문의 (1) / 답변1 첨부1
  + [452] ntt=68171 (14556) [재산세] 납세의무자 변동신고...가능할까요? (1) / 답변1
  + [453] ntt=68170 (14555) [지방세특례제한법] 대체취득 감면 순서 문의 (1) / 답변1 첨부1
  + [454] ntt=68167 (14554) [취득세] 법인의 산업단지 주택취득 (1) / 답변1 첨부1
  + [455] ntt=68157 (14553) [취득세] 경정청구 검토 중 관련 질문 드립니다. (1) / 답변1 첨부1
  + [456] ntt=68148 (14552) [취득세] 지방세법시행령 제28조의3 별도 세대 기준 (1) / 답변1 첨부1
    [retry 1/3] ReadTimeout
  + [457] ntt=68147 (14551) [재산세] 분리과세에 해당하는 공장의 범위에 관한 문의 (1) / 답변1 첨부1
  + [458] ntt=68143 (14550) [지방세특례제한법] 출산일 이전에 등록한 차량을 다자녀양육차량으로.. (1) / 답변1 첨부1
  + [459] ntt=68142 (14549) [자동차세] 장애인 자동차세 감면(대체취득) 성립여부 및 .. (1) / 답변1 첨부1
  + [460] ntt=68141 (14548) [취득세] 지방세특례제한법 제73조의2 기부채납용 신축 .. (1) / 답변1 첨부1
  + [461] ntt=68138 (14547) [재산세] 도시개발사업 관련 재산세(도시분) 과세제외 대.. (1) / 답변1 첨부2
  + [462] ntt=68133 (14546) [지방세특례제한법] 다른 용도 해석문의 (1) / 답변1 첨부1
  + [463] ntt=68103 (14545) [지방세특례제한법] 지방세특례제한법 제42조의 면제대상 여부판단 (1) / 답변1 첨부1
  + [464] ntt=68102 (14544) [취득세] 구분 등기된 상가의 승강기 개수시 취득세 납세.. (1) / 답변1 첨부1
  + [465] ntt=68095 (14543) [취득세] 취득세 감액 문의합니다. (1) / 답변1 첨부1
  + [466] ntt=68086 (14542) [취득세] 출산양육감면 상속 공유지분 주택, 주택 수 포.. (1) / 답변1 첨부1
  + [467] ntt=68085 (14541) [지방세특례제한법] 부동산 취득세 추징 유예기간 내 직접 사용 해.. (1) / 답변1 첨부1
  + [468] ntt=68080 (14540) [취득세] 과점주주 간주취득세 문의(장부로 가액을 알 수.. (1) / 답변1 첨부1
  + [469] ntt=68069 (14539) [재산세] 무허가 건축물 재산세대장 등재 시 이를 무단 .. (1) / 답변1 첨부1
  + [470] ntt=68066 (14538) [취득세] 주택신축판매업자 법인 주택 취득 중과제외 관련.. (1) / 답변1 첨부2
  + [471] ntt=68065 (14537) [기타] 지방세 및 세외수입 체납에 따른 보조금 지급 .. (1) / 답변1 첨부1
  + [472] ntt=68060 (14536) [취득세] 과점주주 간주취득세 관련 특수관계법인의 지분취.. (2) / 답변2 첨부1
  + [473] ntt=68057 (14535) [지방세특례제한법] 사업용고정자산에 해당여부 질의(지특법 제57조.. (1) / 답변1 첨부1
  + [474] ntt=68053 (14534) [취득세] 수소충전소 내 수소충전기 세율 등 문의드립니다.. (1) / 답변1 첨부1
[page 118 완료] 누적 신규 474건  (이 게시판 저장 총 3,518건)
  + [475] ntt=68049 (14533) [지방소득세] 지방소득세(법인소득) 문의드립니다 (1) / 답변1 첨부1
  + [476] ntt=68048 (14532) [재산세] (긴급)전환 국립대학법인이 구청에 운동장(체육.. (1) / 답변1 첨부2
  + [477] ntt=68038 (14531) [취득세] 지하수관련 재질의드립니다. (1) / 답변1 첨부1
  + [478] ntt=68028 (14530) [취득세] 「지방세법 시행령」제28조의2(주택유상거래취득.. (1) / 답변1 첨부1
  + [479] ntt=68027 (14529) [취득세] 건축물대장 용도변경시 주택세율및 중과대상여부 (1) / 답변1 첨부1
  + [480] ntt=68016 (14528) [취득세] 차량 구조변경 취득세 (1) / 답변1 첨부1
  + [481] ntt=68015 (14527) [취득세] 취득일 이후  60일이내 취득자가 아닌 세대원.. (1) / 답변1 첨부1
  + [482] ntt=68014 (14526) [취득세] 취득세 납세지 문의 (1) / 답변1 첨부3
  + [483] ntt=68012 (14525) [재산세] 주택의 부속토지의 공유지분을 소유하고 있는 경.. (1) / 답변1 첨부1
  + [484] ntt=68011 (14524) [지방세특례제한법] 생애최초 주택감면 문의 (1) / 답변1 첨부1
  + [485] ntt=68005 (14523) [취득세] 일반분양계약 승계취득 시  주택수 판단 (1) / 답변1 첨부1
  + [486] ntt=68002 (14522) [취득세] 상속 1가구 1주택 감면 가능 여부 문의 (1) / 답변1 첨부1
  + [487] ntt=68001 (14521) [취득세] 산업단지 감면 관련입니다. (1) / 답변1 첨부1
  + [488] ntt=68000 (14520) [재산세] 재산세 부과 관련 문의드립니다. (1) / 답변1 첨부1
  + [489] ntt=67998 (14519) [취득세] 소송 판결(소유권말소등기 및 매매계약무효)에 .. (1) / 답변1 첨부1
  + [490] ntt=67996 (14518) [취득세] 직계존비속간 유상취득 과세표준 및 세율 문의 (1) / 답변1 첨부1
  + [491] ntt=67993 (14517) [취득세] 상속 취득세 체납상태에서 채권자 대위자의 취득.. (1) / 답변1 첨부2
  + [492] ntt=67986 (14516) [취득세] 출산 취득세 감면시 주택의 판단 여부 문의 (1) / 답변1 첨부1
  + [493] ntt=67980 (14515) [취득세] 지하수 납세의무자 질의 (1) / 답변1 첨부1
  + [494] ntt=67979 (14514) [취득세] 대위자의 취득세 신고 처리 문의 (1) / 답변1 첨부1
  + [495] ntt=67969 (14513) [취득세] 1필지 내 1개주택취득과 나머지 주택부속토지 .. (1) / 답변1 첨부1
  + [496] ntt=67968 (14512) [취득세] 법인 대도시 부동산 유상취득 중과세율 적용 문.. (1) / 답변1 첨부1
  + [497] ntt=67954 (14511) [지방세징수법] 부동산상속시 납세의무승계의 한도 (1) / 답변1 첨부1
  + [498] ntt=67946 (14510) [주민세] 주민세 종업원분 중소기업 공제 적용 시 종업원.. (1) / 답변1 첨부1
  + [499] ntt=67942 (14509) [취득세] 부동산 취득 이후 매도약정 시 지방세특례제한법.. (1) / 답변1 첨부1
  + [500] ntt=67936 (14508) [재산세] 토지주택공사의 분양,임대용 토지 분리과세 적용.. (1) / 답변1 첨부1
  + [501] ntt=67930 (14507) [취득세] 소형주택 등 취득세 주택 수 제외 관련 취득당.. (1) / 답변1 첨부1
  + [502] ntt=67919 (14506) [취득세] 일시적2주택 (1) / 답변1 첨부1
  + [503] ntt=67916 (14505) [재산세] 지역자원시설세 중과 여부 문의 (1) / 답변1 첨부1
  + [504] ntt=67915 (14504) [등록면허세] 회생법인의 등록면허세에 대한 감액 절차 문의 (1) / 답변1 첨부1
[page 119 완료] 누적 신규 504건  (이 게시판 저장 총 3,548건)
  + [505] ntt=67912 (14503) [취득세] 현물출자로 부동산임대업을 주로하는 법인전환시 .. (1) / 답변1 첨부1
  + [506] ntt=67910 (14502) [취득세] 상속취득세 문의입니다 (1) / 답변1 첨부1
  + [507] ntt=67909 (14501) [지방세징수법] 압류자동차 이전 관련 문의 (1) / 답변1 첨부1
  + [508] ntt=67907 (14500) [취득세] 농어촌 주택개량에 대한 감면 후 2년 내 함께.. (1) / 답변1 첨부1
  + [509] ntt=67903 (14499) [지방세징수법] 압류를 해제하고, 시효완성정리 처분을 해주어야.. (1) / 답변1 첨부1
  + [510] ntt=67900 (14498) [지방소득세] 지방소득세(양도소득) 납세지(세입이관처리관련) (1) / 답변1 첨부1
  + [511] ntt=67894 (14497) [지방세징수법] 파산선고에 따른 차량의 압류등록(압류) 말소 .. (1) / 답변1 첨부1
  + [512] ntt=67887 (14496) [취득세] (14486 추가질의)대물변제 관련 취득세 과.. (1) / 답변1 첨부1
  + [513] ntt=67886 (14495) [취득세] 추가질의)지방세특례제한법 제57조의 2 3항 .. (1) / 답변1 첨부1
  + [514] ntt=67885 (14494) [기타] 지방세 상담 테스트입니다. / 답변0
  + [515] ntt=67882 (14493) [취득세] 취득세 기부채납 관련하여 비과세 및 감면 질의.. (1) / 답변1 첨부1
  + [516] ntt=67876 (14492) [취득세] 분양권 취득후 이혼하는 경우 주택수 산정 (1) / 답변1 첨부1
  + [517] ntt=67872 (14491) [취득세] 생애최초 주택 취득 상시거주 기간 3년에 취득.. (1) / 답변1 첨부1
  + [518] ntt=67863 (14490) [취득세] 일시적2주택의 종전주택 처분 관련 (1) / 답변1 첨부1
  + [519] ntt=67859 (14489) [취득세] 아파트(재개발 1+1 입주권으로 인한 취득) .. (1) / 답변1 첨부1
  + [520] ntt=67855 (14488) [취득세] 공동주택(아파트)에 설치한 전기차 충전시설에 .. (1) / 답변1 첨부1
  + [521] ntt=67854 (14487) [지방세특례제한법] 법인합병감면 후 사업폐지 등 추징요건에 해당하.. (1) / 답변1 첨부1
  + [522] ntt=67838 (14486) [취득세] 직계존비속 간 주택 유상거래시 차용증 및 대위.. (1) / 답변1 첨부1
  + [523] ntt=67833 (14485) [기타] 지역자원시설세(지하수)납세의무자 문의 (1) / 답변1 첨부1
  + [524] ntt=67828 (14484) [지방소득세] 사망자 지방소득세 부과 시 상속인지정 관련 법.. (1) / 답변1 첨부1
  + [525] ntt=67823 (14483) [취득세] 대물변제 취득세 과세표준 문의 (3) / 답변3 첨부1
  + [526] ntt=67819 (14482) [취득세] 위수탁해지 후 취득세(차주에서 업체) 신고 관.. (1) / 답변1 첨부1
  + [527] ntt=67817 (14481) [취득세] 산업단지 시행사 분할법인에 대한 질의 (1) / 답변1 첨부1
  + [528] ntt=67811 (14480) [취득세] 출산 양육을 위한 주택 취득에 대한 취득세 감.. (1) / 답변1 첨부1
  + [529] ntt=67809 (14479) [주민세] 주민세(사업소분)를 본점에서 일괄 납부시 지점.. (1) / 답변1 첨부1
  + [530] ntt=67803 (14478) [주민세] 종업원분 중소기업 공제에 대한 질의입니다. (1) / 답변1 첨부1
  + [531] ntt=67800 (14477) [취득세] 재차 상속 취득세 문의 (1) / 답변1 첨부1
  + [532] ntt=67799 (14476) [재산세] 재산세 체납에 대한 물적납세의무자 지정 후 해.. (1) / 답변1 첨부1
  + [533] ntt=67796 (14475) [취득세] 중소기업간이 통합에 따라 존속하는 법인이 양수.. (1) / 답변1
  + [534] ntt=67792 (14474) [지방세징수법] 공동명의자의 경우 자동차 공매의 배분금액 등에.. (1) / 답변1 첨부1
[page 120 완료] 누적 신규 534건  (이 게시판 저장 총 3,578건)
  + [535] ntt=67788 (14473) [등록면허세] 등록면허세 농어업인 등에 대한 융자 감면 (1) / 답변1 첨부1
  + [536] ntt=67783 (14472) [지방세징수법] 경매 배당금 과다배당 시 배당금 처리 방법 문.. (1) / 답변1 첨부1
  + [537] ntt=67764 (14471) [취득세] 공작물의 취득세 납세의무자 확인 요청 (1) / 답변1 첨부1
  + [538] ntt=67752 (14470) [지방세특례제한법] 임대사업자 공동주택 건축 2년이내 미착공 과세.. (1) / 답변1 첨부1
  + [539] ntt=67749 (14469) [취득세] 산업단지 감면 후 공장을 신축하였으나 한 울타.. (1) / 답변1 첨부2
  + [540] ntt=67744 (14468) [취득세] 지목변경 취득세 문의드립니다. (1) / 답변1 첨부1
  + [541] ntt=67736 (14467) [등록면허세] 등록면허세(면허) 폐업 법인 추징 (1) / 답변1 첨부1
  + [542] ntt=67734 (14466) [재산세] 분리과세 적용 가능 여부 질의드립니다. (1) / 답변1 첨부1
  + [543] ntt=67733 (14465) [지방세징수법] 미등기 상속분에 대한 재산세 교부청구 (1) / 답변1 첨부1
  + [544] ntt=67732 (14464) [취득세] 특정유증에 의한 증여취득세 신고 후 증여 포기 (1) / 답변1 첨부1
  + [545] ntt=67729 (14463) [지방세특례제한법] 주식회사가 농업회사법인으로 조직변경시 취득세 .. (1) / 답변1 첨부1
  + [546] ntt=67725 (14462) [취득세] 상속 1가구 1주택 특례세율 적용 시 사망자를.. (1) / 답변1 첨부1
  + [547] ntt=67724 (14461) [취득세] 상속으로 주택부속토지 공유지분 취득 후 잔여지.. (1) / 답변1 첨부1
  + [548] ntt=67723 (14460) [취득세] 실사용 개시된 미준공 다세대주택을 경매로 일괄.. (1) / 답변1 첨부1
  + [549] ntt=67713 (14459) [재산세] 지특법 제81조(공공기관 이전 감면) 적용시 .. (1) / 답변1 첨부1
  + [550] ntt=67709 (14458) [취득세] 중소기업간이 통합에 따라 존속하는 법인이 양수.. (1) / 답변1 첨부1
  + [551] ntt=67699 (14457) [재산세] 지방세기본법 제86조 비밀유지의 과세정보 문의 (1) / 답변1 첨부1
  + [552] ntt=67698 (14456) [지방세기본법] 지방소득세(법인) 환급소멸시효 (1) / 답변1 첨부1
  + [553] ntt=67691 (14455) [취득세] 당일 폐업한 농어촌 민박을 주택세율로 적용이 .. (1) / 답변1 첨부1
  + [554] ntt=67678 (14454) [취득세] 직계존비속간 거래 취득원인 판단 (1) / 답변1 첨부1
  + [555] ntt=67662 (14453) [취득세] 집합건축물 공동신축후 감정평가로 사업비정산시 .. (1) / 답변1 첨부1
    [retry 1/3] ReadTimeout
  + [556] ntt=67651 (14452) [재산세] 사실상 재산세 납세의무자가 맞는지 질의 (1) / 답변1 첨부1
  + [557] ntt=67649 (14451) [재산세] 도시개발법에 의한 재산세 분리과세 적용 가능 .. (1) / 답변1 첨부1
  + [558] ntt=67639 (14450) [취득세] 생애최초 감면시 주택세율 적용 요령 질의 (1) / 답변1 첨부1
  + [559] ntt=67636 (14449) [취득세] 지목변경 취득세 과세표준에 전소유자에게 부과된.. (1) / 답변1 첨부1
  + [560] ntt=67635 (14448) [재산세] 담보신탁 재산의 위탁자 지위승계 인정 여부 (1) / 답변1 첨부1
  + [561] ntt=67630 (14447) [지방세징수법] 공매시 매각예정가격으로 배우자 우선매수의 인정.. (1) / 답변1 첨부1
  + [562] ntt=67624 (14446) [등록면허세] 경매채권액 변경으로 인한 차액 등록면허세가 환.. (1) / 답변1 첨부1
  + [563] ntt=67623 (14445) [재산세] 종교단체 소유 부동산 재산세 감면대상 여부 (1) / 답변1 첨부1
  + [564] ntt=67613 (14444) [취득세] 지식산업센터 감면 + 취득세 중과 적용 법인이.. (2) / 답변2 첨부1
[page 121 완료] 누적 신규 564건  (이 게시판 저장 총 3,608건)
  + [565] ntt=67612 (14443) [취득세] 공유물분할 납세의무 여부 및 세율적용 (1) / 답변1 첨부1
  + [566] ntt=67596 (14442) [재산세] 항공기 운용리스에 대한 재산세 부과기준 일자 (1) / 답변1 첨부1
  + [567] ntt=67579 (14441) [재산세] [글번호 14422] 외투감면에 대한 추가 문.. (1) / 답변1 첨부1
  + [568] ntt=67576 (14440) [취득세] 육가공시설(냉동고) 취득가격에 포함 여부 (1) / 답변1 첨부2
  + [569] ntt=67575 (14439) [취득세] 분양전환 연부취득 (1) / 답변1 첨부1
  + [570] ntt=67568 (14438) [취득세] 농어촌공사 농업생산기반시설 이관 (1) / 답변1 첨부1
  + [571] ntt=67547 (14437) [취득세] 지목변경 취득세 취득시기 (1) / 답변1 첨부2
  + [572] ntt=67543 (14436) [취득세] 일시적 2주택 종전주택 처분시 세대 기준 (1) / 답변1 첨부1
  + [573] ntt=67540 (14435) [재산세] 지역자원시설세 중과(샌드위치 패널) (1) / 답변1 첨부1
  + [574] ntt=67536 (14434) [지방소득세] 사망자 지방소득세 부과 시 상속인지정 관련 법.. (2) / 답변2 첨부1
  + [575] ntt=67522 (14433) [취득세] 대체취득 문의(재질의) (1) / 답변1 첨부1
    [retry 1/3] ReadTimeout
  + [576] ntt=67520 (14432) [지방소득세] 판결로 상속인 부과처분 취소가 일어난 경우 처.. (1) / 답변1 첨부1
  + [577] ntt=67516 (14431) [취득세] 생애최초 감면 후 재개발로 이주했을 떄 취득세.. (1) / 답변1 첨부1
  + [578] ntt=67515 (14430) [지방세징수법] 조기폐차 보조금 압류 및 추심 가능 여부 (1) / 답변1 첨부1
  + [579] ntt=67514 (14429) [취득세] 법인 합병의 경우 상담요청드립니다 (1) / 답변1 첨부1
  + [580] ntt=67503 (14428) [재산세] 건설중인 축사의 부속토지 과세대상 구분 질의 (1) / 답변1 첨부1
  + [581] ntt=67501 (14427) [세외수입] 건축이행강제금 체납자 사망후 부동산 압류 (1) / 답변1 첨부1
  + [582] ntt=67495 (14426) [취득세] 직접사용 문의 (1) / 답변1 첨부1
  + [583] ntt=67492 (14425) [취득세] 임대주택 건설용 토지 감면 관련 문의 (1) / 답변1 첨부1
  + [584] ntt=67488 (14424) [재산세] 외투감면 추징 문의 (3) / 답변3 첨부1
  + [585] ntt=67487 (14423) [취득세] 일시적2주택 질의 (1) / 답변1 첨부1
  + [586] ntt=67465 (14422) [취득세] 부동산거래신고 위반자(당시 다운계약서 미첨부).. (1) / 답변1 첨부1
  + [587] ntt=67464 (14421) [재산세] 수탁자의 재산세 물적납세의무 여부 (1) / 답변1 첨부1
  + [588] ntt=67456 (14420) [취득세] 중소벤처기업 취득세 감면 추징 (1) / 답변1 첨부1
  + [589] ntt=67451 (14419) [취득세] 임대아파트 분양전환에 따른 취득가액 문의 (1) / 답변1 첨부1
  + [590] ntt=67449 (14418) [취득세] 화해권고결정으로 인한 과세원인 문의 (1) / 답변1 첨부1
  + [591] ntt=67448 (14417) [취득세] 직계존비속 간의 대금 지급 내역 인정 여부 (1) / 답변1
  + [592] ntt=67446 (14416) [취득세] 법인합병으로 인한 합병법인의 주택취득시 세율적.. (1) / 답변1 첨부1
  + [593] ntt=67445 (14415) [재산세] 공공하수처리시설 지역자원시설세 비과세 여부 (1) / 답변1 첨부1
  + [594] ntt=67440 (14414) [지방세징수법] 공동명의 차량 공매 배분 문의 (1) / 답변1 첨부1
[page 122 완료] 누적 신규 594건  (이 게시판 저장 총 3,638건)
  + [595] ntt=67438 (14413) [취득세] 위반건축물 납세의무자는 위탁자(개인)인가요 수.. (1) / 답변1 첨부1
  + [596] ntt=67412 (14412) [지방세특례제한법] 창업중소기업감면 문의 (1) / 답변1 첨부1
  + [597] ntt=67410 (14411) [취득세] 기부채납 비과세 경정청구 신청 관련 내용 질의 (1) / 답변1 첨부1
  + [598] ntt=67405 (14410) [재산세] 위반건축물 재산세 부과 (1) / 답변1 첨부1
  + [599] ntt=67400 (14409) [지방세기본법] 법인 파산 선고 후 성립한 지방세에 대해 과점.. (1) / 답변1 첨부1
  + [600] ntt=67389 (14408) [지방세특례제한법] 창업중소기업 감면 대상 여부 판단(업종 추가 .. (1) / 답변1 첨부1
  + [601] ntt=67384 (14407) [취득세] 유류분 반환청구소송의 판결에 따른 취득세 부과.. (1) / 답변1 첨부1
  + [602] ntt=67377 (14406) [취득세] 화재로 전소된 건축물을 특수관계 법인에게 매도.. (1) / 답변1 첨부1
  + [603] ntt=67370 (14405) [지방세기본법] 법인지방소득세  환급가산금 기산일 관련 문의 (1) / 답변1 첨부1
  + [604] ntt=67362 (14404) [취득세] 조정을 갈음하는 결정문에 따른 취득원인(세율).. (1) / 답변1 첨부1
  + [605] ntt=67360 (14403) [취득세] 공작물 이전 취득세 과표 산정 문의(수정) (1) / 답변1 첨부1
    [retry 1/3] ReadTimeout
  + [606] ntt=67355 (14402) [취득세] 직계존비속 가압류 포함 매매거래 질의 (1) / 답변1 첨부1
  + [607] ntt=67341 (14401) [지방세징수법] 파산선고된 차량의 공매 진행시, 배분관련 문의 (1) / 답변1 첨부1
  + [608] ntt=67331 (14400) [지방세특례제한법] 창업중소기업 감면 문의 (1) / 답변1 첨부1
  + [609] ntt=67329 (14399) [취득세] 단독 등기 후 사실상 지분별로 재등기시 취득세.. (1) / 답변1 첨부1
  + [610] ntt=67322 (14398) [지방소득세] 납부지연가산세 감면의 정당한 사유 (1) / 답변1 첨부1
  + [611] ntt=67320 (14397) [취득세] 법인의 지방이전에 대한 취득세 감면 문의 (1) / 답변1 첨부1
  + [612] ntt=67313 (14396) [취득세] 대체취득 농지 문의 (1) / 답변1 첨부1
  + [613] ntt=67312 (14395) [지방세징수법] 체납처분 중지 (1) / 답변1 첨부1
  + [614] ntt=67303 (14394) [재산세] 종교용 직접사용 감면 해당 여부 (1) / 답변1 첨부1
  + [615] ntt=67299 (14393) [지방소득세] 개인지방소득세(종합소득) 한정승인 관련 문의드.. (1) / 답변1
  + [616] ntt=67298 (14392) [취득세] 과다지급한 매매대금을 반환할 경우, 반환한 금.. (1) / 답변1 첨부1
  + [617] ntt=67297 (14391) [취득세] 농특세 환급에 대한 농특세법 유권해석 질의 (1) / 답변1 첨부1
  + [618] ntt=67290 (14390) [지방세징수법] 직불금 압류 문의 (1) / 답변1 첨부1
  + [619] ntt=67275 (14389) [지방세기본법] 과세정보를 요구하는 경우에 해당하는 법령 문의.. (1) / 답변1 첨부1
  + [620] ntt=67255 (14388) [지방세기본법] 지방세프로그램 화면 과세정보 범위 포함여부 (1) / 답변1 첨부1
  + [621] ntt=67254 (14387) [지방소득세] 법인지방소득세 수정신고 시 감면받지 않은 과소.. (1) / 답변1 첨부1
  + [622] ntt=67237 (14386) [취득세] 외벽마감재료를 교체한 경우 취득세 과세대상인 .. (1) / 답변1 첨부1
  + [623] ntt=67235 (14385) [자동차세] 세대분리에 있어서 납세자의 부득이한 사유가 자.. (1) / 답변1 첨부1
  + [624] ntt=67233 (14384) [주민세] 주민세(사업소분) 납세의무 충족 여부(자택주소.. (1) / 답변1 첨부1
[page 123 완료] 누적 신규 624건  (이 게시판 저장 총 3,668건)
  + [625] ntt=67231 (14383) [취득세] 원인무효 판결에 따른 취득세 환급 문의 (1) / 답변1 첨부1
  + [626] ntt=67230 (14382) [주민세] 주민세 사업소분 관련 문의 (1) / 답변1 첨부1
  + [627] ntt=67223 (14381) [재산세] 지방세특례제한법 영38조제3호 공장용건축물과 .. (1) / 답변1 첨부1
  + [628] ntt=67217 (14380) [취득세] 임대사업자 최초분양 여부 질문 (1) / 답변1 첨부1
  + [629] ntt=67215 (14379) [취득세] 직계존비속 간 부동산 거래시 유상취득 인정 여.. (1) / 답변1 첨부1
  + [630] ntt=67213 (14378) [취득세] 장애 감면 추징 (1) / 답변1 첨부1
  + [631] ntt=67211 (14377) [취득세] (14369번 관련 추가질문)지역주택조합 승계.. (1) / 답변1 첨부1
  + [632] ntt=67206 (14376) [지방소득세] 지방소득세(종합소득) 납부지연가산세 산정일 기.. (1) / 답변1 첨부1
  + [633] ntt=67199 (14375) [재산세] 재산세 1세대1주택 관련 동거봉양 별도세대 문.. (1) / 답변1 첨부1
  + [634] ntt=67192 (14374) [지방세징수법] 지방제징수법 제105조 "체납처분 유예" 법령.. (1) / 답변1 첨부1
  + [635] ntt=67181 (14373) [취득세] 산업단지 내 산업용건축물 여부 (1) / 답변1 첨부2
  + [636] ntt=67161 (14372) [취득세] 판결문에 의한 차량 취득시 과세표준 질의 (1) / 답변1 첨부1
  + [637] ntt=67158 (14371) [취득세] 지역주택조합 승계조합원 입주권 권리가액 변동 .. (1) / 답변1 첨부1
  + [638] ntt=67151 (14370) [재산세] 무벽감산 적용 질의 (1) / 답변1 첨부1
  + [639] ntt=67150 (14369) [지방소득세] 지방소득세(특별징수) 납세지 및 가산세 여부 (1) / 답변1 첨부1
  + [640] ntt=67143 (14368) [취득세] 상속 농지 자경농민 감면 문의드립니다. (1) / 답변1 첨부1
  + [641] ntt=67133 (14367) [지방세특례제한법] 농업회사법인 감면 (1) / 답변1 첨부1
  + [642] ntt=67132 (14366) [재산세] 종중 분리과세 적용여부 (1) / 답변1 첨부1
  + [643] ntt=67129 (14365) [취득세] 지방세법시행령 제26조 제1항 제6호 관련하여.. (1) / 답변1 첨부1
  + [644] ntt=67094 (14364) [취득세] 휘발유/LPG겸용 구조변경 취득세 부과여부 (1) / 답변1 첨부1
  + [645] ntt=67092 (14363) [취득세] 농업협동조합이 취득한 토지(진입로)의 감면 추.. (2) / 답변2 첨부1
  + [646] ntt=67090 (14362) [지방세징수법] 공매 배분 문의 (저당권, 지방세, 국세) (1) / 답변1 첨부1
  + [647] ntt=67089 (14361) [취득세] 부부간 부담부증여 주택 유상세율 인정범위 (1) / 답변1 첨부1
  + [648] ntt=67086 (14360) [취득세] 지목변경 취득세 추가 부과 질의 (1) / 답변1 첨부1
  + [649] ntt=67085 (14359) [취득세] 건물만 보유한 원조합원의 취득세율 및 감면 가.. (1) / 답변1 첨부1
  + [650] ntt=67076 (14358) [재산세] "직접 사용"하는 경우 건축중인 시설도 직접사.. (1) / 답변1 첨부1
  + [651] ntt=67068 (14357) [주민세] 주민세 납세의무자 관련 판단 질의 (1) / 답변1 첨부1
    [retry 1/3] ReadTimeout
    [retry 2/3] ConnectTimeout
  + [652] ntt=67067 (14356) [재산세] "직접 사용"하는 경우 건축중인 시설도 직접사.. (1) / 답변1 첨부1
  + [653] ntt=67062 (14355) [취득세] 산업단지 감면 후 정당한 사유에 해당하는 여부 (1) / 답변1 첨부1
  + [654] ntt=67039 (14354) [취득세] (지특법 제63조 제3항) 철도역사 개발사업에.. (1) / 답변1 첨부1
[page 124 완료] 누적 신규 654건  (이 게시판 저장 총 3,698건)
  + [655] ntt=67038 (14353) [취득세] 일시적 2주택 종전주택 처분 전 신규주택 처분.. (1) / 답변1
  + [656] ntt=67037 (14352) [지방세기본법] 소멸시효가 지난 지방세 환급금 지급 및 충당 .. (1) / 답변1 첨부1
  + [657] ntt=67035 (14351) [기타] 체납차량 공매 배분 문의 (1) / 답변1 첨부1
  + [658] ntt=67032 (14350) [취득세] 진정명의회복 판결시 경정청구 기한이 지난 취득.. (1) / 답변1 첨부1
  + [659] ntt=67030 (14349) [취득세] 생활대책용지 토지수용 감면 적용 (1) / 답변1 첨부1
  + [660] ntt=67028 (14348) [취득세] 대도시내 법인의 취득세 중과세 적용 여부 (1) / 답변1 첨부1
  + [661] ntt=67026 (14347) [취득세] 이축권 취득비용이 건물신축을 위한 비용으로 취.. (1) / 답변1 첨부1
  + [662] ntt=67025 (14346) [재산세] 압류되어있는 물적납세의무자 당해세 재지정 여부 (1) / 답변1 첨부1
  + [663] ntt=67012 (14345) [취득세] 취득세 과세표준 산입 여부 문의 (1) / 답변1 첨부1
  + [664] ntt=67004 (14344) [취득세] 생애최초 주택 취득세 감면 후 추징여부 (1) / 답변1 첨부1
  + [665] ntt=67000 (14343) [취득세] 법인 합병에 따른 피합병법인의 신탁자산의 취득.. (1) / 답변1 첨부1
  + [666] ntt=66995 (14342) [취득세] 상속분할 소송이후 지분 감소 및 증가일때 취득.. (1) / 답변1 첨부1
  + [667] ntt=66993 (14341) [취득세] 유효기간이 끝난 첨단기술기업이 부동산 취득 후.. (1) / 답변1 첨부1
  + [668] ntt=66991 (14340) [취득세] 생애최초감면 주택소유이력 (1) / 답변1 첨부1
  + [669] ntt=66987 (14339) [지방세기본법] 지방세환급금 상속 수령 관련(상속자 1인 전액.. (1) / 답변1 첨부1
  + [670] ntt=66984 (14338) [취득세] 종교단체 감면 취득세 추징_매매예약에 의한 본.. (1) / 답변1 첨부1
  + [671] ntt=66982 (14337) [재산세] 전원개발사업에 따른 분리과세 적용여부 (1) / 답변1 첨부1
  + [672] ntt=66974 (14336) [취득세] 원시취득세 미신고에 대한 취득세 수시부과 적정.. (1) / 답변1 첨부1
  + [673] ntt=66962 (14335) [취득세] 고엽제감면 받고 1년이내 이전한 경우 추징제외.. (1) / 답변1 첨부1
  + [674] ntt=66948 (14334) [취득세] 법인이 경락으로 토지, 건물을 취득하면서 지급.. (1) / 답변1 첨부1
  + [675] ntt=66946 (14333) [취득세] 1년내 해당용도로 미사용시 정당한 사유에 해당.. (1) / 답변1 첨부1
    [retry 1/3] ReadTimeout
  + [676] ntt=66942 (14332) [지방세징수법] 상속 관련 배당 (1) / 답변1 첨부1
  + [677] ntt=66938 (14331) [취득세] 이축권구입비용이 취득세신축 과세표준에 포함여부 (1) / 답변1 첨부1
  + [678] ntt=66934 (14330) [재산세] 공용,공공용 재산으로 비과세가 인정되는 지 여.. (1) / 답변1 첨부1
  + [679] ntt=66930 (14329) [지방세징수법] 당해세로 받은 경매배당금으로 공매 체납처분비에.. (1) / 답변1 첨부1
  + [680] ntt=66927 (14328) [취득세] 지방세법 시행령 제28조의2 8호 중과제외 관.. (1) / 답변1 첨부1
  + [681] ntt=66920 (14327) [지방세징수법] 공동명의 차량 공매 배분 문의 (저당권, 당해.. (1) / 답변1 첨부1
  + [682] ntt=66919 (14326) [취득세] 공개입찰을 통해 미등록 건설기계를 취득 납세의.. (1) / 답변1 첨부1
  + [683] ntt=66917 (14325) [주민세] 지입차주의 주민세(사업소분) 납세의무 유무 문.. (1) / 답변1 첨부1
  + [684] ntt=66903 (14324) [취득세] 지방세 중과세율 적용 배제특례관하여 질의합니다.. (1) / 답변1 첨부1
[page 125 완료] 누적 신규 684건  (이 게시판 저장 총 3,728건)
  + [685] ntt=66897 (14323) [지방소득세] 지방세법 제103조의24 6항에서 '하나의 지.. (1) / 답변1 첨부1
  + [686] ntt=66896 (14322) [재산세] 상속주택에 대한 주택 수 제외 규정 문의 ( .. (1) / 답변1 첨부1
  + [687] ntt=66894 (14321) [재산세] 지특법 제60조제4항에 따른 재산세 감면 적용.. (1) / 답변1 첨부1
  + [688] ntt=66889 (14320) [재산세] 1세대1주택 세율특례와 임대주택 감면적용 중복.. (1) / 답변1 첨부1
  + [689] ntt=66886 (14319) [취득세] 국가유공자 대부금 감면 (1) / 답변1 첨부1
  + [690] ntt=66883 (14318) [취득세] 귀농일자 판단 (1) / 답변1 첨부1
  + [691] ntt=66882 (14317) [취득세] 부부 동일사업지구내 각각의 주택수용후 이주자택.. (1) / 답변1 첨부1
  + [692] ntt=66875 (14316) [취득세] 산림조합의 자연휴양림 숙박시설등이 고유목적 사.. (1) / 답변1 첨부2
  + [693] ntt=66870 (14315) [취득세] 발전시설+지상권 경락시 과표설정 (1) / 답변1 첨부1
  + [694] ntt=66868 (14314) [취득세] 화해권고결정에 따른 유증 관련 취득세 문의 (1) / 답변1 첨부1
  + [695] ntt=66867 (14313) [취득세] 경매 낙찰 취득세 납세의무자 및 과세표준 문의 (1) / 답변1 첨부1
  + [696] ntt=66858 (14312) [취득세] 자경농민 감면 충족 여부 (1) / 답변1 첨부1
  + [697] ntt=66857 (14311) [지방세징수법] 효력정지 신청으로 인한 압류해제 요청 (1) / 답변1 첨부1
  + [698] ntt=66852 (14310) [재산세] 재산세 세율특례 대상 1세대 1주택 범위 적용 (1) / 답변1 첨부1
  + [699] ntt=66843 (14309) [지방세특례제한법] (창업 여부)개정 전에 기존법인 과점주주가 새.. (1) / 답변1 첨부1
  + [700] ntt=66842 (14308) [재산세] 대중제 골프장의 회원제 골프장 재산세 과세 가.. (1) / 답변1 첨부1
  + [701] ntt=66835 (14307) [재산세] 종교단체의 요사채 감면 적용 여부 문의 (1) / 답변1 첨부1
  + [702] ntt=66829 (14306) [취득세] 재개발 조합원 취득 후 조합원 권리해제로 인한.. (1) / 답변1 첨부1
  + [703] ntt=66826 (14305) [지방세특례제한법] 농업회사법인이 도급계약을 개인과 체결하였을 경.. (1) / 답변1 첨부1
  + [704] ntt=66820 (14304) [취득세] (추가) 명의신탁 관련 추가 질의사항 올립니다.. (1) / 답변1 첨부1
  + [705] ntt=66819 (14303) [취득세] 배우자간 아파트 분양권 전매할때 주택수 판단기.. (1) / 답변1 첨부1
  + [706] ntt=66816 (14302) [재산세] 합유토지 재산세 문의 (1) / 답변1 첨부1
  + [707] ntt=66811 (14301) [취득세] 본등기 이행 과세표준 (1) / 답변1 첨부1
  + [708] ntt=66805 (14300) [취득세] 지식산업센터  감면 문의 (1) / 답변1 첨부1
  + [709] ntt=66803 (14299) [지방세특례제한법] 창업중소기업 감면 문의 (1) / 답변1 첨부1
  + [710] ntt=66791 (14298) [재산세] 재산세 납세의무자 판단 (1) / 답변1 첨부1
  + [711] ntt=66785 (14297) [취득세] 골프장 중과세 제외 여부 (1) / 답변1 첨부1
  + [712] ntt=66784 (14296) [재산세] 재산세 분납분 징수유예 (1) / 답변1 첨부1
  + [713] ntt=66783 (14295) [주민세] 주민세 종업원분 중소기업 공제 추가 질의 (1) / 답변1 첨부1
  + [714] ntt=66780 (14294) [재산세] 재산세 공사중단 여부 문의입니다. (1) / 답변1 첨부1
[page 126 완료] 누적 신규 714건  (이 게시판 저장 총 3,758건)
  + [715] ntt=66774 (14293) [취득세] 식재공사에 대한 입목 취득세 과세 가능 여부 (1) / 답변1 첨부1
  + [716] ntt=66770 (14292) [재산세] 종교용지 일부 감면의 경우 과세되는 토지의 면.. (1) / 답변1 첨부1
    [retry 1/3] ReadTimeout
  + [717] ntt=66766 (14291) [재산세] 철도보호지구로 고시되지 않은 지역에 대한 지특.. (1) / 답변1 첨부1
  + [718] ntt=66765 (14290) [취득세] 자경농민 감면 취득후 추징 (1) / 답변1 첨부1
  + [719] ntt=66763 (14289) [취득세] 수영장 워터슬라이드 과세문의 (1) / 답변1 첨부1
  + [720] ntt=66762 (14288) [취득세] 아파트 신규분양 취득할 때 중도금 보증수수료도.. (1) / 답변1 첨부1
  + [721] ntt=66761 (14287) [재산세] 부잔교 재산세 과세대상 여부 문의 (1) / 답변1 첨부1
  + [722] ntt=66757 (14286) [주민세] 주민세 종업원분 중소기업 공제 질의 (1) / 답변1 첨부1
  + [723] ntt=66750 (14285) [자동차세] 장애감면 대상자 사망 후 상속인에게 자동차세 .. (1) / 답변1 첨부1
  + [724] ntt=66736 (14284) [재산세] 취득세 및 재산세 추징(과세)했다는 사실자체가.. (1) / 답변1 첨부1
  + [725] ntt=66732 (14283) [취득세] 창업에 해당하는지 여부 (1) / 답변1 첨부1
  + [726] ntt=66730 (14282) [취득세] 일시적 3주택 세율 문의 (1) / 답변1 첨부1
  + [727] ntt=66720 (14281) [주민세] 학력인정 평생교육시설(구,사회교육시설)의 주민.. (1) / 답변1 첨부1
  + [728] ntt=66717 (14280) [지방세징수법] 집행정지 인용에 따른 압류해제 요청에 관련한 .. (1) / 답변1 첨부1
  + [729] ntt=66713 (14279) [취득세] 소각시설의 취득세 과세대상 여부 및 과점주주 .. (1) / 답변1 첨부1
  + [730] ntt=66711 (14278) [지방세징수법] 결손처분 취소 없이 한 압류의 효력 여부 (1) / 답변1 첨부1
  + [731] ntt=66705 (14277) [취득세] (추가) 명의신탁인정시 기신고납부한 취득세 환.. (1) / 답변1 첨부1
  + [732] ntt=66702 (14276) [취득세] 농협 하나로마트 주차장 지목변경 취득세 감면 .. (1) / 답변1 첨부1
  + [733] ntt=66700 (14275) [재산세] 재산세 비과세 관련 문의 (1) / 답변1 첨부1
  + [734] ntt=66689 (14274) [지방세징수법] 관허사업 제한 대상 질의 (1) / 답변1 첨부1
  + [735] ntt=66679 (14273) [재산세] 한센인 및 한센인 정착농원을 위한 재산세 감면.. (1) / 답변1 첨부1
  + [736] ntt=66678 (14272) [지방세징수법] 관허사업 제한 대상 질의 (1) / 답변1 첨부1
  + [737] ntt=66666 (14271) [지방세징수법] 부동산 경매낙찰로 압류해제 되었을때  압류해제.. (1) / 답변1 첨부1
  + [738] ntt=66664 (14270) [취득세] 중과 및 감면 동시 적용 가능 여부 (1) / 답변1 첨부1
    [retry 1/3] ReadTimeout
    [retry 2/3] ConnectTimeout
    [retry 3/3] ConnectTimeout
  + [739] ntt=66658 (14268) [재산세] 1심 판결에 따른 납세자 지정 관련 문의 (1) / 답변1 첨부1
  + [740] ntt=66656 (14267) [취득세] 주택부속토지만 소유한 경우 주택 수 산입 여부.. (1) / 답변1 첨부1
  + [741] ntt=66653 (14266) [취득세] 임대 주택(아파트) 취득세 감면 문의 (1) / 답변1 첨부1
  + [742] ntt=66648 (14265) [지방세기본법] 법인의 제2차 납세의무 지정 가능 여부 (1) / 답변1 첨부1
  + [743] ntt=66646 (14264) [재산세] 재산세 1세대 1주택 세율 특례를 적용할 때 .. (1) / 답변1 첨부1
[page 127 완료] 누적 신규 743건  (이 게시판 저장 총 3,787건)
  + [744] ntt=66641 (14263) [취득세] 부당행위계산 시가인정액이 없는 경우 질의 (1) / 답변1 첨부1
  + [745] ntt=66637 (14262) [재산세] 재산세 산업단지 감면 추징 관련 문의 (1) / 답변1 첨부1
  + [746] ntt=66629 (14261) [재산세] 재산세 납세의무자 관련 문의 (1) / 답변1 첨부1
  + [747] ntt=66611 (14260) [취득세] 매수법인이 납부하여야 할 취득세를 매도법인이 .. (1) / 답변1 첨부1
  + [748] ntt=66610 (14259) [취득세] 별도의 건축물 위에 설치한  태양광발전시설이 .. (1) / 답변1 첨부1
  + [749] ntt=66607 (14258) [등록면허세] 국공립 어린이집이 집단급식소 면허를 받았을 때.. (1) / 답변1 첨부1
  + [750] ntt=66606 (14257) [재산세] 원고  1심 패소 시 납세의무자 변경가능 여부.. (1) / 답변1 첨부1
  + [751] ntt=66601 (14256) [취득세] 명의신탁인정시 기신고납부한 취득세 환급 문의 (1) / 답변1 첨부1
  + [752] ntt=66595 (14255) [재산세] 미등기상속재산 재산세납세의무자(주된상속인 파악.. (1) / 답변1 첨부1
  + [753] ntt=66594 (14254) [지방소득세] 지방소득세(양도소득) 납세지 문의 (1) / 답변1 첨부1
  + [754] ntt=66591 (14253) [주민세] 요양원 주민세 사업소분 부과 (1) / 답변1 첨부3
  + [755] ntt=66589 (14252) [지방세특례제한법] 기술 보유와 관련 창업중소기업 감면 문의 (1) / 답변1 첨부1
  + [756] ntt=66588 (14251) [주민세] 주민세(종업원분)중소기업고용지원 착오공제 추징.. (1) / 답변1 첨부1
  + [757] ntt=66583 (14250) [취득세] 하자이행보증증권 과표 산입 문의(재질의) (1) / 답변1 첨부1
  + [758] ntt=66582 (14249) [재산세] 지역주택조합이 보유한 부동산에 대해 주택건설사.. (1) / 답변1 첨부1
  + [759] ntt=66575 (14248) [취득세] 취득세 경정 감면 -  농특세(감면분) 부과 .. (1) / 답변1 첨부1
  + [760] ntt=66571 (14247) [취득세] 주택부속토지만 소유한 경우 주택 수에 포함되는.. (1) / 답변1 첨부2
  + [761] ntt=66568 (14246) [취득세] 진정명의회복을 위한 소유권이전절차를 이행하라는.. (1) / 답변1 첨부1
  + [762] ntt=66564 (14245) [취득세] 차량 취득세 매매금액 착오과다신고로 인한 환급.. (1) / 답변1 첨부1
  + [763] ntt=66558 (14244) [취득세] 개인이 아닌 법인의 지입차량 현물출자 기재 가.. (1) / 답변1 첨부1
  + [764] ntt=66557 (14243) [재산세] 소하천구역을 소하천으로 보아 비과세 적용 가능.. (1) / 답변1 첨부1
  + [765] ntt=66553 (14242) [지방소득세] 인정상여에 대한 지방소득세(특별징수) 납세지 (1) / 답변1 첨부1
  + [766] ntt=66552 (14241) [취득세] 생애최초감면 상속주택이 주택을 소유한 사실이 .. (1) / 답변1 첨부1
  + [767] ntt=66551 (14240) [지방소득세] 법인지방소득세 안분 무신고로 인한 지방자치단체.. (1) / 답변1 첨부1
  + [768] ntt=66549 (14239) [자동차세] 운용자리스자동차도 자동차세감면이 되나요? (1) / 답변1 첨부1
  + [769] ntt=66544 (14238) [취득세] 선박 연부취득 취득세 질의 (1) / 답변1 첨부1
  + [770] ntt=66534 (14237) [지방세기본법] 일부 체납세금에 대한 납부의무 소멸 (1) / 답변1 첨부1
  + [771] ntt=66519 (14236) [취득세] 가설건축물 축조로 인한 지방세법 제13조 제1.. (1) / 답변1 첨부1
  + [772] ntt=66516 (14235) [취득세] 중과예외 취득 후 사유가 발생하여 중과로 수정.. (1) / 답변1 첨부1
  + [773] ntt=66510 (14234) [재산세] 종교단체에 대한 재산세 면제 규정 질의 (1) / 답변1 첨부1
[page 128 완료] 누적 신규 773건  (이 게시판 저장 총 3,817건)
  + [774] ntt=66509 (14233) [재산세] 현황 및 지목상 도로에 대한 재산세 과세 여부.. (1) / 답변1 첨부1
  + [775] ntt=66495 (14232) [지방세기본법] 지방세기본법 개정되면 후발적 경정청구로 5년이.. (1) / 답변1 첨부1
  + [776] ntt=66492 (14231) [취득세] 과점주주 관련 특수관계인 판단 (1) / 답변1 첨부1
  + [777] ntt=66490 (14230) [취득세] 사실상 지목변경 이후 공부상 지목이 변경되면서.. (1) / 답변1 첨부1
  + [778] ntt=66488 (14229) [재산세] 도시철도(지하철)로 고시된 공공시설용지의 재산.. (1) / 답변1 첨부1
  + [779] ntt=66479 (14228) [재산세] 종중재산 관련 재산세 납세의무자 질의 (1) / 답변1 첨부1
  + [780] ntt=66477 (14227) [취득세] 취득세 경정청구 시 농어촌특별세 환급 발생 여.. (1) / 답변1 첨부1
  + [781] ntt=66475 (14226) [취득세] 축사 문의드립니다. (1) / 답변1 첨부1
  + [782] ntt=66470 (14225) [지방소득세] 연대납세의무지정통지 (1) / 답변1 첨부1
  + [783] ntt=66464 (14224) [취득세] 조정조서에 따른 취득세 신고납부 후 등기불가로.. (1) / 답변1 첨부1
  + [784] ntt=66462 (14223) [지방세징수법] 징수유예 가능 여부 문의 (1) / 답변1 첨부1
  + [785] ntt=66458 (14222) [취득세] 상속 취득세 납세자 문의 (1) / 답변1 첨부1
  + [786] ntt=66455 (14221) [취득세] 가족 간 분양권 지분증여로 인한 주택 취득시 .. (1) / 답변1 첨부1
  + [787] ntt=66452 (14220) [재산세] 해당 재질이 없는 시설의 재산세 시가표준액 산.. (2) / 답변2 첨부1
  + [788] ntt=66451 (14219) [재산세] 재산세 과세처분이 '무효'에 해당하는지 문의드.. (1) / 답변1 첨부1
  + [789] ntt=66449 (14218) [취득세] 민사소송의 원인무효 판결에 대한 환급 가능여부 (1) / 답변1 첨부1
  + [790] ntt=66448 (14217) [취득세] 특수관계인 부당행위계산 해당여부 (1) / 답변1 첨부1
  + [791] ntt=66434 (14216) [취득세] 주상복합 매매금액 안분기준 (1) / 답변1 첨부1
  + [792] ntt=66427 (14215) [취득세] 생애최초주택감면 (1) / 답변1 첨부1
  + [793] ntt=66423 (14214) [지방세징수법] 건설공제조합의 정보 요청 회신 거부 및 출자증.. (1) / 답변1 첨부1
  + [794] ntt=66417 (14213) [취득세] 법인의 적격물적분할 시 과세표준 적용 관련 (1) / 답변1 첨부1
  + [795] ntt=66412 (14212) [취득세] 상속 재협의에 따른 취득세 과세 (1) / 답변1 첨부1
  + [796] ntt=66410 (14211) [지방세기본법] 세무조사 결과 통지 가산세 부과? (1) / 답변1 첨부1
  + [797] ntt=66403 (14210) [취득세] 상속 연대납세의무자 추가 시 통지방법 문의 (1) / 답변1 첨부1
  + [798] ntt=66399 (14209) [재산세] 산림경영계획으로 2016년 이전부터 경영중인 .. (1) / 답변1 첨부2
  + [799] ntt=66397 (14208) [지방소득세] 지방세연대납세의무질의 (1) / 답변1 첨부1
  + [800] ntt=66384 (14207) [취득세] 휴면 법인 인수 시 사업실적에 대한 인정 범위.. (1) / 답변1 첨부2
  + [801] ntt=66376 (14206) [취득세] 산업단지 내 복리후생시설만 설치하는 경우 취득.. (1) / 답변1 첨부2
  + [802] ntt=66365 (14205) [취득세] 이의신청 기한이 지났을 경우 불복절차를 진행할.. (1) / 답변1 첨부1
  + [803] ntt=66363 (14204) [취득세] 「지방세법 시행령」제28조의5(일시적2주택)에.. (1) / 답변1 첨부1
[page 129 완료] 누적 신규 803건  (이 게시판 저장 총 3,847건)
  + [804] ntt=66347 (14203) [지방세징수법] 체납자 사망 후 기압류된 물건의 압류해제 (1) / 답변1 첨부1
  + [805] ntt=66344 (14202) [주민세] OO한방요양원의 주민세 사업소분(연면적세액) .. (1) / 답변1 첨부1
  + [806] ntt=66336 (14201) [취득세] 유상거래를 원인으로 하는 주택의 범위 (1) / 답변1 첨부1
  + [807] ntt=66335 (14200) [취득세] 상속 연대납세의무자 추가 시 통지방법 문의 (2) / 답변2 첨부1
  + [808] ntt=66328 (14199) [지방세특례제한법] 지방세특례제한법 제 73조의 제1항 관련 질의.. (1) / 답변1 첨부1
  + [809] ntt=66327 (14198) [취득세] 조합원 1+1 취득세 여부 문의 (1) / 답변1 첨부1
  + [810] ntt=66318 (14197) [재산세] 학교시설 부속토지 중 임야부분이 재산세 부과 .. (1) / 답변1 첨부2
  + [811] ntt=66308 (14196) [취득세] 하자이행보증증권 과표 산입 문의 (1) / 답변1 첨부1
  + [812] ntt=66298 (14195) [취득세] 증여 등기 후 감정평가(시가인정액) (1) / 답변1
  + [813] ntt=66297 (14194) [취득세] 대위등기 상속 후 한정승인으로 인한 상속 취득.. (1) / 답변1 첨부1
  + [814] ntt=66291 (14193) [지방세특례제한법] 출산 감면 1가구 1주택 해석 (1) / 답변1 첨부1
  + [815] ntt=66280 (14192) [취득세] 법인합병 부동산취득시 주택 취득세율과 사업용재.. (1) / 답변1 첨부2
    [retry 1/3] ReadTimeout
  + [816] ntt=66279 (14191) [취득세] 지방세 환급 소멸시효 및 상속취득세 관련 재질.. (1) / 답변1 첨부1
  + [817] ntt=66273 (14190) [재산세] 부동산투자회사 소유 토지 분리과세 대상 여부 .. (1) / 답변1 첨부1
  + [818] ntt=66270 (14189) [취득세] 폐수저장시설의 취득세 과세 여부 (1) / 답변1 첨부2
  + [819] ntt=66269 (14188) [재산세] 종교단체 울타리 내 토지 감면 여부 (1) / 답변1 첨부1
  + [820] ntt=66263 (14187) [재산세] 대학교 행복기숙사 재산세 감면 중복 특례 해당.. (1) / 답변1 첨부1
  + [821] ntt=66256 (14186) [취득세] 재개발 시가인정액 기분에 관해 (권리가액?) (1) / 답변1 첨부1
  + [822] ntt=66249 (14185) [지방세징수법] 피상속인의 재산에 대하여 한 압류가 '상속인의.. (1) / 답변1 첨부1
  + [823] ntt=66234 (14184) [취득세] 임대 이력이 있는 미분양 오피스텔의 최초분양자.. (2) / 답변2 첨부1
  + [824] ntt=66228 (14183) [취득세] 분양대금 잔금 납부일과 옵션 잔금 납부일이 다.. (1) / 답변1 첨부1
  + [825] ntt=66223 (14182) [자동차세] 장애인 공동명의 등록자 자동차세 감면 추징 가.. (1) / 답변1 첨부1
  + [826] ntt=66221 (14181) [재산세] 조세법률주의 위반 여부 질의 (1) / 답변1 첨부1
  + [827] ntt=66220 (14180) [취득세] 가설건축물 동일 지번 내 이동 시 취득세 과세.. (1) / 답변1 첨부1
  + [828] ntt=66217 (14179) [지방세기본법] 세무조사 결과통지로 인한 수정신고 불복절차 (1) / 답변1 첨부1
  + [829] ntt=66207 (14178) [취득세] 지방세 환급 소멸시효 및 상속취득세 관련 문의.. (3) / 답변3 첨부1
  + [830] ntt=66204 (14177) [취득세] 경매부동산 과세표준 (1) / 답변1 첨부1
  + [831] ntt=66197 (14176) [취득세] 대물변제계약서를 건축주(신탁회사)제외하여 시행.. (1) / 답변1 첨부1
  + [832] ntt=66196 (14175) [지방소득세] 법인지방소득세  종업원 수 관련 안분률 질의 (1) / 답변1 첨부1
  + [833] ntt=66194 (14174) [주민세] 주민세(종업원분) 육아휴직 기간 산정기준 문의 (1) / 답변1 첨부1
[page 130 완료] 누적 신규 833건  (이 게시판 저장 총 3,877건)
  + [834] ntt=66191 (14173) [지방소득세] 신고하였으나 미납한 지방소득세(법인소득) 부과.. (1) / 답변1 첨부1
  + [835] ntt=66186 (14172) [지방세기본법] 세무조사 추징분 경정청구 (1) / 답변1 첨부1
  + [836] ntt=66180 (14171) [취득세] 액비저장조 문의드립니다. (1) / 답변1 첨부1
  + [837] ntt=66178 (14170) [지방소득세] 지방소득세(종합소득) 사망자. 사망 후 인터넷.. (1) / 답변1 첨부1
  + [838] ntt=66162 (14169) [기타] 지방세 압류 순위 (1) / 답변1 첨부1
  + [839] ntt=66161 (14168) [주민세] 주민세 사업소분 중과세 관련 문의 (1) / 답변1 첨부1
  + [840] ntt=66160 (14167) [취득세] 다자녀 감면 청구 가능 여부 질의 (1) / 답변1 첨부1
  + [841] ntt=66148 (14166) [취득세] 법인의 본점 또는 지점  중과세 관련 (1) / 답변1 첨부1
  + [842] ntt=66145 (14165) [재산세] 재산세 토지 현황과세 관련 문의 (1) / 답변1 첨부1
  + [843] ntt=66111 (14164) [지방세징수법] 압류부동산 가처분취소신청 관련 (1) / 답변1 첨부1
  + [844] ntt=66104 (14163) [취득세] 보존등기 신탁사인 경우 최초분양으로 보고 임대.. (1) / 답변1 첨부1
  + [845] ntt=66101 (14162) [취득세] 취득일 이후 공사도급변경계약에 따른 경정청구 .. (1) / 답변1 첨부1
  + [846] ntt=66093 (14161) [자동차세] 자동차세 비과세 여부 문의 (1) / 답변1 첨부1
  + [847] ntt=66092 (14160) [재산세] 실종 취소 판결 시 재산세 소급여부(재질의) (1) / 답변1 첨부1
  + [848] ntt=66076 (14159) [취득세] 창업벤처중소기업 취득세 감면 관련 질의 (1) / 답변1 첨부1
  + [849] ntt=66074 (14158) [취득세] 취득세 과세표준에 포함되는 대항력 있는 임차보.. (1) / 답변1 첨부1
  + [850] ntt=66072 (14157) [주민세] 주민세 사업소분 과세제외 면적(오물처리시설) .. (1) / 답변1 첨부1
  + [851] ntt=66065 (14156) [취득세] 토지보상된 토지 증여시 과세표준 문의 (1) / 답변1 첨부1
  + [852] ntt=66050 (14155) [취득세] 취득세 환급과 관련 (1) / 답변1 첨부1
  + [853] ntt=66042 (14154) [취득세] 특수관계 해제 이후의 주식 취득을 과점주주로 .. (1) / 답변1 첨부1
  + [854] ntt=66031 (14153) [취득세] 연부취득 해당여부 질의 (1) / 답변1 첨부1
  + [855] ntt=66019 (14152) [취득세] 상속받은 분양권으로 주택 취득시 주택수 산정일 (1) / 답변1 첨부1
  + [856] ntt=66018 (14151) [취득세] 분양권 전매 동시 취득 (1) / 답변1
  + [857] ntt=66017 (14150) [재산세] 유언대용신탁 후 위탁자 사망시 재산세 납세의무.. (1) / 답변1 첨부1
  + [858] ntt=66015 (14149) [취득세] 등록면허세 환급 (1) / 답변1
  + [859] ntt=66014 (14148) [지방세기본법] 세입징수 포상금 지급대상 및 신청기한 문의 (1) / 답변1 첨부2
  + [860] ntt=66005 (14147) [취득세] 생애최초 주택 취득 후 상시거주 기간 3년 미.. (2) / 답변2 첨부2
  + [861] ntt=66002 (14146) [취득세] 생산설비 전용 승강기 취득세 문의 (1) / 답변1 첨부1
  + [862] ntt=65997 (14145) [재산세] 군 사용 사유지 재산세 비과세 관련 환급 (1) / 답변1 첨부1
  + [863] ntt=65992 (14144) [자동차세] 공매진행 관련 문의 (1) / 답변1 첨부1
[page 131 완료] 누적 신규 863건  (이 게시판 저장 총 3,907건)
  + [864] ntt=65978 (14143) [재산세] 공부상 개인 명의이나, 사실상 문중 토지임을 .. (1) / 답변1 첨부1
  + [865] ntt=65977 (14142) [지방세징수법] 징수유예 취소에 따른 납부지연가산세 일괄 추징.. (1) / 답변1 첨부1
  + [866] ntt=65976 (14141) [취득세] 소유권말소등기 판결에 의한 취득세 환급 가능여.. (1) / 답변1 첨부1
  + [867] ntt=65971 (14140) [재산세] 토지 소유권이전등기 합의해제시  체납액의 납세.. (1) / 답변1
  + [868] ntt=65967 (14139) [취득세] 건설기계 부속품 취득세 과세대상 관련 (1) / 답변1 첨부1
  + [869] ntt=65942 (14138) [지방세특례제한법] 창업중소기업 취득세 감면 문의 드립니다. (1) / 답변1 첨부1
  + [870] ntt=65931 (14137) [취득세] 2개의 사업지구내 토지수용후 1개의 사업지구내.. (1) / 답변1 첨부1
  + [871] ntt=65929 (14136) [지방세특례제한법] 번호 14118 답변에 대한 재질의 (1) / 답변1 첨부1
  + [872] ntt=65912 (14135) [취득세] 차량 현물출자(지입) 관련 문의드립니다. (1) / 답변1 첨부1
  + [873] ntt=65908 (14134) [재산세] 실종 취소 시 재산세 소급 여부 (1) / 답변1 첨부1
  + [874] ntt=65906 (14133) [지방세특례제한법] 사회복지법인의 주택취득시 지방세특례제한법 제2.. (1) / 답변1 첨부1
  + [875] ntt=65891 (14132) [취득세] 대수선 문의드립니다. (1) / 답변1 첨부1
  + [876] ntt=65889 (14131) [취득세] 취득세 경매낙찰 부동산 과세표준 과소신고 추징.. (1) / 답변1 첨부1
  + [877] ntt=65883 (14130) [취득세] 옹벽공사비가 건물 신축 취득세 과세표준에 포함.. (1) / 답변1 첨부1
  + [878] ntt=65880 (14129) [취득세] 상속 취득세 문의 (1) / 답변1 첨부1
  + [879] ntt=65878 (14128) [취득세] 세차장 세차기 취득세 과표 및 세율 문의 (1) / 답변1 첨부1
  + [880] ntt=65875 (14127) [취득세] 전매한 분양권을 증여로 취득시 증여인이 지급한.. (1) / 답변1 첨부1
  + [881] ntt=65873 (14126) [취득세] 30세대 미만 세대분리 프리랜서도 가능할까요? (1) / 답변1 첨부1
  + [882] ntt=65872 (14125) [재산세] 지역자원시설세 3배 중과 대상 위험물 저장 및.. (1) / 답변1 첨부1
  + [883] ntt=65869 (14124) [지방세특례제한법] 지분 상속 받은 물건의 지분 매수 시, 생애최.. (1) / 답변1 첨부1
  + [884] ntt=65864 (14123) [취득세] 자경농민 감면 후 2년 이내에 농어촌공사에 경.. (1) / 답변1 첨부1
    [retry 1/3] ReadTimeout
  + [885] ntt=65834 (14122) [취득세] 일시적2주택 재건축 관련 문의 (1) / 답변1 첨부1
  + [886] ntt=65821 (14121) [지방세특례제한법] 지특법22조 사회복지법인 취득세 추징사유 발생.. (1) / 답변1 첨부1
  + [887] ntt=65812 (14120) [취득세] 종교 단체 감면 (1) / 답변1
  + [888] ntt=65804 (14119) [기타] 압류관련입니다. (1) / 답변1 첨부1
  + [889] ntt=65802 (14118) [취득세] <농업법인 해산명령> 추징사유 발생일 (1) / 답변1 첨부1
  + [890] ntt=65784 (14117) [지방소득세] 지방소득세 양도소득분 납세지(12.31에 주소.. (1) / 답변1 첨부1
  + [891] ntt=65780 (14116) [재산세] 주된 상속자 아닌 납세자의 1세대 1주택 특례.. (1) / 답변1 첨부1
  + [892] ntt=65769 (14115) [취득세] 다주택자 취득세 중과세 문의(동거봉양) (1) / 답변1 첨부1
  + [893] ntt=65762 (14114) [취득세] 장애인 감면 추징사유 해당여부 질의 (1) / 답변1 첨부1
[page 132 완료] 누적 신규 893건  (이 게시판 저장 총 3,937건)
  + [894] ntt=65761 (14113) [취득세] 창업중소기업등 취득세 감면 과점주주 여부 (1) / 답변1 첨부1
  + [895] ntt=65758 (14112) [취득세] 취득세 환급 (1) / 답변1 첨부1
  + [896] ntt=65750 (14111) [재산세] 토지주택공사 임대감면 관련 질의 (1) / 답변1 첨부1
  + [897] ntt=65748 (14110) [취득세] 골프회원권 취득세 과세여부 질의 (1) / 답변1 첨부1
  + [898] ntt=65747 (14109) [취득세] 형사소송(사기) 판결 확정으로 인한 기납부한 .. (1) / 답변1 첨부1
  + [899] ntt=65728 (14108) [취득세] 지목변경에 대해 국가유공자 등에 대한 감면 적.. (1) / 답변1 첨부1
  + [900] ntt=65723 (14107) [재산세] 지방세법시행령 제102조 제5항 제2호 나목의.. (1) / 답변1 첨부1
    [retry 1/3] ReadTimeout
  + [901] ntt=65714 (14106) [취득세] 소멸시효가 지난 건들에 대한 상속취득세 과세예.. (1) / 답변1 첨부1
  + [902] ntt=65710 (14105) [재산세] 과세내역서 요청에 대한 공개여부 (1) / 답변1 첨부1
  + [903] ntt=65707 (14104) [지방세특례제한법] 노인복지시설 감면 질의 (1) / 답변1 첨부1
  + [904] ntt=65697 (14103) [취득세] 보통주, 우선주 혼재 시 과점주주 시기 판단 .. (1) / 답변1 첨부1
  + [905] ntt=65688 (14102) [취득세] 법인 상가 신축관련하여 취득세 과세표준 문의입.. (1) / 답변1 첨부1
  + [906] ntt=65687 (14101) [취득세] 재개발조합의 신설 정비기반시설 취득세 과세 여.. (1) / 답변1 첨부1
  + [907] ntt=65686 (14100) [취득세] 상속재산의 공유물분할등 판결문에 의한 소유권이.. (1) / 답변1 첨부1
  + [908] ntt=65679 (14099) [취득세] 사회복지시설 설치 운영하는 법인이 감면대상인지.. (1) / 답변1 첨부1
  + [909] ntt=65677 (14098) [취득세] 이용자리스 차량에 대하여 다자녀 감면 적용이 .. (1) / 답변1
  + [910] ntt=65676 (14097) [취득세] 공공주택사업자에게 매도하는 임대주택 감면 (1) / 답변1 첨부1
  + [911] ntt=65674 (14096) [취득세] 종교단체가 임야를 취득시 (1) / 답변1 첨부1
  + [912] ntt=65664 (14095) [취득세] 창업중소기업감면 대표이사 동일업종법인 퇴임등기.. (1) / 답변1 첨부1
  + [913] ntt=65663 (14094) [취득세] 경매 취득시 대항력 있는 임차인의 임차보증금 .. (1) / 답변1 첨부1
  + [914] ntt=65653 (14093) [주민세] 수익사업을 하지 않는 비영리단체의 주민세(사업.. (1) / 답변1 첨부1
  + [915] ntt=65649 (14092) [취득세] 공유물분할 화해권고결정에 따른 취득세 문의 (1) / 답변1 첨부1
  + [916] ntt=65643 (14091) [취득세] 공유물 분할 초과 지분 과세표준 적용 질의 (1) / 답변1 첨부1
  + [917] ntt=65638 (14090) [지방세징수법] [재질의]퇴직연금계좌 압류가능 여부가 궁금합니.. (1) / 답변1 첨부1
  + [918] ntt=65636 (14089) [취득세] 대위등기 취득세 환급 (1) / 답변1 첨부1
  + [919] ntt=65634 (14088) [주민세] 주민세 사업소분 관련 하나의 사업소 판단 및 .. (1) / 답변1 첨부1
  + [920] ntt=65628 (14087) [지방세특례제한법] 현물출자 감면시 임대한 옥상의 취득세 감면 여.. (1) / 답변1 첨부1
  + [921] ntt=65623 (14086) [재산세] 개인(및 단체) 소유의 다가구 주택 1가구를 .. (1) / 답변1 첨부1
  + [922] ntt=65618 (14085) [취득세] 경정청구에 미통지에 따른 후속처리 문의 (1) / 답변1 첨부1
  + [923] ntt=65615 (14084) [취득세] 시설 상속 취득세 관련 세율적용 문의 (1) / 답변1 첨부1
[page 133 완료] 누적 신규 923건  (이 게시판 저장 총 3,967건)
  + [924] ntt=65608 (14083) [취득세] 생애최초 추징요건  실거주기간 3년미만 관련질.. (1) / 답변1 첨부1
  + [925] ntt=65603 (14082) [취득세] 법인이 화물자동차 운수사업법 상의 수탁자(지입.. (1) / 답변1 첨부1
  + [926] ntt=65600 (14081) [취득세] 전자계약서 형태를 법인장부로 볼 수 있는지 여.. (1) / 답변1 첨부1
  + [927] ntt=65597 (14080) [취득세] 지특법 제57조의2(합병 감면) 제1항 관련 .. (1) / 답변1 첨부1
  + [928] ntt=65594 (14079) [취득세] 산업단지 감면 후 다른 업종으로 사용시 추징사.. (1) / 답변1 첨부1
  + [929] ntt=65593 (14078) [취득세] 사업양수도에 따른 개인기업을 법인으로 전환하는.. (1) / 답변1 첨부1
  + [930] ntt=65589 (14077) [지방세징수법] 퇴직연금계좌 압류가능 여부가 궁금합니다. (1) / 답변1 첨부1
  + [931] ntt=65581 (14076) [취득세] (차량 취득세) 장애인 공동명의 감면 후 이혼.. (1) / 답변1 첨부1
  + [932] ntt=65572 (14075) [취득세] 재차 상속에 따른 취득세 과세 (1) / 답변1 첨부1
  + [933] ntt=65571 (14074) [취득세] 매입세액불공제분 과세표준 포함 여부 (1) / 답변1 첨부1
  + [934] ntt=65562 (14073) [지방세기본법] 과세예고 공시송달 (1) / 답변1 첨부1
  + [935] ntt=65551 (14072) [재산세] 토지분 재산세 세부담상한제 적용 방안 문의 (1) / 답변1 첨부1
  + [936] ntt=65543 (14071) [취득세] 진정명의회복 화해권고결정으로 인한 취득세 문의 (1) / 답변1 첨부1
  + [937] ntt=65537 (14070) [취득세] 취득세 수정신고시 가산세의 감면 적용가능 여부.. (1) / 답변1 첨부1
  + [938] ntt=65534 (14069) [지방세기본법] 과세전적부심사청구에 대해 결정권한 없는 기관이.. (1) / 답변1 첨부1
  + [939] ntt=65510 (14068) [취득세] 사업양수도 부동산 인허가 비용등을 승계받은 경.. (1) / 답변1 첨부1
  + [940] ntt=65509 (14067) [취득세] 건축물대장 주거불일치 건물에 대하여 대장 정정.. (1) / 답변1 첨부2
  + [941] ntt=65504 (14066) [취득세] 마을회 증여계약 해제하는 경우 추징 문의 (1) / 답변1 첨부1
  + [942] ntt=65500 (14065) [지방세기본법] 과세자료 제공 요청 문의 (1) / 답변1 첨부1
  + [943] ntt=65498 (14064) [지방세징수법] 공동소유자 차량 공매처분 가능여부 및 배분금 .. (1) / 답변1 첨부1
  + [944] ntt=65497 (14063) [자동차세] 형사 순찰차량 비과세 적용 문의 (1) / 답변1 첨부3
  + [945] ntt=65494 (14062) [취득세] 지식산업센터 최초 분양 감면 관리비 납부내역의.. (1) / 답변1
  + [946] ntt=65488 (14061) [취득세] 차량취득세 장애인 감면 대체취득 관련 질의 (1) / 답변1 첨부1
  + [947] ntt=65478 (14060) [취득세] 주식처분신탁 계약에 따라 주식을 신탁하였을 경.. (1) / 답변1 첨부1
  + [948] ntt=65475 (14059) [주민세] 지방세법  제84조의5(중소기업 고용지원) 제.. (1) / 답변1 첨부1
  + [949] ntt=65466 (14058) [지방세특례제한법] 인구감소지역 감면 관련 질의 (1) / 답변1 첨부1
  + [950] ntt=65461 (14057) [재산세] 자동말소가 불가한 임대사업자 감면 문의입니다. (1) / 답변1 첨부1
  + [951] ntt=65456 (14056) [재산세] 노외주차장 관련 질문드립니다. (1) / 답변1 첨부1
  + [952] ntt=65453 (14055) [재산세] 미등기 재산 주된 상속자 지정 (1) / 답변1 첨부1
  + [953] ntt=65452 (14054) [지방세특례제한법] 도서관 등에 대한 감면 시 지목변경  과표적용 (1) / 답변1 첨부1
[page 134 완료] 누적 신규 953건  (이 게시판 저장 총 3,997건)
  + [954] ntt=65433 (14053) [취득세] 출산양육 취득세 감면 (1) / 답변1 첨부1
  + [955] ntt=65429 (14052) [주민세] 보장시설수급자 주민세 개인분 납세의무제외 여부 (1) / 답변1 첨부1
    [retry 1/3] ReadTimeout
  + [956] ntt=65427 (14051) [재산세] 건물 형태 변경(일반→집합) 시 직전년도 부과.. (1) / 답변1 첨부1
  + [957] ntt=65425 (14050) [취득세] 재개발 취득세 과세표준(조합원) (2) / 답변2 첨부1
  + [958] ntt=65418 (14049) [취득세] 화해권고결정의 확정으로 인한 원인 무효에 대한.. (1) / 답변1 첨부1
  + [959] ntt=65415 (14048) [재산세] 재산세 물납 불허가 사유 문의 (1) / 답변1 첨부1
  + [960] ntt=65406 (14047) [재산세] 멸실주택토지 상당세액 질의 (1) / 답변1 첨부1
  + [961] ntt=65400 (14046) [취득세] 상속인이 해외거주시 1가구1주택 특례 세율 적.. (1) / 답변1 첨부1
  + [962] ntt=65396 (14045) [취득세] 증여계약 해지 후 새로운 증여계약 체결 시 취.. (1) / 답변1 첨부1
  + [963] ntt=65392 (14044) [재산세] 「지방세법」 제106조제3항 단서 및 「지방세.. (1) / 답변1 첨부1
  + [964] ntt=65385 (14043) [취득세] 보조금을 지급 받은 '중요 재산'이 과점주주 .. (1) / 답변1 첨부1
  + [965] ntt=65384 (14042) [취득세] 다자녀 이혼가정 취득세 감면 문의 (1) / 답변1 첨부1
  + [966] ntt=65379 (14041) [자동차세] 사해행위취소 판결로 인한 자동차세 납부 (1) / 답변1 첨부1
  + [967] ntt=65377 (14040) [지방세특례제한법] 창업중소기업 감면 추징사유 발생하였으나 산업단.. (1) / 답변1 첨부1
  + [968] ntt=65376 (14039) [지방소득세] 재질의)법인지방소득세 증액결정이후 감액결정시 .. (1) / 답변1 첨부1
  + [969] ntt=65364 (14038) [지방세징수법] 매출채권 등 추심금 과다 입금 시 처리 방법(.. (1) / 답변1 첨부1
  + [970] ntt=65360 (14037) [취득세] 재질의)창업중소기업 감면(경락으로 취득시) (1) / 답변1 첨부1
  + [971] ntt=65358 (14036) [취득세] 취득원인 현물출자 과세표준 산정 관련 문의 (1) / 답변1 첨부1
  + [972] ntt=65348 (14035) [취득세] 창업 감면 종전 사업 승계 여부 (1) / 답변1 첨부1
  + [973] ntt=65347 (14034) [등록면허세] 공동주택 행위신고(용도변경)에 따른 등록면허세.. (1) / 답변1 첨부1
  + [974] ntt=65342 (14033) [취득세] 경매로인한 취득세 납세의무 질의 (1) / 답변1 첨부1
  + [975] ntt=65338 (14032) [지방세기본법] 후발적 경정청구 사유에 해당하는지 여부 등 질.. (1) / 답변1 첨부1
  + [976] ntt=65334 (14031) [취득세] <★정당한사유>무단점유 등에 의한 명도소송 진.. (1) / 답변1 첨부1
  + [977] ntt=65332 (14030) [취득세] 사실혼 부부 자녀가 있을시 세대의 기준 문의 (1) / 답변1 첨부1
  + [978] ntt=65323 (14029) [지방세징수법] 감치대상 여부 관련 문의 (1) / 답변1 첨부1
  + [979] ntt=65322 (14028) [지방소득세] 법인지방소득세 증액결정이후 감액결정시 환급가산.. (1) / 답변1 첨부1
  + [980] ntt=65316 (14027) [지방세징수법] 공매 취소로 인한 체납처분비가 재단채권에 포함.. (1) / 답변1 첨부1
  + [981] ntt=65293 (14026) [지방세징수법] 신탁사 배당금 압류 가능 여부 (1) / 답변1 첨부1
    [retry 1/3] ReadTimeout
  + [982] ntt=65292 (14025) [취득세] 창업중소기업 감면(동종업종으로 운영하던 공장 .. (1) / 답변1 첨부1
  + [983] ntt=65289 (14024) [지방세기본법] 납세의무 승계건입니다. (1) / 답변1 첨부1
[page 135 완료] 누적 신규 983건  (이 게시판 저장 총 4,027건)
  + [984] ntt=65258 (14023) [지방세징수법] 지방세 체납처분 (1) / 답변1 첨부1
  + [985] ntt=65248 (14022) [자동차세] 자동차세 한정승인 받을 경우 문의합니다. (1) / 답변1 첨부1
  + [986] ntt=65245 (14021) [지방세특례제한법] 본세 100% 감면 시 도세에 대한 자동이체 .. (1) / 답변1 첨부1
  + [987] ntt=65241 (14020) [지방세징수법] 기 압류된 예수금 추심 시의 압류금지 재산의 .. (1) / 답변1 첨부1
  + [988] ntt=65227 (14019) [취득세] 주거용 오피스텔 주택수 산입 여부 상담 (1) / 답변1 첨부1
  + [989] ntt=65225 (14018) [지방세기본법] 위택스(wetax.go.kr) 불복청구(이의신.. (1) / 답변1 첨부1
  + [990] ntt=65224 (14017) [취득세] 대수선 취득세 신고시 취득원가에 포함되는지 여.. (1) / 답변1 첨부1
  + [991] ntt=65220 (14016) [취득세] 지방세법 제10조의6(취득으로 보는 경우의 과.. (1) / 답변1 첨부1
  + [992] ntt=65218 (14015) [재산세] 원인무효 소송으로 인한 진정명의 회복 이행과정.. (1) / 답변1 첨부1
  + [993] ntt=65208 (14014) [주민세] 사회적협동조합이 사회복지시설에 해당하는지 문의 (1) / 답변1 첨부1
  + [994] ntt=65207 (14013) [취득세] 재개발 조합 조합원 취득세 과세시 비례율 변경 (1) / 답변1 첨부1
  + [995] ntt=65204 (14012) [주민세] 대표자 급여에 대한 주민세 종업원분 문의 (1) / 답변1 첨부1
  + [996] ntt=65203 (14011) [재산세] 지목은 묘지이나 현황상 묘지가 확인되지 않을때.. (1) / 답변1 첨부1
  + [997] ntt=65201 (14010) [취득세] 피상속인 사망 후 판결에 의해 호적에 등재된 .. (1) / 답변1 첨부1
  + [998] ntt=65194 (14009) [재산세] 건축중인 토지의 장기임대주택 감면 적용 가능 .. (1) / 답변1 첨부1
  + [999] ntt=65192 (14008) [취득세] 부모자식 간의 매매거래 인정여부 (1) / 답변1 첨부1
  + [1000] ntt=65189 (14007) [재산세] 무허가 공장 부분에 대한 토지분 재산세 과세방.. (1) / 답변1 첨부1
  + [1001] ntt=65183 (14006) [재산세] 산업단지 등 개발사업 시행자 소유 재산에 대한.. (1) / 답변1 첨부1
  + [1002] ntt=65180 (14005) [지방세징수법] 지방세 체납차량 공매 (1) / 답변1 첨부1
  + [1003] ntt=65179 (14004) [지방세특례제한법] 생애최초 주택 취득 감면 문의(주택을 소유한 .. (1) / 답변1 첨부1
  + [1004] ntt=65176 (14003) [취득세] 특수관계법인이 지급한 비용 취득세 과표산입 여.. (1) / 답변1 첨부1
  + [1005] ntt=65175 (14002) [취득세] 농지에서 농업관련시설 신축시 지목변경 취득세 .. (1) / 답변1 첨부1
  + [1006] ntt=65153 (14001) [취득세] 토지수용 손실보상금 판결에 따른 증액분 취득세.. (2) / 답변2 첨부1
  + [1007] ntt=65143 (14000) [주민세] 주민세 종업원분 중소기업 고용지원 관련 문의입.. (1) / 답변1 첨부1
  + [1008] ntt=65136 (13999) [취득세] 귀농일 이전 농업경영체 등록이 된 경우 귀농인.. (1) / 답변1 첨부1
  + [1009] ntt=65133 (13998) [재산세] 학술단체 감면 해당 여부(지방세특례제한법 제4.. (1) / 답변1 첨부1
  + [1010] ntt=65131 (13997) [지방세징수법] 부동산 공매관련 문의 (1) / 답변1 첨부1
  + [1011] ntt=65116 (13996) [취득세] 마을회 감면 가능 여부(용도지역별 적용배율 초.. (1) / 답변1 첨부1
  + [1012] ntt=65115 (13995) [취득세] 연대납세의무자 소멸시효 완성 (질문 추가) (1) / 답변1 첨부1
  + [1013] ntt=65099 (13994) [재산세] 재산세 수시부과 문의 (1) / 답변1 첨부1
[page 136 완료] 누적 신규 1013건  (이 게시판 저장 총 4,057건)
  + [1014] ntt=65097 (13993) [재산세] 해외체류신고를 하지 않았을 경우 세대분리 관련.. (1) / 답변1 첨부1
  + [1015] ntt=65095 (13992) [취득세] 차량취득세 교통사고차량 시가표준액인정 (1) / 답변1 첨부1
  + [1016] ntt=65093 (13991) [지방세특례제한법] 재산세 중과와 감면 동시에 적용되는 경우 (2) / 답변2 첨부1
  + [1017] ntt=65088 (13990) [취득세] 연대납세의무자 서류송달 (1) / 답변1 첨부1
  + [1018] ntt=65083 (13989) [취득세] 경정청구 수용 후 다른사유로 경정청구 (1) / 답변1 첨부1
  + [1019] ntt=65072 (13988) [재산세] 수시분 재산세(30만원이상) 과세예고통지 대상.. (1) / 답변1 첨부1
  + [1020] ntt=65068 (13987) [취득세] 직계존비속 간의 거래 질문드립니다. (1) / 답변1 첨부1
  + [1021] ntt=65063 (13986) [재산세] 지방세법 제109조 제2항에 따른 무료 나눔 .. (1) / 답변1 첨부1
  + [1022] ntt=65056 (13985) [취득세] 기숙사로 사용될 건물에 대한 취득세 감면여부 .. (1) / 답변1 첨부1
  + [1023] ntt=65049 (13984) [재산세] 한국토지주택공사 매입임대주택 관련 질의 (1) / 답변1 첨부2
  + [1024] ntt=65044 (13983) [취득세] 같은 물건지에 대해 일부 매매, 일부 증여 시.. (1) / 답변1 첨부1
  + [1025] ntt=65041 (13982) [재산세] 법인이 아닌 단체의 납세의무자. (1) / 답변1 첨부1
  + [1026] ntt=65038 (13981) [지방세징수법] 공매 배분 문의 (1) / 답변1
  + [1027] ntt=65034 (13980) [취득세] 판결에 따른 소유권이전등기를 위해 상속 취득세.. (1) / 답변1 첨부1
  + [1028] ntt=65029 (13979) [취득세] 취득세 특수관계인 유상거래 시가인정액 수정신고.. (1) / 답변1 첨부1
  + [1029] ntt=65015 (13978) [재산세] 재산세에서 인정하는 농지의 범위 (1) / 답변1 첨부1
  + [1030] ntt=65013 (13977) [취득세] 산업단지 감면 관련입니다. (1) / 답변1 첨부1
  + [1031] ntt=65010 (13976) [재산세] 산업단지 내 공장용 건축물의 범위 (1) / 답변1 첨부1
  + [1032] ntt=65008 (13975) [지방소득세] 법인지방소득세(부당과소신고 가산세액 계산) (1) / 답변1 첨부1
  + [1033] ntt=65006 (13974) [취득세] 준공상 문제로 분양가액(과세표준) 수정에 따른.. (1) / 답변1 첨부1
  + [1034] ntt=64996 (13973) [취득세] 창업중소기업 감면 추징 가능 여부 (1) / 답변1 첨부1
  + [1035] ntt=64986 (13972) [지방세특례제한법] 농업법인 농산물가공(쿠키,빵)하여 판매 및 체.. (1) / 답변1 첨부1
  + [1036] ntt=64979 (13971) [취득세] 재건축 이전고시로 취득한 비조합원용 토지 취득.. (1) / 답변1 첨부1
  + [1037] ntt=64970 (13970) [취득세] 취득세 연대납세의무 해지 (1) / 답변1 첨부1
  + [1038] ntt=64959 (13969) [취득세] 본점중과와 산업용건축물 감면 적용(산업단지내 .. (1) / 답변1 첨부1
  + [1039] ntt=64956 (13968) [취득세] 대위등기 후 상속인 전원 상속포기 시 취득세 .. (1) / 답변1 첨부1
  + [1040] ntt=64955 (13967) [재산세] 향교 분리과세 질의합니다. (1) / 답변1 첨부1
  + [1041] ntt=64953 (13966) [취득세] 본점중과와 산업용건축물 감면 적용(산업단지내신.. (1) / 답변1 첨부1
    [retry 1/3] ReadTimeout
  + [1042] ntt=64941 (13965) [지방소득세] 지방소득세(특별징수) 납세지착오 차감신고 가산.. (1) / 답변1 첨부1
  + [1043] ntt=64938 (13964) [지방세징수법] 공매 배분 문의 (1) / 답변1
[page 137 완료] 누적 신규 1043건  (이 게시판 저장 총 4,087건)
  + [1044] ntt=64923 (13963) [취득세] 취득세 부과 취소 및 환급 (1) / 답변1 첨부1
  + [1045] ntt=64922 (13962) [재산세] 주택 수 산정 제외여부 수정하여 추가 문의드립.. (1) / 답변1 첨부1
  + [1046] ntt=64918 (13961) [재산세] '95년 이전 취득 비영리사업자(사회복지법인).. (1) / 답변1 첨부1
  + [1047] ntt=64916 (13960) [취득세] 대습상속 질의 (1) / 답변1 첨부1
  + [1048] ntt=64908 (13959) [지방소득세] 양도소득 중 파생상품의 납세의무 성립일 (1) / 답변1 첨부1
  + [1049] ntt=64906 (13958) [취득세] 산업단지 등에 대한 감면 경정청구 관련 질의 (1) / 답변1 첨부1
  + [1050] ntt=64899 (13957) [지방세기본법] A법인의 법인지방소득세 납부기한 연장 시 보증.. (1) / 답변1 첨부1
  + [1051] ntt=64893 (13956) [재산세] 대학교 행복기숙사 재산세 감면 여부 질의드립니.. (1) / 답변1 첨부1
  + [1052] ntt=64886 (13955) [취득세] 유언대용신탁 관련 취득세 문의드립니다. (2) / 답변2 첨부1
  + [1053] ntt=64882 (13954) [취득세] (법률 제16041호)지방세특례제한법 제74조.. (1) / 답변1 첨부1
  + [1054] ntt=64864 (13953) [취득세] 창업중소기업 감면 배제 여부 문의드립니다. (1) / 답변1 첨부1
  + [1055] ntt=64863 (13952) [지방세특례제한법] 개인 명의 침수 차량을 리스 차량으로 대체 취.. (1) / 답변1 첨부1
  + [1056] ntt=64862 (13951) [취득세] 교회유지재단의 소속교회 예배당 취득 시 종교행.. (1) / 답변1 첨부1
  + [1057] ntt=64861 (13950) [취득세] 본인이 소유한 주택의 부속토지 취득시 중과세율.. (1) / 답변1 첨부1
  + [1058] ntt=64858 (13949) [취득세] 사업 양수도 대금 (1) / 답변1 첨부1
  + [1059] ntt=64852 (13948) [취득세] 취득세 상계 (1) / 답변1 첨부1
  + [1060] ntt=64835 (13947) [지방세징수법] 신탁물건 부동산 압류해제 가능여부 (1) / 답변1 첨부1
  + [1061] ntt=64831 (13946) [취득세] 과세표준 산정 문의 (1) / 답변1 첨부1
  + [1062] ntt=64829 (13945) [취득세] 소유권이전등기말소 이후 기존 매매계약에 의한 .. (1) / 답변1 첨부1
  + [1063] ntt=64823 (13944) [재산세] 주택 수 산정 제외여부 문의드립니다 (1) / 답변1 첨부1
  + [1064] ntt=64814 (13943) [취득세] 계모의 상속물건 ,취득세 신고납부 관련 질의 (1) / 답변1 첨부1
  + [1065] ntt=64811 (13942) [취득세] 도시개발사업지구 내 환지처분에 따른 청산금에 .. (1) / 답변1 첨부1
  + [1066] ntt=64787 (13941) [취득세] 이혼재산분할협의로 취득세 부과 시 금전을 지급.. (1) / 답변1 첨부1
  + [1067] ntt=64784 (13940) [주민세] 가동하지 않는 공장 일부분의 연면적 주민세(사.. (1) / 답변1 첨부1
  + [1068] ntt=64783 (13939) [지방세특례제한법] [재질의]산업단지 감면 추징 관련 (1) / 답변1 첨부1
  + [1069] ntt=64782 (13938) [취득세] 차량 취득세 취득가액 착오 신고 납부 (1) / 답변1 첨부1
  + [1070] ntt=64778 (13937) [취득세] 시가인정액 법령 조문 관련 질의 (1) / 답변1 첨부1
  + [1071] ntt=64776 (13936) [지방세특례제한법] 창업중소기업 감면 문의 (1) / 답변1 첨부1
  + [1072] ntt=64775 (13935) [주민세] 주민세 종업원분 납세의무자 문의 (1) / 답변1 첨부1
    [retry 1/3] ReadTimeout
    [retry 2/3] ConnectTimeout
  + [1073] ntt=64768 (13934) [취득세] 벤처기업감면 문의드립니다.(제58조의3 제2항.. (1) / 답변1 첨부1
[page 138 완료] 누적 신규 1073건  (이 게시판 저장 총 4,117건)
  + [1074] ntt=64767 (13933) [재산세] 농업법인 경영체등록 관련 감면 질의 (1) / 답변1 첨부2
  + [1075] ntt=64763 (13932) [자동차세] 미상속 자동차세 납세의무자 (1) / 답변1 첨부1
  + [1076] ntt=64761 (13931) [자동차세] 자동차세 명의이전 안된 차량 과세 문의 (1) / 답변1 첨부1
  + [1077] ntt=64743 (13930) [취득세] 대위등기자가 상속취득세 납부 시 기존 상속인이.. (1) / 답변1 첨부1
  + [1078] ntt=64740 (13929) [지방세특례제한법] 환경친화적 선박의 감면 추징 여부 (지특법 제.. (1) / 답변1 첨부1
  + [1079] ntt=64736 (13928) [지방세징수법] 개인회생신청 체납 재산세에 대한 물적납세의무 .. (1) / 답변1 첨부1
  + [1080] ntt=64731 (13927) [지방세특례제한법] 지방세 상담신청드립니다. (1) / 답변1 첨부1
  + [1081] ntt=64730 (13926) [취득세] 농협경제지주회사 구판사업 등에 직접 사용 관련.. (1) / 답변1 첨부1
  + [1082] ntt=64724 (13925) [취득세] 귀농인 감면 농업외의 산업에 종사하는 경우 추.. (1) / 답변1 첨부1
  + [1083] ntt=64716 (13924) [지방소득세] 지방세 상담 신청서_연말정산 환급금관련 (1) / 답변1 첨부1
  + [1084] ntt=64700 (13923) [지방소득세] 국세청 결정경정 통보에 따른 지방소득세(종합소.. (1) / 답변1 첨부1
  + [1085] ntt=64695 (13922) [취득세] 과점주주 특수관계인 범위 및 납세의무 (1) / 답변1 첨부1
  + [1086] ntt=64692 (13921) [재산세] 재산세 징수유예 가능 여부 (1) / 답변1 첨부1
  + [1087] ntt=64691 (13920) [취득세] 자경농민 취득세 감면 추징사유(양식장)에 해당.. (1) / 답변1 첨부1
  + [1088] ntt=64676 (13919) [재산세] 학교법인의 교지 안에 있는 자연림 재산세 과세.. (1) / 답변1 첨부1
  + [1089] ntt=64675 (13918) [지방세징수법] 체납차량 영치관련 수색에 대한 질의 (1) / 답변1 첨부1
  + [1090] ntt=64670 (13917) [취득세] 단독상속 취득세 신고 후 상속인 사망시 취득세.. (1) / 답변1 첨부2
  + [1091] ntt=64668 (13916) [재산세] 후발적 경정청구 관련 문의드립니다. (1) / 답변1 첨부1
  + [1092] ntt=64666 (13915) [취득세] 토지매입을 위한 대출 A를 실행 후, 새로운 .. (1) / 답변1 첨부1
  + [1093] ntt=64662 (13914) [지방세특례제한법] 환매취득 농지 추징 적용 여부 문의 (1) / 답변1 첨부1
    [retry 1/3] ReadTimeout
  + [1094] ntt=64660 (13913) [지방세특례제한법] 산업단지  감면 추징 관련 (1) / 답변1 첨부1
  + [1095] ntt=64659 (13912) [지방세기본법] 감면 지방세 추징 신고납부기간 내 지방세과세예.. (1) / 답변1 첨부1
  + [1096] ntt=64656 (13911) [지방세특례제한법] 임시사용승인 건축물에 대한 박물관 감면시 취득.. (1) / 답변1 첨부1
  + [1097] ntt=64654 (13910) [재산세] 지역자원시설세 3배중과(창고 샌드위치패널 중 .. (1) / 답변1 첨부1
  + [1098] ntt=64652 (13909) [취득세] 토지 취득 후 조건부 특약에 의해 취득가액이 .. (1) / 답변1 첨부1
  + [1099] ntt=64651 (13908) [지방소득세] 청산소득 과세특례에 대해 문의 드립니다. (1) / 답변1 첨부1
  + [1100] ntt=64649 (13907) [자동차세] 사망 전 폐차, 폐차로 인한 수시분 부과시점엔.. (1) / 답변1 첨부1
  + [1101] ntt=64628 (13906) [지방세징수법] 체납차량 영치관련 수색에 대한 질의 (1) / 답변1 첨부1
  + [1102] ntt=64626 (13905) [지방세기본법] 교육청에 학교법인의 정관 제출을 요구할 수 있.. (1) / 답변1 첨부1
  + [1103] ntt=64618 (13904) [취득세] 지방세법 시행령 제18조의4 1항 질의 (1) / 답변1
[page 139 완료] 누적 신규 1103건  (이 게시판 저장 총 4,147건)
  + [1104] ntt=64616 (13903) [취득세] 일시적2주택이 아닌 별도세대 인정으로 볼 수 .. (1) / 답변1 첨부1
  + [1105] ntt=64614 (13902) [취득세] 연부취득 명의자 변경 관련 취득세 질의 (1) / 답변1 첨부1
  + [1106] ntt=64611 (13901) [재산세] 재산세(건축물) 지역자원시설세 중과 관련입니다.. (1) / 답변1 첨부1
  + [1107] ntt=64610 (13900) [취득세] 자경농민 추징 관련(공유물 분할) (1) / 답변1 첨부1
  + [1108] ntt=64609 (13899) [취득세] 농수산물 소형 저온저장고 과세대상 여부 (2) / 답변2 첨부1
  + [1109] ntt=64595 (13898) [주민세] 주민세 종업원분 월평균금액 산정 질의 (1) / 답변1 첨부1
  + [1110] ntt=64593 (13897) [재산세] 지방세특례제한법 제31조의4항 관련 질의 (1) / 답변1 첨부1
    [retry 1/3] ReadTimeout
  + [1111] ntt=64583 (13896) [지방세기본법] 중가산금 관련 문의 (1) / 답변1 첨부1
    [retry 1/3] ReadTimeout
    [retry 2/3] ConnectTimeout
    [retry 3/3] ConnectTimeout
  + [1112] ntt=64575 (13894) [지방세징수법] 초과추심하여 돌려주지 못한 금액으로 해산간주된.. (1) / 답변1 첨부1
  + [1113] ntt=64571 (13893) [취득세] 주체구조부 취득자 관련 추가 문의 (1) / 답변1 첨부1
  + [1114] ntt=64565 (13892) [취득세] 경락공매시 취득자 본인의 선순위 대항력 임차보.. (1) / 답변1 첨부1
  + [1115] ntt=64563 (13891) [재산세] 국가와 연부로 매매계약체결한 경우, 납세의무자.. (1) / 답변1 첨부1
  + [1116] ntt=64562 (13890) [취득세] 연구개발전담부서로 인정받은 법인의 본점여부와 .. (1) / 답변1 첨부1
  + [1117] ntt=64557 (13889) [재산세] 산업단지 감면 추징 관련 문의 (1) / 답변1 첨부1
  + [1118] ntt=64554 (13888) [취득세] 기존 건축물에 연결증축 형태로 취득한 경우 주.. (2) / 답변2 첨부1
  + [1119] ntt=64552 (13887) [재산세] 미준공 건축물의 종교단체 감면 (1) / 답변1 첨부1
  + [1120] ntt=64546 (13886) [취득세] 법인 취득세 중과대상 문의(지방세법제13조제1.. (1) / 답변1 첨부1
  + [1121] ntt=64545 (13885) [재산세] 종교시설 감면 관련하여 지방세법 제106조 제.. (1) / 답변1
  + [1122] ntt=64543 (13884) [재산세] 1세대1주택 관련 동거봉양 '별도의 세대' 법.. (1) / 답변1 첨부1
  + [1123] ntt=64536 (13883) [지방세특례제한법] 천재지변으로 인한 대체취득에 대한 감면 시 감.. (1) / 답변1 첨부1
  + [1124] ntt=64534 (13882) [지방소득세] 지방소득세(특별징수) 국세청통보자료 수시부과 .. (2) / 답변2
  + [1125] ntt=64526 (13881) [취득세] 산업단지 사업시행자(위탁자) 감면 가능 여부 (1) / 답변1 첨부1
  + [1126] ntt=64509 (13880) [취득세] 주택부속토지를 상속받고, 추후 그 토지위의 건.. (1) / 답변1 첨부1
  + [1127] ntt=64506 (13879) [자동차세] 1월 연납한 자동차세 구조변경으로 자동차세 (1) / 답변1
  + [1128] ntt=64504 (13878) [취득세] 생애최초주택 구입에 대한 취득세 감면 여부 질.. (1) / 답변1 첨부1
  + [1129] ntt=64502 (13877) [취득세] "경매"사유로 3년 내 소유권 이전됐을때 생애.. (1) / 답변1 첨부1
  + [1130] ntt=64500 (13876) [취득세] 대도시 밖의 법인이 대도시내로 본점이전 후  .. (1) / 답변1 첨부1
  + [1131] ntt=64499 (13875) [재산세] 질의 13867 답변에 대한 재질의 (1) / 답변1 첨부1
  + [1132] ntt=64495 (13874) [취득세] 주택신축판매업자 미판매(3년 이내) 정당한 사.. (1) / 답변1 첨부1
[page 140 완료] 누적 신규 1132건  (이 게시판 저장 총 4,176건)
  + [1133] ntt=64494 (13873) [취득세] 과점주주 간주 취득세 과세 문의 (1) / 답변1 첨부1
  + [1134] ntt=64465 (13872) [지방세기본법] 민사 판결로 명의신탁 인정되는 경우 제2차 납.. (1) / 답변1 첨부1
  + [1135] ntt=64463 (13871) [지방세징수법] 사망자 체납세금에 대한 제3자의 납세담보 가능.. (1) / 답변1 첨부1
  + [1136] ntt=64452 (13870) [취득세] 천재지변 대체취득 리스차량 (1) / 답변1 첨부1
  + [1137] ntt=64448 (13869) [취득세] 소유권이전등기말소 판결 취득세 및 재산세 환급.. (1) / 답변1 첨부1
  + [1138] ntt=64445 (13868) [재산세] 재산세 특례세율 적용 가능 여부(공동주택가격 .. (2) / 답변2 첨부1
  + [1139] ntt=64444 (13867) [취득세] 대물변제 취득관련 (1) / 답변1 첨부1
  + [1140] ntt=64434 (13866) [주민세] 대안학교 주민세(사업소분) 과세 (1) / 답변1 첨부1
  + [1141] ntt=64433 (13865) [취득세] 지특법 제44조의2 적용 문의 (1) / 답변1 첨부1
  + [1142] ntt=64426 (13864) [취득세] 재질의(취득세 수정신고 및 부과취소 가능여부 .. (1) / 답변1 첨부1
  + [1143] ntt=64415 (13863) [재산세] 등록사항 정정(면적) 대상 토지 (1) / 답변1 첨부1
  + [1144] ntt=64414 (13862) [주민세] 수익사업을 하지 않는 단체의 주민세(사업소분).. (1) / 답변1 첨부1
  + [1145] ntt=64411 (13861) [취득세] 상속취득세 부과관련 (1) / 답변1 첨부1
  + [1146] ntt=64409 (13860) [취득세] 상속으로 인한 소유권 이전 후 심판분할에 의한.. (1) / 답변1 첨부1
  + [1147] ntt=64407 (13859) [재산세] 국가와 연부로 매매계약체결한 경우, 납세의무자.. (1) / 답변1 첨부1
  + [1148] ntt=64404 (13858) [지방세특례제한법] 산업단지감면가능여부 (1) / 답변1 첨부1
  + [1149] ntt=64400 (13857) [주민세] 사회적협동기업 주민세 사업소분 감면여부 (1) / 답변1 첨부1
  + [1150] ntt=64396 (13856) [주민세] 주민세(사업소분) 과세제외 대상인 공해방지시설.. (1) / 답변1 첨부1
  + [1151] ntt=64394 (13855) [취득세] 새마을금고 취득세 감면 여부 (1) / 답변1 첨부1
  + [1152] ntt=64393 (13854) [지방세기본법] 제2차 납세의무자 지정 해제 (1) / 답변1 첨부1
  + [1153] ntt=64380 (13853) [취득세] 주택신축판매업 추징 요건 (1) / 답변1 첨부1
  + [1154] ntt=64378 (13852) [재산세] 재산세 납세의무자 관련 (1) / 답변1 첨부1
  + [1155] ntt=64363 (13851) [지방세특례제한법] 산업단지 감면 가능 여부 (1) / 답변1
  + [1156] ntt=64357 (13850) [취득세] 주택건설사업자의 주택 취득관련 문의드립니다. (1) / 답변1 첨부1
  + [1157] ntt=64354 (13849) [취득세] 노인의료복지시설 감면 적용 조항 (1) / 답변1 첨부1
  + [1158] ntt=64344 (13848) [주민세] 외국인 공장 기숙사 거주 과세여부 문의 (1) / 답변1 첨부1
  + [1159] ntt=64343 (13847) [재산세] 골프장 코스 주변 암석지에 대한 별도합산 종합.. (1) / 답변1 첨부1
  + [1160] ntt=64340 (13846) [지방세징수법] 신탁 수익금 압류 및 추심 질의 (1) / 답변1 첨부1
  + [1161] ntt=64330 (13845) [취득세] 지역주택조합 취득일 관련 (원조합원 자격 상실.. (1) / 답변1 첨부1
  + [1162] ntt=64329 (13844) [취득세] 과점주주에서 특수관계인의 범위 질의 (1) / 답변1 첨부1
[page 141 완료] 누적 신규 1162건  (이 게시판 저장 총 4,206건)
  + [1163] ntt=64328 (13843) [주민세] 주민세(사업소분) 오염물질배출사업소 중과 적용 (1) / 답변1 첨부1
  + [1164] ntt=64326 (13842) [취득세] 3년내 주택 멸실조건으로 주택 중과 예외 시,.. (1) / 답변1 첨부1
  + [1165] ntt=64319 (13841) [주민세] 상주 인력이 없는 태양광발전시설의 사업소 인적.. (1) / 답변1 첨부1
  + [1166] ntt=64317 (13840) [주민세] 태양광발전소 주민세 사업소분 기본세액 과세대상.. (1) / 답변1 첨부1
  + [1167] ntt=64308 (13839) [재산세] 비과세 임야 및 분리과세대상 임야에 대한 문의 (1) / 답변1 첨부1
  + [1168] ntt=64300 (13838) [취득세] 재건축 재개발 이전고시 토지 취득세 관련 문의 (1) / 답변1 첨부1
  + [1169] ntt=64283 (13837) [취득세] 인구감소지역 감면 문의 (1) / 답변1 첨부1
  + [1170] ntt=64279 (13836) [재산세] 빌딩 옥상에 설치된 수조(물탱크)가 재산세 과.. (1) / 답변1 첨부1
  + [1171] ntt=64277 (13835) [주민세] 주민세 종업원분 계산시, 근로고용이 없고, 급.. (1) / 답변1 첨부1
  + [1172] ntt=64276 (13834) [취득세] 주거환경개선지구 소재 주택 중과대상 여부 질의 (1) / 답변1 첨부2
  + [1173] ntt=64274 (13833) [재산세] 의료법인 감면 (1) / 답변1 첨부2
  + [1174] ntt=64272 (13832) [등록면허세] 금융기관 합병으로 인한 저당권이전 등록세 감면.. (1) / 답변1 첨부1
  + [1175] ntt=64267 (13831) [취득세] 과점주주 성립 여부 (1) / 답변1 첨부1
  + [1176] ntt=64255 (13830) [취득세] 취득세 수정신고 및 부과취소 가능여부 문의 (1) / 답변1 첨부1
  + [1177] ntt=64252 (13829) [취득세] AMR 장비(운행로봇) 도입 (1) / 답변1
  + [1178] ntt=64251 (13828) [취득세] 묘지 공시지가에 대하여 (1) / 답변1 첨부1
  + [1179] ntt=64250 (13827) [재산세] 종교 단체 감면 질의 (1) / 답변1 첨부1
  + [1180] ntt=64243 (13826) [재산세] 공장용 건축물의 범위 (1) / 답변1 첨부1
  + [1181] ntt=64236 (13825) [등록면허세] 시도간 등 주소변경에 의한 등록면허세 부과 여.. (1) / 답변1 첨부1
  + [1182] ntt=64233 (13824) [지방세기본법] 개인이 개인에게 정보공개 위임하여 체납, 압류.. (1) / 답변1 첨부1
  + [1183] ntt=64217 (13823) [취득세] 이동식 주택 취득세 신고납부 문의 (1) / 답변1 첨부1
  + [1184] ntt=64207 (13822) [취득세] 현물출자계약에 따른 분양권에 대한 취득세 과표.. (1) / 답변1 첨부1
  + [1185] ntt=64203 (13821) [지방세특례제한법] 학력인정 평생교육시설이 지특법 제41조 ‘학교.. (1) / 답변1 첨부1
  + [1186] ntt=64195 (13820) [취득세] 주택 이동 취득세 (1) / 답변1 첨부1
  + [1187] ntt=64189 (13819) [지방세징수법] 교부청구 관련입니다. (1) / 답변1 첨부1
  + [1188] ntt=64188 (13818) [지방세특례제한법] 이전공공기관에 대한 재산세 감면 적용중인 물건.. (1) / 답변1 첨부1
  + [1189] ntt=64186 (13817) [취득세] 천재지변으로 인한 대체취득 감면(지분 취득) .. (1) / 답변1 첨부1
  + [1190] ntt=64184 (13816) [지방세징수법] 징수유예신청 (1) / 답변1 첨부1
  + [1191] ntt=64170 (13815) [취득세] 동종업종에 공동사업자기록이 있을 경우 창업중소.. (1) / 답변1 첨부1
  + [1192] ntt=64160 (13814) [취득세] 분양권 전매 후 증여 (1) / 답변1 첨부1
[page 142 완료] 누적 신규 1192건  (이 게시판 저장 총 4,236건)
  + [1193] ntt=64159 (13813) [지방세특례제한법] 지방세특례제한법 제58조2 3항(지방자치단체 .. (1) / 답변1 첨부1
  + [1194] ntt=64152 (13812) [취득세] 임대사업자 중과제외 여부 판단(신탁재산) (1) / 답변1 첨부1
  + [1195] ntt=64151 (13811) [지방세기본법] 국가기관의 과세자료 요청에 의해 제공할 수 있.. (1) / 답변1 첨부1
  + [1196] ntt=64146 (13810) [재산세] 혼인전 주택에 입주권 포함여부 문의 (1) / 답변1 첨부1
    [retry 1/3] ReadTimeout
  + [1197] ntt=64144 (13809) [세외수입] 체납자 파산선고 및 개인회생 시 세외수입 체납.. (1) / 답변1 첨부2
  + [1198] ntt=64133 (13808) [취득세] 조정조서에 의한 취득세 환급문의 드립니다. (1) / 답변1 첨부1
  + [1199] ntt=64126 (13807) [취득세] 법인 분할 원인 취득세 과세표준 적용 관련 문.. (1) / 답변1 첨부1
  + [1200] ntt=64119 (13806) [주민세] 주민세 종업원분 무신고 가산세 문의 (1) / 답변1 첨부1
  + [1201] ntt=64117 (13805) [재산세] 해당 법인을  평생교육단체로 보아 지특법제43.. (1) / 답변1 첨부1
  + [1202] ntt=64103 (13804) [취득세] 지목변경 취득세의 지목변경 '전' 공시지가 선.. (1) / 답변1 첨부1
  + [1203] ntt=64096 (13803) [주민세] 주민세(종업원분) 국내, 해외 병행근무시 국외.. (1) / 답변1 첨부1
  + [1204] ntt=64085 (13802) [지방세징수법] 공매 진행 문의 (1) / 답변1 첨부1
  + [1205] ntt=64084 (13801) [기타] 개인정보보호법에 관한 질의입니다. (1) / 답변1 첨부1
  + [1206] ntt=64082 (13800) [지방세특례제한법] 종교단체 직접사용 관련 추징 여부 문의 (1) / 답변1 첨부1
  + [1207] ntt=64072 (13799) [취득세] 개인 명의로 건설자금을 대출받아, 개인과 법인.. (1) / 답변1 첨부1
  + [1208] ntt=64068 (13798) [지방세징수법] 상속 납세의무 승계 소멸시효 기산일 문의 (1) / 답변1 첨부1
  + [1209] ntt=64058 (13797) [취득세] 과점주주 취득세 과세표준 산정 시 국고보조금이.. (1) / 답변1 첨부1
  + [1210] ntt=64057 (13796) [지방세특례제한법] 지특 제75조의 5[인구감소지역감면]에 관한 .. (1) / 답변1 첨부1
  + [1211] ntt=64054 (13795) [취득세] 법인 취득세 중과세율 관련 질의 (1) / 답변1 첨부1
  + [1212] ntt=64050 (13794) [지방세징수법] 공매보증금 착오 반환 처리 문의 (1) / 답변1 첨부1
  + [1213] ntt=64047 (13793) [취득세] 상속 재협의(미등기) (1) / 답변1 첨부1
  + [1214] ntt=64042 (13792) [취득세] 부동산 계약일에 관한 질문 드립니다. (1) / 답변1 첨부1
  + [1215] ntt=64028 (13791) [지방세징수법] 의료수가 채권의 성격 (1) / 답변1 첨부1
  + [1216] ntt=64023 (13790) [지방세특례제한법] 건축 임대사업자의 토지 취득세 감면 후 감면요.. (1) / 답변1 첨부1
  + [1217] ntt=64021 (13789) [취득세] 주택건설사업 법인중과예외사유에 해당하는 단서조.. (1) / 답변1 첨부1
  + [1218] ntt=64010 (13788) [취득세] 지목변경 취득세의 지목변경 전 공시지가 시가표.. (2) / 답변2 첨부1
  + [1219] ntt=64009 (13787) [취득세] 분양권을 공동명의로 취득 후 지분 증여한 뒤 .. (1) / 답변1 첨부1
  + [1220] ntt=64000 (13786) [취득세] 선박 취득 전 소요된 선박 수리비용의 과표 산.. (1) / 답변1 첨부1
  + [1221] ntt=63989 (13785) [취득세] 매매계약 체결 및 잔금 지급 후 매도인이 사망.. (1) / 답변1 첨부1
  + [1222] ntt=63987 (13784) [취득세] 인구감소지역 감면 문의 (1) / 답변1 첨부1
[page 143 완료] 누적 신규 1222건  (이 게시판 저장 총 4,266건)
  + [1223] ntt=63986 (13783) [지방세특례제한법] 협동화부동산 목적으로 감면을 받은 후 5년내 .. (1) / 답변1 첨부1
  + [1224] ntt=63979 (13782) [등록면허세] 면적이나 층수의 변함이 없는 대수선의 경우 등.. (1) / 답변1 첨부1
  + [1225] ntt=63971 (13781) [자동차세] 지방세특례제한법 제29조 관련 자동차세 감면에.. (1) / 답변1 첨부1
  + [1226] ntt=63964 (13780) [취득세] 자경농민의 영농 종사 확인 서류 (1) / 답변1 첨부1
  + [1227] ntt=63962 (13779) [지방세기본법] 징수포상금 신청 기한 문의 (1) / 답변1 첨부2
  + [1228] ntt=63958 (13778) [지방세징수법] (지분)압류된 차량의 공동소유자 사망 후 상속.. (1) / 답변1 첨부1
  + [1229] ntt=63956 (13777) [취득세] 증축 및 대수선 취득세 과세표준액 안분 관련 .. (1) / 답변1 첨부1
  + [1230] ntt=63953 (13776) [지방세징수법] 방치 차량 공매 관련 문의 (1) / 답변1 첨부1
  + [1231] ntt=63948 (13775) [재산세] 산업단지 감면 재산세 부과 관련 (1) / 답변1 첨부1
  + [1232] ntt=63943 (13774) [취득세] 농업법인감면 가능여부 문의[제11조(농업법인에.. (1) / 답변1
  + [1233] ntt=63930 (13773) [취득세] 지방세법 시행령 제28조의2제 8호나목4) 주.. (1) / 답변1 첨부1
  + [1234] ntt=63926 (13772) [세외수입] 법인이 보조금 미반환 체납 시 법인의 대표자를.. (1) / 답변1 첨부1
  + [1235] ntt=63923 (13771) [지방소득세] 소득금액변동통지서(인정상여)에 의한 지방소득세.. (1) / 답변1 첨부1
  + [1236] ntt=63920 (13770) [지방세특례제한법] 사회복지시설 감면 (1) / 답변1 첨부1
  + [1237] ntt=63919 (13769) [취득세] 귀농인 감면 문의드립니다. (1) / 답변1 첨부1
  + [1238] ntt=63918 (13768) [지방세특례제한법] 기존 건축물을 취득하여 일부 면적 기업부설연구.. (1) / 답변1 첨부1
  + [1239] ntt=63900 (13767) [취득세] 신차 취득시 취득일은? (1) / 답변1 첨부1
  + [1240] ntt=63884 (13766) [취득세] 대도시 내 형식적으로만 설치된 지점이 인적 물.. (1) / 답변1 첨부1
  + [1241] ntt=63881 (13765) [취득세] 공동 국가유공자 차량 대체취득 감면 여부 (1) / 답변1 첨부1
  + [1242] ntt=63878 (13764) [취득세] 대체취득 감면 부재지주 관련 질의 입니다. (1) / 답변1 첨부1
  + [1243] ntt=63870 (13763) [취득세] 시설물 취득세 과세표준 포함 여부 문의 (1) / 답변1 첨부1
  + [1244] ntt=63859 (13762) [지방세기본법] 법인지방소득세 확정신고에 따른 특별징수세액 환.. (1) / 답변1 첨부1
  + [1245] ntt=63857 (13761) [지방세특례제한법] 생애최초 전입X, 정당한 사유? (1) / 답변1 첨부1
  + [1246] ntt=63848 (13760) [취득세] 취득가격의 범위에 해당 유무에 대해 질의 합니.. (1) / 답변1 첨부1
  + [1247] ntt=63845 (13759) [취득세] 출산 감면 (1) / 답변1 첨부1
  + [1248] ntt=63840 (13758) [취득세] 상속 등기 후 재분할 협의로 인한 취득세(증여.. (1) / 답변1 첨부1
  + [1249] ntt=63832 (13757) [지방세기본법] 환금급 직권지급 취소 사유 해당여부 질의 (1) / 답변1 첨부1
  + [1250] ntt=63825 (13756) [취득세] 대부금  취득 (1) / 답변1 첨부1
  + [1251] ntt=63822 (13755) [취득세] 지목변경 취득세 (1) / 답변1 첨부1
  + [1252] ntt=63816 (13754) [자동차세] 사망자 자동차세 부과 관련 문의드립니다. (1) / 답변1 첨부1
[page 144 완료] 누적 신규 1252건  (이 게시판 저장 총 4,296건)
  + [1253] ntt=63815 (13753) [주민세] 용역업체 법인 종업원분 주민세 부과문의 (1) / 답변1 첨부1
    [retry 1/3] ReadTimeout
  + [1254] ntt=63810 (13752) [지방세징수법] 파산자 급여 압류 문의 (1) / 답변1 첨부1
  + [1255] ntt=63806 (13751) [취득세] 과점주주 증여 후 주식 소각으로 인한 납세의무.. (1) / 답변1 첨부1
  + [1256] ntt=63803 (13750) [지방소득세] 지방소득세(특별징수) 연말정산 잘못 차감납부한.. (1) / 답변1 첨부1
  + [1257] ntt=63798 (13749) [재산세] 도시개발사업에 제공하는 토지의 과세대상 구분 .. (1) / 답변1 첨부1
  + [1258] ntt=63796 (13748) [취득세] 취득세 과세표준(물상보증인의 지위에서 취득한 .. (1) / 답변1 첨부1
  + [1259] ntt=63792 (13747) [재산세] 재개발 사업부지 중 공공시설용지에 대한 납세의.. (1) / 답변1 첨부1
  + [1260] ntt=63788 (13746) [재산세] 지특법 제11조 1항과 2항 감면 요건 (1) / 답변1 첨부1
  + [1261] ntt=63786 (13745) [취득세] 매매계약 후 부동산 거래계약신고필증 까지 신고.. (1) / 답변1 첨부1
  + [1262] ntt=63781 (13744) [취득세] 재건축 관련 문의입니다. (1) / 답변1 첨부1
  + [1263] ntt=63779 (13743) [지방소득세] 법인지방소득세 분할납부 시 납부지연가산세 감면.. (1) / 답변1 첨부1
  + [1264] ntt=63774 (13742) [취득세] 종교시설 감면 후 합의해제로 소유권말소등기후 .. (1) / 답변1 첨부1
  + [1265] ntt=63771 (13741) [주민세] 주민세 종업원분 면세점 판단 기준 문의 (1) / 답변1 첨부1
  + [1266] ntt=63765 (13740) [지방세특례제한법] 신고불성실 가산세 적용 여부 (1) / 답변1 첨부1
  + [1267] ntt=63757 (13739) [취득세] 소유농지 및 임차농지 없이 거래자별 매출내역등.. (1) / 답변1 첨부1
  + [1268] ntt=63746 (13738) [취득세] 입목 취득세 부과 및 감면 문의 (1) / 답변1 첨부1
  + [1269] ntt=63741 (13737) [취득세] 상속으로 인한 1가구1주택 세율 특례 적용 (1) / 답변1 첨부1
  + [1270] ntt=63739 (13736) [지방세특례제한법] 지특법 시행령 제33조(물류사업의 범위)  제.. (1) / 답변1 첨부1
  + [1271] ntt=63738 (13735) [재산세] 서원 관련 (1) / 답변1 첨부1
  + [1272] ntt=63734 (13734) [지방세특례제한법] 인구감소지역 감면 여부 (1) / 답변1 첨부1
  + [1273] ntt=63723 (13733) [취득세] 법인 취득세 중과 적용 문의(지점 설치) (1) / 답변1 첨부1
  + [1274] ntt=63708 (13732) [재산세] 양어장 사용시 토지를 종합합산과 별도합산 여부 (1) / 답변1
  + [1275] ntt=63702 (13731) [주민세] 주민세 종업원분 납세지 오류 (1) / 답변1 첨부1
  + [1276] ntt=63694 (13730) [자동차세] 자동차세 멸실인정일 산정 관련하여 질의드립니다.. (1) / 답변1 첨부1
  + [1277] ntt=63682 (13729) [재산세] 분리과세 농지 여부 질의 (1) / 답변1 첨부1
  + [1278] ntt=63681 (13728) [취득세] 생애최초 주택취득 감면 정당한 사유에 따른 상.. (1) / 답변1 첨부1
  + [1279] ntt=63672 (13727) [재산세] 한정승인 관련 재산세 문의 (1) / 답변1 첨부1
  + [1280] ntt=63661 (13726) [지방세징수법] 영업용차량 공매 관련 (1) / 답변1 첨부1
  + [1281] ntt=63660 (13725) [지방세기본법] 보정명령으로 납부확인서 요청 (1) / 답변1 첨부2
  + [1282] ntt=63655 (13724) [재산세] 장기일반민간임대주택 건축중인 경우 재산세(토지.. (1) / 답변1 첨부1
[page 145 완료] 누적 신규 1282건  (이 게시판 저장 총 4,326건)
  + [1283] ntt=63653 (13723) [취득세] 상속 감면(자경농민, 1가구1주택) 후 요건이.. (1) / 답변1 첨부1
  + [1284] ntt=63642 (13722) [취득세] 생애최초 상시거주 지연 (1) / 답변1 첨부1
  + [1285] ntt=63640 (13721) [재산세] 징수유예 거부사유 (1) / 답변1 첨부1
  + [1286] ntt=63630 (13720) [취득세] 시스템에어컨이 아닌 일반 에어컨도 취득세 과표.. (1) / 답변1 첨부1
  + [1287] ntt=63628 (13719) [취득세] 사용승인전 포괄양도양수계약에 따른 취득세 납세.. (1) / 답변1 첨부1
  + [1288] ntt=63627 (13718) [지방세특례제한법] 귀농인 감면 가능 질의 (1) / 답변1 첨부1
  + [1289] ntt=63626 (13717) [자동차세] 단체 등록 차량의 납세의무자 (1) / 답변1 첨부1
  + [1290] ntt=63625 (13716) [취득세] 일시적 2주택으로 취득세 중과 제외 후 종전주.. (1) / 답변1 첨부1
  + [1291] ntt=63624 (13715) [지방세특례제한법] 생애최초 주택 구입 취득세 감면 적용 가능 여.. (1) / 답변1 첨부1
  + [1292] ntt=63621 (13714) [취득세] 경매 부동산 취득세 신고 시 유치권 해소비용 .. (1) / 답변1 첨부1
  + [1293] ntt=63608 (13713) [기타] 지방세 과세대상 여부 상담 재 질의 (1) / 답변1 첨부3
  + [1294] ntt=63601 (13712) [재산세] 토지수용시 과세기준일 설정 (1) / 답변1 첨부1
  + [1295] ntt=63569 (13711) [취득세] 연부취득 적용 여부 (1) / 답변1 첨부1
  + [1296] ntt=63564 (13710) [취득세] 지식산업센터 감면으로 취득 후 임대를 줬다가 .. (1) / 답변1 첨부1
  + [1297] ntt=63554 (13709) [취득세] 종교단체가 취득한 부동산 내 지역아동센터 사용.. (1) / 답변1 첨부1
  + [1298] ntt=63546 (13708) [취득세] 미준공사전입주인데  법인 주소지로 되어있는데 (1) / 답변1 첨부1
  + [1299] ntt=63545 (13707) [취득세] 주택연금 수령을 위한 부동산 신탁 후 위탁자 .. (1) / 답변1 첨부1
  + [1300] ntt=63540 (13706) [취득세] 공장 지방이전 감면 초과액 과세 관련 과세표준.. (1) / 답변1 첨부1
  + [1301] ntt=63530 (13705) [자동차세] 자동차세 감면 관련 질의드립니다. (1) / 답변1 첨부2
  + [1302] ntt=63529 (13704) [기타] 회생채권 추가 신고 누락으로 인한 면책 여부 (1) / 답변1 첨부1
  + [1303] ntt=63523 (13703) [자동차세] 자동차세 장애인 감면 공동소유의 경우 질의 (1) / 답변1 첨부1
  + [1304] ntt=63510 (13702) [지방세특례제한법] 농협 고유업무 직접사용 부동산 해당여부 (1) / 답변1 첨부1
  + [1305] ntt=63505 (13701) [취득세] 사망후 폐차된 경우 상속자에게 취득세 과세 여.. (1) / 답변1
  + [1306] ntt=63503 (13700) [등록면허세] 방사선발생장치 면허세 문의 (1) / 답변1 첨부1
  + [1307] ntt=63495 (13699) [지방세기본법] 법인의 집행정지 인용 결정이 지방세기본법 제4.. (1) / 답변1 첨부1
  + [1308] ntt=63474 (13698) [취득세] 지방 준공 후 미분양 아파트 주택수 제외 조항.. (1) / 답변1 첨부1
  + [1309] ntt=63453 (13697) [재산세] 미신고상속에 따른 납세의무자 직권등재 이후 1.. (1) / 답변1 첨부1
  + [1310] ntt=63451 (13696) [취득세] 주택 1채를 50%는 매매, 50%는 증여로 .. (1) / 답변1 첨부1
  + [1311] ntt=63441 (13695) [지방세특례제한법] 산업단지감면(후생복지시설) 관련, 직원식당 위.. (1) / 답변1 첨부1
  + [1312] ntt=63434 (13694) [취득세] 공유물분할 취득세 신고 및 납부 후 미등기 시.. (1) / 답변1 첨부1
[page 146 완료] 누적 신규 1312건  (이 게시판 저장 총 4,356건)
  + [1313] ntt=63430 (13693) [취득세] 산업단지 감면 (1) / 답변1
  + [1314] ntt=63427 (13692) [재산세] 도시개발사업 종료 후 미분양으로 인하여 사업시.. (1) / 답변1 첨부1
  + [1315] ntt=63425 (13691) [취득세] 생애 최초 주택 구입 멸실 (1) / 답변1 첨부2
  + [1316] ntt=63422 (13690) [취득세] 판결 취득의 시기 (1) / 답변1 첨부1
  + [1317] ntt=63418 (13689) [지방세기본법] 지방세기본법 제38조(부과의 제척기간)상 필요.. (1) / 답변1 첨부1
  + [1318] ntt=63415 (13688) [취득세] 골프장 인테리어, 폰드조성공사 등 과세대상여부.. (1) / 답변1 첨부1
  + [1319] ntt=63411 (13687) [자동차세] 보트트레일러 소방차량 비과세 적용 문의 (1) / 답변1 첨부1
  + [1320] ntt=63388 (13686) [재산세] 신탁재산 등기등록없이 지역주택조합  분리과세가.. (1) / 답변1 첨부1
  + [1321] ntt=63387 (13685) [취득세] 가설건축물 취득세 질의 올립니다 (1) / 답변1 첨부1
  + [1322] ntt=63379 (13684) [취득세] 주택 취득세 중과관련 취득일 기준 무직시 별도.. (1) / 답변1 첨부1
  + [1323] ntt=63373 (13683) [지방세특례제한법] 일반건물에서 지식산업센터로 전환된 건물에 대한.. (1) / 답변1 첨부1
  + [1324] ntt=63357 (13682) [재산세] 노인복지시설 감면 (1) / 답변1 첨부1
  + [1325] ntt=63355 (13681) [취득세] 취득세 과점주주 특수관계(임원.사용인의 경제적.. (1) / 답변1 첨부1
  + [1326] ntt=63341 (13680) [취득세] 지역주택조합 승계취득 과표 (1) / 답변1 첨부1
  + [1327] ntt=63339 (13679) [재산세] 사권 제한토지에 대한 재산세 감면 여부에 대한.. (1) / 답변1 첨부1
  + [1328] ntt=63332 (13678) [취득세] 소유권이전등기 판결에 의한 취득 시, 취득일자.. (1) / 답변1 첨부1
  + [1329] ntt=63326 (13677) [취득세] 채권자대위로 취득세 신고 납부 후, 환급요청이.. (1) / 답변1 첨부1
  + [1330] ntt=63318 (13676) [취득세] 임대주택 건설용 토지 취득세 감면 관련 문의 (1) / 답변1 첨부1
  + [1331] ntt=63315 (13675) [기타] 지방세 과세대상 여부 상담 (1) / 답변1 첨부2
  + [1332] ntt=63311 (13674) [취득세] 토지 용역 비용의 취득세 과표 산입 관련 질의 (1) / 답변1 첨부1
  + [1333] ntt=63308 (13673) [주민세] 종교단체가 주민세(사업소분) 기본세율 감면대상.. (1) / 답변1 첨부1
  + [1334] ntt=63305 (13672) [취득세] 대수선으로 볼수있는 신축주택의 고급주택여부 (1) / 답변1 첨부1
  + [1335] ntt=63295 (13671) [지방세징수법] 납기 전 징수 (1) / 답변1 첨부1
  + [1336] ntt=63282 (13670) [취득세] 판결내용이 후발적 경정청구에 해당되는지 여부 (1) / 답변1 첨부1
  + [1337] ntt=63278 (13669) [재산세] 한정승인, 단순승인 각각의 경우 상속으로 얻은.. (1) / 답변1 첨부1
  + [1338] ntt=63277 (13668) [자동차세] 추징된 장애인감면차의 자동차세를 다른 차로 감.. (1) / 답변1 첨부1
  + [1339] ntt=63259 (13667) [취득세] 신탁재산(재신탁)의 경우 임대사업자 토지분 감.. (1) / 답변1 첨부1
  + [1340] ntt=63256 (13666) [취득세] 생애최초 취득세 감면 후 추징 사유 발생 여부.. (1) / 답변1 첨부1
  + [1341] ntt=63254 (13665) [취득세] 사인증여의 취득시기 및 취득원인 (1) / 답변1 첨부1
  + [1342] ntt=63250 (13664) [취득세] 재혼가정 상속 관련 취득세 질의 (1) / 답변1 첨부1
[page 147 완료] 누적 신규 1342건  (이 게시판 저장 총 4,386건)
  + [1343] ntt=63243 (13663) [취득세] 지목변경 취득세의 납세의무여부 (1) / 답변1 첨부1
  + [1344] ntt=63242 (13662) [지방세기본법] 시효의중단(파산 회생) (1) / 답변1 첨부1
  + [1345] ntt=63241 (13661) [등록면허세] 과밀억제권역 내 5년 법인 여부 (1) / 답변1 첨부1
  + [1346] ntt=63234 (13660) [자동차세] 전기자동차 자동차세 감면 관련 (1) / 답변1 첨부1
  + [1347] ntt=63232 (13659) [주민세] 주민세 사업소분 오염물질배출사업소 납세자 (1) / 답변1 첨부1
  + [1348] ntt=63227 (13658) [취득세] 재개발사업의 시행자 감면 지특법제74조제5항 .. (1) / 답변1 첨부1
  + [1349] ntt=63213 (13657) [지방소득세] 국세부과의 절차상 하자와 지방소득세의 관계 (1) / 답변1 첨부1
  + [1350] ntt=63210 (13656) [취득세] 국가유공자 대부금 취득 부동산 감면 (1) / 답변1 첨부1
  + [1351] ntt=63205 (13655) [취득세] 직계존비속간 부당행위계산 (1) / 답변1 첨부1
  + [1352] ntt=63204 (13654) [재산세] 본인이 재산세과세대장(과세자료)를 요구할 시에.. (1) / 답변1 첨부1
  + [1353] ntt=63201 (13653) [취득세] 원시취득 건물 취득의 시기 관련 문의 (1) / 답변1 첨부1
  + [1354] ntt=63199 (13652) [취득세] 국가유공자 대부금 취득 부동산 감면 (1) / 답변1
  + [1355] ntt=63178 (13651) [취득세] 지방세법 시행령 제26조제1항제1호에 따른 사.. (1) / 답변1 첨부1
  + [1356] ntt=63173 (13650) [취득세] 과밀내 지점 설치법인의 부동산취득 (1) / 답변1 첨부1
  + [1357] ntt=63168 (13649) [취득세] 유류분반환 소송에 따른 환급가능여부 질의드립니.. (1) / 답변1 첨부1
  + [1358] ntt=63166 (13648) [취득세] 생애최초 취득세 감면 후 추징여부에 해당하는지.. (1) / 답변1 첨부1
  + [1359] ntt=63148 (13647) [지방세특례제한법] 창업 감면 관련 주된 업종으로 감면 적용 여부 (1) / 답변1 첨부1
  + [1360] ntt=63146 (13646) [취득세] 자경농민 소득금액 관련 문의 (1) / 답변1 첨부1
  + [1361] ntt=63141 (13645) [취득세] 신축건물 취득가액 포함여부 및 취득의 시기 문.. (1) / 답변1 첨부1
  + [1362] ntt=63134 (13644) [취득세] 가설건축물 취득세 질의 올립니다 (1) / 답변1 첨부1
  + [1363] ntt=63133 (13643) [재산세] 재산세 납세 의무자 지정(상속한정승인) (1) / 답변1 첨부1
  + [1364] ntt=63132 (13642) [취득세] 장애인소유 차량 공동소유자 등록 전 세대분리 .. (1) / 답변1 첨부1
  + [1365] ntt=63131 (13641) [재산세] 새마을금고 직접사용 여부 (1) / 답변1 첨부2
  + [1366] ntt=63126 (13640) [취득세] 15년 전 매매계약서 인정 여부 (1) / 답변1 첨부1
  + [1367] ntt=63120 (13639) [지방세특례제한법] 생애최초 주택감면 후 추징 관련 (1) / 답변1
  + [1368] ntt=63118 (13638) [취득세] 지방세법 제13조제1항에 따른 본점사업용 부동.. (1) / 답변1 첨부1
  + [1369] ntt=63109 (13637) [취득세] 분양권 재계약에 따른 분양권 취득일 (1) / 답변1 첨부1
  + [1370] ntt=63097 (13636) [재산세] 토지의 이용현황을 지하부분도 볼수 있는지 여부 (1) / 답변1 첨부1
  + [1371] ntt=63092 (13635) [주민세] 주민세(종업원분) 공익활동 일자리사업 일용근로.. (1) / 답변1 첨부1
  + [1372] ntt=63082 (13634) [취득세] 법원에서 등기취소 했을 시 취득세 환급 가능여.. (1) / 답변1 첨부1
[page 148 완료] 누적 신규 1372건  (이 게시판 저장 총 4,416건)
  + [1373] ntt=63078 (13633) [취득세] 사경매 취득가액을 신고 과표로 인정 가능 여부 (1) / 답변1 첨부1
  + [1374] ntt=63077 (13632) [취득세] 상속재산분할 판결에 의한 재등기시 취득세 여부.. (1) / 답변1 첨부1
  + [1375] ntt=63066 (13631) [재산세] 시 지정 열린 주차장 비과세 가능 여부 질의 (1) / 답변1 첨부1
  + [1376] ntt=63058 (13630) [취득세] 대물변제로 취득하였으나 미등기전매로 등기가 되.. (1) / 답변1 첨부1
  + [1377] ntt=63057 (13629) [지방소득세] 지방소득세(양도) 납부지연가산세 기산일 (1) / 답변1 첨부1
  + [1378] ntt=63049 (13628) [주민세] 영농조합법인이 운영하는 가공공장의 주민세 사업.. (1) / 답변1 첨부1
  + [1379] ntt=63040 (13627) [재산세] 농공단지 대체입주자에 대한 재산세 감면을 적용.. (1) / 답변1 첨부1
  + [1380] ntt=63038 (13626) [취득세] 급배수시설 취득세 과세대상 문의 (1) / 답변1 첨부1
  + [1381] ntt=63037 (13625) [지방세특례제한법] 자경농민 취득감면 추징 관련 (합의해제로 인한.. (1) / 답변1 첨부1
  + [1382] ntt=63003 (13624) [재산세] 등록사항 정정, 지적재조사로 토지 면적 감소시.. (1) / 답변1 첨부1
  + [1383] ntt=62988 (13623) [취득세] 선박 제품 결함에 따른 교환, 신규 선박 취득.. (1) / 답변1 첨부1
  + [1384] ntt=62986 (13622) [취득세] 법인 주택취득 후 5년이내 본점사용 건축물 취.. (1) / 답변1 첨부1
  + [1385] ntt=62983 (13621) [취득세] 창업중소기업 감면 관련입니다. (1) / 답변1 첨부1
  + [1386] ntt=62978 (13620) [취득세] 신축하기 위하여 취득하는 토지로 보아 산업단지.. (1) / 답변1 첨부1
  + [1387] ntt=62963 (13619) [취득세] 분양권 마이너스 프리미엄 과세표준 제외 여부 (1) / 답변1 첨부1
  + [1388] ntt=62959 (13618) [지방소득세] 지방소득세(양도소득) 보상금 증액으로 인한 수.. (1) / 답변1 첨부1
  + [1389] ntt=62955 (13617) [취득세] 파산선고 후 납세의무가 성립된 취득세 추징 (1) / 답변1 첨부1
  + [1390] ntt=62954 (13616) [취득세] 개인사업용 고정자산(공동명의차량)을 법인전환하.. (1) / 답변1 첨부1
  + [1391] ntt=62952 (13615) [재산세] 재산세(경작자) 관련 부과 문의 드립니다 (1) / 답변1 첨부1
  + [1392] ntt=62951 (13614) [취득세] 유흥주점 중과세 관련 질의 (1) / 답변1 첨부1
  + [1393] ntt=62935 (13613) [취득세] 취득세 공유지분의 일반건축물 감면 적용 (1) / 답변1 첨부1
  + [1394] ntt=62918 (13612) [취득세] 취득물건에 대한 부동산 명도비(컨설팅용역)가 .. (1) / 답변1 첨부1
  + [1395] ntt=62914 (13611) [취득세] 지식산업센터 추징(공실) 가능 여부 (1) / 답변1 첨부1
  + [1396] ntt=62910 (13610) [취득세] 과점주주 간주취득세 관련 상담 (1) / 답변1 첨부1
  + [1397] ntt=62907 (13609) [재산세] 국토계획법 공공시설 (1) / 답변1 첨부1
  + [1398] ntt=62906 (13608) [지방세징수법] 사해행위취소소송 가처분 결정이 있는 체납자 부.. (1) / 답변1 첨부1
  + [1399] ntt=62904 (13607) [취득세] 혼인 전 취득한 분양권에 대해 (1) / 답변1 첨부1
  + [1400] ntt=62902 (13606) [취득세] 창업중소기업 감면 관련 업종에 대한 판단 (1) / 답변1 첨부1
  + [1401] ntt=62889 (13605) [재산세] 의료시설 지역자원시설세 3배중과 여부 관련 질.. (1) / 답변1 첨부1
  + [1402] ntt=62883 (13604) [취득세] 개인회생으로 인한 거래불가로 제3자 거래내역 .. (1) / 답변1 첨부1
[page 149 완료] 누적 신규 1402건  (이 게시판 저장 총 4,446건)
  + [1403] ntt=62882 (13603) [지방소득세] 개인지방소득세(양도소득) 신고기한 기산일 적용.. (2) / 답변2 첨부1
    [retry 1/3] ReadTimeout
    [retry 2/3] ConnectTimeout
  + [1404] ntt=62880 (13602) [재산세] 한정승인후 상속재산파산선고가 된 경우(재산세) (1) / 답변1
  + [1405] ntt=62877 (13601) [취득세] 등기 무효에 따른 취득세/등록면허세 환급 및 .. (1) / 답변1 첨부1
  + [1406] ntt=62876 (13600) [취득세] 지입차주로 판단가능한지 여부 (1) / 답변1 첨부1
  + [1407] ntt=62874 (13599) [취득세] 주택부속토지 소유자의 생애최초 감면 적용 문의 (1) / 답변1 첨부1
  + [1408] ntt=62872 (13598) [취득세] 인구감소지역 감면에 해당하는지 여부 (1) / 답변1 첨부1
  + [1409] ntt=62866 (13597) [취득세] 종교단체의 취득세 감면후 추징여부(직접 사용여.. (1) / 답변1 첨부1
  + [1410] ntt=62865 (13596) [재산세] 농어촌관광휴양단지 지정 시설에 관한 과세 문의 (1) / 답변1 첨부2
  + [1411] ntt=62860 (13595) [취득세] 상속 취득세 납세의무자 문의 (1) / 답변1 첨부1
  + [1412] ntt=62855 (13594) [지방세징수법] 상속한정승인에 따른 자동차 압류 해지 여부 (1) / 답변1 첨부1
  + [1413] ntt=62849 (13593) [취득세] 동일한 사안에 대하여 행정심판과 행정소송의 결.. (1) / 답변1 첨부1
  + [1414] ntt=62847 (13592) [취득세] 직계존비속간 거래시 임대보증금 (1) / 답변1 첨부1
  + [1415] ntt=62844 (13591) [취득세] 자경농민 대체취득 관련 감면 신청 서류 (1) / 답변1 첨부1
  + [1416] ntt=62822 (13590) [취득세] 체비지 취득으로 취득세 납세의무가 성립했는지 .. (1) / 답변1 첨부1
  + [1417] ntt=62821 (13589) [재산세] 농업회사법인  재산세 감면에 해당하는지 질의드.. (1) / 답변1 첨부1
  + [1418] ntt=62818 (13588) [지방소득세] 한정승인 상속인에게  부과된 사망자 사업장  .. (1) / 답변1 첨부1
  + [1419] ntt=62817 (13587) [지방소득세] 이자소득과 다른 소득이 함께 발생한 비영리내국.. (1) / 답변1 첨부1
  + [1420] ntt=62816 (13586) [지방세특례제한법] 지식산업센터 감면 (1) / 답변1 첨부1
  + [1421] ntt=62814 (13585) [취득세] 체비지 취득으로 취득세 납세의무가 성립했는지 .. (1) / 답변1 첨부1
  + [1422] ntt=62806 (13584) [취득세] 물류단지 감면된 취득세의 추징 관련 정당한 사.. (1) / 답변1 첨부1
  + [1423] ntt=62801 (13583) [등록면허세] 트레일러도 화물자동차 대수에 포함되나요 (1) / 답변1 첨부1
  + [1424] ntt=62799 (13582) [재산세] 공공주택사업자가 아파트 임대하는 경우 재산세 .. (1) / 답변1 첨부1
  + [1425] ntt=62798 (13581) [취득세] 옥외스탠드 취득세 과세대상 여부 문의 (1) / 답변1 첨부1
  + [1426] ntt=62794 (13580) [재산세] 재산세 과세대상여부 및 지역자원시설세 중과 관.. (1) / 답변1 첨부1
  + [1427] ntt=62793 (13579) [취득세] 모자 법인끼리 합병시 과점점주 간주취득세 납세.. (1) / 답변1 첨부1
  + [1428] ntt=62791 (13578) [지방세징수법] 지방세상담 상속재산파산(2024.5.30.)과.. (1) / 답변1
  + [1429] ntt=62788 (13577) [지방세특례제한법] 기부채납을 매각,증여로 보아 창업중소기업 감면.. (1) / 답변1 첨부1
  + [1430] ntt=62780 (13576) [지방세특례제한법] 인구감소지역 감면 문의 (1) / 답변1 첨부1
  + [1431] ntt=62778 (13575) [취득세] 봉쇄수녀원이 취득하는 임야의 종교감면(임야도 .. (1) / 답변1 첨부1
  + [1432] ntt=62775 (13574) [지방세특례제한법] 노인복지시설 감면 (2) / 답변2 첨부1
[page 150 완료] 누적 신규 1432건  (이 게시판 저장 총 4,476건)
  + [1433] ntt=62773 (13573) [지방소득세] 지방소득세(양도) 환급가산금 기산일 (1) / 답변1 첨부1
  + [1434] ntt=62767 (13572) [주민세] 주민세(종업원분) 종업원 포함 여부 질의드립니.. (1) / 답변1 첨부1
  + [1435] ntt=62765 (13571) [재산세] 임대사업자 감면 (지특법제31조) (1) / 답변1 첨부1
  + [1436] ntt=62759 (13570) [등록면허세] 시니어클럽에 대한 등록면허세(면허) 과세 여부 (1) / 답변1 첨부1
  + [1437] ntt=62756 (13569) [주민세] 주민세(사업소분) 기본세율 사회복지시설 감면 .. (1) / 답변1 첨부1
  + [1438] ntt=62750 (13568) [재산세] 나대지를 지방자치단체가 무상 임대계약 후 노외.. (1) / 답변1 첨부1
  + [1439] ntt=62724 (13567) [취득세] 창업중소기업 취득세 감면에 대한 문의 (1) / 답변1 첨부1
  + [1440] ntt=62720 (13566) [재산세] 지방세특례제한법 제25조의2 기초과학연구원 지.. (1) / 답변1 첨부1
  + [1441] ntt=62719 (13565) [취득세] 지방세특례제한법 감면 적용 문의 (1) / 답변1 첨부1
  + [1442] ntt=62718 (13564) [취득세] 차량취득세 일부지분이전의 경우에도 감면 해줘도.. (1) / 답변1
  + [1443] ntt=62716 (13563) [주민세] 미화용역 관련 공간을 별도의 물적시설로 볼 수.. (1) / 답변1 첨부1
  + [1444] ntt=62713 (13562) [지방세특례제한법] 지식산업센터감면에서 규정하는 사업시설용의 범위.. (1) / 답변1 첨부1
  + [1445] ntt=62708 (13561) [취득세] 부담부 증여후 유루분반환 청구소송으로 인해 지.. (1) / 답변1 첨부1
  + [1446] ntt=62705 (13560) [취득세] 신규 이륜자동차 시가표준액 산정기준 문의 (1) / 답변1 첨부1
  + [1447] ntt=62704 (13559) [취득세] 과점주주 납세의무 성립 문의 (1) / 답변1 첨부1
  + [1448] ntt=62703 (13558) [취득세] 제73조(토지수용 등으로 인한 대체취득에 대한.. (1) / 답변1
  + [1449] ntt=62702 (13557) [취득세] 국가유공자 대부금 주택 취득세 감면 문의(대부.. (1) / 답변1 첨부1
  + [1450] ntt=62701 (13556) [취득세] 직계존비속 간 거래 중 제3자의 근저당권 채무.. (1) / 답변1 첨부1
  + [1451] ntt=62687 (13555) [취득세] 중소기업통합감면 추징 여부 해석 (1) / 답변1 첨부1
  + [1452] ntt=62681 (13554) [재산세] 새마을금고가 운영하는 카페 감면여부 (1) / 답변1 첨부1
  + [1453] ntt=62678 (13553) [재산세] 기숙사가 주택, 건축물 중 어디에 해당하는지 (1) / 답변1 첨부1
  + [1454] ntt=62675 (13552) [취득세] 외국인 유상취득 시, 취득세신고 필요서류 (1) / 답변1
  + [1455] ntt=62667 (13551) [취득세] 의료법인이 취득하는 부동산의 직접사용 범위 (1) / 답변1 첨부1
  + [1456] ntt=62660 (13550) [재산세] 학교법인의 평생교육시설 감면 문의 (1) / 답변1 첨부1
  + [1457] ntt=62657 (13549) [취득세] 종교단체 감면 '정당한 사유' 관련 질의 (1) / 답변1 첨부1
  + [1458] ntt=62651 (13548) [취득세] 유류분반환 청구 소송에 따른 지분 변동분 환급 (1) / 답변1 첨부1
  + [1459] ntt=62646 (13547) [취득세] 자경농민 거주지 요건 (1) / 답변1 첨부1
  + [1460] ntt=62639 (13546) [지방세징수법] 상속재산 파산 (1) / 답변1 첨부1
  + [1461] ntt=62637 (13545) [취득세] 주택의 부속토지 공유시, 주택 수 판단 (1) / 답변1 첨부1
  + [1462] ntt=62636 (13544) [취득세] 옥외주차장 태양광 취득세 과세 여부 (1) / 답변1 첨부1
[page 151 완료] 누적 신규 1462건  (이 게시판 저장 총 4,506건)
  + [1463] ntt=62635 (13543) [주민세] 주민세 종업원분 중소기업 고용지원 적용 방법(.. (1) / 답변1 첨부1
  + [1464] ntt=62632 (13542) [취득세] 미등기 상속재산 보존 등기 여부 (1) / 답변1
  + [1465] ntt=62628 (13541) [취득세] 지식산업센터 감면업종을 지점에서만 운영하고 있.. (1) / 답변1 첨부1
  + [1466] ntt=62617 (13540) [취득세] 경정청구 거부 결정후 감사원 심사청구가 가능한.. (1) / 답변1 첨부1
  + [1467] ntt=62609 (13539) [지방소득세] 지방소득세(양도) 사망자 부과건 가산세 감액 .. (1) / 답변1 첨부1
  + [1468] ntt=62606 (13538) [취득세] 주택수 산정시 1세대의 기준 : (주민등록을 .. (1) / 답변1 첨부1
  + [1469] ntt=62597 (13537) [취득세] 가설건축물 취득세 특례적용(1가구1주택상속) .. (1) / 답변1 첨부1
  + [1470] ntt=62593 (13536) [취득세] 토지등 수용에 따른 대체취득감면 적용시(1년 .. (1) / 답변1 첨부1
  + [1471] ntt=62583 (13535) [취득세] 명의신탁해지로 인한 취득 세율 적용 (1) / 답변1
  + [1472] ntt=62579 (13534) [지방세기본법] 해산 주택재개발정비사업조합 환급금 환급절차 문.. (1) / 답변1 첨부1
  + [1473] ntt=62571 (13533) [재산세] 주택과 상가가 한 건물일때 대지면적 산정 기준.. (1) / 답변1 첨부1
  + [1474] ntt=62570 (13532) [주민세] 자본금이 없다고 주장하는 지점의 주민세(사업소.. (1) / 답변1 첨부1
  + [1475] ntt=62566 (13531) [지방소득세] 특별징수 연말정산 환급금 소멸시효 완성 여부 .. (1) / 답변1 첨부1
  + [1476] ntt=62559 (13530) [취득세] 연부로 취득중인 토지에 대한 대도시 법인(설립.. (1) / 답변1 첨부1
  + [1477] ntt=62554 (13529) [재산세] 재산세(소방분 지역자원시설세) 세 부담 상한 .. (1) / 답변1 첨부1
  + [1478] ntt=62553 (13528) [취득세] 학교법인 감면 후 유예기간 내 자진신고 문의 (1) / 답변1 첨부1
  + [1479] ntt=62546 (13527) [취득세] 미등기 재산이 상속인중 한명의 사망으로 인해 .. (1) / 답변1 첨부1
  + [1480] ntt=62544 (13526) [취득세] 취득세 및 재산세 감면대상자의 연부취득시 감면.. (1) / 답변1 첨부1
  + [1481] ntt=62525 (13525) [취득세] 점유 시효취득 판결로 인한 취득세 신고 후 취.. (1) / 답변1 첨부1
  + [1482] ntt=62520 (13524) [지방소득세] 지방소득세(양도소득) 예정신고분 감액 재질의 (1) / 답변1 첨부1
  + [1483] ntt=62516 (13523) [취득세] 부동산 취득세 한정승인 관련 문의입니다. (1) / 답변1 첨부1
  + [1484] ntt=62512 (13522) [등록면허세] 행정사업의 신고 면허 취득 후 미운영 햇을 때.. (1) / 답변1 첨부1
  + [1485] ntt=62510 (13521) [지방세특례제한법] 노인복지시설 감면 (1) / 답변1 첨부1
  + [1486] ntt=62496 (13520) [재산세] 파산선고에 따른 재산세 납세의무자 문의 (1) / 답변1 첨부1
  + [1487] ntt=62494 (13519) [재산세] 주된 상속자 기준으로 본 재산세 납세의무 승계.. (1) / 답변1 첨부1
    [retry 1/3] ReadTimeout
  + [1488] ntt=62492 (13518) [지방소득세] 지방소득세(양도소득) 사망자 부과건 (1) / 답변1
  + [1489] ntt=62491 (13517) [취득세] 합의해제로 인한 생애최초 감면 추징 여부 (1) / 답변1 첨부1
  + [1490] ntt=62482 (13516) [취득세] 회원권 명의개서료 과세표준 포함여부 (1) / 답변1 첨부1
  + [1491] ntt=62479 (13515) [주민세] 폐업법인 주민세 사업소분 추징 (1) / 답변1 첨부1
  + [1492] ntt=62478 (13514) [자동차세] 자동차세 공동소유자의 사망시 상속인 지정 (1) / 답변1 첨부1
[page 152 완료] 누적 신규 1492건  (이 게시판 저장 총 4,536건)
  + [1493] ntt=62474 (13513) [취득세] 지방세법 시행령 제11조의2와 지방세법 시행령.. (1) / 답변1 첨부1
  + [1494] ntt=62468 (13512) [재산세] 재산세(소방분 지역자원시설세) 세 부담 상한 .. (1) / 답변1 첨부1
  + [1495] ntt=62467 (13511) [취득세] 창업중소기업(사업의 확장이나 업종추가 해당 여.. (1) / 답변1 첨부1
  + [1496] ntt=62466 (13510) [취득세] 지목변경(도로)에 따른 취득세 부과 문의 (1) / 답변1
  + [1497] ntt=62464 (13509) [주민세] 주민세(종업원분) 최근12개월 월평균산정시 해.. (1) / 답변1 첨부1
  + [1498] ntt=62462 (13508) [지방소득세] 지방소득세(양도소득) 예정신고분 감액 질의 (1) / 답변1 첨부1
  + [1499] ntt=62452 (13507) [취득세] 과거 농어촌민박으로 사용한 단독주택을 ‘농어촌.. (1) / 답변1 첨부1
  + [1500] ntt=62444 (13506) [주민세] 주민세(사업소분) 별개의 사업소 판단여부 질의 (1) / 답변1 첨부1
  + [1501] ntt=62441 (13505) [지방세기본법] 보정명령에 따라 세목별과세증명서 요청하는 경우 (1) / 답변1
  + [1502] ntt=62424 (13504) [취득세] 창업중소기업  환급 후 관리 (1) / 답변1 첨부1
  + [1503] ntt=62421 (13503) [취득세] 이혼 재산 분할 후 이를 이혼 취소할경우... (1) / 답변1 첨부1
  + [1504] ntt=62418 (13502) [등록면허세] 등록면허세(면허) 일회성 변경허가 과세여부 (1) / 답변1 첨부1
  + [1505] ntt=62412 (13501) [취득세] 차량취득세 상속으로 인한 취득에서 상속 판결문.. (1) / 답변1 첨부1
  + [1506] ntt=62409 (13500) [취득세] 다주택자 주택취득시 소송으로 인해 3번째 주택.. (2) / 답변2 첨부1
  + [1507] ntt=62405 (13499) [취득세] 신축 시, 공사금액 소명에 대하여 (1) / 답변1 첨부1
  + [1508] ntt=62398 (13498) [재산세] 도시개발조합에서 진행 중인 사업에 대해 환지예.. (1) / 답변1 첨부1
  + [1509] ntt=62396 (13497) [재산세] 특허보세구역 중 보세창고 별도합산토지 관련 문.. (1) / 답변1 첨부1
  + [1510] ntt=62395 (13496) [취득세] 과밀외 권역 법인의 과밀억제권역 부동산 취득 (1) / 답변1 첨부1
  + [1511] ntt=62391 (13495) [지방세특례제한법] 재산세 감면 적용요령 (1) / 답변1 첨부1
  + [1512] ntt=62386 (13494) [재산세] 지방공사 소유 토지의 분리과세 해당 여부 (1) / 답변1 첨부1
  + [1513] ntt=62385 (13493) [지방세기본법] 제2차납세의무자 지정을 위한 납세의무성립시기에.. (1) / 답변1 첨부1
  + [1514] ntt=62379 (13492) [취득세] 가로주택정비사업조합의 비조합원용 토지 취득시기.. (1) / 답변1 첨부1
  + [1515] ntt=62378 (13491) [취득세] 시가인정액 매매사례가액 중 특수관계인간 거래가.. (1) / 답변1 첨부1
  + [1516] ntt=62372 (13490) [재산세] 재산세 상속납세의무자 문의(주된상속인이 이민출.. (1) / 답변1 첨부2
  + [1517] ntt=62367 (13489) [재산세] 장기일반민간임대주택 양도에 따른 추징 질의 (1) / 답변1 첨부1
  + [1518] ntt=62363 (13488) [재산세] 경로당 관련 토지 재산세 감면 문의드립니다. (1) / 답변1 첨부1
  + [1519] ntt=62356 (13487) [지방소득세] 지방소득세(종합소득분) 납세의무성립일 질의 (1) / 답변1 첨부1
  + [1520] ntt=62350 (13486) [재산세] 개별주택 공시가격 적용여부 (1) / 답변1 첨부1
  + [1521] ntt=62346 (13485) [재산세] 재산세 직권등재 판단(주된상속자 여부) (1) / 답변1 첨부1
  + [1522] ntt=62341 (13484) [취득세] 4인 공동소유 아파트 2채 공유물 분할 문의드.. (1) / 답변1 첨부1
[page 153 완료] 누적 신규 1522건  (이 게시판 저장 총 4,566건)
  + [1523] ntt=62338 (13483) [취득세] 분양권으로 주택 취득시 주택세율 문의 (1) / 답변1 첨부1
  + [1524] ntt=62336 (13482) [취득세] 임대사업자를 일시적 2주택자로 볼수있는지 여부.. (2) / 답변2 첨부1
  + [1525] ntt=62334 (13481) [지방세특례제한법] 지특 제75조5 인구감소지역 감면 질의 (1) / 답변1 첨부1
  + [1526] ntt=62328 (13480) [기타] 사후감면 신청으로 감액결정하여 환급한 지방세 .. (1) / 답변1 첨부1
  + [1527] ntt=62327 (13479) [취득세] 세무조사후 과세적부심사청구에 따라 재조사 결정.. (1) / 답변1 첨부1
  + [1528] ntt=62323 (13478) [지방소득세] 폐업한 법인의 법인지방소득세 국세청 통보분에 .. (1) / 답변1 첨부1
  + [1529] ntt=62320 (13477) [자동차세] 도난, 편취, 횡령에 따른 자동차세 (1) / 답변1 첨부1
  + [1530] ntt=62319 (13476) [재산세] 장기일반민간임대주택(8년) 매각에 따른 추징 .. (1) / 답변1 첨부1
  + [1531] ntt=62318 (13475) [재산세] 공장 무허가 건축물의 종합합산대상 토지 면적 .. (1) / 답변1 첨부1
  + [1532] ntt=62313 (13474) [취득세] 과점주주 간주취득세 부과시 장부가액이 없는 경.. (1) / 답변1 첨부1
  + [1533] ntt=62311 (13473) [자동차세] 상속포기 후 채권자 대위등기로 차량을 취득한 .. (1) / 답변1
  + [1534] ntt=62310 (13472) [취득세] 과점주주 간주취득세 부과시 특수관계인 내부거래.. (1) / 답변1 첨부1
  + [1535] ntt=62306 (13471) [취득세] 산업단지 조성으로 토지 수용 시 대토로 보상받.. (1) / 답변1 첨부1
  + [1536] ntt=62305 (13470) [등록면허세] 마을회 등록면허세(면허) 비과세 질의 (1) / 답변1 첨부2
  + [1537] ntt=62303 (13469) [재산세] 상류시설을 별도합산과세대상으로 볼 수 있는지 (1) / 답변1 첨부1
  + [1538] ntt=62286 (13468) [취득세] 상속 취득시 어린이집감면이 가능한가요 (1) / 답변1 첨부1
  + [1539] ntt=62284 (13467) [취득세] 차량 품질문제로 당일 등록납부 후 당일 등록취.. (1) / 답변1 첨부1
  + [1540] ntt=62280 (13466) [취득세] 원분양자 로 보고 감면 할 수 있을까요 (1) / 답변1 첨부1
  + [1541] ntt=62262 (13465) [취득세] 유치권 소송으로 인한 과표수정신고 (1) / 답변1 첨부1
  + [1542] ntt=62253 (13464) [재산세] 지방세법 109조2항 “공공용으로 사용하는 재.. (1) / 답변1 첨부1
  + [1543] ntt=62252 (13463) [재산세] 과세전적부심사 기한연장 사유에 대한 질의 (1) / 답변1 첨부2
  + [1544] ntt=62245 (13462) [주민세] 주민세(종업원분) 과세표준에 미지급 급여 포함.. (1) / 답변1
  + [1545] ntt=62243 (13461) [취득세] 상속 취득세 과세시 면세점 판단기준 질의 (1) / 답변1 첨부1
  + [1546] ntt=62238 (13460) [취득세] 재질의(수정) 과점주주 간주취득세 관련 특수관.. (1) / 답변1 첨부1
  + [1547] ntt=62233 (13459) [지방세특례제한법] 취득세 감면 문의 (1) / 답변1 첨부1
  + [1548] ntt=62225 (13458) [취득세] 창업 감면 관련 문의입니다. (1) / 답변1 첨부1
  + [1549] ntt=62223 (13457) [지방세특례제한법] 노인요양시설 대표자변경에 따른 취득세 추징 (1) / 답변1 첨부1
  + [1550] ntt=62222 (13456) [취득세] 교통사고로 인한 장애인 감면차량 이전후 새로 .. (1) / 답변1 첨부1
  + [1551] ntt=62220 (13455) [지방세특례제한법] 지방세특례제한법 제31조 관련 임대사업자 등록.. (1) / 답변1 첨부1
  + [1552] ntt=62219 (13454) [취득세] 과점주주 특수관계인 내부거래로 보아 간주취득세.. (1) / 답변1 첨부1
[page 154 완료] 누적 신규 1552건  (이 게시판 저장 총 4,596건)
  + [1553] ntt=62213 (13453) [취득세] 계약명의신탁에 관하여 부당이득반환을 원인으로 .. (1) / 답변1 첨부1
  + [1554] ntt=62210 (13452) [취득세] 특수관계자(지배기업)이 지출한 토지취득관련 비.. (1) / 답변1 첨부1
  + [1555] ntt=62207 (13451) [취득세] 23.3.14 법령개정에 따른 경제적 연관관계.. (1) / 답변1 첨부1
  + [1556] ntt=62192 (13450) [취득세] 재건축조합원 공동소유 1+1 주택(아파트) 각.. (1) / 답변1 첨부1
  + [1557] ntt=62191 (13449) [재산세] 주택 수 산정제외(상속주택) (1) / 답변1 첨부1
  + [1558] ntt=62157 (13448) [취득세] 다주택자 별도세대 구성시 거주요건 (1) / 답변1 첨부1
  + [1559] ntt=62146 (13447) [취득세] 안녕하세요 상속취득세 질의 올립니다 (1) / 답변1 첨부1
  + [1560] ntt=62143 (13446) [지방소득세] 법인지방소득세 안분율0인 본점의 특별징수세액 .. (1) / 답변1 첨부1
  + [1561] ntt=62141 (13445) [취득세] 상속 취득세 질의드립니다 (1) / 답변1 첨부1
    [retry 1/3] ReadTimeout
    [retry 2/3] ConnectTimeout
    [retry 3/3] ConnectTimeout
  + [1562] ntt=62139 (13443) [취득세] 신탁재산의 원시취득 납세의무자 (1) / 답변1 첨부1
  + [1563] ntt=62132 (13442) [취득세] 경제적연관관계에 따른 특수관계 및 과점주주 (.. (1) / 답변1 첨부1
  + [1564] ntt=62122 (13441) [취득세] 자경농민감면 (1) / 답변1 첨부1
  + [1565] ntt=62119 (13440) [취득세] 장애감면 차량 등록시 제3자 이전 여부 문의 (1) / 답변1 첨부1
  + [1566] ntt=62117 (13439) [지방소득세] 연말정산 환급 관련 (1) / 답변1 첨부1
  + [1567] ntt=62094 (13438) [취득세] 취득세 지식산업센터 미사용, 공실의 경우도 추.. (1) / 답변1 첨부1
  + [1568] ntt=62093 (13437) [지방세특례제한법] 창업벤처기업 감면 관련 질의 (거주자가 하던 .. (1) / 답변1 첨부1
  + [1569] ntt=62091 (13436) [취득세] 9억이하 공동주택과 관련된 개수취득 납세의무자.. (1) / 답변1 첨부1
  + [1570] ntt=62090 (13435) [지방세특례제한법] 취득세 감면을 받을 수 있는 창업벤처기업으로 .. (1) / 답변1 첨부1
  + [1571] ntt=62085 (13434) [지방세기본법] 공동명의 차량 공매 배분 관련 문의 (1) / 답변1 첨부1
  + [1572] ntt=62066 (13433) [지방소득세] 국세청 결정경정 통보에따른 지방소득세(종합소득.. (1) / 답변1 첨부1
  + [1573] ntt=62064 (13432) [취득세] 일시적 2주택자가 종전주택을 처분하지 않고 사.. (1) / 답변1 첨부1
  + [1574] ntt=62061 (13431) [취득세] 비과세 및 감면 토지의 건축물의 부속토지 해당.. (1) / 답변1
  + [1575] ntt=62056 (13430) [취득세] 건물 취득세 과표 산정 문의 (1) / 답변1 첨부1
    [retry 1/3] ReadTimeout
    [retry 2/3] ConnectTimeout
  + [1576] ntt=62047 (13429) [재산세] 대학교 기숙사 부속토지 면적 산정방법 및 분리.. (1) / 답변1 첨부1
  + [1577] ntt=62043 (13428) [취득세] pf  대출 수수료 및 이자비용 (1) / 답변1 첨부1
  + [1578] ntt=62024 (13427) [재산세] 재산세 미등기 상속 (1) / 답변1 첨부1
  + [1579] ntt=62023 (13426) [취득세] 합병법인이 취득하는 피합병법인의 자산의 취득을.. (1) / 답변1 첨부2
  + [1580] ntt=62021 (13425) [취득세] 단독명의 장애인 차량 이전후 추후 공동명의 구.. (1) / 답변1 첨부1
  + [1581] ntt=62010 (13424) [취득세] 취득세 수시분 과세자료의 경정청구 접수 판단 .. (1) / 답변1 첨부1
[page 155 완료] 누적 신규 1581건  (이 게시판 저장 총 4,625건)
  + [1582] ntt=62005 (13423) [재산세] 지특법 제63조 5항 감면 관련 재산세 토지 .. (1) / 답변1 첨부1
  + [1583] ntt=61990 (13422) [취득세] 환지예정지를 증여할 경우, 취득세 과세표준을 .. (1) / 답변1 첨부1
  + [1584] ntt=61980 (13421) [취득세] 합유자가 순차적으로 사망하는 경우 취득세 납세.. (1) / 답변1 첨부1
  + [1585] ntt=61954 (13420) [취득세] 경제적연관관계에 따른 특수관계 및 과점주주 성.. (1) / 답변1 첨부1
  + [1586] ntt=61953 (13419) [재산세] 임대사업자 사망으로 주된상속자에게 직권등재된 .. (1) / 답변1 첨부1
  + [1587] ntt=61946 (13418) [취득세] 법인 합병시 피합병법인의 소유 부동산에 대한 .. (1) / 답변1
  + [1588] ntt=61923 (13417) [취득세] 해당 기업의 창업 중소기업 감면 요건 해당 여.. (1) / 답변1 첨부1
  + [1589] ntt=61922 (13416) [지방세특례제한법] 농업법인 설립 시 현물출자 한 임야 취득세 감.. (1) / 답변1 첨부1
  + [1590] ntt=61921 (13415) [주민세] 주민세 종업원분 인적설비의 독립성 질의 (1) / 답변1 첨부1
  + [1591] ntt=61907 (13414) [지방세징수법] 토지수용보상금 보상계획 공고 이후 이의신청 중.. (1) / 답변1 첨부1
  + [1592] ntt=61901 (13413) [주민세] 주민세 종업원분 건설현장 물적설비 판단 (1) / 답변1 첨부1
  + [1593] ntt=61898 (13412) [취득세] 공동명의로 취득한 직계존비속 거래에서 대가지급.. (1) / 답변1 첨부1
  + [1594] ntt=61893 (13411) [재산세] 지특법 제63조 5항 감면 관련 재산세 토지 .. (1) / 답변1
  + [1595] ntt=61887 (13410) [재산세] 재산세 분할납부 관련 질의 (1) / 답변1 첨부1
  + [1596] ntt=61886 (13409) [취득세] 기부채납용 부동산 등에 대한 감면 문의 (1) / 답변1 첨부1
    [retry 1/3] ReadTimeout
  + [1597] ntt=61883 (13408) [재산세] 사실상 현황이 농지이나 공부상 지목이 대지인 .. (1) / 답변1 첨부1
  + [1598] ntt=61879 (13407) [주민세] 아파트 신축공사장의 지하주차장의 일부분을 별도.. (1) / 답변1 첨부1
  + [1599] ntt=61877 (13406) [재산세] 재산세 질문입니다. (1) / 답변1 첨부1
  + [1600] ntt=61870 (13405) [취득세] 등기부등본 없는 토지 상속 취득세 부과 (1) / 답변1 첨부1
  + [1601] ntt=61862 (13404) [취득세] 쌍방증여시 세율 및 과세표준 적용 문의 (1) / 답변1 첨부1
  + [1602] ntt=61853 (13403) [재산세] 재산세 과세기준일 전 사망한 납세자의 체납감액.. (1) / 답변1 첨부1
  + [1603] ntt=61848 (13402) [재산세] 재산세 납세의무자 (1) / 답변1 첨부1
  + [1604] ntt=61839 (13401) [재산세] 재산세 과세대상여부 및 지역자원시설세 중과 관.. (1) / 답변1 첨부2
  + [1605] ntt=61835 (13400) [주민세] 주민세(종업원분) 별도사업장 판단 추가질의 (1) / 답변1 첨부1
  + [1606] ntt=61832 (13399) [취득세] 상속 취득세 문의드립니다 (1) / 답변1 첨부1
  + [1607] ntt=61816 (13398) [취득세] 과밀억제권역 성장관리권역 혼재 여부 중과 판단.. (1) / 답변1 첨부1
  + [1608] ntt=61814 (13397) [취득세] 경매 낙찰 이후 ~ 소유권 등기 전 낙찰자 사.. (1) / 답변1 첨부1
  + [1609] ntt=61809 (13396) [취득세] 일시납 취득에서 연부취득으로 변경 (1) / 답변1 첨부1
  + [1610] ntt=61808 (13395) [취득세] 사해행위취소로 인하여 소유권이전된 토지에 대한.. (1) / 답변1 첨부1
  + [1611] ntt=61804 (13394) [취득세] 직계존비속간의 거래에서 보험증권의 계약자, 수.. (1) / 답변1 첨부1
[page 156 완료] 누적 신규 1611건  (이 게시판 저장 총 4,655건)
  + [1612] ntt=61803 (13393) [취득세] 자경농민 취득감면 추징 관련 (정당한 사유 해.. (1) / 답변1 첨부1
  + [1613] ntt=61791 (13392) [재산세] 자치단체 소유 건축물의 시가표준액 산정 문의 (1) / 답변1
  + [1614] ntt=61787 (13391) [주민세] 주민세 종업원분 하나의 법인이 건설공사를 여러.. (1) / 답변1 첨부1
  + [1615] ntt=61778 (13390) [지방세특례제한법] 건축물 완공이 취득 후 1년이 초과하여 노인복.. (1) / 답변1 첨부1
  + [1616] ntt=61777 (13389) [주민세] 주민세(종업원분) 별도사업장 판단 (1) / 답변1 첨부1
  + [1617] ntt=61770 (13388) [주민세] 사회복지법인 어린이집 주민세 사업소분 감면 (2) / 답변2 첨부1
  + [1618] ntt=61766 (13387) [취득세] 상속차량 다자녀 감면시 나이 기준일자 (1) / 답변1 첨부1
  + [1619] ntt=61758 (13386) [취득세] 농지 지분 증여 시 자경농민 감면 (1) / 답변1 첨부1
  + [1620] ntt=61757 (13385) [취득세] 매매대금 변경으로 인한 취득일 및 중과 여부 .. (1) / 답변1 첨부1
  + [1621] ntt=61755 (13384) [지방소득세] 환급 결정 후 심판청구 판결문 제출에 의한 환.. (1) / 답변1
  + [1622] ntt=61749 (13383) [취득세] 일시적 2주택 취득세 문의(재질의) (1) / 답변1 첨부1
  + [1623] ntt=61744 (13382) [취득세] 과점주주 취득세 과세표준에 포함되는지 여부 (1) / 답변1
  + [1624] ntt=61722 (13381) [지방세기본법] 정기분, 수시분 세목의 납부기한 연장 지방세기.. (1) / 답변1
  + [1625] ntt=61717 (13380) [지방세특례제한법] 생애최초 감면 수용원인으로 추징 (1) / 답변1 첨부1
  + [1626] ntt=61715 (13379) [지방세징수법] 소유권이전등기청구권 가처분에 의한 부동산 압류.. (1) / 답변1 첨부1
  + [1627] ntt=61712 (13378) [취득세] 합유토지에서 합유자중 1명이 사망했을때 나머지.. (1) / 답변1 첨부1
  + [1628] ntt=61711 (13377) [취득세] 농지 지분 증여 시 자경농민 감면 (1) / 답변1
  + [1629] ntt=61709 (13376) [지방세징수법] 금융기관에 1천만원 이상 체납자의 금융거래정보.. (1) / 답변1 첨부1
    [retry 1/3] ReadTimeout
  + [1630] ntt=61696 (13375) [기타] 재산세  지역자원시설세 소방분 공장 목적 외 .. (1) / 답변1 첨부1
  + [1631] ntt=61694 (13374) [취득세] 토지 및 건물 취득시 지출한 손실보상금이 취득.. (3) / 답변3 첨부1
  + [1632] ntt=61691 (13373) [재산세] 재산세 직권경정신청에 따른 질의 (1) / 답변1 첨부2
  + [1633] ntt=61676 (13372) [취득세] 잔금지급에 따른 취득의 시기(잔급지급일 or .. (1) / 답변1 첨부1
  + [1634] ntt=61673 (13371) [재산세] 지번이 다른 각각의 공장의 연면적의 합이 15.. (1) / 답변1 첨부1
  + [1635] ntt=61649 (13370) [지방세징수법] 명의신탁해지를 원인으로 압류 해제 가능 여부 (1) / 답변1 첨부1
  + [1636] ntt=61637 (13369) [등록면허세] 업종변경 (1) / 답변1 첨부1
  + [1637] ntt=61633 (13368) [취득세] 일시적 2주택 취득세 문의 (1) / 답변1 첨부1
  + [1638] ntt=61617 (13367) [자동차세] 한정승인(상속인) 자동차세 부과 (1) / 답변1 첨부1
  + [1639] ntt=61610 (13366) [취득세] 취득세 환급 관련 (1) / 답변1
  + [1640] ntt=61599 (13365) [재산세] 공공개발용토지 비축사업 납세의무자 (1) / 답변1 첨부1
  + [1641] ntt=61597 (13364) [취득세] 창업중소기업 감면 여부 (1) / 답변1 첨부1
[page 157 완료] 누적 신규 1641건  (이 게시판 저장 총 4,685건)
  + [1642] ntt=61578 (13363) [취득세] 특수관계법인이였다가  그 지위를 상실한 이후 .. (1) / 답변1 첨부1
  + [1643] ntt=61520 (13362) [취득세] 무허가 증축한 건물의 산업단지 감면 적용 가능.. (1) / 답변1 첨부1
  + [1644] ntt=61518 (13361) [취득세] 단독주택 건물만 취득시 세율 (1) / 답변1
  + [1645] ntt=61515 (13360) [취득세] 임차인이 낙찰자인 경우, 취득세 과세표준에 대.. (1) / 답변1 첨부1
  + [1646] ntt=61509 (13359) [지방세특례제한법] 산업단지 입주기업 추징 문의 (1) / 답변1 첨부1
  + [1647] ntt=61505 (13358) [취득세] 창업중소기업 감면 질의 (1) / 답변1 첨부1
  + [1648] ntt=61502 (13357) [취득세] 이미 소유권이 넘어간 부동산을 소송을 통해 다.. (1) / 답변1 첨부1
  + [1649] ntt=61500 (13356) [취득세] 지목변경 납세의무 성립 문의 (1) / 답변1 첨부1
  + [1650] ntt=61495 (13355) [취득세] 창업중소기업 감면 질의 (1) / 답변1
  + [1651] ntt=61484 (13354) [취득세] 신규 지입차량 차주 여부 확인및 취득세 납세의.. (2) / 답변2 첨부1
  + [1652] ntt=61483 (13353) [재산세] 종중 소유의 도시지역의 농지 분리과세 여부 (1) / 답변1 첨부1
  + [1653] ntt=61480 (13352) [취득세] 토지 수용에 대한 채권자 대위등기 (1) / 답변1 첨부1
  + [1654] ntt=61478 (13351) [지방세징수법] 합유재산의 체납처분 (1) / 답변1 첨부1
  + [1655] ntt=61477 (13350) [취득세] 축조신고 후 1년이내 가설건축물 양도시 당초 .. (1) / 답변1 첨부1
  + [1656] ntt=61471 (13349) [취득세] (추가질문)1가구 1주택 상속 특례 적용시 주.. (1) / 답변1 첨부1
  + [1657] ntt=61466 (13348) [기타] 신탁된 물건의 체납 시 압류 문의 (1) / 답변1 첨부1
  + [1658] ntt=61435 (13347) [재산세] 세율특례(1세대1주택) 적용관련 상속개시일 기.. (1) / 답변1 첨부1
  + [1659] ntt=61432 (13346) [지방세징수법] 상속자 미지정 상태에서 체납처분관련 문의 (1) / 답변1 첨부1
  + [1660] ntt=61427 (13345) [취득세] 재개발 아파트 준공 후 조합원 승계관련 문의입.. (1) / 답변1 첨부1
  + [1661] ntt=61424 (13344) [취득세] 시소유 도로 진입공사 분담금 비과세 대상 여부 (1) / 답변1 첨부1
  + [1662] ntt=61420 (13343) [취득세] 주택 중과 관련 동거봉양 해당 여부 (1) / 답변1 첨부1
  + [1663] ntt=61417 (13342) [재산세] 전통사찰보존지 문의 (1) / 답변1 첨부1
  + [1664] ntt=61415 (13341) [지방세특례제한법] 학교법인 감면 적정 여부 문의 (1) / 답변1 첨부1
  + [1665] ntt=61410 (13340) [지방세기본법] [추가질의] 지방세환급가산금에 대한 문의입니다.. (1) / 답변1 첨부1
  + [1666] ntt=61407 (13339) [주민세] 어린이집 주민세 사업소분 과세 (1) / 답변1 첨부1
  + [1667] ntt=61405 (13338) [취득세] 상가 임대차 묵시적 갱신시 추징 여부 및 추징.. (1) / 답변1 첨부1
  + [1668] ntt=61390 (13337) [지방세징수법] 지역금융기관 출자금 압류 후 추심 방법 문의 (1) / 답변1 첨부1
  + [1669] ntt=61372 (13336) [취득세] 시가인정액 문의 (1) / 답변1 첨부1
  + [1670] ntt=61369 (13335) [취득세] 지방세특례제한법 74에 따라 재개발감면이 가능.. (1) / 답변1 첨부1
    [retry 1/3] ReadTimeout
  + [1671] ntt=61366 (13334) [자동차세] 자동차세 장애인 감면 가능 여부 (1) / 답변1 첨부1
[page 158 완료] 누적 신규 1671건  (이 게시판 저장 총 4,715건)
  + [1672] ntt=61354 (13333) [취득세] (추가 재질의)과점주주 간주취득세 관련 특수관.. (1) / 답변1
  + [1673] ntt=61350 (13332) [재산세] 지특법 제84조에 따른 공공시설과 기반시설 (1) / 답변1 첨부1
  + [1674] ntt=61332 (13331) [재산세] 주차타워 건축물 앞 주차장 토지 별도합산 해당.. (1) / 답변1 첨부1
  + [1675] ntt=61324 (13330) [주민세] 가동하지 않고 사업준비를 위해 설비 등을 준비.. (1) / 답변1 첨부1
  + [1676] ntt=61322 (13329) [등록면허세] 피승계자 사망으로 인한 상속지위승계 후 폐업 .. (1) / 답변1 첨부1
  + [1677] ntt=61321 (13328) [재산세] 건축물의 부속토지 산정시 배율초과 분 종합,별.. (1) / 답변1 첨부1
  + [1678] ntt=61317 (13327) [취득세] 1가구 1주택 상속 특례 적용시 주민등록표에 .. (1) / 답변1 첨부1
  + [1679] ntt=61316 (13326) [취득세] 지방세법 시행령 제28조의4(주택수의 산정방법.. (1) / 답변1 첨부1
  + [1680] ntt=61304 (13325) [취득세] 파산관재인 임의매각 사실상의 취득가액 적용여부 (1) / 답변1 첨부1
  + [1681] ntt=61302 (13324) [취득세] 가설건축물 과세표준에 상수도 등 인입공사비용 .. (1) / 답변1 첨부1
  + [1682] ntt=61299 (13323) [취득세] 과세근거의 자료로 활용할 수 있는지 여부 (1) / 답변1 첨부1
  + [1683] ntt=61296 (13322) [세외수입] 과징금 부과 관련 (1) / 답변1 첨부1
  + [1684] ntt=61295 (13321) [재산세] 종합합산 부과 종중소유 재산의 분리과세 요청 (2) / 답변2 첨부1
  + [1685] ntt=61294 (13320) [취득세] 재개발 승계조합원 관련 문의입니다. (1) / 답변1 첨부1
  + [1686] ntt=61293 (13319) [취득세] 법인분할에 따른 신설법인에 대해 산업단지 감면.. (1) / 답변1 첨부1
  + [1687] ntt=61292 (13318) [주민세] 주민세(종업원분) 납세지 착오신고에 따른 가산.. (1) / 답변1 첨부1
  + [1688] ntt=61288 (13317) [지방소득세] 부과제척기간과 환급청구권에 대한 문의 (1) / 답변1 첨부1
  + [1689] ntt=61287 (13316) [취득세] 과점주주 간주취득세 관련 특수관계 해당 여부 (1) / 답변1 첨부1
  + [1690] ntt=61285 (13315) [재산세] 전통사찰보존지 문의 (1) / 답변1
  + [1691] ntt=61271 (13314) [지방소득세] 수정신고 부당과소신고가산세 감면 (1) / 답변1 첨부1
  + [1692] ntt=61267 (13313) [주민세] 주민세 사회복지시설 감면 (1) / 답변1 첨부1
  + [1693] ntt=61258 (13312) [재산세] 항만공사 소유의 항만구역내 지정된 해양산업클러.. (1) / 답변1 첨부2
  + [1694] ntt=61251 (13311) [재산세] 산업단지내에 일반건축물과 가설건축물이 신축이나.. (1) / 답변1 첨부1
  + [1695] ntt=61249 (13310) [재산세] 재산세 임대사업자 감면 질문 (1) / 답변1 첨부1
  + [1696] ntt=61248 (13309) [취득세] 무허가 주택이 포함된 상가의 유상취득 세율 적.. (1) / 답변1 첨부1
  + [1697] ntt=61247 (13308) [취득세] 과점주주  간주취득세 성립 여부가 궁금합니다. (1) / 답변1 첨부1
  + [1698] ntt=61243 (13307) [재산세] 세부담 상한 관련 공시지가 재산정 가능 여부 (1) / 답변1 첨부1
  + [1699] ntt=61231 (13306) [취득세] 생초감면시 건축물은 수용되고 지분으로 토지는 .. (1) / 답변1 첨부1
  + [1700] ntt=61226 (13305) [취득세] 상속 1가구1주택 세율적용시 기존 재차상속분 .. (1) / 답변1 첨부2
  + [1701] ntt=61218 (13304) [지방세특례제한법] 노인복지시설 취득세 감면 추징 문의입니다. (1) / 답변1 첨부1
[page 159 완료] 누적 신규 1701건  (이 게시판 저장 총 4,745건)
  + [1702] ntt=61209 (13303) [지방세징수법] 대지권 등기된 집합건물인 신탁재산의 압류가능 .. (1) / 답변1 첨부1
  + [1703] ntt=61204 (13302) [취득세] 상속취득세 관련하여 질의올립니다 (1) / 답변1 첨부1
  + [1704] ntt=61199 (13301) [지방소득세] 미국 본사 배당금 지급시 지방소득세 특별징수 .. (1) / 답변1 첨부1
  + [1705] ntt=61185 (13300) [취득세] A법인의 주식 전부를 B법인이 취득, 1년 후.. (1) / 답변1 첨부1
  + [1706] ntt=61181 (13299) [취득세] 전세버스 협동조합 간 차량 이전(지입회사 변경.. (1) / 답변1 첨부1
  + [1707] ntt=61178 (13298) [지방세특례제한법] 노인복지시설 추징 (1) / 답변1 첨부1
  + [1708] ntt=61174 (13297) [취득세] 농공단지 대체 입주 기업 취득세 감면 (1) / 답변1 첨부1
  + [1709] ntt=61173 (13296) [지방세기본법] 확정된 판결 해당여부 문의 (1) / 답변1 첨부1
  + [1710] ntt=61160 (13295) [지방세특례제한법] 창업중소기업 감면 해당 여부 문의 (1) / 답변1 첨부1
  + [1711] ntt=61159 (13294) [자동차세] 자동차세 장애인 감면 문의 (1) / 답변1 첨부1
  + [1712] ntt=61154 (13293) [지방세특례제한법] 화훼(장미)작물 재배하는 고정식 온실(비닐하우.. (1) / 답변1 첨부1
  + [1713] ntt=61153 (13292) [취득세] 지특법 제31조 -임대주택을 최초 분양 받은 .. (1) / 답변1 첨부1
  + [1714] ntt=61151 (13291) [주민세] 지특법 제22조 관련 비영리민간단체의 '사회복.. (1) / 답변1 첨부1
  + [1715] ntt=61136 (13290) [재산세] 기업부설연구소 감면여부 문의 (1) / 답변1 첨부1
  + [1716] ntt=61135 (13289) [취득세] 매매상사 상품용감면 등록 후 반품 하자로 말소.. (1) / 답변1 첨부1
  + [1717] ntt=61132 (13288) [재산세] 종중  소유 농지 분리과세 가능 여부 (1) / 답변1 첨부1
  + [1718] ntt=61130 (13287) [재산세] 화재위험 건축물 지역자원시설세 3배 중과 문의.. (1) / 답변1 첨부1
  + [1719] ntt=61128 (13286) [주민세] 주민세 사업소분 사회복지법인 감면 (2) / 답변2 첨부1
  + [1720] ntt=61126 (13285) [취득세] 특수관계인 적용 여부 (1) / 답변1
  + [1721] ntt=61124 (13284) [취득세] 재외국민의 주택 취득 시 1세대 산정 기준 문.. (1) / 답변1 첨부1
  + [1722] ntt=61114 (13283) [취득세] 가설건축물 존치기간 관련하여 질의올립니다 (1) / 답변1
  + [1723] ntt=61113 (13282) [주민세] 주민세 개인분 요양원 장기간 거주 납부의무 (1) / 답변1
  + [1724] ntt=61105 (13281) [지방세기본법] 체납자의 상속인을 지정했을 때 통지서 도달 후.. (1) / 답변1 첨부1
  + [1725] ntt=61097 (13280) [지방소득세] 법인지방소득세 안분에 관한 내용 (1) / 답변1 첨부1
  + [1726] ntt=61096 (13279) [취득세] 영농조합에서 농업법인으로 조직변경 시 과점주주.. (1) / 답변1 첨부1
  + [1727] ntt=61095 (13278) [취득세] 취득세 연대납세의무자 중과세 판단 (1) / 답변1 첨부1
  + [1728] ntt=61094 (13277) [주민세] 인력파견업(경비,미화,청소, 판촉 외) 주민세.. (1) / 답변1 첨부1
  + [1729] ntt=61089 (13276) [지방세기본법] 사전에 증여받은 재산의 소유자를 상속인으로 봐.. (1) / 답변1 첨부1
  + [1730] ntt=61082 (13275) [취득세] 부동산 취득시 법인 임대사업자의 중과배제 적용.. (1) / 답변1 첨부2
  + [1731] ntt=61079 (13274) [취득세] 「지방세법시행령」 제28조의3 제2항 제4호의.. (1) / 답변1 첨부3
[page 160 완료] 누적 신규 1731건  (이 게시판 저장 총 4,775건)
  + [1732] ntt=61072 (13273) [재산세] 재산세 물납 재질의 (1) / 답변1 첨부1
  + [1733] ntt=61062 (13272) [취득세] 재개발조합의 비조합원용 토지(체비지 및 임대주.. (1) / 답변1 첨부1
  + [1734] ntt=61061 (13271) [취득세] 농어촌민박 세율적용 질의 (1) / 답변1 첨부1
  + [1735] ntt=61050 (13270) [재산세] 산업단지내에 일반건축물과 가설건축물이 신축이나.. (1) / 답변1 첨부1
  + [1736] ntt=61048 (13269) [재산세] 분리과세대상 토지 해당여부 (1) / 답변1 첨부1
  + [1737] ntt=61038 (13268) [취득세] 출산·양육을 위한 감면 시 주택 수 산정 기준 (1) / 답변1 첨부1
  + [1738] ntt=61027 (13267) [주민세] 주민세 사업소분 연면적 문의 (1) / 답변1 첨부1
  + [1739] ntt=61025 (13266) [자동차세] 멸실인정일 이전 부과 관련 (1) / 답변1 첨부1
  + [1740] ntt=61012 (13265) [취득세] 미등록 차량에 대한 취득세를 신고 납부 후  .. (1) / 답변1 첨부1
  + [1741] ntt=61002 (13264) [세외수입] 13257 추가질의 (1) / 답변1 첨부1
  + [1742] ntt=60995 (13263) [지방소득세] 법인지방소득세 안분율 종업원 문의 (1) / 답변1 첨부1
  + [1743] ntt=60988 (13262) [지방세기본법] 한정상속 승인 결정받은 재산의 회생절차 완료 .. (1) / 답변1 첨부1
  + [1744] ntt=60986 (13261) [지방세특례제한법] 창업중소감면 임대추징 면적 안분 문의 (1) / 답변1 첨부1
  + [1745] ntt=60984 (13260) [취득세] 태양광 모듈 제조설비와 슁글링장비에 대한 감정.. (1) / 답변1 첨부1
  + [1746] ntt=60980 (13259) [세외수입] 지방행정제재*부과금의 징수 등에 관한 법률(제.. (1) / 답변1 첨부1
  + [1747] ntt=60978 (13258) [취득세] 과점주주 간주취득세 성립 여부가 궁금합니다. (1) / 답변1 첨부1
  + [1748] ntt=60977 (13257) [지방소득세] 법인지방소득세  납세지 적용여부와 가산세적용 .. (1) / 답변1 첨부2
  + [1749] ntt=60975 (13256) [등록면허세] 등록면허세(면허) 타정총 과세관련 (1) / 답변1
  + [1750] ntt=60972 (13255) [자동차세] 자동차세 감면 적용 (A차량 세대분리 후 B차.. (1) / 답변1 첨부1
  + [1751] ntt=60967 (13254) [취득세] 법원 조정조서 상 원고 A가 피고 B를 대신하.. (1) / 답변1 첨부1
  + [1752] ntt=60955 (13253) [재산세] 자동차부품진흥원 재산세 분리과세 여부 (1) / 답변1 첨부1
    [retry 1/3] ReadTimeout
    [retry 2/3] ConnectTimeout
  + [1753] ntt=60953 (13252) [취득세] 재건축 조합원 토지지분 증가 관련 취득세 과세.. (1) / 답변1 첨부1
  + [1754] ntt=60951 (13251) [등록면허세] 등록면허세(면허) 타정총 과세관련 (1) / 답변1
  + [1755] ntt=60949 (13250) [취득세] 창업중소기업 감면 가능 여부(거주자가 하던 사.. (1) / 답변1 첨부1
  + [1756] ntt=60945 (13249) [취득세] 학교법인이 증축하는 건물(재활용 분리창고) 관.. (1) / 답변1 첨부1
  + [1757] ntt=60929 (13248) [재산세] 주택재개발정비사업 사업시행계획 인가 고시된 토.. (1) / 답변1 첨부1
  + [1758] ntt=60924 (13247) [재산세] 일부면적 공영주차장 사용 계약시 해당면적만큼만.. (1) / 답변1 첨부1
  + [1759] ntt=60921 (13246) [재산세] 지역자원시설세만 분납 가능 관련 문의 (1) / 답변1 첨부1
  + [1760] ntt=60918 (13245) [지방소득세] 법인지방소득세 건축물 안분율 관련문의 (1) / 답변1 첨부1
  + [1761] ntt=60915 (13244) [취득세] 화해권고 결정으로 취득세 환급 가능 여부 (1) / 답변1 첨부1
[page 161 완료] 누적 신규 1761건  (이 게시판 저장 총 4,805건)
  + [1762] ntt=60909 (13243) [지방세징수법] 참가압류 관련 문의드립니다. (1) / 답변1 첨부1
  + [1763] ntt=60906 (13242) [재산세] 전기차충전시설의 지역자원시설세 과세 문의 (1) / 답변1 첨부1
  + [1764] ntt=60902 (13241) [지방세징수법] 신탁 부동산 공매 처분 관련 (1) / 답변1 첨부1
  + [1765] ntt=60901 (13240) [등록면허세] 건축 또는 대수선의 허가 변경 신고시 면허세를.. (3) / 답변3 첨부1
  + [1766] ntt=60900 (13239) [주민세] 주민세 종업원분 납세지 문의드립니다. (1) / 답변1 첨부1
  + [1767] ntt=60883 (13238) [주민세] 주민세(종업원분) 중소기업 고용지원 공제시 월.. (1) / 답변1 첨부1
  + [1768] ntt=60881 (13237) [취득세] 2명의 장애인 자녀를 가진 아버지가 각각 자녀.. (1) / 답변1 첨부1
  + [1769] ntt=60875 (13236) [재산세] 기존법인과 별개로 새로 설립된 신설법인을 창업.. (1) / 답변1 첨부1
  + [1770] ntt=60867 (13235) [지방세징수법] 지방세 징수법 제 85조 2항 (1) / 답변1 첨부1
  + [1771] ntt=60857 (13234) [취득세] 지방세법 제13조제2항에 따른 직접 사용의 범.. (1) / 답변1 첨부1
  + [1772] ntt=60855 (13233) [취득세] 전기차충전기 취득세 과세 여부 (1) / 답변1 첨부1
  + [1773] ntt=60852 (13232) [세외수입] 과징금 부과 상세내역을 알 수 없는 1997년.. (1) / 답변1 첨부1
  + [1774] ntt=60851 (13231) [취득세] 신규분양 아파트 주택 수 산정문의 (1) / 답변1 첨부1
  + [1775] ntt=60850 (13230) [취득세] 취득금액을 매매대금 대신 임대차보증금으로 갈음.. (1) / 답변1 첨부1
  + [1776] ntt=60849 (13229) [지방세기본법] 경찰청 수사협조의뢰에따라 과세정보 제공 가능 .. (1) / 답변1 첨부1
  + [1777] ntt=60840 (13228) [취득세] 판결에 의한 소유자 변경(미등기상속 취득세 질.. (1) / 답변1 첨부1
  + [1778] ntt=60837 (13227) [지방세징수법] 압류보험 추심금의 징수가능범위 (1) / 답변1 첨부1
  + [1779] ntt=60836 (13226) [재산세] 재산세 납세의무자 질의 (1) / 답변1 첨부1
  + [1780] ntt=60828 (13225) [취득세] 분양권 증여에 따른 부부공동명의 취득세 중과세.. (1) / 답변1 첨부1
  + [1781] ntt=60827 (13224) [취득세] 연부취득 계약해제에 따른 취득세 환급 문의 (1) / 답변1 첨부1
  + [1782] ntt=60813 (13223) [재산세] 특별조치법으로 인한 소유권 이전시 재산세 처리 (1) / 답변1 첨부1
  + [1783] ntt=60807 (13222) [주민세] 사회복지사업 지원 법인(○○○가족센터) 주민세.. (1) / 답변1 첨부1
  + [1784] ntt=60806 (13221) [취득세] 전기차 취득세 감면 환급 소급 적용 관련 (1) / 답변1 첨부1
  + [1785] ntt=60802 (13220) [자동차세] 법원 경매로 낙찰받고 이전등록하지 않은 차량 .. (1) / 답변1 첨부1
  + [1786] ntt=60797 (13219) [취득세] 개별공시지가 지가정정으로 인한 취득세 (지목변.. (1) / 답변1 첨부1
  + [1787] ntt=60786 (13218) [세외수입] 과태료 압류포함 이전된 자동차 인도명령 가능여.. (1) / 답변1 첨부1
  + [1788] ntt=60784 (13217) [지방세징수법] 실익없는 부동산 압류해제 문의드립니다. (1) / 답변1 첨부1
  + [1789] ntt=60782 (13216) [취득세] 기업부설연구소의 폐쇄로 인한 추징이 가능한지의.. (1) / 답변1 첨부1
  + [1790] ntt=60780 (13215) [재산세] 재산세 납세의무자 순서 질의 (1) / 답변1 첨부1
  + [1791] ntt=60767 (13214) [주민세] 사회복지법인 주민세 사업소분 감면 (1) / 답변1 첨부1
[page 162 완료] 누적 신규 1791건  (이 게시판 저장 총 4,835건)
  + [1792] ntt=60761 (13213) [취득세] 후발적 사유에 의한 경정청구 (취득세, 재산세.. (1) / 답변1 첨부1
  + [1793] ntt=60759 (13212) [취득세] 조합원 명의로 사용검사가 이뤄진 조합원 아파트.. (1) / 답변1 첨부1
  + [1794] ntt=60758 (13211) [재산세] 가설건축물 승계취득 후 재산세 세율 문의 (1) / 답변1 첨부1
  + [1795] ntt=60740 (13210) [취득세] 자경농민 감면 추징 상담 (1) / 답변1 첨부1
  + [1796] ntt=60739 (13209) [취득세] 부부 공동명의 부담부증여 취득시 한명만 채무승.. (1) / 답변1 첨부1
  + [1797] ntt=60725 (13208) [재산세] 등기상 호수의 표시가 없는 일반 건축물의 재산.. (1) / 답변1 첨부1
  + [1798] ntt=60719 (13207) [재산세] 재산세 물납 허가 판단 기준 (1) / 답변1 첨부1
  + [1799] ntt=60705 (13206) [취득세] 공동주택 신축시, 농지전용부담금 및 기반시설(.. (2) / 답변2 첨부1
  + [1800] ntt=60704 (13205) [지방세기본법] 파산,회생시 시효 (1) / 답변1 첨부1
  + [1801] ntt=60689 (13204) [취득세] 상속 취득세 문의 (1) / 답변1 첨부1
  + [1802] ntt=60681 (13203) [지방세징수법] 위탁자 체납으로 신탁재산 물적납세의무 지정된 .. (2) / 답변2 첨부1
  + [1803] ntt=60634 (13202) [재산세] 재산세 납세의무자(사용자) (1) / 답변1 첨부1
  + [1804] ntt=60633 (13201) [재산세] 지방세법 109조 제2항에 따른 재산세 비과세.. (1) / 답변1 첨부1
  + [1805] ntt=60631 (13200) [취득세] 철도차량에 대한 침식차량 감면 관련 (1) / 답변1 첨부1
  + [1806] ntt=60616 (13199) [재산세] 기부채납 약정 부동산  사실상 소유자  재산세.. (1) / 답변1 첨부1
  + [1807] ntt=60610 (13198) [지방세특례제한법] 창업중소감면 임대추징여부 (1) / 답변1 첨부1
  + [1808] ntt=60577 (13197) [주민세] 주택건설시행사의 견본주택 사업소 판단 여부 (1) / 답변1 첨부1
  + [1809] ntt=60513 (13196) [취득세] 토지수용 대체취득감면 수용된 부동산의 범위 (1) / 답변1 첨부1
  + [1810] ntt=60510 (13195) [재산세] 외국투자법인 증자분에 대한 사업개시일 해석 질.. (1) / 답변1 첨부1
  + [1811] ntt=60491 (13194) [취득세] 하자와 재계약 관련 질의 (1) / 답변1 첨부1
  + [1812] ntt=60480 (13193) [취득세] 장애인 차량 감면 추징 관련 문의 (1) / 답변1 첨부1
  + [1813] ntt=60475 (13192) [취득세] 주택 취득세 중과시 세대 분리 기준 등 질의 (1) / 답변1 첨부1
  + [1814] ntt=60467 (13191) [취득세] 장애인 감면받은 공동소유차량 지분 변경 취득시.. (1) / 답변1 첨부1
  + [1815] ntt=60465 (13190) [취득세] 과점주주 특수관계인 성립여부 문의(경제적 연관.. (3) / 답변3 첨부1
  + [1816] ntt=60461 (13189) [지방세기본법] 공시송달 효력 (1) / 답변1 첨부1
  + [1817] ntt=60448 (13188) [지방세특례제한법] 창업감면 취득자 사망과 상속 (1) / 답변1 첨부1
  + [1818] ntt=60437 (13187) [등록면허세] 통신판매업 면허증 미교부로 인한 감액이 가능한.. (1) / 답변1 첨부1
  + [1819] ntt=60433 (13186) [취득세] 일시적 2주택 종전주택 처분시 별도세대 문의 (1) / 답변1 첨부1
  + [1820] ntt=60424 (13185) [취득세] 분양권 증여시 주택수 산정 질의 (1) / 답변1 첨부1
  + [1821] ntt=60408 (13184) [취득세] 벤처기업지접시설 감면 관련 질의합니다. (1) / 답변1 첨부1
[page 163 완료] 누적 신규 1821건  (이 게시판 저장 총 4,865건)
  + [1822] ntt=60406 (13183) [지방소득세] 이자소득만 있는 비영리내국법인이 이자소득을 신.. (1) / 답변1 첨부1
  + [1823] ntt=60389 (13182) [취득세] 실거래신고 위반 취득세 과세표준 (1) / 답변1 첨부1
  + [1824] ntt=60386 (13181) [세외수입] 보조금 반환 체납이 추징금으로 보아 비면책 채.. (1) / 답변1 첨부1
  + [1825] ntt=60384 (13180) [지방세특례제한법] ‘총개발사업비’ 및 ‘소득이 발생한 과세연도’.. (1) / 답변1 첨부1
  + [1826] ntt=60377 (13179) [지방세징수법] 지방세 제3자수납관련 문의 (1) / 답변1 첨부1
  + [1827] ntt=60358 (13178) [지방세징수법] 파산선고 받은 체납자에 대한 체납처분(압류) .. (1) / 답변1 첨부1
  + [1828] ntt=60340 (13177) [등록면허세] 소유권확인 판결시, 등록면허세 문의 (1) / 답변1 첨부1
  + [1829] ntt=60330 (13176) [지방세징수법] 공탁금 압류해제일을 당초 압류일로 소급하여 정.. (1) / 답변1 첨부2
  + [1830] ntt=60329 (13175) [취득세] 창업중소기업 감면 추징요건 성립유무 (1) / 답변1 첨부1
  + [1831] ntt=60327 (13174) [취득세] 법정지분상속시 1가구1주택 감면여부 (1) / 답변1 첨부1
  + [1832] ntt=60319 (13173) [재산세] 지방공사가 분양할 목적으로 장기간소유하고 있는.. (1) / 답변1 첨부1
  + [1833] ntt=60310 (13172) [재산세] (재등록) 재산세 부과기준일(6.1) 이후 사.. (1) / 답변1 첨부1
  + [1834] ntt=60300 (13171) [취득세] 상속에 따른 자경농민 농지 취득 추징 관련 (1) / 답변1 첨부1
  + [1835] ntt=60297 (13170) [등록면허세] 관세법인 지사 등록면허세(면허분) (1) / 답변1 첨부1
  + [1836] ntt=60294 (13169) [취득세] 지자체에 기부채납하는 부동산에 대한 취득세 비.. (1) / 답변1 첨부1
  + [1837] ntt=60291 (13168) [지방세기본법] 지방세 3자수납 취소 관련 여부 (1) / 답변1 첨부1
  + [1838] ntt=60287 (13167) [지방소득세] 가산세 감면의 정당한 사유에 해당하는지 궁금합.. (1) / 답변1 첨부1
  + [1839] ntt=60284 (13166) [재산세] 무허가건축물의 소유권자 및 실사용자를 확인하기.. (1) / 답변1 첨부1
  + [1840] ntt=60280 (13165) [취득세] 시가인정액 사후관리 질의드립니다. (1) / 답변1 첨부1
  + [1841] ntt=60272 (13164) [취득세] 신탁재산의 수익자 귀속에 따른 취득일 문의 (1) / 답변1 첨부1
  + [1842] ntt=60269 (13163) [취득세] 감면부동산이 명의신탁해지에 따라 소유권이전 되.. (1) / 답변1 첨부1
  + [1843] ntt=60267 (13162) [지방세기본법] 송달효력에 관련하여 질의올립니다 (1) / 답변1 첨부1
  + [1844] ntt=60263 (13161) [등록면허세] 허가증 미수령 등록면허세 환급 문의 (1) / 답변1 첨부1
  + [1845] ntt=60260 (13160) [주민세] 주민세(종업원분) 급여총액 제외 여부 (1) / 답변1 첨부1
  + [1846] ntt=60259 (13159) [취득세] 취득일 및 종교단체 유예기간 직접 미사용에 따.. (1) / 답변1 첨부1
  + [1847] ntt=60257 (13158) [취득세] 재개발 아파트 준공 이후 소유권이전고시 이전 .. (1) / 답변1 첨부1
  + [1848] ntt=60255 (13157) [취득세] 대수선 취득시기가 불분명한 경우 취득일자 (1) / 답변1 첨부1
  + [1849] ntt=60251 (13156) [자동차세] 법인에 부과한 수시분 자동차세 (1) / 답변1 첨부1
  + [1850] ntt=60248 (13155) [취득세] 공유물 분할 직전 면적정정로 인한 면적변경 ... (1) / 답변1 첨부1
  + [1851] ntt=60246 (13154) [취득세] 상속 차량 취득세 질문 (1) / 답변1 첨부1
[page 164 완료] 누적 신규 1851건  (이 게시판 저장 총 4,895건)
  + [1852] ntt=60244 (13153) [취득세] 실거래가 거짓신고 과세표준 경정청구 (1) / 답변1 첨부1
  + [1853] ntt=60231 (13152) [기타] 재산세가 체납된 재산이 속한 신탁의 의미 (1) / 답변1 첨부1
    [retry 1/3] ReadTimeout
    [retry 2/3] ConnectTimeout
  + [1854] ntt=60228 (13151) [취득세] 암묵적 임대차계약 갱신이 '생애최초주택 감면'.. (1) / 답변1 첨부1
  + [1855] ntt=60221 (13150) [지방세징수법] 청산종결 법인 대표자에 대한 공매통지서 송달 .. (1) / 답변1 첨부1
  + [1856] ntt=60219 (13149) [지방세특례제한법] 창업중소기업  감면 질의 (1) / 답변1 첨부1
  + [1857] ntt=60216 (13148) [취득세] 임대사업자 폐지유형이 아닌 경우에 임대사업자 .. (1) / 답변1 첨부1
  + [1858] ntt=60209 (13147) [지방소득세] 법인지방소득세 환급처분 후 경정 청구 (1) / 답변1 첨부1
  + [1859] ntt=60207 (13146) [등록면허세] 소유권 확인판결에 의한 지분 이전시, 등록면허.. (1) / 답변1 첨부1
  + [1860] ntt=60199 (13145) [취득세] 주택 연부취득시 생애최초 감면 (1) / 답변1 첨부1
  + [1861] ntt=60190 (13144) [지방세특례제한법] 일몰연장에 따른 재산세 감면 기간이 궁금합니다.. (1) / 답변1 첨부1
  + [1862] ntt=60187 (13143) [재산세] 관광농원 사업 토지 재산세 부과 관련 (1) / 답변1 첨부1
  + [1863] ntt=60185 (13142) [취득세] 한개 필지를 다수가 면세점 이하로 취득할(공유.. (1) / 답변1 첨부1
  + [1864] ntt=60184 (13141) [등록면허세] 면허세(녹지점용허가) 과세기준 질의 (1) / 답변1 첨부1
  + [1865] ntt=60183 (13140) [취득세] 임대형민자사업(BTL) 기부채납 감면 시 정부.. (1) / 답변1 첨부1
    [retry 1/3] ReadTimeout
    [retry 2/3] ConnectTimeout
    [retry 3/3] ConnectTimeout
    [retry 1/3] ConnectTimeout
  + [1866] ntt=60177 (13138) [취득세] 법인 취득 사원임대용 주택의 취득일부터 1년 .. (1) / 답변1 첨부1
  + [1867] ntt=60176 (13137) [취득세] 법인이 창업당시 업종 외 다른 업종을 추가 등.. (1) / 답변1 첨부1
  + [1868] ntt=60172 (13136) [재산세] 지방세특례제한법 제85조의2(지방공기업 등에 .. (1) / 답변1 첨부1
  + [1869] ntt=60171 (13135) [등록면허세] 면허세(녹지점용허가) 과세기준 질의 (1) / 답변1 첨부1
  + [1870] ntt=60167 (13134) [재산세] 일몰연장에 따른 재산세 감면 기간이 궁금합니다.. (1) / 답변1 첨부1
  + [1871] ntt=60163 (13133) [지방세기본법] 과세통지예고 관련 질의 올립니다 (1) / 답변1 첨부1
  + [1872] ntt=60153 (13132) [지방세특례제한법] 지방공기업 등에 대한 감면 중 재산세를 면제하.. (1) / 답변1 첨부1
  + [1873] ntt=60151 (13131) [재산세] 미등기 상속 재산세 관련입니다. (1) / 답변1 첨부1
  + [1874] ntt=60147 (13130) [지방세특례제한법] 임대차계약서 작성 후 실제 임대 주지 않은 경.. (1) / 답변1 첨부1
  + [1875] ntt=60140 (13129) [취득세] 개인이 신축건물 취득세 추징할 시 취득가격 9.. (1) / 답변1 첨부1
  + [1876] ntt=60139 (13128) [취득세] 도시개발사업 관리처분계획인가 변경시 취득세 문.. (1) / 답변1 첨부1
  + [1877] ntt=60132 (13127) [등록면허세] 등록면허세 부과일 (1) / 답변1 첨부1
  + [1878] ntt=60129 (13126) [세외수입] 13112 게시글 추가 질의 (1) / 답변1 첨부1
  + [1879] ntt=60126 (13125) [재산세] 상속분할 협의 안되고 취득세 신고(법정지분)후.. (1) / 답변1 첨부1
  + [1880] ntt=60114 (13124) [취득세] 기부채납 무상사용권 해당여부에 따른 비과세 문.. (1) / 답변1 첨부1
[page 165 완료] 누적 신규 1880건  (이 게시판 저장 총 4,924건)
  + [1881] ntt=60113 (13123) [지방세특례제한법] 창업중소기업 감면대상 여부 (1) / 답변1 첨부1
  + [1882] ntt=60111 (13122) [취득세] “[13107] 서민주택 농어촌특별세 비과세 .. (1) / 답변1 첨부1
  + [1883] ntt=60107 (13121) [재산세] 한정승인 재산세 부과 적정 여부 질문드립니다 (1) / 답변1 첨부1
  + [1884] ntt=60104 (13120) [취득세] 유증으로 인한 상속으로 ‘증여’ 세율로 당초 .. (1) / 답변1 첨부1
  + [1885] ntt=60103 (13119) [재산세] 재산세 과세대상으로서의 ‘옥외스탠드’로 볼 수.. (1) / 답변1 첨부1
  + [1886] ntt=60101 (13118) [재산세] 재산세 유사지번 관련 질의(세부담상한 및 유사.. (1) / 답변1 첨부1
  + [1887] ntt=60097 (13117) [지방세기본법] 공시송달 관련하여 질의드립니다 (1) / 답변1 첨부1
  + [1888] ntt=60089 (13116) [재산세] 유치원을 운영하는 학교법인은 비영리사업자에 해.. (1) / 답변1 첨부1
  + [1889] ntt=60087 (13115) [취득세] 태양광시설 포괄양도양수 (1) / 답변1 첨부1
  + [1890] ntt=60076 (13114) [세외수입] 비면책채권에 그외 수입(보조금 미반환에 따른 .. (1) / 답변1 첨부1
  + [1891] ntt=60074 (13113) [지방세기본법] 고지서 송달효력 관련하여 질의드립니다 (1) / 답변1 첨부1
  + [1892] ntt=60073 (13112) [취득세] 입목으로 사용하기위해 직접 키우려고 구매한 묘.. (1) / 답변1 첨부1
  + [1893] ntt=60067 (13111) [취득세] 임대사업자의 의무기간 내에 사망에 따른 추징 .. (1) / 답변1 첨부1
  + [1894] ntt=60066 (13110) [지방세징수법] 경매배당 후 잔여 배당액에 대한 피상속인의 체.. (1) / 답변1 첨부1
  + [1895] ntt=60065 (13109) [취득세] 서민주택 농어촌특별세 비과세 관련 문의 (1) / 답변1 첨부1
  + [1896] ntt=60064 (13108) [취득세] 차량 취득세 환급 관련 문의 (1) / 답변1 첨부1
  + [1897] ntt=60061 (13107) [취득세] 확정판결(소유권확인)로 인한 취등록세 세율 문.. (1) / 답변1 첨부1
  + [1898] ntt=60054 (13106) [재산세] 재산세 유사지번 관련 질의(세부담상한 및 유사.. (1) / 답변1 첨부1
  + [1899] ntt=60050 (13105) [취득세] 용도폐지 무상양여 취득세 신고시 농특세 비과세.. (1) / 답변1 첨부1
  + [1900] ntt=60048 (13104) [취득세] 매매, 증여, 상속 취득 시 취득세 신고 (2) / 답변2 첨부1
  + [1901] ntt=60046 (13103) [취득세] 분양권으로 취득하는 주택의 주택 수 산정 기준.. (1) / 답변1 첨부1
  + [1902] ntt=60043 (13102) [취득세] 주택건설사업자 미착공(3년이내) 관련 정당한 .. (1) / 답변1 첨부1
  + [1903] ntt=60042 (13101) [취득세] 농업진흥구역에서의 교환 농지 관련 문의 (1) / 답변1 첨부1
  + [1904] ntt=60038 (13100) [취득세] 조정에 의한 이혼 재산분할 시 취득세 문의 (1) / 답변1 첨부1
  + [1905] ntt=60034 (13099) [세외수입] 비면책채권에 그외 수입(보조금 미반환에 따른 .. (1) / 답변1 첨부1
  + [1906] ntt=60032 (13098) [지방소득세] 이자소득과 다른 과세소득이 있는 비영리내국법인.. (1) / 답변1 첨부2
  + [1907] ntt=60031 (13097) [지방세특례제한법] 법인의 지방 이전에 대한 감면 문의(취득세) (1) / 답변1 첨부1
  + [1908] ntt=60030 (13096) [재산세] 소유권 이전등기 미이행 상태로 거주중이며 영업.. (1) / 답변1 첨부1
  + [1909] ntt=60028 (13095) [취득세] 주택신축판매업자의 멸실목적 주택을 취득 멸실 .. (1) / 답변1 첨부1
  + [1910] ntt=60024 (13094) [재산세] 종교단체(성당) 주차장 감면 관련하여 질의합니.. (1) / 답변1 첨부1
[page 166 완료] 누적 신규 1910건  (이 게시판 저장 총 4,954건)
  + [1911] ntt=60004 (13093) [등록면허세] 중고 건설기계 소유권 이전과 대여업체 등록에 .. (1) / 답변1 첨부1
  + [1912] ntt=60002 (13092) [취득세] 직계존비속간 부동산 유상거래시 차용증을 쓰지않.. (1) / 답변1 첨부1
  + [1913] ntt=59999 (13091) [취득세] 의료법인 중앙제어 에어컨 공사 의료목적 감면해.. (1) / 답변1 첨부1
  + [1914] ntt=59992 (13090) [지방소득세] 법인지방소득세 안분 문의 (1) / 답변1 첨부1
  + [1915] ntt=59991 (13089) [취득세] 화해조서에 의한 소유권이전등기시 취득시기 등 (1) / 답변1 첨부1
  + [1916] ntt=59988 (13088) [취득세] 시설물(승강기) 취득세 문의 (1) / 답변1 첨부1
  + [1917] ntt=59978 (13087) [지방세기본법] 과세자료 열람 및 제공 (1) / 답변1 첨부1
  + [1918] ntt=59965 (13086) [취득세] 측량비 취득세 과표 산입 관련 (1) / 답변1 첨부1
  + [1919] ntt=59963 (13085) [취득세] 매매용감면차량 추징 납세의무자(공동대표자) 관.. (1) / 답변1 첨부1
  + [1920] ntt=59958 (13084) [취득세] 지특법 제180조 "중복 특례의 배제" 관련 .. (1) / 답변1 첨부1
  + [1921] ntt=59956 (13083) [취득세] 가설건축물 승계취득시 과표 및 세율 적용 판단 (1) / 답변1 첨부1
  + [1922] ntt=59950 (13082) [취득세] 대체취득 감면-공유물분할(초과지분) (1) / 답변1 첨부1
  + [1923] ntt=59947 (13081) [기타] 일자리사업 참여 근로자 채용 시 체납 조회에 .. (1) / 답변1 첨부1
  + [1924] ntt=59946 (13080) [지방세특례제한법] 창업벤처중소기업 감면 동종(이종)업종 영위 여.. (1) / 답변1 첨부1
  + [1925] ntt=59945 (13079) [취득세] 과점주주(특수관계) 비율 문의 (1) / 답변1 첨부1
  + [1926] ntt=59937 (13078) [취득세] 상속 세율특례 적용 대상 질의 (1) / 답변1 첨부1
  + [1927] ntt=59933 (13077) [지방세특례제한법] 「지방세특례제한법」제17조 제3항에서 규정한 .. (1) / 답변1 첨부1
  + [1928] ntt=59932 (13076) [취득세] 사해행위취소 판결 관련 문의입니다. (1) / 답변1 첨부1
  + [1929] ntt=59930 (13075) [취득세] 차량취득세 장애인 감면 추징 질의 (1) / 답변1 첨부1
