
######## BOARD consult (delay 0.15) ########
[init] 게시판=consult(지방세상담)  DB=C:\todo_manual_dashboard\law_dashboard_work\data\olta_qa.db
[init] 이미 받은 글=6,500건
[resume] 프런티어 페이지 213부터 시작(상단 6,500건 재방문 생략)
[init] 게시판 총 18,073건 / 약 603페이지
[page 213 완료] 누적 신규 0건  (이 게시판 저장 총 6,500건)
[page 214 완료] 누적 신규 0건  (이 게시판 저장 총 6,500건)
[page 215 완료] 누적 신규 0건  (이 게시판 저장 총 6,500건)
[page 216 완료] 누적 신규 0건  (이 게시판 저장 총 6,500건)
[page 217 완료] 누적 신규 0건  (이 게시판 저장 총 6,500건)
  + [1] ntt=51936 (11548) [지방세특례제한법] 지방공사가 수용하는 철거예정 건축물의 목적사업.. (1) / 답변1 첨부1
  + [2] ntt=51926 (11547) [취득세] 종중 명의신탁 토지의 수탁자(종원) 사망 시 .. (1) / 답변1 첨부1
  + [3] ntt=51922 (11546) [취득세] 산업단지 감면 추징관련 (1) / 답변1 첨부2
  + [4] ntt=51921 (11545) [재산세] 국민신문고 질의 관련 상담(기록물 보관 관련) (1) / 답변1 첨부1
  + [5] ntt=51920 (11544) [취득세] 취득세 신고행위의 당연무효 여부 (1) / 답변1 첨부1
  + [6] ntt=51919 (11543) [취득세] 상속 취득세 환급 및 재부과 가능 문의 (1) / 답변1 첨부1
  + [7] ntt=51917 (11542) [취득세] 농공단지 대체입주자에 해당하여 감면 대상인지의.. (1) / 답변1 첨부1
  + [8] ntt=51909 (11541) [재산세] 공장 1구내의 방염건축물에 대한 지역자원시설세.. (1) / 답변1 첨부1
  + [9] ntt=51881 (11540) [취득세] 증여 취득시 감정가액이 시가표준액의 90%에 .. (1) / 답변1
  + [10] ntt=51878 (11539) [취득세] 농업법인 직접 사용 부동산에 해당하는지 여부 (1) / 답변1 첨부1
  + [11] ntt=51876 (11538) [기타] 임대인 미납지방세 열람 신청 시 임차인 대신 .. (1) / 답변1 첨부1
  + [12] ntt=51872 (11537) [취득세] 미분양 주택 분양권 주택수 포함 여부 (1) / 답변1 첨부1
  + [13] ntt=51871 (11536) [주민세] 사단법인 OO 문화원 과세여부 (1) / 답변1 첨부1
  + [14] ntt=51869 (11535) [주민세] 사회복지법인등에 대한 주민세 종업원분 감면 적.. (1) / 답변1 첨부1
  + [15] ntt=51857 (11534) [재산세] 환지예정지 과세형태 (1) / 답변1 첨부1
[page 218 완료] 누적 신규 15건  (이 게시판 저장 총 6,515건)
  + [16] ntt=51846 (11533) [취득세] 건축물에 딸린 시설물로 취득세 과표에 산입이 .. (1) / 답변1 첨부2
  + [17] ntt=51845 (11532) [재산세] 상속재산분할 소송으로 인한 재산세 납세의무자,.. (1) / 답변1 첨부1
  + [18] ntt=51834 (11531) [재산세] 유흥주점 재산세 중과 유흥접객원 개념 정의 질.. (1) / 답변1 첨부1
  + [19] ntt=51825 (11530) [취득세] 부정행위로 인한 부정과소신고 대상자인지 여부 .. (1) / 답변1 첨부2
  + [20] ntt=51824 (11529) [취득세] 무변론 판결 사실상의 취득가액 여부 (1) / 답변1 첨부1
  + [21] ntt=51822 (11528) [주민세] 청소 용역 파견 근로자의 주민세(종업원분) 본.. (1) / 답변1 첨부1
  + [22] ntt=51816 (11527) [취득세] 상속 취득세(등록세) 관련 문의 (1) / 답변1 첨부1
  + [23] ntt=51812 (11526) [재산세] 20년 전  선고된 소유권이전등기절차 이행판결.. (1) / 답변1 첨부1
  + [24] ntt=51809 (11525) [세외수입] 과오납 시 가산금 (1) / 답변1 첨부1
  + [25] ntt=51808 (11524) [취득세] 노인복지시설 취득세 감면 이후 사후관리 기관과.. (1) / 답변1 첨부1
  + [26] ntt=51790 (11523) [재산세] 해당 주택(아파트)를 종교단체의 선감의 숙소로.. (1) / 답변1 첨부1
  + [27] ntt=51784 (11522) [지방세징수법] 급여를 둘 이상에서 지급받는 체납자의 급여 압.. (1) / 답변1 첨부1
  + [28] ntt=51783 (11521) [기타] 경정청구와 관련 제출서류 사후 보완 시 청구일.. (1) / 답변1 첨부1
  + [29] ntt=51780 (11520) [취득세] 무허가 주택 취득세 세율 (1) / 답변1 첨부1
  + [30] ntt=51778 (11519) [취득세] 지방세특례제한법 제6조제1항(자경농민의 농지 .. (1) / 답변1 첨부2
  + [31] ntt=51775 (11518) [재산세] 산업단지 준공전 완충녹지,경관녹지 등 공공시설.. (1) / 답변1 첨부1
  + [32] ntt=51774 (11517) [지방세징수법] 부동산 압류 해제 가능 여부 (1) / 답변1
  + [33] ntt=51768 (11516) [취득세] 이전 공공기관 임직원 지방세 감면 관련 질의 (1) / 답변1 첨부1
  + [34] ntt=51760 (11515) [취득세] 지방세특례제한법 제180조의2 만 적용시 감면.. (2) / 답변2 첨부1
  + [35] ntt=51757 (11514) [지방소득세] 경영회생지원사업 축사용지의 환매 후 제3자 매.. (1) / 답변1 첨부1
  + [36] ntt=51753 (11513) [지방세징수법] 신탁부동산 재산세 체납에 따른 압류 설정의 효.. (1) / 답변1 첨부1
  + [37] ntt=51750 (11512) [취득세] 취득세 납세의무자 착오 신고로 인한 경정청구 (1) / 답변1 첨부1
  + [38] ntt=51745 (11511) [취득세] 장애인용 승강기 설치 시 취득세 과세표준 (1) / 답변1 첨부1
  + [39] ntt=51743 (11510) [자동차세] 감면차량 세대분리로 감면제외된 후 장애인 감면.. (1) / 답변1 첨부1
  + [40] ntt=51742 (11509) [취득세] 두 채의 다가구 건물 공유물 분할 (1) / 답변1 첨부1
  + [41] ntt=51738 (11508) [취득세] 창업중소기업 (1) / 답변1 첨부2
  + [42] ntt=51730 (11507) [주민세] 주민세 사업소분 문의 (1) / 답변1 첨부1
  + [43] ntt=51729 (11506) [취득세] 법인 건축물 신축 후 흡수합병 시 취득세 납세.. (1) / 답변1 첨부1
  + [44] ntt=51710 (11505) [재산세] 1년 이상  공용 또는 공공용 무상사용 재산세.. (1) / 답변1
  + [45] ntt=51689 (11504) [취득세] 법인 주택 중과 배제 대상이 유예기간 내 멸실.. (1) / 답변1 첨부1
[page 219 완료] 누적 신규 45건  (이 게시판 저장 총 6,545건)
  + [46] ntt=51686 (11503) [기타] 제2차 납세의무자 지정 관련 (1) / 답변1 첨부1
  + [47] ntt=51685 (11502) [등록면허세] 해산명령에 따른 등록면허세 납부 관련 (1) / 답변1 첨부1
  + [48] ntt=51681 (11501) [취득세] 건폐율 때문에 건축할 수 없는 면적을 미사용으.. (1) / 답변1
  + [49] ntt=51679 (11500) [재산세] 이의신청 기간이 지난 과년도 재산세 환급 (1) / 답변1 첨부1
  + [50] ntt=51675 (11499) [취득세] 처분기한내 3주택 소유시 일시적 2주택 적용하.. (1) / 답변1 첨부1
  + [51] ntt=51671 (11498) [재산세] 재산세 도로(사도) 비과세 (1) / 답변1 첨부1
  + [52] ntt=51656 (11497) [재산세] 과년도 주택 수 산정제외 신청 시 구제방안 (1) / 답변1 첨부1
  + [53] ntt=51654 (11496) [재산세] 저율 분리과세 직접 사용의 범위 관련 문의 (1) / 답변1 첨부1
  + [54] ntt=51647 (11495) [취득세] 과점주주취득세 과세방법 (1) / 답변1 첨부1
  + [55] ntt=51644 (11494) [취득세] 창업중소기업 감면 적용가능 여부(업종) (1) / 답변1 첨부1
  + [56] ntt=51643 (11493) [재산세] 리츠펀드 소유 목적사업용 토지 분리과세대상여부.. (1) / 답변1 첨부1
  + [57] ntt=51642 (11492) [취득세] 생애최초 주택취득 감면시, 상시거주 지연의 정.. (1) / 답변1 첨부1
  + [58] ntt=51641 (11491) [재산세] 사실상 종중재산 신고 토지에 대한 상속등기가 .. (1) / 답변1 첨부1
  + [59] ntt=51637 (11490) [주민세] 야적장도 사업소분으로 과세해야하는지의 여부 (3) / 답변3 첨부1
  + [60] ntt=51627 (11489) [재산세] 제58조의3(창업중소기업 등에 대한 감면) 적.. (1) / 답변1 첨부1
  + [61] ntt=51623 (11488) [주민세] 사회복지단체인 지역자활센터에서 운영중인 카페,.. (1) / 답변1 첨부1
  + [62] ntt=51622 (11487) [기타] 시가표준액 결정 관련 (1) / 답변1 첨부1
  + [63] ntt=51593 (11486) [지방소득세] 법인지방소득세 안분착오(세무조사)에 따른 수시.. (1) / 답변1 첨부1
  + [64] ntt=51591 (11485) [지방세징수법] 연대납세 의무부과하였는데, 대표자 외 연대납세.. (1) / 답변1 첨부1
  + [65] ntt=51590 (11484) [등록면허세] 취득세 부과제척기간이 지나, 등록세 부과시 과.. (1) / 답변1 첨부1
  + [66] ntt=51588 (11483) [취득세] 분양권 양도인지,미등기전매인지? (1) / 답변1 첨부1
  + [67] ntt=51586 (11482) [취득세] 서민주택을 건축하기 위해 분양받은 토지의 경우.. (3) / 답변3 첨부2
  + [68] ntt=51585 (11481) [재산세] 신탁재산에 대한 위탁자 지위승계 시, 재산세 .. (1) / 답변1 첨부1
  + [69] ntt=51584 (11480) [주민세] 주민세(사업소분)관련 입니다 (1) / 답변1 첨부1
  + [70] ntt=51579 (11479) [지방세특례제한법] 창업중소기업 등에 대한 감면(제조업) (1) / 답변1 첨부1
  + [71] ntt=51571 (11478) [재산세] 유흥주점 중과 질의 (1) / 답변1 첨부1
  + [72] ntt=51570 (11477) [재산세] 주택(아파트)을 포덕소로 사용하는 경우 감면이.. (1) / 답변1 첨부1
  + [73] ntt=51568 (11476) [취득세] 아파트 입주권자에 대한 생애최초 주택구입 취득.. (1) / 답변1 첨부1
  + [74] ntt=51567 (11475) [취득세] 지방세법 시행령 14조4 2항(채무부담액) 전.. (1) / 답변1 첨부1
  + [75] ntt=51564 (11474) [세외수입] 11457 개발부담금 질의에 대한 답변과 관련.. (1) / 답변1
[page 220 완료] 누적 신규 75건  (이 게시판 저장 총 6,575건)
  + [76] ntt=51560 (11473) [주민세] 주민세 종업원분 추징 가능 여부 (1) / 답변1 첨부1
  + [77] ntt=51558 (11472) [주민세] 지자체 부서에서 그 업무를 담당하고 있는 장학.. (1) / 답변1 첨부1
  + [78] ntt=51557 (11471) [재산세] 11463 답변 관련 재질의(지식산업센터 지역.. (1) / 답변1 첨부1
  + [79] ntt=51552 (11470) [취득세] 재건축 준공인가 이후 조합원 계약 포기하여 조.. (1) / 답변1 첨부1
  + [80] ntt=51536 (11469) [재산세] 향교재단 설립에 따른 증여 토지의 취득시기 (1) / 답변1 첨부1
  + [81] ntt=51531 (11468) [취득세] 지방세기본법 시행령 개정(2023. 3. 14.. (1) / 답변1 첨부1
  + [82] ntt=51527 (11467) [취득세] 비조합원용부동산 취득에 대한 계산식( 지방세법.. (1) / 답변1 첨부1
  + [83] ntt=51522 (11466) [취득세] 노인복지시설 설치를 위해 취득한 토지 일부가 .. (1) / 답변1 첨부1
  + [84] ntt=51520 (11465) [재산세] 지식산업센터 지역자원시설세 소방중과 문의 (1) / 답변1 첨부1
  + [85] ntt=51505 (11464) [지방세기본법] 지방세 심의위원회 세외수입 이의신청에 대하여 .. (1) / 답변1 첨부1
  + [86] ntt=51502 (11463) [재산세] 사업시행자의 산업단지 조성용 부동산 재산세 감.. (1) / 답변1 첨부1
  + [87] ntt=51500 (11462) [지방세징수법] 빌라왕 김대성 소유주택 압류 관련 (1) / 답변1 첨부3
  + [88] ntt=51497 (11461) [지방세특례제한법] 산업단지 등에 대한 감면 (1) / 답변1 첨부1
  + [89] ntt=51493 (11460) [취득세] 교환 취득세 과세표준 문의 (1) / 답변1 첨부1
  + [90] ntt=51490 (11459) [세외수입] 급)개발부담금 납부연기 관련 질의-수정(첨부파.. (1) / 답변1 첨부1
  + [91] ntt=51489 (11458) [취득세] 개간토지의 사실상 지목변경 취득시기 질의 (1) / 답변1 첨부1
  + [92] ntt=51487 (11457) [재산세] 재산세 과세기준일 현재 리모델링 공사중인 새마.. (1) / 답변1 첨부1
  + [93] ntt=51485 (11456) [취득세] 상속 취득세 환급관련 문의 (1) / 답변1 첨부1
  + [94] ntt=51480 (11455) [지방소득세] irp 퇴직연금 환급청구와 관련 (1) / 답변1
  + [95] ntt=51478 (11454) [취득세] 종교용 사택으로 비과세 감면 여부 (1) / 답변1 첨부1
  + [96] ntt=51477 (11453) [취득세] 사단법인ㅇㅇㅇㅇㅇㅇㅇㅇ협회 소유 부동산 종교용.. (1) / 답변1 첨부1
  + [97] ntt=51476 (11452) [주민세] 사업자등록번호가 변경된 사업장에대해 동일사업장.. (1) / 답변1 첨부1
  + [98] ntt=51475 (11451) [재산세] 창업중소기업 등에 대한 감면 (1) / 답변1 첨부1
  + [99] ntt=51474 (11450) [지방세징수법] 연대납세의무가 걸려있는 취득세인데 납부 후 환.. (1) / 답변1 첨부1
  + [100] ntt=51461 (11449) [재산세] 별장으로 볼 수 있는 기준 (1) / 답변1 첨부1
  + [101] ntt=51460 (11448) [지방세징수법] 환가를 포기한 상속재산의 보상금 추심에 따른 .. (2) / 답변2 첨부1
  + [102] ntt=51458 (11447) [재산세] 등기부만 있는 상가 건축물 부속토지 재산세 관.. (1) / 답변1 첨부1
  + [103] ntt=51447 (11446) [취득세] 창업중소기업 감면 요건 해당 여부 (1) / 답변1 첨부1
  + [104] ntt=51441 (11445) [재산세] 별도합산과세대상 법령 해석 질의드립니다. (1) / 답변1 첨부1
  + [105] ntt=51439 (11444) [재산세] 미준공 건축물의 재산세 과세 관련 질의 (1) / 답변1 첨부1
[page 221 완료] 누적 신규 105건  (이 게시판 저장 총 6,605건)
  + [106] ntt=51435 (11443) [자동차세] 횡령당한 차량에 대한 자동차세 비과세 문의 (1) / 답변1 첨부1
  + [107] ntt=51431 (11442) [취득세] 미신고상속 취득세 질의 (1) / 답변1 첨부1
  + [108] ntt=51421 (11441) [재산세] 공부상 대지 및 묘지이나 현황 농지일 경우 (1) / 답변1 첨부1
  + [109] ntt=51417 (11440) [재산세] 공유수면매립 공사준공인가 전 기업에게 분양(사.. (1) / 답변1 첨부1
  + [110] ntt=51410 (11439) [취득세] 국세 조세심판 경정통지 내용 인정 여부 (1) / 답변1 첨부1
  + [111] ntt=51397 (11438) [취득세] 질의11421번 추가 질의드립니다. (1) / 답변1 첨부1
  + [112] ntt=51395 (11437) [취득세] 주택 부속토지 무상취득(증여) 후, 주택 건물.. (1) / 답변1 첨부1
  + [113] ntt=51393 (11436) [재산세] 건축물대장 상 양곡창고의 재산세 과세대장 용도.. (1) / 답변1 첨부1
  + [114] ntt=51392 (11435) [취득세] 지방세 상담 신청합니다. (1) / 답변1 첨부1
  + [115] ntt=51391 (11434) [재산세] 소유권 분쟁 소송중인 토지 납세의무자 지정 (1) / 답변1 첨부1
  + [116] ntt=51379 (11433) [재산세] 지방세특례제한법 79조 법인 본점이전관련 문의.. (1) / 답변1 첨부1
  + [117] ntt=51373 (11432) [재산세] 공유수면에 위치한 건축물 과세방안 질의 (1) / 답변1 첨부1
  + [118] ntt=51368 (11431) [취득세] 건설기계  취득세 신고시 납세지는 어디로 봐야.. (1) / 답변1 첨부1
  + [119] ntt=51365 (11430) [지방세특례제한법] 지식산업센터 입주시설 부적격으로 인한 사무실 .. (1) / 답변1 첨부1
  + [120] ntt=51357 (11429) [취득세] 토지 취득 후 2년 이내 착공하지 못한 정당한.. (1) / 답변1 첨부1
  + [121] ntt=51355 (11428) [취득세] 동일사안에 대한 복수의 원인으로 인한 화해권고.. (1) / 답변1 첨부1
  + [122] ntt=51347 (11427) [취득세] 주택 수 판단 질의 드립니다. (1) / 답변1 첨부1
  + [123] ntt=51343 (11426) [지방세기본법] 지방소득세 탈세제보시 포상금 지급대상에 해당되.. (1) / 답변1 첨부1
  + [124] ntt=51341 (11425) [지방세기본법] 지방세 세무조사관련 (1) / 답변1 첨부1
  + [125] ntt=51336 (11424) [취득세] 창업벤처기업 감면 적용 여부(창업일) (1) / 답변1 첨부1
  + [126] ntt=51321 (11423) [취득세] 현물출자 취득세 감면대상 여부 (1) / 답변1 첨부1
  + [127] ntt=51307 (11422) [재산세] 건축중인 토지의 범위 (1) / 답변1 첨부1
  + [128] ntt=51305 (11421) [취득세] 택지개발지구 승계취득자 면적정산 취득세 환급 .. (1) / 답변1
  + [129] ntt=51303 (11420) [취득세] 기부채납 비과세 가능 여부 (1) / 답변1 첨부1
  + [130] ntt=51300 (11419) [재산세] 공장(창고) 지식산업센터 감면 적용 가능 여부 (1) / 답변1 첨부1
  + [131] ntt=51297 (11418) [취득세] 공유물 분할 소에 대한 법원의 화해권고 결정시.. (1) / 답변1 첨부1
  + [132] ntt=51295 (11417) [재산세] 어린이집 재산세 감면 대상 여부 (1) / 답변1 첨부1
  + [133] ntt=51294 (11416) [주민세] 주민세 개인분 관련 문의입니다. (1) / 답변1 첨부1
  + [134] ntt=51292 (11415) [지방세특례제한법] 취득세 감면 후 유예기간 내 자진신고 시 이자.. (1) / 답변1 첨부1
  + [135] ntt=51291 (11414) [주민세] 백화점 입점 법인의 주민세(사업소분) 적용 문.. (1) / 답변1 첨부1
[page 222 완료] 누적 신규 135건  (이 게시판 저장 총 6,635건)
  + [136] ntt=51289 (11413) [재산세] 잔금미지급 임대주택에 대한 납세의무자 (1) / 답변1 첨부1
  + [137] ntt=51287 (11412) [재산세] 주택 정비사업에 대한 토지 세부담상한 특례 적.. (1) / 답변1 첨부1
  + [138] ntt=51284 (11411) [주민세] 주민세(개인분) 요양원 입소로 인한 감면 문의 (1) / 답변1 첨부1
  + [139] ntt=51282 (11410) [취득세] 지방세특례제한법 177조의2에 대한 질의 (1) / 답변1 첨부1
  + [140] ntt=51268 (11409) [등록면허세] 한국식품클러스터진흥원 등록면허세  비과세 여부.. (1) / 답변1
  + [141] ntt=51264 (11408) [취득세] 유류분 반환 협의에 따른 취득세 부과 질의(판.. (1) / 답변1 첨부1
  + [142] ntt=51259 (11407) [재산세] 문화재(도지정문화재)감면 또는 분리과세 여부 (1) / 답변1 첨부1
  + [143] ntt=51257 (11406) [취득세] 자경농민 감면 임차로 인한 추징 관련 문의 드.. (1) / 답변1 첨부1
  + [144] ntt=51252 (11405) [취득세] (한국항공우주연구소) 기체 충전시설이 취득세 .. (1) / 답변1 첨부2
  + [145] ntt=51249 (11404) [세외수입] 임대인의 건축이행강제금을 대신 납부한 임차인에.. (1) / 답변1 첨부1
  + [146] ntt=51242 (11403) [취득세] 생애최초 감면 후 3년 이내 이혼 재산분할로 .. (1) / 답변1 첨부1
  + [147] ntt=51241 (11402) [취득세] 분양권 증여 취득 후 주택수 산정기준일 (1) / 답변1 첨부1
  + [148] ntt=51240 (11401) [지방소득세] [법인지방소득세] 기납부세액 환급 후 수정신고.. (1) / 답변1 첨부2
  + [149] ntt=51235 (11400) [취득세] 매도인(법인)이 부담한 부동산 감정평가수수료 .. (1) / 답변1 첨부1
  + [150] ntt=51234 (11399) [취득세] 구축물로 신고된 건이 과세대상인지 궁금합니다 (1) / 답변1 첨부1
  + [151] ntt=51233 (11398) [취득세] 토지 수용으로 인한 대체취득감면 적용 여부 (1) / 답변1 첨부1
  + [152] ntt=51230 (11397) [취득세] 가등기 이전에 따른 취득세 문의 (1) / 답변1 첨부1
  + [153] ntt=51225 (11396) [지방세징수법] 압류의 효력이 인정될 수 있는지 궁금합니다. (1) / 답변1 첨부1
  + [154] ntt=51222 (11395) [지방세기본법] 체납자와 가족 주거지 발견된 현금 압류 적법성.. (1) / 답변1 첨부1
  + [155] ntt=51219 (11394) [재산세] 농어촌공사 소유 재산세 정비 (1) / 답변1 첨부1
  + [156] ntt=51218 (11393) [재산세] 사회복지법인의 미사용 토지(건축물 부속토지의 .. (1) / 답변1
  + [157] ntt=51217 (11392) [기타] 지역자원시설세(특정자원) 과세 누락 건 부과 .. (1) / 답변1 첨부1
  + [158] ntt=51207 (11391) [등록면허세] 구분지상권 과세표준 질의 (1) / 답변1 첨부1
  + [159] ntt=51205 (11390) [재산세] 상속 법정지분 취득신고 재산세 납세의무자 지정.. (1) / 답변1 첨부1
  + [160] ntt=51203 (11389) [재산세] 재산세 납세의무자 직권변경 (1) / 답변1 첨부1
  + [161] ntt=51201 (11388) [취득세] 상시거주지연의 정당한사유에 해당하는지 여부 (1) / 답변1 첨부1
  + [162] ntt=51198 (11387) [주민세] 주민세 사업소분 문의 (1) / 답변1 첨부1
  + [163] ntt=51196 (11386) [취득세] 위탁자지위이전에 관해 (1) / 답변1 첨부1
  + [164] ntt=51185 (11385) [재산세] 사회복지법인이 개인에게 위탁운영 할 경우 재산.. (1) / 답변1 첨부1
  + [165] ntt=51183 (11384) [지방소득세] 지방소득세 통보에 따른 환급 의무 규정에 대해.. (1) / 답변1 첨부1
[page 223 완료] 누적 신규 165건  (이 게시판 저장 총 6,665건)
  + [166] ntt=51180 (11383) [취득세] 생애최초 감면시, 상시거주지연의 정당한 사유 .. (1) / 답변1 첨부1
  + [167] ntt=51161 (11382) [기타] 담배소비세 공제 및 환급 (1) / 답변1 첨부1
  + [168] ntt=51151 (11381) [자동차세] 자동차 매매상 폐차 입고 후 폐업 (1) / 답변1 첨부1
  + [169] ntt=51146 (11380) [취득세] 토지수용에 따른 보상금 수령하기 전에 취득한 .. (1) / 답변1 첨부1
  + [170] ntt=51145 (11379) [취득세] 2023.4.28일자 11359 답변에 대하여.. (1) / 답변1 첨부1
  + [171] ntt=51142 (11378) [취득세] 부담부증여 시 유상취득세율 적용 문의 (1) / 답변1 첨부1
  + [172] ntt=51140 (11377) [취득세] 교환계약시 시가인정액 적용 문의 (1) / 답변1 첨부1
  + [173] ntt=51138 (11376) [취득세] 직계존비속간 거래시 유상거래세율 적용가능 여부 (1) / 답변1 첨부1
  + [174] ntt=51136 (11375) [주민세] 주민세 종업원분 중소기업공제 관련 (1) / 답변1 첨부1
  + [175] ntt=51134 (11374) [취득세] 창업 당시 업종에서 변경된 기업 감면 추징(창.. (1) / 답변1 첨부1
  + [176] ntt=51133 (11373) [취득세] 법인중과와 감면추징 관련하여 질의드립니다. (1) / 답변1 첨부1
  + [177] ntt=51130 (11372) [취득세] 법원의 화해권고결정에 의한 명의신탁 부동산의 .. (1) / 답변1 첨부1
  + [178] ntt=51125 (11371) [자동차세] 차령초과말소차량에 대한 지방세 완납 (1) / 답변1 첨부2
  + [179] ntt=51118 (11370) [취득세] 부담부증여 환부문의 (1) / 답변1 첨부1
  + [180] ntt=51111 (11369) [지방소득세] 법인지방소득세 외국납부세액 과표 차감 누락분 .. (1) / 답변1 첨부1
  + [181] ntt=51110 (11368) [기타] 지역자원시설세 중과 대상 시설물 (1) / 답변1 첨부1
  + [182] ntt=51102 (11367) [취득세] 직계존비속간 유상거래, 차용증 인정 여부 (1) / 답변1
  + [183] ntt=51100 (11366) [주민세] 사회복지법인 주민세 (균등분,사업소분 기본세율.. (1) / 답변1 첨부1
  + [184] ntt=51095 (11365) [지방세기본법] 법인 세무조사 중지 혹은 기간 연장이 가능한지.. (1) / 답변1 첨부1
  + [185] ntt=51093 (11364) [지방세특례제한법] 차량취득세 장애인감면 적용 관련 질의입니다~ (1) / 답변1 첨부1
  + [186] ntt=51091 (11363) [지방세징수법] 체납이 있는 신탁회사의 환급금 발생 (1) / 답변1 첨부1
  + [187] ntt=51089 (11362) [재산세] 도시첨단산업단지 조성공사 재산세(토지) 과세대.. (1) / 답변1 첨부3
  + [188] ntt=51088 (11361) [취득세] 생애최초 감면 상시거주 지연 정당한사유 문의 (1) / 답변1 첨부1
  + [189] ntt=51085 (11360) [취득세] 임대사업자가 최초로 분양받은 경우에 해당하는지.. (1) / 답변1 첨부1
  + [190] ntt=51084 (11359) [취득세] 사찰의 종교행위의 범위 문의 (1) / 답변1 첨부1
  + [191] ntt=51080 (11358) [취득세] 유증으로 인한 취득세 납부 후 법원조정 있을 .. (1) / 답변1 첨부1
  + [192] ntt=51072 (11357) [재산세] 지방세특례제한법 제31조의 3 제1항 임대 목.. (1) / 답변1 첨부1
  + [193] ntt=51069 (11356) [세외수입] 개발이익환수에 관한 법률 제6조 문의 (1) / 답변1 첨부1
  + [194] ntt=51064 (11355) [등록면허세] 등록면허세(면허) 과세누락 수시분 부과시 (1) / 답변1 첨부1
  + [195] ntt=51063 (11354) [지방소득세] 법인지방소득세 안분계산 (1) / 답변1 첨부1
[page 224 완료] 누적 신규 195건  (이 게시판 저장 총 6,695건)
  + [196] ntt=51061 (11353) [지방세징수법] 채권의 소멸시효 문의 (1) / 답변1 첨부1
  + [197] ntt=51053 (11352) [취득세] 상속대위등기 후 유증한 경우 취득세 또는 등록.. (1) / 답변1 첨부1
  + [198] ntt=51050 (11351) [지방소득세] 지방소득세(양도소득) 사망자 상속인 부과 건 (1) / 답변1 첨부1
  + [199] ntt=51044 (11350) [재산세] 지역자원시설세 3배 중과 적용관련 (1) / 답변1 첨부2
  + [200] ntt=51042 (11349) [취득세] 상속취득세 상속인 문의 (1) / 답변1 첨부1
    [retry 1/3] ReadTimeout
    [retry 2/3] ReadTimeout
  + [201] ntt=51041 (11348) [취득세] 국공립 어린이집 감면문의 (1) / 답변1 첨부1
  + [202] ntt=51033 (11347) [주민세] 주민세 납세대상자 사망(상속포기) (1) / 답변1 첨부1
  + [203] ntt=51030 (11346) [취득세] 건축물 준공에 따른 사실상 지목변경 취득시기 (1) / 답변1 첨부1
  + [204] ntt=51028 (11345) [취득세] 자경농민 거주요건의 기준 문의 (1) / 답변1 첨부1
  + [205] ntt=51026 (11344) [취득세] 고급주택 해당 여부 (1) / 답변1 첨부1
  + [206] ntt=51013 (11343) [재산세] 새마을금고의 지역사회개발사업에 해당하는 주유소.. (1) / 답변1 첨부1
  + [207] ntt=51011 (11342) [재산세] 가스공사의  지하매설 가스관인 경우 합산과세판.. (1) / 답변1 첨부1
  + [208] ntt=51010 (11341) [취득세] 지방세 상담 신청합니다. (1) / 답변1 첨부1
  + [209] ntt=51008 (11340) [재산세] 공부상 소유자와 재산세 납세의무자가 다른 경우.. (1) / 답변1 첨부1
  + [210] ntt=51007 (11339) [취득세] 다주택 상속으로 인한 1가구 1주택 특례세율 .. (1) / 답변1 첨부1
  + [211] ntt=51006 (11338) [취득세] 직계존비속 간 부동산등 취득 시 적용세율 문의 (1) / 답변1 첨부1
  + [212] ntt=50992 (11337) [재산세] 지자체가 1년 이상 공용 또는 공공용으로 사용.. (1) / 답변1 첨부1
  + [213] ntt=50990 (11336) [지방세징수법] 자동차 공매 배분관련 문의 (1) / 답변1 첨부1
  + [214] ntt=50986 (11335) [취득세] 주택유상거래 취득 중과세 예외 관련 질의 (1) / 답변1 첨부1
  + [215] ntt=50985 (11334) [취득세] 산업단지 등에 감면을 받은 산업용 건축물을 중.. (1) / 답변1 첨부1
  + [216] ntt=50981 (11333) [취득세] 과점주주 간주취득세 시가표준액 적용가능 여부 (1) / 답변1 첨부1
  + [217] ntt=50980 (11332) [지방소득세] 문중의 지방소득세 납부기한 연장 가능 여부 (1) / 답변1 첨부1
  + [218] ntt=50978 (11331) [취득세] 1세대 3주택 이상 중과세 및 생애최초 취득세.. (1) / 답변1 첨부1
  + [219] ntt=50972 (11330) [지방소득세] 법인지방소득세 외국납부세액 이월공제 문의 (1) / 답변1 첨부1
  + [220] ntt=50964 (11329) [재산세] 소유권 이전등기 이행판결에 따라 등기를 하지 .. (2) / 답변2 첨부1
  + [221] ntt=50962 (11328) [취득세] 산업단지 내 신탁 시 추징여부 (1) / 답변1 첨부1
  + [222] ntt=50946 (11327) [취득세] 취득세 미준공건물 과표 경정청구에 의한 문의 (1) / 답변1 첨부1
  + [223] ntt=50945 (11326) [자동차세] 감면차량 세대분리시 수시부과 (1) / 답변1 첨부1
  + [224] ntt=50927 (11325) [취득세] 생애최초 감면시, 상시거주지연의 정당한 사유 .. (1) / 답변1 첨부1
  + [225] ntt=50924 (11324) [취득세] 재개발구역  사업시행인가후 승계조합원 건물 원.. (1) / 답변1 첨부1
[page 225 완료] 누적 신규 225건  (이 게시판 저장 총 6,725건)
  + [226] ntt=50918 (11323) [취득세] 불법건축물 취득세 신고납부후 감면적용 경정청구 (1) / 답변1 첨부1
  + [227] ntt=50907 (11322) [취득세] (법인취득) 취득일전 주택에서 근생으로 용도변.. (1) / 답변1 첨부1
  + [228] ntt=50901 (11321) [지방세징수법] 자동차 공매 배분 관련 (1) / 답변1 첨부1
  + [229] ntt=50899 (11320) [취득세] 법인 대도시 내를 판단할 때 대도시의 기준 (1) / 답변1 첨부1
  + [230] ntt=50898 (11319) [재산세] 공시지가 직권 정정 통보에 따른 재산세 환급 .. (3) / 답변3 첨부1
  + [231] ntt=50897 (11318) [취득세] 일시적 2주택 적용 가능 여부 (1) / 답변1 첨부1
  + [232] ntt=50892 (11317) [지방세특례제한법] 이전공공기관 소속직원에 대한 취득세 감면분 추.. (1) / 답변1 첨부1
  + [233] ntt=50889 (11316) [지방세기본법] 수사협조의뢰시 정보제공 범위 (1) / 답변1 첨부1
  + [234] ntt=50885 (11315) [재산세] 자녀 상속포기시 손자,손녀에게 미신고상속 지정.. (1) / 답변1 첨부1
  + [235] ntt=50884 (11314) [취득세] 감면유예기간내 상속 후 처분시 추징대상여부 (1) / 답변1 첨부1
  + [236] ntt=50873 (11313) [취득세] 상속포기신고 취소 심판결정시 납부한 취득세 환.. (1) / 답변1 첨부1
  + [237] ntt=50870 (11312) [취득세] 시공사인 법인이 대물변제로 주택을 취득하는 경.. (1) / 답변1 첨부1
  + [238] ntt=50869 (11311) [취득세] 2019년도에 공공지원민간임대주택으로 등록한 .. (1) / 답변1 첨부1
  + [239] ntt=50866 (11310) [재산세] 종교단체 단독주택 감면여부 질의 (1) / 답변1 첨부1
  + [240] ntt=50864 (11309) [취득세] 법인 주택취득 중과제외 여부 (1) / 답변1 첨부1
  + [241] ntt=50859 (11308) [취득세] 직계존비속간의 유상거래 인정 여부 (1) / 답변1 첨부1
  + [242] ntt=50855 (11307) [재산세] 상속미등기 재산세 납세의무자 관련 (1) / 답변1 첨부1
  + [243] ntt=50852 (11306) [재산세] 경관녹지에 대한 비과세 요구에 관하여 문의드립.. (1) / 답변1 첨부1
  + [244] ntt=50843 (11305) [취득세] 임대사업자 감면에 대해 문의드립니다. (1) / 답변1 첨부1
  + [245] ntt=50842 (11304) [취득세] 지방세특례제한법 제57조의2 제1항 추징 규정.. (1) / 답변1 첨부1
  + [246] ntt=50841 (11303) [재산세] 국가에 기부채납 하기로 약정한 군사시설사업계획.. (1) / 답변1 첨부1
  + [247] ntt=50833 (11302) [취득세] 법인과 특수관계인간의 계약 관련입니다. (1) / 답변1 첨부1
  + [248] ntt=50830 (11301) [취득세] 연부취득후 매매대금에 충당된 차입금의 이자비용.. (1) / 답변1 첨부1
  + [249] ntt=50823 (11300) [취득세] 단기 임대 주택  2년 이내 말소등록 및 매각.. (1) / 답변1 첨부1
  + [250] ntt=50821 (11299) [주민세] 창고 주민세 관련 문의 (1) / 답변1 첨부1
  + [251] ntt=50811 (11298) [세외수입] 회생 계획안 인가에 따른 부동산 압류 해제 요.. (1) / 답변1 첨부1
  + [252] ntt=50798 (11297) [지방세징수법] 임대인의 미납지방세 열람관련 문의 (1) / 답변1 첨부1
  + [253] ntt=50793 (11296) [주민세] 위탁 사업장에 대해 사업소분 부과 가능한지 여.. (1) / 답변1 첨부1
  + [254] ntt=50789 (11295) [취득세] 상속 대위등기에 따른 취득세 이중납부 및 환급.. (1) / 답변1 첨부1
  + [255] ntt=50786 (11294) [재산세] 산업단지 5년이상 사업시행자 변경해가며 계획인.. (1) / 답변1 첨부1
[page 226 완료] 누적 신규 255건  (이 게시판 저장 총 6,755건)
  + [256] ntt=50776 (11293) [지방소득세] 사업연도 종료일이 휴일인 경우, 안분율에서 종.. (1) / 답변1 첨부1
  + [257] ntt=50770 (11292) [취득세] 신탁대여원금,이자 및 각종 관리비가 취득세 과.. (1) / 답변1 첨부1
  + [258] ntt=50768 (11291) [자동차세] 자동차세 사실상 멸실차량 문의 (1) / 답변1 첨부1
  + [259] ntt=50767 (11290) [지방세기본법] 법인지방소득세 경정청구 가능기간 여부 (1) / 답변1 첨부1
  + [260] ntt=50764 (11289) [자동차세] 자동차세 및 취득세 장애인 감면 문의 (1) / 답변1 첨부1
  + [261] ntt=50759 (11288) [지방소득세] 소송판결의 영향 (1) / 답변1 첨부1
  + [262] ntt=50758 (11287) [취득세] 주택중과 관련 질문 (1) / 답변1 첨부1
  + [263] ntt=50754 (11286) [취득세] 명의신탁 진정명의 소유권회복 취득세 문의 (1) / 답변1 첨부1
  + [264] ntt=50747 (11285) [주민세] 사업소가 다수인 법인의 주민세(종업원분) 영업.. (1) / 답변1 첨부1
  + [265] ntt=50744 (11284) [지방세기본법] 과세전적부심사 기간 납부지연가산세 (1) / 답변1 첨부1
  + [266] ntt=50743 (11283) [재산세] 재산세(주택) 현황과세 문의 (1) / 답변1 첨부1
  + [267] ntt=50738 (11282) [취득세] 종교행위에 해당되는지 문의 (1) / 답변1 첨부1
  + [268] ntt=50734 (11281) [취득세] 교환 취득세 부과 판단 (1) / 답변1 첨부1
  + [269] ntt=50731 (11280) [지방소득세] 지방소득세 사망자 부과문의 (1) / 답변1 첨부1
  + [270] ntt=50728 (11279) [취득세] 분양권으로 인한 아파트 취득시 주택수 산정 (1) / 답변1 첨부1
  + [271] ntt=50722 (11278) [취득세] 불법건축물 취득세 신고시 관련 지특법 감면 조.. (1) / 답변1 첨부1
  + [272] ntt=50710 (11277) [지방소득세] 종중의 양도소득세에 대한 개인지방소득세 납세의.. (1) / 답변1 첨부1
  + [273] ntt=50703 (11276) [재산세] 산업단지 감면 후 착공으로 재감면 적용 시 면.. (1) / 답변1 첨부1
  + [274] ntt=50698 (11275) [재산세] 매매를 원인으로 한 소유권 이전등기 이행판결에.. (2) / 답변2 첨부1
  + [275] ntt=50696 (11274) [취득세] 가산세 관련 질문입니다. (1) / 답변1 첨부1
  + [276] ntt=50694 (11273) [자동차세] 자동차세 장애인 감면문의 (1) / 답변1 첨부1
  + [277] ntt=50684 (11272) [취득세] 교환 취득시기 및 과세표준 질의 (1) / 답변1 첨부2
  + [278] ntt=50683 (11271) [지방소득세] 법인지방소득세 문의 (1) / 답변1 첨부1
  + [279] ntt=50673 (11270) [취득세] 법인취득세 중과여부 (1) / 답변1 첨부1
  + [280] ntt=50667 (11269) [취득세] 주택신축판매업자의 중과세 예외에서 정당한 사유.. (1) / 답변1 첨부1
  + [281] ntt=50664 (11268) [지방세특례제한법] 창업중소기업 경감 추징에 대한 문의 (1) / 답변1 첨부1
  + [282] ntt=50662 (11267) [재산세] 주택 누락분 추징을 상속인에 부과할 수 있는지.. (1) / 답변1 첨부1
  + [283] ntt=50655 (11266) [취득세] 인구감소지역 창업의 범위 (1) / 답변1 첨부1
  + [284] ntt=50649 (11265) [재산세] 조세심판결정으로 인한 감액(환급)시 정당세액을.. (1) / 답변1 첨부1
  + [285] ntt=50644 (11264) [취득세] 생애최초 주택구입 감면배제 질문입니다. (상속.. (1) / 답변1 첨부1
[page 227 완료] 누적 신규 285건  (이 게시판 저장 총 6,785건)
  + [286] ntt=50643 (11263) [재산세] 집합건축물의 화재로 인한 대수선 허가 시, 재.. (1) / 답변1 첨부1
  + [287] ntt=50637 (11262) [재산세] 장기일반민간임대주택 감면된 경우 상속 재산세 .. (1) / 답변1 첨부1
  + [288] ntt=50636 (11261) [취득세] 생애최초 및 국가유공자 대부금 중복감면 질문입.. (1) / 답변1
  + [289] ntt=50632 (11260) [취득세] 생애최초감면 - 무허가주택 (주택을 소유한 사.. (1) / 답변1 첨부1
  + [290] ntt=50630 (11259) [취득세] 명의신탁해지로 인한 취득세 감면 여부 문의 (1) / 답변1 첨부1
  + [291] ntt=50628 (11258) [취득세] 생애최초 주택 취득 감면 추징 요건 문의 (1) / 답변1 첨부1
  + [292] ntt=50626 (11257) [취득세] 시험연구용 미등록 승용자동차가 임시운행허가를 .. (1) / 답변1 첨부1
  + [293] ntt=50625 (11256) [취득세] 반환채무 담보하기 위한 근저당권 설정 비용이 .. (1) / 답변1 첨부1
  + [294] ntt=50622 (11255) [취득세] 인구감소지역에 대한 감면 (1) / 답변1 첨부1
  + [295] ntt=50620 (11254) [취득세] 상속협의 신고 후 미등기상태에서 재차상속시 납.. (1) / 답변1 첨부1
  + [296] ntt=50614 (11253) [취득세] 취득세 과표 산입여부 (1) / 답변1 첨부1
  + [297] ntt=50607 (11252) [재산세] 빈집정비 사업으로 인한 공용 또는 공공용 재산.. (1) / 답변1 첨부1
  + [298] ntt=50603 (11251) [취득세] 주택분양권에 의한 주택 취득시 세율적용 문의 (1) / 답변1 첨부1
  + [299] ntt=50528 (11250) [기타] 지역자원시설세 과세대상이 궁금합니다. (1) / 답변1 첨부1
  + [300] ntt=50523 (11249) [지방세특례제한법] 사회복지법인등에 대한 감면 중 직접사용의 예외.. (1) / 답변1
  + [301] ntt=50515 (11248) [주민세] 축사가  주민세(사업소분)  대상인지? (1) / 답변1 첨부1
  + [302] ntt=50511 (11247) [취득세] 부당이득반환을 원인으로 한 소유권이전등기시 취.. (1) / 답변1 첨부1
  + [303] ntt=50507 (11246) [재산세] 무허가 주택 부속토지 재산세 부과 관련 질의(.. (1) / 답변1 첨부3
  + [304] ntt=50506 (11245) [지방소득세] 외국인 근로자 원천징수 문의 (1) / 답변1 첨부1
  + [305] ntt=50505 (11244) [취득세] 재개발 조합원의 아파트 준공 시 당초 소유면적.. (1) / 답변1 첨부1
  + [306] ntt=50494 (11243) [재산세] 임야 중 일부 불법산지전용 후 농지로 사용 시.. (1) / 답변1 첨부1
  + [307] ntt=50490 (11242) [재산세] 불법용도변경건축물 토지과세관련 (3) / 답변3 첨부1
  + [308] ntt=50474 (11241) [지방소득세] 건설현장 일용직 근로자 안분 계산 (1) / 답변1 첨부1
  + [309] ntt=50468 (11240) [취득세] 과점주주 간주취득 납세의무여부 (1) / 답변1 첨부1
  + [310] ntt=50450 (11239) [등록면허세] 1개월을 초과한 한시적 영업신고에 대한 면허분.. (1) / 답변1 첨부1
  + [311] ntt=50447 (11238) [취득세] 장애인 감면 문의드립니다 (1) / 답변1 첨부1
  + [312] ntt=50442 (11237) [취득세] 법인 대표자 명의로 된 부동산을 법인으로 이전.. (1) / 답변1 첨부1
  + [313] ntt=50437 (11236) [취득세] 등기부는 없고 건축물 대장만 존재하는 경우, .. (1) / 답변1 첨부1
  + [314] ntt=50436 (11235) [지방세기본법] 지방세 환급금을 상속인들에게 법정지분으로 지급.. (1) / 답변1 첨부1
  + [315] ntt=50433 (11234) [취득세] 현물출자 순자산가액 판단 여부 문의 (1) / 답변1 첨부1
[page 228 완료] 누적 신규 315건  (이 게시판 저장 총 6,815건)
  + [316] ntt=50432 (11233) [지방세특례제한법] 농업법인 감면 여부 (1) / 답변1 첨부1
  + [317] ntt=50429 (11232) [지방세특례제한법] 토지수용등 대체취득 (1) / 답변1 첨부1
  + [318] ntt=50428 (11231) [취득세] 재건축아파트 사용승인일 이후 상가조합원 지위 .. (1) / 답변1 첨부1
  + [319] ntt=50427 (11230) [등록면허세] 어린이집 지방세특례제한법에 따른 등록면허세(면.. (1) / 답변1 첨부1
  + [320] ntt=50416 (11229) [지방세특례제한법] 창업중소기업 추징에 대한 문의 (1) / 답변1 첨부1
  + [321] ntt=50414 (11228) [재산세] (긴급)도로 비과세 관련 질의 (1) / 답변1 첨부1
  + [322] ntt=50413 (11227) [취득세] 종교단체 내 지역아동센터 취득세 관련 문의 (1) / 답변1 첨부1
  + [323] ntt=50410 (11226) [재산세] (긴급)특정유증시 재산세 납세 의무 (1) / 답변1 첨부1
  + [324] ntt=50409 (11225) [지방세징수법] 차량 공매 후 배분계산서 경정 (1) / 답변1 첨부1
  + [325] ntt=50399 (11224) [취득세] 산업단지 사업시행자의 토지수용 취득 관련 취득.. (1) / 답변1 첨부1
  + [326] ntt=50396 (11223) [등록면허세] 사업장 소재지 변경에 따른 등록면허세(면허분).. (1) / 답변1 첨부1
  + [327] ntt=50393 (11222) [취득세] 장애인용 자동차를 대체취득하는 경우 감면 적용.. (1) / 답변1 첨부1
  + [328] ntt=50368 (11221) [지방소득세] 법인지방소득세 안분관련 추가질의 (1) / 답변1 첨부1
  + [329] ntt=50364 (11220) [재산세] 풋살 경기장 재산세(토지) 과세형태 문의 (1) / 답변1 첨부1
  + [330] ntt=50363 (11219) [취득세] 특수관계인 유상거래시 시가인정액 적용 여부(1.. (1) / 답변1 첨부1
  + [331] ntt=50362 (11218) [취득세] 수처리시설 및 폐수처리시설이 취득세 과세대상에.. (1) / 답변1 첨부1
  + [332] ntt=50358 (11217) [취득세] 공동명의 신탁재산(한국주택금융공사) 취득세 신.. (1) / 답변1 첨부1
  + [333] ntt=50350 (11216) [취득세] 상속으로 인한 자경요건 (1) / 답변1 첨부1
  + [334] ntt=50349 (11215) [취득세] 주택건설사업자로 중과제외 받은 후에 면허없애고.. (1) / 답변1 첨부1
  + [335] ntt=50338 (11214) [지방소득세] 폐업 법인의 고지서 송달 및 2차 납세의무자 .. (1) / 답변1 첨부1
  + [336] ntt=50334 (11213) [취득세] 매매업자로 부터  매매용  차량을 취득하는  .. (1) / 답변1 첨부1
  + [337] ntt=50328 (11212) [지방세특례제한법] 「지방세특례제한법」 제11조(농업법인에 대한 .. (1) / 답변1 첨부1
  + [338] ntt=50316 (11211) [지방소득세] 법인지방소득세 안분관련 (1) / 답변1 첨부1
  + [339] ntt=50308 (11210) [취득세] 회원제 골프장 시설 및 시설물 개수시 취득세 .. (2) / 답변2
  + [340] ntt=50296 (11209) [지방세징수법] 물적납세의무관련문의드립니다. (1) / 답변1 첨부1
  + [341] ntt=50285 (11208) [취득세] 고급오락장 중과 취득세 경정청구 (1) / 답변1 첨부1
  + [342] ntt=50272 (11207) [지방세징수법] 신탁 부동산 압류 관련 문의 (1) / 답변1 첨부1
  + [343] ntt=50271 (11206) [기타] 법인회생절차와 관련된 조세의 지위 (1) / 답변1 첨부1
  + [344] ntt=50267 (11205) [등록면허세] 등록세 선등기 가산세 문의 (1) / 답변1 첨부1
  + [345] ntt=50264 (11204) [취득세] 창업중소기업 감면 해당 여부 (1) / 답변1 첨부1
[page 229 완료] 누적 신규 345건  (이 게시판 저장 총 6,845건)
  + [346] ntt=50263 (11203) [지방세특례제한법] 창업중소기업 추징에 대한 문의 (1) / 답변1 첨부1
  + [347] ntt=50260 (11202) [취득세] 간주취득세 과점주주 특수관계 성립여부 등 문의.. (1) / 답변1 첨부1
  + [348] ntt=50258 (11201) [재산세] 1인 단독명의 농지 사실상 종중토지로 인정 가.. (1) / 답변1 첨부1
  + [349] ntt=50257 (11200) [취득세] 지역주택조합의 취득세 납세의무 성립 여부 문의 (1) / 답변1 첨부1
  + [350] ntt=50255 (11199) [지방세징수법] 개인명의 종중토지 부동산 압류해제 여부 (1) / 답변1 첨부1
  + [351] ntt=50251 (11198) [주민세] 주민세 종업원분 분할법인 관련 문의드립니다 (1) / 답변1 첨부1
  + [352] ntt=50240 (11197) [지방소득세] 법인지방소득세 안분문의(휴업중인 사업장) (1) / 답변1 첨부1
  + [353] ntt=50238 (11196) [지방세징수법] 상법상 해산간주 법인에 대한 고지서 송달 문의 (2) / 답변2 첨부1
  + [354] ntt=50236 (11195) [재산세] 공부상 소유자와 재산세 납세의무자가 다른 경우.. (1) / 답변1 첨부1
  + [355] ntt=50223 (11194) [등록면허세] 가등기 등록면허세 과세표준 문의 (1) / 답변1 첨부1
  + [356] ntt=50218 (11193) [취득세] 생애최초 주택구입 취득세 주택 소유 이력 관련.. (1) / 답변1 첨부1
  + [357] ntt=50210 (11192) [지방세징수법] 농어촌특별세 가산세와 징수유예 (1) / 답변1 첨부1
  + [358] ntt=50205 (11191) [취득세] 상속 취득세 가산세 부과관련 문의 (1) / 답변1 첨부1
  + [359] ntt=50203 (11190) [취득세] 자경농민의 농업용 창고가 있는 창고용지 취득 .. (1) / 답변1 첨부1
  + [360] ntt=50202 (11189) [취득세] 체비지 과세표준 (1) / 답변1 첨부1
  + [361] ntt=50186 (11188) [재산세] 원인무효 확정판결로 인한 기부과된 재산세의 납.. (1) / 답변1 첨부1
  + [362] ntt=50185 (11187) [지방소득세] 기한내 신고 후 미납하여 직권고지한 경우에 이.. (1) / 답변1 첨부1
  + [363] ntt=50179 (11186) [취득세] 유류분반환 청구시 취득시기 및 납세의무자 문의 (1) / 답변1 첨부1
  + [364] ntt=50177 (11185) [취득세] 법인의 다가구 주택 취득 시 중과 예외 조건 (1) / 답변1 첨부1
  + [365] ntt=50175 (11184) [취득세] 공유물 분할에 해당하는지 문의드립니다. (1) / 답변1 첨부1
  + [366] ntt=50171 (11183) [취득세] 박물관 목적용도로 직접사용하지 아니한 토지에 .. (1) / 답변1 첨부1
  + [367] ntt=50170 (11182) [취득세] 취득세 과세표준 산정 시 법인장부가액의 인정 .. (1) / 답변1 첨부1
  + [368] ntt=50166 (11181) [취득세] 잔금일 지난 토지분양권 양도 (1) / 답변1 첨부1
  + [369] ntt=50151 (11180) [취득세] 상속재산분할 심판결정에 의한 취득세 (1) / 답변1
  + [370] ntt=50145 (11179) [취득세] 조정지역 무상증여 관련(공부와 현황이 다른 경.. (1) / 답변1 첨부1
  + [371] ntt=50142 (11178) [취득세] 과점주주의 간주 취득세 과세 시 법인의 장부금.. (1) / 답변1 첨부1
  + [372] ntt=50110 (11177) [지방세기본법] 납세자 과세정보 요청 관련 제공 대상에 해당하.. (1) / 답변1 첨부1
  + [373] ntt=50109 (11176) [취득세] 이혼 재산분할 취득세 세율특례 적용 관련 (1) / 답변1 첨부1
  + [374] ntt=50108 (11175) [취득세] 신고납부기한내 유증으로 인한  취득세 신고(상.. (1) / 답변1 첨부1
  + [375] ntt=50103 (11174) [지방세특례제한법] 산업단지 입주기업 감면 문의드립니다. (1) / 답변1 첨부1
[page 230 완료] 누적 신규 375건  (이 게시판 저장 총 6,875건)
  + [376] ntt=50093 (11173) [등록면허세] 법인 설립과 동시에 지점 설치시 등록면허세 질.. (1) / 답변1 첨부1
  + [377] ntt=50086 (11172) [주민세] 실질 사업자가 아닐 경우 주민세(개인사업자 및.. (1) / 답변1 첨부1
  + [378] ntt=50085 (11171) [취득세] 인접한 아파트 단지 상가 공유물 분할 여부 (1) / 답변1 첨부1
  + [379] ntt=50084 (11170) [지방세특례제한법] 생애최초 주택 구입 감면 “주택을 소유한 사실.. (1) / 답변1 첨부1
  + [380] ntt=50082 (11169) [취득세] 미준공 아파트 취득세 세율 적용 (1) / 답변1 첨부1
  + [381] ntt=50080 (11168) [재산세] 공장 건축물의 (소방분)지역자원시설세 2배 중.. (1) / 답변1 첨부1
  + [382] ntt=50078 (11167) [취득세] 채무인수계약서를 통해 경매금액과 별도로 보전(.. (1) / 답변1 첨부1
  + [383] ntt=50066 (11166) [자동차세] 자동차세 국가유공자 감면 5년 환급 문의 (1) / 답변1 첨부1
  + [384] ntt=50063 (11165) [취득세] 상속개시 후 경매낙찰되어 등기이전된 물건에 대.. (1) / 답변1 첨부1
  + [385] ntt=50059 (11164) [지방세특례제한법] 미혼인 외국인의 서민주택 감면 가능 여부 (1) / 답변1 첨부1
  + [386] ntt=50047 (11163) [취득세] 지식산업센터용 토지 신탁에 대한 취득세 감면 .. (1) / 답변1 첨부1
  + [387] ntt=50042 (11162) [취득세] 창업벤처기업 감면 관련입니다. (1) / 답변1 첨부1
  + [388] ntt=50041 (11161) [지방세특례제한법] 법인의 지방 이전에 대한 취득세 감면 시 초과.. (1) / 답변1 첨부1
  + [389] ntt=50039 (11160) [재산세] 재산세 납세의무자 관련 질의 문의 (1) / 답변1 첨부1
  + [390] ntt=50037 (11159) [취득세] 생애최초 감면 규정 상시 거주 지연의 사유에 .. (1) / 답변1 첨부1
  + [391] ntt=50030 (11158) [취득세] 명의신탁 해지를 원인으로 하는 법원 조정성립 .. (2) / 답변2 첨부1
  + [392] ntt=50029 (11157) [지방소득세] 지방소득세(특별징수분) 연말정산 환급소멸시효 .. (1) / 답변1 첨부1
  + [393] ntt=50025 (11156) [재산세] 종중 관련 재산세 납세의무자 변경 문의 (1) / 답변1 첨부1
  + [394] ntt=50017 (11155) [취득세] 당초부터 감면대상 아닌 경우로 추징된 경우, .. (1) / 답변1 첨부1
  + [395] ntt=50002 (11154) [재산세] 토지에 대한 세액 상당액 관련 (1) / 답변1 첨부1
  + [396] ntt=50000 (11153) [지방세징수법] 무단방치차량 공매시 범칙금 (1) / 답변1 첨부1
  + [397] ntt=49998 (11152) [취득세] 지목변경 취득세에 자경농민 감면 적용 가능 여.. (1) / 답변1 첨부1
  + [398] ntt=49997 (11151) [지방세기본법] 공시송달대상 (1) / 답변1 첨부1
  + [399] ntt=49996 (11150) [지방세특례제한법] 생애최초 취득 질의입니다. (1) / 답변1 첨부1
  + [400] ntt=49995 (11149) [지방세특례제한법] 외국인 생애최초주택 취득세 감면 문의 (1) / 답변1 첨부1
  + [401] ntt=49994 (11148) [재산세] 규약상 공용부분에 대한 납세의무자 질의 (1) / 답변1 첨부1
  + [402] ntt=49990 (11147) [취득세] 상속 취득세 관련 문의 (1) / 답변1 첨부1
  + [403] ntt=49987 (11146) [재산세] 재산세 현황과세 관련 질의합니다. (1) / 답변1 첨부1
  + [404] ntt=49986 (11145) [취득세] 시효취득에 의한 취득세 중과 질의드립니다. (1) / 답변1 첨부1
  + [405] ntt=49984 (11144) [지방세징수법] 임대차계약 이후의 미납지방세 열람 (1) / 답변1 첨부1
[page 231 완료] 누적 신규 405건  (이 게시판 저장 총 6,905건)
  + [406] ntt=49981 (11143) [재산세] 분리과세 중복 적용의 범위 (1) / 답변1 첨부1
  + [407] ntt=49968 (11142) [취득세] 분양권 전매 취득시 임대사업자 감면이 가능한가.. (1) / 답변1 첨부1
  + [408] ntt=49965 (11141) [취득세] 생애최초 건물멸실(주택부속토지) 감면대상 문의 (1) / 답변1 첨부1
  + [409] ntt=49959 (11140) [취득세] 농업회사법인의 가공 목적 부동산 해당 여부 (1) / 답변1 첨부1
  + [410] ntt=49955 (11139) [등록면허세] 아파트 조합원 대지권 등록세 부과 기준 (1) / 답변1 첨부1
  + [411] ntt=49952 (11138) [주민세] 주민세 종업원분 질의드립니다. (1) / 답변1 첨부1
  + [412] ntt=49941 (11137) [취득세] 재개발 승계조합원 취득세(신축) 신고시 과세표.. (1) / 답변1 첨부1
  + [413] ntt=49937 (11136) [지방세징수법] 보험금 채권 소멸시효 여부 문의 (1) / 답변1 첨부3
  + [414] ntt=49932 (11135) [세외수입] 지방세환급금에 대한 세외수입 체납액 충당 관련 (1) / 답변1 첨부1
  + [415] ntt=49929 (11134) [지방세특례제한법] 생애최초 주택 구입에 대한 취득세 감면 후 전.. (1) / 답변1 첨부1
  + [416] ntt=49927 (11133) [취득세] 축사 등의 부속토지 범위 및 취득세 감면가능여.. (1) / 답변1 첨부1
  + [417] ntt=49924 (11132) [지방세징수법] 사망자 환급금 지급 후 (1) / 답변1 첨부1
  + [418] ntt=49918 (11131) [지방세기본법] 지방세 상담신청드립니다. (1) / 답변1 첨부1
  + [419] ntt=49902 (11130) [취득세] 농업법인 경정청구(감면신청)로 환급결정및경정결.. (1) / 답변1 첨부1
  + [420] ntt=49896 (11129) [지방세기본법] 환급가산금 문의 (1) / 답변1 첨부1
  + [421] ntt=49894 (11128) [재산세] 사단법인 종교단체의 무허가건물 재산세 감면 (1) / 답변1 첨부1
  + [422] ntt=49883 (11127) [취득세] 고급주택 해당여부 문의 (1) / 답변1 첨부1
  + [423] ntt=49879 (11126) [취득세] 노인복지시설 취득세 감면관련 (지특법 178조.. (1) / 답변1 첨부1
  + [424] ntt=49878 (11125) [지방세특례제한법] 인구감소지역 감면 관련 문의 (1) / 답변1 첨부1
  + [425] ntt=49875 (11124) [취득세] 체비지 신고납부 후 추가 비용에 대한 납세의무.. (1) / 답변1 첨부1
  + [426] ntt=49871 (11123) [주민세] 지방세법 제75조 1항 3호 [단독으로 세대를.. (1) / 답변1 첨부1
  + [427] ntt=49861 (11122) [재산세] 재건축 사업부지 전년도 공시지가 재산정 적용 .. (1) / 답변1 첨부1
  + [428] ntt=49860 (11121) [취득세] 지목변경 후 지가 하락 또는 변동이 없을 때 .. (1) / 답변1 첨부1
  + [429] ntt=49859 (11120) [지방세징수법] 징수유예 횟수 및 징수유예 담보 실행에 관한 .. (1) / 답변1 첨부1
  + [430] ntt=49850 (11119) [취득세] 경매로 인해 건축물(공장) 취득시 기계기구에 .. (1) / 답변1 첨부1
  + [431] ntt=49844 (11118) [취득세] 주택의 부속 토지에 대한 시가표준액 기준(재질.. (1) / 답변1 첨부1
  + [432] ntt=49843 (11117) [재산세] 산업단지 조성공사 진행 중 재산세 부과 (1) / 답변1 첨부1
  + [433] ntt=49840 (11116) [재산세] << 시설 >>에 대한 별도합산 과세대상 토지.. (1) / 답변1 첨부1
  + [434] ntt=49837 (11115) [재산세] 상속 분할 협의가 안된 재산의 납세의무자 변동.. (1) / 답변1 첨부1
  + [435] ntt=49824 (11114) [취득세] 주택의 부속 토지에 대한 시가표준액 기준 (1) / 답변1 첨부1
[page 232 완료] 누적 신규 435건  (이 게시판 저장 총 6,935건)
  + [436] ntt=49817 (11113) [취득세] 생애최초 주택을 소유한 사실이 없는 경우 문의 (1) / 답변1 첨부1
  + [437] ntt=49807 (11112) [취득세] 재개발조합이 취득한 체비지(일반분양 아파트 및.. (1) / 답변1 첨부2
  + [438] ntt=49805 (11111) [지방소득세] 지방소득세 ‘납세지 오류’ 가산세 감면 해당 .. (1) / 답변1 첨부1
  + [439] ntt=49804 (11110) [지방소득세] 종합소득세 납세지 문의드립니다.(국세 결정자료.. (1) / 답변1 첨부1
  + [440] ntt=49803 (11109) [세외수입] 개발부담금 체납 2차납세의무자(대표, 사내이사.. (1) / 답변1 첨부1
  + [441] ntt=49798 (11108) [지방세징수법] 체납상태인 지방세에 징수유예 적용이 가능한지 .. (1) / 답변1 첨부1
  + [442] ntt=49785 (11107) [취득세] 임대중인 다가구주택(단독주택)을 생애최초 주택.. (1) / 답변1 첨부1
  + [443] ntt=49782 (11106) [지방세특례제한법] 창업중소기업 추징에 대한 문의 (1) / 답변1 첨부1
  + [444] ntt=49775 (11105) [취득세] 전환 국립대학법인의 납세의무에 대한 특례 적용.. (1) / 답변1 첨부1
  + [445] ntt=49772 (11104) [지방소득세] 착오환급분 고지문의 (1) / 답변1 첨부1
  + [446] ntt=49771 (11103) [취득세] 사업승인고시일 이전에 취득한 토지에 대한 기부.. (2) / 답변2 첨부1
  + [447] ntt=49766 (11102) [취득세] 무상양여 토지 중 정비사업(아파트) 부속토지의.. (1) / 답변1 첨부1
  + [448] ntt=49765 (11101) [취득세] 생애최초 감면(주택 취득 이력 관련) (1) / 답변1 첨부1
  + [449] ntt=49762 (11100) [재산세] 부업종코드 입력 (1) / 답변1 첨부1
  + [450] ntt=49756 (11099) [취득세] 어린이집 감면관련 2년이내 직접미사용으로 추징.. (1) / 답변1 첨부1
  + [451] ntt=49755 (11098) [재산세] 위반건축물(주택) 증축 관련 건축물과 부속토지.. (1) / 답변1 첨부1
  + [452] ntt=49752 (11097) [취득세] 법인간 적격분할의 취득세 면제 적용 여부 (1) / 답변1 첨부1
  + [453] ntt=49744 (11096) [지방세기본법] 세무조사 연기 사유에 대한 질의 (1) / 답변1 첨부1
  + [454] ntt=49741 (11095) [취득세] (질의정정)산업단지 내 취득 부동산 감면 후 .. (1) / 답변1 첨부1
  + [455] ntt=49736 (11094) [취득세] 외국인이 한국인 배우자와 혼인 후 이혼했을때 .. (1) / 답변1 첨부1
  + [456] ntt=49728 (11093) [취득세] 생애최초주택구입 취득세 감면 관련(공동명의) (1) / 답변1 첨부1
  + [457] ntt=49726 (11092) [취득세] 생애최초 취득세 전입신고 관련 문의 (1) / 답변1 첨부1
  + [458] ntt=49723 (11091) [취득세] 차량취득세 장애인감면 대체취득 적용 관련 질의 (1) / 답변1 첨부1
  + [459] ntt=49719 (11090) [취득세] 사망자에게 부과된 상속취득세(등기완료 후 말소.. (1) / 답변1 첨부1
  + [460] ntt=49716 (11089) [자동차세] 자동차세 장애인 감면 (1) / 답변1 첨부1
  + [461] ntt=49713 (11088) [지방세특례제한법] 사회복지법인 감면 관련 질의 (1) / 답변1 첨부1
  + [462] ntt=49706 (11087) [취득세] 오피스텔 취득 후 주택수 산정 문의 (1) / 답변1 첨부1
  + [463] ntt=49705 (11086) [취득세] 고급주택 부속토지 해당여부 문의 (1) / 답변1 첨부1
  + [464] ntt=49703 (11085) [취득세] 임대사업자 감면 최초분양 판단 문의 (1) / 답변1 첨부1
  + [465] ntt=49697 (11084) [취득세] 상증세법 준용 여부 (1) / 답변1 첨부1
[page 233 완료] 누적 신규 465건  (이 게시판 저장 총 6,965건)
  + [466] ntt=49684 (11083) [취득세] 정비구역해제처분 집행정지 소송 중 주택거래 (1) / 답변1 첨부1
  + [467] ntt=49683 (11082) [취득세] 상속등기 미이행 부동산의 재차상속 시 취득세 .. (1) / 답변1 첨부1
  + [468] ntt=49670 (11081) [취득세] 체비지 가산세 및 기부채납 문의 (1) / 답변1 첨부1
  + [469] ntt=49668 (11080) [취득세] 20톤 미만 소형어선 및 동력수상레저기구에 대.. (1) / 답변1 첨부1
  + [470] ntt=49666 (11079) [취득세] 종교단체 감면 조건 위반 관련 추징 질의 (1) / 답변1 첨부1
  + [471] ntt=49665 (11078) [취득세] 원시취득 관련 증빙서류 문의 (1) / 답변1 첨부1
  + [472] ntt=49656 (11077) [취득세] 11070질의 관련 지방세법시행령 제28조의2.. (1) / 답변1 첨부1
  + [473] ntt=49638 (11076) [지방세특례제한법] 주택의 부속토지와 건물을 따로 취득하는 경우 .. (1) / 답변1 첨부1
  + [474] ntt=49633 (11075) [지방세징수법] 보험금 압류금지재산 (1) / 답변1 첨부1
  + [475] ntt=49617 (11074) [재산세] 화해권고 결정에 따른 재산세 소급 환급 여부 (1) / 답변1 첨부1
  + [476] ntt=49615 (11073) [지방소득세] 부과제척기간과 관련해서 문의드립니다. (1) / 답변1 첨부1
  + [477] ntt=49614 (11072) [취득세] 지방세법시행령 제28조의2 제8호 (1) / 답변1 첨부1
  + [478] ntt=49593 (11071) [재산세] 사회복지법인 직접사용에 해당하는지 여부(체험학.. (1) / 답변1 첨부1
  + [479] ntt=49586 (11070) [재산세] 지하건물이 있는 학교 운동장 재산세 비과세 여.. (1) / 답변1 첨부1
  + [480] ntt=49573 (11069) [취득세] 다주택자 세율 적용관련 질의 (1) / 답변1 첨부1
  + [481] ntt=49560 (11068) [재산세] 재산세 과세내역 정정 (1) / 답변1 첨부1
  + [482] ntt=49547 (11067) [취득세] 상시거주지연의 정당한 사유 문의 (1) / 답변1 첨부1
  + [483] ntt=49546 (11066) [취득세] 해당 매입 부가가치세 취득과표에 포함 여부 (1) / 답변1 첨부1
  + [484] ntt=49545 (11065) [취득세] 창업중소기업감면 사업확장, 창업 여부 문의(내.. (1) / 답변1 첨부1
  + [485] ntt=49537 (11064) [취득세] 수시부과 취득세율(취득세, 등록세) 문의 (1) / 답변1 첨부1
  + [486] ntt=49532 (11063) [취득세] 산업단지 내 취득 부동산 감면 후 사망 시 추.. (1) / 답변1 첨부1
  + [487] ntt=49524 (11062) [취득세] 어업경영체 미등록 영어조합법인 취득세 감면에 .. (1) / 답변1 첨부1
  + [488] ntt=49520 (11061) [취득세] 부담부증여관련 과세표준 산정 문의입니다. (1) / 답변1 첨부1
  + [489] ntt=49514 (11060) [취득세] 노인복지시설 취득세 감면 문의 (1) / 답변1 첨부1
  + [490] ntt=49511 (11059) [취득세] 체비지 취득시기 (1) / 답변1 첨부1
  + [491] ntt=49509 (11058) [주민세] 주민세(종업원분) -  종업원의 급여총액 범위.. (1) / 답변1 첨부1
  + [492] ntt=49499 (11057) [재산세] 미등기·무허가 주택 증여해제 재산세 관련 문의 (1) / 답변1 첨부1
  + [493] ntt=49486 (11056) [취득세] 도시개발지역 환지확정 토지에 대한 공유물분할 .. (1) / 답변1 첨부1
  + [494] ntt=49483 (11055) [취득세] 지방세법 부칙 제6조 해석 (1) / 답변1 첨부1
  + [495] ntt=49480 (11054) [취득세] 지방세 상담 신청합니다. (1) / 답변1 첨부1
[page 234 완료] 누적 신규 495건  (이 게시판 저장 총 6,995건)
  + [496] ntt=49479 (11053) [재산세] 공공용 주차장 재산세 비과세 관련 질의 (1) / 답변1 첨부1
  + [497] ntt=49468 (11052) [자동차세] 속한정승인 후 장례비용이 소극재산에 포함되는지.. (1) / 답변1 첨부1
  + [498] ntt=49458 (11051) [재산세] 토지 취득자와 전기 사업자가 다른 경우 재산세.. (1) / 답변1 첨부1
  + [499] ntt=49456 (11050) [취득세] 해외 영주권자 별도세대로 볼 수 있는지 (1) / 답변1 첨부1
  + [500] ntt=49454 (11049) [재산세] 포괄유증후 재산세납세의무자 (1) / 답변1 첨부1
  + [501] ntt=49437 (11048) [취득세] 지방공사 감면 관련 직접사용 여부(추징여부) .. (1) / 답변1 첨부1
  + [502] ntt=49433 (11047) [취득세] 부담부증여 개인 근저당 관련 채무잔액 입증 서.. (1) / 답변1 첨부1
  + [503] ntt=49422 (11046) [재산세] 태양광 발전시설용 토지에 대한 재산세 과세방법 (1) / 답변1 첨부1
  + [504] ntt=49415 (11045) [재산세] 지방세 상담 신청합니다. (1) / 답변1 첨부1
  + [505] ntt=49407 (11044) [자동차세] 자동차세 비과감면 문의 (2) / 답변2 첨부1
  + [506] ntt=49399 (11043) [취득세] 공유물 분할 과표 문의 (1) / 답변1 첨부1
  + [507] ntt=49397 (11042) [취득세] 직계존비속 매매 유상세율 인정 가능 여부 (1) / 답변1 첨부1
  + [508] ntt=49386 (11041) [재산세] 신탁 재산의 재산세 납세의무자문의입니다. (1) / 답변1 첨부1
  + [509] ntt=49377 (11040) [취득세] 유사부동산 시가인정액 문의 (1) / 답변1 첨부2
  + [510] ntt=49331 (11039) [지방소득세] 경영회생지원을 위한 조건부 환매시 지방소득세 .. (1) / 답변1 첨부2
  + [511] ntt=49329 (11038) [취득세] 임대주택 분양전환 취득세 추징 (1) / 답변1 첨부2
  + [512] ntt=49326 (11037) [취득세] 중과세 예외(8호) 주택 추징 관련 질의 (1) / 답변1 첨부1
  + [513] ntt=49321 (11036) [주민세] 주민세 개인분 교도소 수감자 납세의무 (1) / 답변1 첨부1
  + [514] ntt=49318 (11035) [기타] 전세권 압류 질의합니다. (1) / 답변1 첨부1
  + [515] ntt=49315 (11034) [취득세] 미준공건축물 취득세 문의 (1) / 답변1 첨부1
  + [516] ntt=49307 (11033) [취득세] 분양권 주택수 계산 문의 (1) / 답변1 첨부1
  + [517] ntt=49301 (11032) [등록면허세] 상위 종 변경을 수반하지 않는 건축면허 변경시.. (1) / 답변1 첨부1
  + [518] ntt=49296 (11031) [지방소득세] 경영회생지원을 위한 조건부 환매시 지방소득세 .. (1) / 답변1 첨부1
  + [519] ntt=49286 (11030) [재산세] 신탁재산 물적납세의무 (1) / 답변1 첨부1
  + [520] ntt=49284 (11029) [자동차세] 자동차세 비과감면(단독->공동명의) 문의 (1) / 답변1 첨부1
  + [521] ntt=49282 (11028) [취득세] 설립5년 이내 법인의 주택건설사업목적 주택취득.. (1) / 답변1 첨부1
  + [522] ntt=49277 (11027) [지방세특례제한법] 지방세특례제한법 '정당한사유'의 해석 질의 (1) / 답변1 첨부1
  + [523] ntt=49275 (11026) [취득세] 법인 지목변경 취득세 문의 (1) / 답변1 첨부1
  + [524] ntt=49263 (11025) [취득세] 경락시 기계기구 취득세 과세대상 질의 (1) / 답변1 첨부1
  + [525] ntt=49256 (11024) [지방세기본법] 사망자 환급 시 상속인 환급금 지급 문의 (1) / 답변1 첨부1
[page 235 완료] 누적 신규 525건  (이 게시판 저장 총 7,025건)
  + [526] ntt=49253 (11023) [취득세] 자경농민 관련 추징 대상 여부 및 법조문 해석.. (1) / 답변1 첨부1
  + [527] ntt=49242 (11022) [재산세] 신탁부동산 물적납세의무 (1) / 답변1 첨부1
  + [528] ntt=49237 (11021) [취득세] 토지수용 후 해당필지 일부 재취득 (1) / 답변1 첨부1
  + [529] ntt=49236 (11020) [취득세] 재증여(당초 계약 내용 일부변경)에 의한 취득.. (1) / 답변1 첨부1
  + [530] ntt=49230 (11019) [취득세] 자경농민 감면 여부 (1) / 답변1 첨부1
  + [531] ntt=49229 (11018) [지방세특례제한법] 지방세특례제한법 50조 1항 3호를 공공용지 .. (1) / 답변1 첨부1
  + [532] ntt=49228 (11017) [취득세] 산업단지 조성사업 준공 후 지목변경 취득세 과.. (1) / 답변1 첨부1
  + [533] ntt=49224 (11016) [지방세특례제한법] 주택개량사업에 따른 감면 범위 (1) / 답변1 첨부1
  + [534] ntt=49219 (11015) [지방소득세] [법인지방소득세] 부정 무신고 가산세 문의드립.. (1) / 답변1 첨부1
  + [535] ntt=49214 (11014) [취득세] 지입사 변경 (1) / 답변1 첨부1
  + [536] ntt=49208 (11013) [지방소득세] 납세지 외 지방자치단체에 납부하였으나, 환급받.. (1) / 답변1 첨부1
  + [537] ntt=49192 (11012) [재산세] 공부상현황과 사실상현황이 다른경우 (1) / 답변1 첨부1
  + [538] ntt=49182 (11011) [취득세] 주택재개발조합이 ①무상양여 받은 국공유지 중 .. (1) / 답변1 첨부1
  + [539] ntt=49181 (11010) [지방세징수법] 압류금지재산 중 보험금 압류에 대하여... (1) / 답변1
  + [540] ntt=49180 (11009) [취득세] 상속 취득세 관련(상속개시 후 증여등기) (1) / 답변1 첨부1
  + [541] ntt=49172 (11008) [지방세특례제한법] 생애최초주택 취득세 감면 관련 (1) / 답변1 첨부1
  + [542] ntt=49120 (11007) [취득세] 본점 건축물 개수에 따른 취득세 중과세율 적용.. (1) / 답변1 첨부1
  + [543] ntt=49118 (11006) [취득세] 토지와 사업시행자 소유 주택분양권 교환 (1) / 답변1 첨부1
  + [544] ntt=49117 (11005) [취득세] 연부취득 관련 상담 요청 드립니다. (3) / 답변3 첨부2
  + [545] ntt=49116 (11004) [취득세] 자경농민 감면 여부 (1) / 답변1 첨부1
  + [546] ntt=49111 (11003) [취득세] 다주택 중과세율 취득세 신고납부 후 분양권 계.. (1) / 답변1 첨부1
  + [547] ntt=49107 (11002) [취득세] 멸실목적 주택  추징시 가산세 종류&기산일 문.. (1) / 답변1 첨부1
  + [548] ntt=49095 (11001) [취득세] 산업단지 감면 종료 후, 미사용 토지 승계취득.. (1) / 답변1 첨부1
  + [549] ntt=49091 (11000) [재산세] 지방세법시행령 제102조 제7항 제7호 규정에.. (1) / 답변1 첨부1
  + [550] ntt=49085 (10999) [지방세특례제한법] 일몰규정의 연장에 대한 부칙적용여부 (1) / 답변1 첨부1
  + [551] ntt=49080 (10998) [취득세] 등기 후 상속 포기 (1) / 답변1 첨부1
  + [552] ntt=49076 (10997) [취득세] 취득세 환지 납부시기 질의드립니다. (1) / 답변1 첨부1
  + [553] ntt=49073 (10996) [취득세] 미준공 건축물에 대한 지방세법 제13조2항 지.. (1) / 답변1 첨부1
  + [554] ntt=49064 (10995) [재산세] 한국토지주택공사의 공공주택용지 개발에 따라 취.. (1) / 답변1 첨부1
  + [555] ntt=49061 (10994) [기타] 청산종결 후 기납부한 환급금 환급가능 여부 질.. (1) / 답변1 첨부1
[page 236 완료] 누적 신규 555건  (이 게시판 저장 총 7,055건)
  + [556] ntt=49057 (10993) [재산세] 농어촌민박 허가 면적 중 주거 부분에 대한 재.. (2) / 답변2 첨부1
  + [557] ntt=49044 (10992) [주민세] 종교단체 주민세(사업소분) 기본세율 감면 근거.. (1) / 답변1 첨부1
  + [558] ntt=49043 (10991) [기타] 성년후견인 선임을 위한 세목별 과세증명서 발급.. (1) / 답변1 첨부1
  + [559] ntt=49008 (10990) [취득세] 장애인 대체취득 관련 제3자 이전 여부 (1) / 답변1 첨부1
  + [560] ntt=48998 (10989) [주민세] 주민세 종업원분 (1) / 답변1 첨부1
  + [561] ntt=48989 (10988) [취득세] 철거 목적으로 임차건물 및 토지를 일부 매입 .. (1) / 답변1 첨부1
  + [562] ntt=48987 (10987) [취득세] 건설기계 과세표준 산입 여부 (1) / 답변1 첨부1
  + [563] ntt=48981 (10986) [지방세징수법] 국세환급금 압류의 시효 중단 효력 여부 (1) / 답변1 첨부1
  + [564] ntt=48979 (10985) [취득세] 법인의  목적사업에 직접사용하는 경우로 볼수 .. (2) / 답변2 첨부1
  + [565] ntt=48973 (10984) [취득세] 창업중소기업(감면코드 및 임대인이 있던 경우) (1) / 답변1 첨부1
  + [566] ntt=48970 (10983) [주민세] 주민세 종업원분 합병법인의 납세지 및 면세점 .. (1) / 답변1 첨부1
  + [567] ntt=48967 (10982) [지방세징수법] 파산선고(면책결정)이후 기존 압류채권에 대한 .. (1) / 답변1 첨부1
  + [568] ntt=48964 (10981) [취득세] 토지수용 대체취득시 현금보상이 아닌 대토보상 .. (1) / 답변1 첨부1
  + [569] ntt=48962 (10980) [주민세] 주민세(종업원분) 1년미만 사업장 중소기업공제.. (1) / 답변1 첨부1
  + [570] ntt=48958 (10979) [취득세] 증여취득세 납부후 상속취득세 재신고 납부 질의 (1) / 답변1 첨부1
  + [571] ntt=48951 (10978) [취득세] 가설건축물 축조신고후 미신고 취득세 부과건 (1) / 답변1 첨부1
  + [572] ntt=48936 (10977) [재산세] 공장 내 4층~10층 사이의 복리후생시설에 대.. (1) / 답변1 첨부1
  + [573] ntt=48934 (10976) [재산세] (긴급) 소멸시효 완성된 건에 대한 환급 문의 (1) / 답변1 첨부2
  + [574] ntt=48930 (10975) [주민세] 인정상여 처분에 대한 주민세 종업원분 부과제척.. (1) / 답변1
  + [575] ntt=48915 (10974) [재산세] 산업단지 내 공장 외 산업용건축물 부속토지에 .. (1) / 답변1 첨부1
  + [576] ntt=48914 (10973) [등록면허세] 기부채납한 도로에 대한 도로점용 면허세 과세여.. (1) / 답변1 첨부1
  + [577] ntt=48911 (10972) [취득세] 토지 무상증여시 시가인정액 문의 (1) / 답변1 첨부1
  + [578] ntt=48902 (10971) [취득세] 공유물 분할로 지분 취득시, 노인복지시설 감면.. (1) / 답변1 첨부1
  + [579] ntt=48898 (10970) [취득세] 시가인정액 인정 여부 (1) / 답변1 첨부1
  + [580] ntt=48890 (10969) [재산세] 소유권 미등기된 상속재산의 재산세 납세의무자 .. (1) / 답변1 첨부1
  + [581] ntt=48888 (10968) [재산세] 작물재배사 분리과세 여부 (1) / 답변1 첨부1
  + [582] ntt=48887 (10967) [취득세] 취득세 과세대상으로 볼 수 있는지 여부 (1) / 답변1 첨부1
  + [583] ntt=48884 (10966) [취득세] 자경농민의 농지 취득에 대한 감면 문의 (1) / 답변1 첨부1
  + [584] ntt=48878 (10965) [지방세징수법] 제3자납부 해당여부 (1) / 답변1 첨부1
  + [585] ntt=48874 (10964) [재산세] 목장용지 관련 (1) / 답변1 첨부1
[page 237 완료] 누적 신규 585건  (이 게시판 저장 총 7,085건)
  + [586] ntt=48868 (10963) [취득세] 일시적 2주택 적용기간 도중 다른 주택을 취득.. (1) / 답변1 첨부1
  + [587] ntt=48863 (10962) [지방세징수법] 한정승인 차량(공동명의)의 공매 진행 후 남은.. (1) / 답변1 첨부1
  + [588] ntt=48860 (10961) [지방세기본법] 공시송달효력 (1) / 답변1 첨부1
  + [589] ntt=48854 (10960) [취득세] 직계존비속 간 매매시 시가인정액과 매매대금의 .. (1) / 답변1 첨부1
  + [590] ntt=48845 (10959) [취득세] 공공주택사업자와 매입 약정을 한 법인 주택건설.. (1) / 답변1 첨부1
  + [591] ntt=48844 (10958) [지방세기본법] 과세정보 범위 관련 질의 (1) / 답변1 첨부1
  + [592] ntt=48841 (10957) [주민세] 가스생산기지내 가스관이 주민세(사업소분) 연면.. (1) / 답변1 첨부1
  + [593] ntt=48835 (10956) [취득세] 지역주택조합 (1) / 답변1 첨부1
  + [594] ntt=48821 (10955) [등록면허세] 가설건축물 존치기간 연장시 등록면허세(면허) .. (1) / 답변1 첨부1
  + [595] ntt=48819 (10954) [지방소득세] 신고분 납부기한연장 2회 후 독촉분 징수유예 .. (1) / 답변1 첨부1
  + [596] ntt=48813 (10953) [지방소득세] 지방소득세 종합소득 환급지가 어디인가요? (1) / 답변1 첨부1
  + [597] ntt=48808 (10952) [취득세] 생애최초 주택 구입에 대한 취득세 감면 후 추.. (1) / 답변1 첨부1
  + [598] ntt=48807 (10951) [주민세] 파견교사의 종업원 해당여부 질의 (1) / 답변1 첨부1
  + [599] ntt=48805 (10950) [기타] 납세자의 세무조사 신청 (1) / 답변1 첨부1
  + [600] ntt=48804 (10949) [취득세] 어린이집 감면 관련 (1) / 답변1 첨부1
  + [601] ntt=48789 (10948) [지방세기본법] 과세예고 (1) / 답변1 첨부1
  + [602] ntt=48780 (10947) [취득세] 외국인 상속 취득세 등본 문의드립니다. (1) / 답변1 첨부1
  + [603] ntt=48779 (10946) [취득세] 1가구1주택 상속 취득세 세율특례 적용 문의드.. (1) / 답변1 첨부1
  + [604] ntt=48775 (10945) [취득세] 건축주가 신축하여 임대사업을 영위하던 공동주택.. (1) / 답변1 첨부1
  + [605] ntt=48767 (10944) [재산세] 재산세 및 도시지역분 질의 (1) / 답변1 첨부1
  + [606] ntt=48761 (10943) [취득세] 기존 건축물의 토지 취득시 과표산입여부 (1) / 답변1 첨부1
  + [607] ntt=48760 (10942) [재산세] 재산세 및 도시지역분 질의 (1) / 답변1 첨부1
  + [608] ntt=48749 (10941) [취득세] 직계존비속(공동소유부동산)거래  부채승계 (1) / 답변1 첨부1
  + [609] ntt=48730 (10940) [취득세] 폐업에 대하여 질의드립니다. (1) / 답변1 첨부1
  + [610] ntt=48723 (10939) [재산세] 상속포기 이후 채권자 대위등기 및 공유물분할등.. (1) / 답변1 첨부1
  + [611] ntt=48716 (10938) [세외수입] 신탁사 세외수입 체납 시 압류 가능 여부 문의 (1) / 답변1 첨부1
  + [612] ntt=48715 (10937) [재산세] 지식산업센터 지역자원시설세 중과 문의드립니다. (1) / 답변1 첨부1
  + [613] ntt=48702 (10936) [지방소득세] 지방소득세 종합소득 환급기관 (1) / 답변1 첨부1
  + [614] ntt=48699 (10935) [지방세기본법] 성실납세자 세무조사 유예 및 면제 관련 (1) / 답변1 첨부1
  + [615] ntt=48683 (10934) [지방세징수법] 부동산 압류의 효력 규정에 대한 해석이 맞는지.. (1) / 답변1 첨부1
[page 238 완료] 누적 신규 615건  (이 게시판 저장 총 7,115건)
  + [616] ntt=48682 (10933) [취득세] 유상거래를 원인으로 공동주택을 취득하는 경우 .. (1) / 답변1 첨부1
  + [617] ntt=48676 (10932) [재산세] 건축물 부속토지의 주차장면적 과세 문의 (1) / 답변1 첨부1
  + [618] ntt=48663 (10931) [등록면허세] 종교단체 및 향교의 건축신고 시의 등록면허세 .. (1) / 답변1 첨부1
  + [619] ntt=48657 (10930) [취득세] 신탁방식주택연금 관련 취득세(상속)  재질의 (1) / 답변1 첨부1
  + [620] ntt=48655 (10929) [취득세] 진정명의회복을 원인으로 한 소유권이전등기 이행.. (1) / 답변1 첨부1
  + [621] ntt=48652 (10928) [지방세특례제한법] 창업일 당시 업종의 판단 (1) / 답변1 첨부1
  + [622] ntt=48645 (10927) [취득세] 마을 노인회의 경로당 취득 시 취득세 세율  .. (1) / 답변1 첨부1
  + [623] ntt=48643 (10926) [세외수입] 세외수입(주정차과태료) 문의 드립니다. (1) / 답변1 첨부1
  + [624] ntt=48637 (10925) [취득세] 생애최초주택 취득 감면 무허가 주택 (1) / 답변1 첨부1
  + [625] ntt=48632 (10924) [재산세] 경로당 감면 (1) / 답변1 첨부1
  + [626] ntt=48628 (10923) [취득세] 과거 등기관서의  등기기재 오류 및 판결에 의.. (1) / 답변1 첨부1
  + [627] ntt=48619 (10922) [취득세] 일시적 2주택(조합원 입주권) (1) / 답변1 첨부1
  + [628] ntt=48615 (10921) [취득세] 주택건설사업을 위해 취득하는 멸실 목적 취득 .. (1) / 답변1 첨부2
  + [629] ntt=48603 (10920) [취득세] 창업중소기업 감면대상 여부 (1) / 답변1 첨부1
  + [630] ntt=48601 (10919) [취득세] 취득세 합유 관련 질의 (1) / 답변1
  + [631] ntt=48597 (10918) [지방세징수법] 체납처분 신청관련 문의 (1) / 답변1 첨부1
  + [632] ntt=48596 (10917) [취득세] 전기차 충전시설이 근로자의 후생복지 시설에 해.. (1) / 답변1 첨부1
  + [633] ntt=48594 (10916) [취득세] 개인사업자 업종변경 시, 창업중소기업 감면 적.. (1) / 답변1 첨부1
  + [634] ntt=48593 (10915) [취득세] 귀농인 감면 요건과 관련하여 문의드립니다. (1) / 답변1 첨부1
  + [635] ntt=48590 (10914) [지방소득세] 지방소득세(양도소득) 미합산시 확정신고 기한 .. (1) / 답변1 첨부1
  + [636] ntt=48580 (10913) [취득세] 유류분 반환청구 판결로 인한 가산세 문의입니다.. (1) / 답변1 첨부1
  + [637] ntt=48578 (10912) [취득세] 골프회원권 증여 취득세 (1) / 답변1 첨부1
  + [638] ntt=48577 (10911) [지방소득세] 지방소득세 양도소득분 타인명의 납부분 기결정세.. (1) / 답변1 첨부1
  + [639] ntt=48576 (10910) [주민세] 주민세 종업원분 과세 여부 (1) / 답변1 첨부1
  + [640] ntt=48575 (10909) [기타] 상담신청서 한글 파일 반드시 보안해제 후 첨부 / 답변0
  + [641] ntt=48570 (10908) [취득세] 준공 전 사실상 미사용하는 미완성 건물의 법원.. (1) / 답변1 첨부1
  + [642] ntt=48569 (10907) [취득세] 창업중소기업 관련입니다(추가문의) (1) / 답변1 첨부1
  + [643] ntt=48563 (10906) [등록면허세] 등록면허세 비과세 단체(한국농어촌공사) (1) / 답변1 첨부1
  + [644] ntt=48562 (10905) [등록면허세] 등록면허세 비과세 관련 질의(마을회) (1) / 답변1 첨부1
  + [645] ntt=48559 (10904) [재산세] 1필지 위 별도 동 토지 안분 (1) / 답변1 첨부1
[page 239 완료] 누적 신규 645건  (이 게시판 저장 총 7,145건)
  + [646] ntt=48553 (10903) [지방세기본법] 과세자료 정보 공개 청구 (1) / 답변1 첨부1
  + [647] ntt=48544 (10902) [지방소득세] 지방세환급가산금 기산일 질의 (1) / 답변1 첨부1
  + [648] ntt=48543 (10901) [자동차세] 장애인 자동차세 감면 문의 (1) / 답변1 첨부1
  + [649] ntt=48542 (10900) [취득세] 신탁방식주택연금 관련 취득세(상속) 문의 (1) / 답변1 첨부1
  + [650] ntt=48539 (10899) [취득세] 교환취득 과세표준액 (1) / 답변1 첨부1
  + [651] ntt=48534 (10898) [지방소득세] 확정 신고분을 추후 늦게 확인 ( 그 사이에 .. (1) / 답변1 첨부1
  + [652] ntt=48533 (10897) [취득세] 2019년 분양계약 후 3년을 경과하여  취득.. (1) / 답변1 첨부1
  + [653] ntt=48532 (10896) [재산세] 복개된 구거 재산세 비과 감면 관련 (1) / 답변1 첨부1
  + [654] ntt=48526 (10895) [재산세] 주된상속자 재지정 관련 (1) / 답변1 첨부1
  + [655] ntt=48525 (10894) [취득세] 법인 합병에 따른 과점주주 간주취득세 부과 및.. (1) / 답변1 첨부1
  + [656] ntt=48523 (10893) [취득세] 지식산업센터 감면 (1) / 답변1 첨부1
  + [657] ntt=48522 (10892) [지방세징수법] 자동차 경매와 공매 동시 진행 가능 여부 (1) / 답변1 첨부1
  + [658] ntt=48519 (10891) [취득세] 재개발사업의 관리처분계획에 따라 취득하는 주택.. (1) / 답변1 첨부2
  + [659] ntt=48518 (10890) [취득세] 공유물분할 판결 (2) / 답변2 첨부1
  + [660] ntt=48514 (10889) [취득세] 서민주택 취득세감면 후 추징 문의 (1) / 답변1 첨부1
  + [661] ntt=48511 (10888) [취득세] 노인복지시설 취득세(감면분) 추징여부 상담 신.. (1) / 답변1 첨부1
  + [662] ntt=48507 (10887) [지방세특례제한법] 산업단지 내 신축 감면 여부 (미 사용승인 보.. (1) / 답변1 첨부1
  + [663] ntt=48503 (10886) [취득세] 창업중소기업 관련 문의입니다. (1) / 답변1 첨부1
  + [664] ntt=48489 (10885) [취득세] 지식산업센터 취득세 감면 휴게공간의 범위 (1) / 답변1 첨부1
  + [665] ntt=48481 (10884) [취득세] 법인 취득세 중과예외요건 미충족으로 인한 과세.. (1) / 답변1 첨부1
  + [666] ntt=48463 (10883) [지방세기본법] 과세관청의 결정의 범위가 궁금합니다. (1) / 답변1 첨부1
  + [667] ntt=48462 (10882) [취득세] 주택 건축 후 부속토지 취득시 주택 취득세율 .. (1) / 답변1 첨부1
  + [668] ntt=48446 (10881) [취득세] 재개발 사업감면 관련 최소납부세제 배제 가능여.. (1) / 답변1 첨부1
  + [669] ntt=48439 (10880) [취득세] 재개발조합의 조합원 상가분양 취득세 (1) / 답변1 첨부1
  + [670] ntt=48435 (10879) [지방소득세] 확정신고 후 N차 수정신고 or 경정청구시 가.. (1) / 답변1 첨부1
  + [671] ntt=48433 (10878) [기타] 신탁부동산 물적납부통지 이후 압류한 체납건에 .. (1) / 답변1 첨부1
  + [672] ntt=48426 (10877) [재산세] 미사용토지를 태양광발전 or 연료전지용지로 조.. (1) / 답변1 첨부1
  + [673] ntt=48424 (10876) [취득세] 임대사업자로 등록되어 있지 않은 사람도 감면 .. (1) / 답변1
  + [674] ntt=48422 (10875) [취득세] 지방세특례제한법 180조 중복 감면의 배제에 .. (1) / 답변1 첨부1
  + [675] ntt=48421 (10874) [취득세] 신법적용 및 오피스텔의 사실상현황에 대해 (1) / 답변1 첨부1
[page 240 완료] 누적 신규 675건  (이 게시판 저장 총 7,175건)
  + [676] ntt=48418 (10873) [취득세] 개인사업자가 산업단지 토지 취득 후, 법인으로.. (1) / 답변1 첨부1
  + [677] ntt=48416 (10872) [등록면허세] 임대사업자등록 등록면허세(면허) 다가구주택 (1) / 답변1 첨부1
  + [678] ntt=48415 (10871) [재산세] 지방세특례제한법 제31조제3항의 재산세 감면 .. (1) / 답변1 첨부1
  + [679] ntt=48404 (10870) [지방세특례제한법] 창업벤처중소기업 취득세 감면 관련 (1) / 답변1 첨부1
  + [680] ntt=48399 (10869) [취득세] 지목변경 (1) / 답변1 첨부1
  + [681] ntt=48397 (10868) [주민세] 주민세(종업원분) 중소기업지원공제 관련(법인 .. (1) / 답변1 첨부1
  + [682] ntt=48396 (10867) [재산세] 지특법 제76조 택지개발용 토지 등에 대한 감.. (2) / 답변2 첨부1
  + [683] ntt=48392 (10866) [재산세] 전통사찰이 소유하고 있는 임야(사찰림)에 대한.. (1) / 답변1 첨부1
  + [684] ntt=48391 (10865) [주민세] 주민세 부가가치세 면세사업자 총수입금액 산정기.. (1) / 답변1 첨부1
  + [685] ntt=48389 (10864) [재산세] 임대주택 지방세 감면 운영에 대한 질의 (2) / 답변2 첨부1
  + [686] ntt=48387 (10863) [지방세기본법] 소멸시효 기산일 문의 (1) / 답변1 첨부1
  + [687] ntt=48374 (10862) [지방세특례제한법] 법인 적격분할 후 산업단지 감면 적용 (1) / 답변1 첨부1
  + [688] ntt=48359 (10861) [지방세특례제한법] 창업중소기업 추징 관련 문의 (1) / 답변1 첨부1
  + [689] ntt=48358 (10860) [지방세특례제한법] 제조업과 제조업 용역 제공을 다른 업종으로 보.. (1) / 답변1 첨부1
  + [690] ntt=48352 (10859) [재산세] 임대주택 지방세 감면 운영에 대한 질의 (2) / 답변2 첨부1
  + [691] ntt=48351 (10858) [재산세] 지방세법 시행령 제103조 법률 해석 및 지방.. (1) / 답변1 첨부1
  + [692] ntt=48337 (10857) [자동차세] 국가유공자 자동차세 감면 (1) / 답변1 첨부1
  + [693] ntt=48329 (10856) [취득세] 화해권고결정으로 취득세 신고납부한 후 등기등록.. (1) / 답변1 첨부1
  + [694] ntt=48307 (10855) [취득세] 증여계약 해제 청구  화해권고결정이 난 경우 .. (1) / 답변1 첨부1
  + [695] ntt=48306 (10854) [취득세] 차량취득세 다자녀감면 추징 (1) / 답변1 첨부1
  + [696] ntt=48294 (10853) [취득세] 1가구1주택 상속 감면 적용시 가족 범위 질문.. (1) / 답변1 첨부1
  + [697] ntt=48266 (10852) [세외수입] 징수권 소멸시효 기간 문의(지방행정제재 부과금.. (1) / 답변1 첨부1
  + [698] ntt=48256 (10851) [취득세] 유치권자와 낙찰자의 관계가 특수관계일 경우  .. (1) / 답변1 첨부1
  + [699] ntt=48247 (10850) [취득세] 국공립유치원 또는 국공립초·중·고등학교를 국가.. (1) / 답변1 첨부1
  + [700] ntt=48244 (10849) [재산세] 도시개발사업용토지 과세 구분 관련 문의드립니다.. (1) / 답변1 첨부1
  + [701] ntt=48236 (10848) [주민세] 주민세 종업원분 관련 부과 검토 부탁드립니다. (1) / 답변1 첨부1
  + [702] ntt=48235 (10847) [취득세] 취득세 부과취소 (1) / 답변1 첨부1
  + [703] ntt=48233 (10846) [취득세] 2020.7.10. 이전에 계약한 분양권 계약.. (1) / 답변1 첨부1
  + [704] ntt=48232 (10845) [재산세] 주택분 재산세로 소급하여 재부과 할 수 있는지.. (1) / 답변1 첨부1
  + [705] ntt=48231 (10844) [취득세] 가등기 후 상속개시된 재산에 대해 소유권이전등.. (1) / 답변1 첨부1
[page 241 완료] 누적 신규 705건  (이 게시판 저장 총 7,205건)
  + [706] ntt=48230 (10843) [재산세] 재산세 납세의무자(기존 납세의무자 사망 후 환.. (1) / 답변1 첨부1
  + [707] ntt=48227 (10842) [취득세] 지특법 제73조 토지수용 대체취득 감면 관련 .. (1) / 답변1 첨부1
  + [708] ntt=48226 (10841) [취득세] 지방세법 시행령 제26조의 규정에 관해 (1) / 답변1 첨부1
  + [709] ntt=48223 (10840) [취득세] 귀농인 감면  관련 농업외 산업 추징대상에 해.. (1) / 답변1 첨부1
  + [710] ntt=48213 (10839) [자동차세] 국가유공자 자동차세 감면 관련 문의 (1) / 답변1 첨부1
  + [711] ntt=48211 (10838) [취득세] 연부취득 중 배우자에게 지분 증여시 기납부 취.. (1) / 답변1 첨부1
  + [712] ntt=48202 (10837) [기타] 지방세 과세정보 제공여부 (1) / 답변1 첨부2
  + [713] ntt=48193 (10836) [취득세] 합유자 변경 관련 과세 및 자경농민 감면 가능.. (1) / 답변1 첨부1
  + [714] ntt=48191 (10835) [지방세기본법] 주식회사가 아닌 영농조합법인의 제2차 납세의무.. (1) / 답변1 첨부1
  + [715] ntt=48184 (10834) [등록면허세] 등록면허세 관련 문의 (1) / 답변1 첨부1
  + [716] ntt=48175 (10833) [취득세] 공유물분할인지 교환인지 문의드립니다. (1) / 답변1 첨부1
  + [717] ntt=48153 (10832) [지방세특례제한법] 창업중소기업 감면 가능 여부 문의 (1) / 답변1 첨부1
  + [718] ntt=48146 (10831) [지방세특례제한법] 취득전 사망 배우자 주택 매도이력 존재시 생애.. (1) / 답변1 첨부1
  + [719] ntt=48137 (10830) [취득세] 직계존비속 거래(근저당권 채무 변제) 문의 (1) / 답변1 첨부1
  + [720] ntt=48132 (10829) [취득세] 특정유증에 따라 법정상속인의 소유권이전등기가 .. (1) / 답변1 첨부1
  + [721] ntt=48130 (10828) [지방세특례제한법] 재개발사업의 시행으로 취득하는 체비지, 보류지.. (1) / 답변1 첨부1
  + [722] ntt=48124 (10827) [취득세] 피상속인 사망 후 상속인 재차 사망시 상속 취.. (1) / 답변1 첨부1
  + [723] ntt=48118 (10826) [주민세] 주차장 면적에 대한 질의입니다. (1) / 답변1 첨부1
  + [724] ntt=48080 (10825) [취득세] 부과제척기간 개정법 적용기준일 문의 (1) / 답변1 첨부1
  + [725] ntt=48079 (10824) [지방세징수법] 체납처분 유예 관련 문의 (1) / 답변1 첨부1
  + [726] ntt=48057 (10823) [재산세] 의과대학 부속병원 분리과세 여부 (1) / 답변1 첨부1
    [hard-timeout 1/3] 15s 초과 -> 재시도(스레드 포기)
  + [727] ntt=48047 (10822) [지방세징수법] 사망자 차량 공매 가능여부 (1) / 답변1 첨부1
  + [728] ntt=48045 (10821) [취득세] 임차하여 창업한 중소기업의 사업용 자산 취득시.. (1) / 답변1 첨부1
  + [729] ntt=48044 (10820) [재산세] 레저시설의 별도합산과세대상 토지 범위 질의 (1) / 답변1 첨부1
  + [730] ntt=48042 (10819) [취득세] 유언검인조서에 따른 상속인 변동 시, 기 신고.. (1) / 답변1 첨부1
  + [731] ntt=48040 (10818) [지방세기본법] 영농조합법인 출자자의 무한책임사원 여부 (1) / 답변1 첨부1
  + [732] ntt=48036 (10817) [재산세] 산업단지 등에 대한 재산세 감면(정당한사유) (1) / 답변1 첨부1
  + [733] ntt=48029 (10816) [재산세] 곤충사육사 부지의 과세대상 구분은? (1) / 답변1 첨부1
  + [734] ntt=48026 (10815) [자동차세] 자동차세 환급 (1) / 답변1 첨부1
  + [735] ntt=48024 (10814) [지방세징수법] 자동차공매 배분시 저당권에 의하여 담보되는 채.. (1) / 답변1 첨부1
[page 242 완료] 누적 신규 735건  (이 게시판 저장 총 7,235건)
  + [736] ntt=48013 (10813) [취득세] 1년이 되는 날 (3) / 답변3 첨부1
    [retry 1/3] ConnectionError
  + [737] ntt=48008 (10812) [자동차세] 공공기관 불용차량의 공매진행 시 자동차세 비과.. (1) / 답변1 첨부1
  + [738] ntt=48004 (10811) [취득세] 파산선고 후 생애최초 감면 신청 (1) / 답변1 첨부1
  + [739] ntt=47970 (10810) [등록면허세] 국공립유치원을 국가, 지방자치단체로 볼 수 있.. (1) / 답변1 첨부1
  + [740] ntt=47963 (10809) [취득세] 아파트 증여 시 분양가액을 매매사례가액으로 적.. (1) / 답변1 첨부1
  + [741] ntt=47957 (10808) [지방세특례제한법] 재건축조합원의 임대주택 취득세 감면 관련 질의 (1) / 답변1 첨부1
  + [742] ntt=47943 (10807) [지방세특례제한법] 노인복지시설 증축부분 매각 시 추징여부 (1) / 답변1 첨부1
  + [743] ntt=47942 (10806) [지방소득세] 법인지방소득세 협회 안분 신고 (1) / 답변1 첨부1
  + [744] ntt=47934 (10805) [기타] 경매사건 소유자의 당해세가 과세자료 해당여부 (1) / 답변1 첨부1
  + [745] ntt=47927 (10804) [취득세] 과점주주 취득세 과세표준 산정 시 법인장부가액.. (1) / 답변1 첨부1
  + [746] ntt=47921 (10803) [취득세] 명의신탁 부동산 상속 및 명의신탁해지에 따른 .. (1) / 답변1 첨부1
  + [747] ntt=47912 (10802) [등록면허세] 면허분 등록면허세 환급 가능 여부 (1) / 답변1 첨부1
  + [748] ntt=47906 (10801) [취득세] (재질의)법정지분 상속 등기 후 상속인외의 자.. (1) / 답변1 첨부1
  + [749] ntt=47905 (10800) [주민세] 외근직만 있는 사업장의 주민세 (1) / 답변1 첨부1
  + [750] ntt=47904 (10799) [취득세] 의료법인이 의료업에 직접 사용하기 위한 시설 .. (1) / 답변1 첨부2
  + [751] ntt=47898 (10798) [취득세] 창업중소기업(창업당시 업종의 적정여부 판단) .. (1) / 답변1 첨부1
  + [752] ntt=47896 (10797) [재산세] 재단법인의 사회복지법인 감면 적용여부 (2) / 답변2 첨부1
  + [753] ntt=47889 (10796) [취득세] 자경농민 농지 취득 감면 후 2년 이내 사망 (1) / 답변1 첨부1
  + [754] ntt=47884 (10795) [등록면허세] 국공립유치원(병설유치원)에서 운영하는 집단급식.. (1) / 답변1 첨부1
  + [755] ntt=47883 (10794) [지방세징수법] 대학 통장 압류에 대한 뉴스를 보고 여쭤봅니다.. (1) / 답변1 첨부1
  + [756] ntt=47876 (10793) [취득세] 법정지분 상속 등기 후 상속인외의 자가 유증으.. (1) / 답변1 첨부1
  + [757] ntt=47872 (10792) [지방세징수법] 학교법인 수익용자산 공매가능 여부 (1) / 답변1 첨부1
  + [758] ntt=47871 (10791) [지방소득세] 양도소득세 - 기장불성실가산세(환산취득가액)도.. (1) / 답변1 첨부1
  + [759] ntt=47869 (10790) [지방세징수법] 지방세징수법상 징유유예 및 납세담보 설정 기준.. (1) / 답변1 첨부1
  + [760] ntt=47857 (10789) [지방세특례제한법] (10768 재질의)임대주택사업자 법령 해석 .. (1) / 답변1 첨부1
  + [761] ntt=47853 (10788) [취득세] 주식양수도 계약 변경한 경우 기존 과점주주 취.. (1) / 답변1 첨부1
  + [762] ntt=47846 (10787) [취득세] 주택신축판매업 정당한 사유 (1) / 답변1 첨부1
  + [763] ntt=47842 (10786) [등록면허세] 경찰복지회 등록면허세 부과 (1) / 답변1 첨부1
  + [764] ntt=47840 (10785) [취득세] (10777번 재질의)다자녀 차량 감면 보유기.. (2) / 답변2 첨부1
  + [765] ntt=47838 (10784) [등록면허세] 한국도로공사가 교량 설치 목적으로 하천점용을 .. (1) / 답변1 첨부1
[page 243 완료] 누적 신규 765건  (이 게시판 저장 총 7,265건)
  + [766] ntt=47820 (10783) [재산세] 주택건설사업용 토지 관련 (1) / 답변1 첨부1
  + [767] ntt=47814 (10782) [취득세] 과소신고가산세 추징관련 (1) / 답변1 첨부1
  + [768] ntt=47810 (10781) [자동차세] 경비작전용 지휘차량 자동차세 비과세 처리 여부 (1) / 답변1 첨부1
  + [769] ntt=47808 (10780) [지방세징수법] 압류 효력 및 관허사업 제한 검토(수정) (1) / 답변1 첨부1
  + [770] ntt=47799 (10779) [지방세징수법] 신탁재산공매시 위탁자의 2017년이전 신탁재산.. (1) / 답변1
  + [771] ntt=47798 (10778) [취득세] 다자녀 차량 감면 보유기간 1년 이내 소유권이.. (1) / 답변1 첨부1
  + [772] ntt=47787 (10777) [등록면허세] 양도소득세 1건은 미납 1건은 환급건으로 자료.. (1) / 답변1
  + [773] ntt=47767 (10776) [재산세] 산업단지 내 지식산업용 토지로 분리과세 적용 .. (1) / 답변1 첨부1
  + [774] ntt=47762 (10775) [취득세] 주택을 근린생활시설로 용도변경 함과 동시에 취.. (1) / 답변1 첨부1
  + [775] ntt=47759 (10774) [재산세] 학교법인(사립학교) 재산세 분리과세 문의 (1) / 답변1 첨부1
  + [776] ntt=47753 (10773) [재산세] 도로(비과세)해당하는지 여부 (1) / 답변1 첨부1
  + [777] ntt=47740 (10772) [취득세] 기업합병시 사업용 재산여부 및 사후관리 문의 (1) / 답변1 첨부1
  + [778] ntt=47738 (10771) [지방세징수법] 압류 효력 및 관허사업 제한 검토 / 답변0
  + [779] ntt=47737 (10770) [재산세] 건축물 대장상 단독주택의 종교단체 감면여부 (1) / 답변1 첨부1
  + [780] ntt=47728 (10769) [지방세특례제한법] 임대주택사업자 감면 가능 여부 및 감면 규정 .. (1) / 답변1 첨부1
  + [781] ntt=47725 (10768) [재산세] 재산세(토지) 골프장 과세구분 관련문의(부동산.. (1) / 답변1 첨부2
  + [782] ntt=47722 (10767) [등록면허세] 면허세 부과 (1) / 답변1 첨부1
  + [783] ntt=47721 (10766) [취득세] 신탁계약에 따라 신축하는 경우 취득세 과세표준.. (1) / 답변1 첨부1
  + [784] ntt=47719 (10765) [취득세] 농업법인의 농지취득시 농업경영정보 등록 관련 .. (1) / 답변1 첨부1
  + [785] ntt=47718 (10764) [취득세] 공매로 인한 차량 취득 시 과세표준 (1) / 답변1 첨부1
  + [786] ntt=47714 (10763) [취득세] 소유권이전등기 말소판결에 따른 취득세 납세의무 (1) / 답변1 첨부1
  + [787] ntt=47710 (10762) [취득세] 부담부 증여계약서 착오신고 경정요청 (1) / 답변1 첨부1
  + [788] ntt=47707 (10761) [주민세] 주민세(종업원분) 과세대상 여부 재질의 (1) / 답변1 첨부1
  + [789] ntt=47706 (10760) [취득세] 과점주주 특수관계 성립여부(재질의) (1) / 답변1 첨부1
  + [790] ntt=47705 (10759) [취득세] 상속재산분할심판에 따른 취득세 납세의무 문의 (1) / 답변1 첨부1
  + [791] ntt=47702 (10758) [재산세] 산업단지 분리과세 관련 문의 (1) / 답변1 첨부1
  + [792] ntt=47693 (10757) [취득세] 매매예약가등기 후 사망한 경우 상속인의 취득세.. (1) / 답변1 첨부1
  + [793] ntt=47692 (10756) [등록면허세] 금융투자업의 경우 매년 지점별로 등록면허세 납.. (1) / 답변1 첨부1
  + [794] ntt=47686 (10755) [재산세] 지방세법 102조의 분리과세대상토지 질문드립니.. (1) / 답변1 첨부1
  + [795] ntt=47681 (10754) [취득세] 태양광 발전시설 취득세 과세대상 문의드립니다. (1) / 답변1 첨부1
[page 244 완료] 누적 신규 795건  (이 게시판 저장 총 7,295건)
  + [796] ntt=47679 (10753) [취득세] 취득세 경정청구가능 여부에 대하여 질의드립니다.. (1) / 답변1 첨부1
  + [797] ntt=47671 (10752) [취득세] 지목변경 취득세 개정에 따른 시가표준액, 사실.. (1) / 답변1 첨부1
  + [798] ntt=47670 (10751) [취득세] 판결(명의신탁해제) 후, 수용등기로 인한 사실.. (1) / 답변1 첨부1
  + [799] ntt=47669 (10750) [지방세징수법] 신탁재산 압류여부가능확인(명의신탁인지 신탁법에.. (1) / 답변1 첨부1
  + [800] ntt=47663 (10749) [취득세] 취득세 부과대상인지 여부(환지관련) (1) / 답변1 첨부1
  + [801] ntt=47647 (10748) [취득세] 유증관련 납세의무 승계 여부 및 세율 적용 문.. (1) / 답변1
  + [802] ntt=47646 (10747) [지방세특례제한법] 재개발사업(관리처분계획)에서 ‘신탁재산 처분에.. (1) / 답변1 첨부2
  + [803] ntt=47645 (10746) [지방소득세] 지방소득세 납세지에 대한 문의입니다. (1) / 답변1 첨부1
  + [804] ntt=47642 (10745) [주민세] 주민세(사업소분) 중과대상 여부 문의(환경오염.. (1) / 답변1 첨부1
  + [805] ntt=47636 (10744) [재산세] 영유아어린이집 재산세 감면대상 해당여부 (1) / 답변1 첨부1
  + [806] ntt=47635 (10743) [취득세] 상속 재산 취득세 연대납세의무자 제외 요청 (.. (1) / 답변1 첨부1
  + [807] ntt=47622 (10742) [주민세] 주민세(종업원분) 과세대상 여부 (1) / 답변1 첨부1
  + [808] ntt=47614 (10741) [지방소득세] 지방소득세(양도분) 주민번호가 없는 상속인 배.. (1) / 답변1 첨부1
  + [809] ntt=47611 (10740) [재산세] 토지 형태에 따른 산업단지 분리과세 해석  문.. (1) / 답변1 첨부1
  + [810] ntt=47609 (10739) [취득세] 제약회사의 공조설비가 생산설비에 해당되는지? (1) / 답변1 첨부1
  + [811] ntt=47608 (10738) [취득세] 창업중소기업이 취득한 창고시설의 직접 사용 여.. (1) / 답변1 첨부1
  + [812] ntt=47606 (10737) [재산세] 집합건물 대지권 비율로 재산세 부과 적정여부 (1) / 답변1 첨부1
  + [813] ntt=47597 (10736) [취득세] 상속에 따른 취득세 질의 (1) / 답변1 첨부1
  + [814] ntt=47592 (10735) [취득세] 계약서상 잔금일을 특정하지 않는 경우 연부취득.. (1) / 답변1 첨부1
  + [815] ntt=47591 (10734) [취득세] 무상취득(증여) 시가인정액 적용 시, 유사부동.. (1) / 답변1 첨부1
  + [816] ntt=47589 (10733) [재산세] 미착공 토지 별도합산 과세 가능한지 여부(착공.. (1) / 답변1 첨부1
  + [817] ntt=47584 (10732) [재산세] 지자체가 1년 이상 공용 또는 공공용으로 사용.. (1) / 답변1 첨부2
  + [818] ntt=47583 (10731) [지방세기본법] 환급가산금 기산일 문의 (1) / 답변1 첨부1
  + [819] ntt=47582 (10730) [자동차세] 한정승인 시 소극재산에 자동차세 포함되어 있을.. (1) / 답변1 첨부1
  + [820] ntt=47563 (10729) [취득세] 지특법 제31조제1항에 따른 임대사업자 감면 .. (1) / 답변1 첨부1
  + [821] ntt=47559 (10728) [취득세] 대수선 취득세 부과 시 과세표준액 산정 문의 (1) / 답변1 첨부1
  + [822] ntt=47557 (10727) [자동차세] 세대를 달리하는 장애인 2인의 공동소유 차량에.. (1) / 답변1 첨부1
  + [823] ntt=47546 (10726) [취득세] 어업회사법인도 경영체등록이 되어있어야 하나요? (1) / 답변1 첨부1
  + [824] ntt=47544 (10725) [주민세] 별도 건축물의 주차장 공간에 대한 주민세(사업.. (1) / 답변1 첨부1
  + [825] ntt=47539 (10724) [취득세] 시가인정액이 없는 경우 부담부증여 과세표준 적.. (1) / 답변1 첨부1
[page 245 완료] 누적 신규 825건  (이 게시판 저장 총 7,325건)
  + [826] ntt=47530 (10723) [재산세] 재산세 상담신청드립니다. (1) / 답변1 첨부1
  + [827] ntt=47529 (10722) [지방세징수법] 공매에 따른 당해세(자동차세) 간의 배분 우선.. (2) / 답변2 첨부1
  + [828] ntt=47526 (10721) [재산세] 공장 용도지수 문의 (1) / 답변1 첨부1
  + [829] ntt=47514 (10720) [주민세] 주민세종업원분 고용지원( 지방세법 제84조의5.. (1) / 답변1 첨부1
  + [830] ntt=47508 (10719) [지방세징수법] 신용정보원에 제공하는 공공기록 해제기준 (1) / 답변1 첨부1
  + [831] ntt=47468 (10718) [취득세] 조합원 상환 조건 이주비 대출이자 (1) / 답변1 첨부1
  + [832] ntt=47465 (10717) [지방소득세] 지방소득세(양도소득분) 합산신고 문의 (1) / 답변1 첨부1
  + [833] ntt=47461 (10716) [재산세] 무허가 공장 증축에 대한 토지분 재산세 문의 (2) / 답변2 첨부1
  + [834] ntt=47453 (10715) [취득세] 친생자관계존재 확인 판결에 따른 자녀로 확정시.. (1) / 답변1 첨부1
  + [835] ntt=47446 (10714) [주민세] 주민세 종업원분 12월 사업장 통합 관련 급여.. (1) / 답변1 첨부1
  + [836] ntt=47445 (10713) [지방소득세] 지방소득세 종합소득 환급지 (2) / 답변2 첨부1
  + [837] ntt=47443 (10712) [재산세] 농지의 분리과세 적정 여부 (1) / 답변1 첨부3
  + [838] ntt=47440 (10711) [재산세] 한국토지주택공사 임대주택 재산세 감면 규정 관.. (1) / 답변1 첨부1
  + [839] ntt=47438 (10710) [취득세] 기준시가 1억이하 시가인정액 적용관련 질의 (1) / 답변1 첨부1
  + [840] ntt=47435 (10709) [주민세] 통상임금 지급 판결에 따른 주민세(종업원) 수.. (1) / 답변1 첨부1
  + [841] ntt=47433 (10708) [재산세] 목장용지(분리과세) 해당여부 (1) / 답변1 첨부1
  + [842] ntt=47432 (10707) [취득세] 임대사업자 감면 (1) / 답변1 첨부1
  + [843] ntt=47417 (10706) [지방세특례제한법] 「지방세특례제한법」제84조 사권제한토지 감면 .. (1) / 답변1 첨부1
  + [844] ntt=47410 (10705) [재산세] 새마을금고 등에 대한 감면 (1) / 답변1 첨부1
  + [845] ntt=47409 (10704) [취득세] 시가인정액 적용 문의 (1) / 답변1 첨부1
  + [846] ntt=47406 (10703) [지방세기본법] 공시송달 시 타지자체 게시판 이용 여부 (1) / 답변1 첨부1
  + [847] ntt=47404 (10702) [취득세] 소유자가 법인, 운영자가 대표자인 개인일 경우.. (1) / 답변1 첨부1
  + [848] ntt=47399 (10701) [재산세] 주택 건설업, 주택분양 및 임대업등 법인의 임.. (1) / 답변1 첨부1
  + [849] ntt=47397 (10700) [취득세] 조합원 지위승계시 취득세 과세표준 (1) / 답변1 첨부1
  + [850] ntt=47394 (10699) [취득세] 창업중소기업 위탁경영 (1) / 답변1 첨부1
  + [851] ntt=47390 (10698) [재산세] 제한보호구역 내 골프장 원형보전 토지가 분리과.. (1) / 답변1 첨부1
  + [852] ntt=47389 (10697) [취득세] 법원 판결에 의한 거래 원인 무효 시  취득세.. (1) / 답변1 첨부1
  + [853] ntt=47379 (10696) [취득세] 중고차매매업자가 매매용으로 취득하여 감면받은 .. (1) / 답변1 첨부1
  + [854] ntt=47362 (10695) [지방소득세] 지방소득세(종합소득) 환급지 (2) / 답변2 첨부1
  + [855] ntt=47358 (10694) [취득세] 분리형 캠퍼는 구조변경 과세대상이 맞나요? (1) / 답변1 첨부1
[page 246 완료] 누적 신규 855건  (이 게시판 저장 총 7,355건)
  + [856] ntt=47356 (10693) [재산세] 환지 예정지에 대한 분리과세의 기한 해석 (1) / 답변1 첨부1
  + [857] ntt=47353 (10692) [재산세] 재산세 주택 환급 관련 문의드립니다. (1) / 답변1 첨부1
  + [858] ntt=47352 (10691) [취득세] 30세 미만 이혼한 자녀를 부모와 별도세대로 .. (1) / 답변1 첨부1
  + [859] ntt=47349 (10690) [자동차세] “사건사고사실확인원”으로 자동차세 비과세  문.. (1) / 답변1 첨부1
  + [860] ntt=47346 (10689) [지방세특례제한법] 산업단지 시행자가 감면 후 분할신설법인에게 이.. (1) / 답변1 첨부1
  + [861] ntt=47343 (10688) [지방세특례제한법] 종교시설의 직접사용(임시주차장) 사용 추징여부 (1) / 답변1 첨부1
  + [862] ntt=47339 (10687) [지방세징수법] 압류금지 자산 (1) / 답변1 첨부1
  + [863] ntt=47332 (10686) [취득세] 지역주택조합의 일반분양자 취득 과표 적용 (1) / 답변1 첨부1
  + [864] ntt=47331 (10685) [재산세] 종교시설 재산세 감면 질의(위반건축물 무단증축.. (1) / 답변1 첨부1
  + [865] ntt=47324 (10684) [취득세] 건축물대장 사후 수정에 따른 적용 취득세율 문.. (1) / 답변1 첨부1
  + [866] ntt=47316 (10683) [지방세특례제한법] 산업단지 감면 추징관련 (1) / 답변1 첨부1
  + [867] ntt=47315 (10682) [취득세] 과점주주 특수관계 성립여부 (2) / 답변2 첨부1
  + [868] ntt=47309 (10681) [취득세] 장애인 공동명의 감면 (1) / 답변1 첨부1
  + [869] ntt=47307 (10680) [취득세] 산업단지 분양 면적 정산으로 인한 취득세 환급.. (1) / 답변1 첨부1
  + [870] ntt=47305 (10679) [취득세] 장애인 자동차 취득세 감면 후 1년이내 세대분.. (1) / 답변1 첨부1
  + [871] ntt=47299 (10678) [취득세] 관리처분계획인가 전인 종전주택이 멸실될 경우 .. (1) / 답변1 첨부1
  + [872] ntt=47295 (10677) [취득세] 법인 간 비적격합병 시 취득세 과세 문의 (1) / 답변1 첨부1
  + [873] ntt=47293 (10676) [취득세] 다자녀 감면신청 시 3명이상 양육 자녀 기준(.. (1) / 답변1 첨부1
  + [874] ntt=47281 (10675) [지방소득세] 지방소득세 징수유예 사유에 해당 되는지 문의 .. (1) / 답변1 첨부1
  + [875] ntt=47280 (10674) [취득세] 가설건축물 이동시 취득세 신고납부의무 및 과세.. (1) / 답변1 첨부1
  + [876] ntt=47278 (10673) [지방세징수법] 자동차공매보증금 처리관련 (1) / 답변1 첨부1
  + [877] ntt=47274 (10672) [취득세] 이주대책대상자 대체취득이 가능한 날 (1) / 답변1 첨부1
  + [878] ntt=47270 (10671) [취득세] 기업 합병 세율특례적용(1년 이상 사업을 계속.. (1) / 답변1 첨부1
  + [879] ntt=47267 (10670) [취득세] 취득세 추징 시 이자상당액 기간 문의 (1) / 답변1 첨부1
  + [880] ntt=47266 (10669) [기타] 지방세상담 자주하는질문(FAQ) 모음집 (17) / 답변17
  + [881] ntt=47262 (10668) [취득세] 새마을금고가 철거 예정인 상가주택 취득시 취득.. (1) / 답변1 첨부1
  + [882] ntt=47260 (10667) [취득세] 과점주주 간주취득세 부과시 특수관계인(임원과 .. (1) / 답변1 첨부1
  + [883] ntt=47259 (10666) [재산세] 원인무효 판결에 따른 지방세 환급 여부 (1) / 답변1 첨부1
  + [884] ntt=47257 (10665) [취득세] 지특법상 감면적용할 때 감면분 농특세 20%부.. (1) / 답변1 첨부1
  + [885] ntt=47253 (10664) [지방세기본법] 감면분 추징시 가산세 부과 질의 (대법원 20.. (1) / 답변1 첨부1
[page 247 완료] 누적 신규 885건  (이 게시판 저장 총 7,385건)
  + [886] ntt=47245 (10663) [취득세] 법인 간주취득세 서류의 기준 (1) / 답변1 첨부1
  + [887] ntt=47241 (10662) [주민세] 사업소분 부과여부 (1) / 답변1 첨부1
  + [888] ntt=47237 (10661) [자동차세] 자동차세 부과 문의드립니다. (1) / 답변1 첨부1
  + [889] ntt=47234 (10660) [지방세특례제한법] 임대주택감면 후 신탁 이전 시 취득세 추징 여.. (1) / 답변1 첨부1
  + [890] ntt=47231 (10659) [취득세] 리스물건의 취득의시기와 과세표준 질의(골프장 .. (1) / 답변1 첨부1
  + [891] ntt=47230 (10658) [재산세] 지방세특례제한법 제84조 제1항과 제2항의 법.. (1) / 답변1 첨부1
  + [892] ntt=47229 (10657) [주민세] 주민세 사업소분 세액계산 문의 (1) / 답변1 첨부2
  + [893] ntt=47215 (10656) [취득세] 수시분 부과 후 채권자대위등기 신고 (1) / 답변1 첨부1
  + [894] ntt=47210 (10655) [재산세] 부설주차장용 토지 별도합산 문의 (1) / 답변1 첨부1
  + [895] ntt=47206 (10654) [취득세] 기부채납 취득세 비과세 관련 문의 드립니다. (1) / 답변1 첨부1
  + [896] ntt=47201 (10653) [지방세특례제한법] 산업단지감면 유예기간 적용 문의 (1) / 답변1 첨부1
  + [897] ntt=47191 (10652) [기타] 공공기록 등록했다 해제 후 재등록 가능한지 여.. (1) / 답변1 첨부1
  + [898] ntt=47190 (10651) [지방소득세] 법인지방소득세 가산세 계산 질의 (1) / 답변1 첨부1
  + [899] ntt=47187 (10650) [자동차세] 장애인 감면차량 대체취득시 문의 (1) / 답변1 첨부1
  + [900] ntt=47180 (10649) [취득세] 다자녀 대체취득 시 감면 차량 변경 요청 (1) / 답변1 첨부1
  + [901] ntt=47173 (10648) [취득세] 직계존비속의 부동산 취득 시 증여세 신고서만으.. (1) / 답변1 첨부1
  + [902] ntt=47139 (10647) [재산세] 물류단지 토지에 대한 과세대상 구분 질의 (1) / 답변1 첨부1
  + [903] ntt=47137 (10646) [취득세] 한국농어촌공사 농업기반시설 취득세 과세대상 여.. (1) / 답변1 첨부1
  + [904] ntt=47134 (10645) [지방소득세] 법인지방소득세 경정청구 시 환급가산금 기산일 .. (1) / 답변1 첨부1
  + [905] ntt=47132 (10644) [재산세] 종중토지를 개인 명의로 등기 후 종중으로 부과.. (1) / 답변1 첨부1
  + [906] ntt=47129 (10643) [재산세] 지방세법 제109조 제2항에 따라 재산세를 비.. (1) / 답변1 첨부1
  + [907] ntt=47116 (10642) [자동차세] 승차장치 구조변경된 승합자동차세 세율 (1) / 답변1 첨부1
  + [908] ntt=47115 (10641) [취득세] 개인->법인사업자 포괄양수도 한 사업에 대한 .. (1) / 답변1 첨부1
  + [909] ntt=47114 (10640) [취득세] 지특법 제73조의2 관련~ (1) / 답변1 첨부1
  + [910] ntt=47113 (10639) [지방세특례제한법] 지방세특례제한법 제71조(물류단지 등에 대한 .. (1) / 답변1 첨부2
  + [911] ntt=47112 (10638) [재산세] 미등기 상속부동산 주된 상속자 판단 (1) / 답변1 첨부1
  + [912] ntt=47111 (10637) [지방세특례제한법] 재개발 사업시행계획인가 전 취득한 부동산에 대.. (1) / 답변1 첨부1
  + [913] ntt=47109 (10636) [재산세] 창업중소기업 및 산업단지 신증축을 위한 부동산.. (1) / 답변1 첨부1
  + [914] ntt=47106 (10635) [취득세] 환지 승계취득자에 따른 청산금  취득세 부과 .. (1) / 답변1 첨부1
  + [915] ntt=47104 (10634) [취득세] 판매용 차량에 대한 과점주주 간주취득세(중고자.. (1) / 답변1 첨부1
[page 248 완료] 누적 신규 915건  (이 게시판 저장 총 7,415건)
  + [916] ntt=47103 (10633) [재산세] 지방세법 시행령 제102조 5항 2호 문의 (1) / 답변1 첨부2
  + [917] ntt=47101 (10632) [자동차세] 지방세 감면으로 환급금 지급 시 환급가산금 기.. (1) / 답변1 첨부1
  + [918] ntt=47100 (10631) [자동차세] 대포차 신고된 차량 자동차세 (1) / 답변1 첨부1
  + [919] ntt=47097 (10630) [취득세] 직계존비속의 부동산 취득 시 증여세 신고서만으.. (1) / 답변1 첨부1
  + [920] ntt=47096 (10629) [재산세] 신탁방식 주택담보노후연금 감면 문의 (1) / 답변1 첨부1
  + [921] ntt=47093 (10628) [취득세] 임대사업자의 감면물건을 임차인이 주택이 아닌 .. (1) / 답변1 첨부1
  + [922] ntt=47092 (10627) [취득세] 건축물 신축 당시 투자금의 지급이자에 대한 취.. (1) / 답변1 첨부1
  + [923] ntt=47089 (10626) [취득세] 재건축 아파트의 증여 합의해제 취득세 부과 문.. (1) / 답변1 첨부2
  + [924] ntt=47085 (10625) [취득세] 진출입로 신축(건물) 과표 포함여부 (1) / 답변1 첨부1
  + [925] ntt=47084 (10624) [지방소득세] 법인지방소득세 환급가산금 기산일 문의 (1) / 답변1 첨부1
  + [926] ntt=47076 (10623) [취득세] 종교단체 감면에 대한 적용시기 (1) / 답변1 첨부1
  + [927] ntt=47073 (10622) [재산세] 직권등재 관련하여 질의드립니다. (1) / 답변1 첨부1
  + [928] ntt=47072 (10621) [지방세기본법] 경정청구 사유 및 환급가산금 기산일 관련 문의 (1) / 답변1
  + [929] ntt=47070 (10620) [재산세] 별도합산 토지 여부 (1) / 답변1 첨부2
  + [930] ntt=47063 (10619) [취득세] 취득세 상속인 범위 문의드립니다. (1) / 답변1 첨부1
  + [931] ntt=47061 (10618) [취득세] 차량 취득세 국가유공자 대체취득 문의 (1) / 답변1 첨부1
  + [932] ntt=47060 (10617) [재산세] 신탁 설정일 이후 법정기일 도래한 재산세 부과.. (1) / 답변1 첨부1
  + [933] ntt=47059 (10616) [취득세] 분양권 전매 후 증여시 프리미엄 적용 여부 (2) / 답변2 첨부1
  + [934] ntt=47051 (10615) [취득세] 노인복지시설 관련 유권해석 질의 (1) / 답변1 첨부1
  + [935] ntt=47045 (10614) [취득세] 천재지변으로 인한 대체취득 감면 대상인지 문의.. (1) / 답변1 첨부1
  + [936] ntt=47044 (10613) [지방소득세] 법인지방소득세 수정신고 관련 가산세 문의 (2) / 답변2 첨부1
  + [937] ntt=47039 (10612) [재산세] 펜션 내 소형수영장에 대해 지역자원시설세 중과.. (1) / 답변1 첨부1
  + [938] ntt=47036 (10611) [취득세] 창업중소기업 감면(업종 추가) (1) / 답변1 첨부1
  + [939] ntt=47031 (10610) [재산세] 렌트카 차고지를 유료주차장으로 구분없이 사용 (1) / 답변1 첨부1
  + [940] ntt=47027 (10609) [지방세징수법] 개인회생 진행 중인 납세자의 자진납부 후 변제.. (1) / 답변1 첨부1
  + [941] ntt=47026 (10608) [취득세] 외국인의 주택취득시 중과여부에 관하여 질의드립.. (1) / 답변1 첨부1
  + [942] ntt=47023 (10607) [취득세] 창업중소기업 감면 관련 문의(동종업종 사업장 .. (1) / 답변1 첨부1
  + [943] ntt=47021 (10606) [지방소득세] 법인지방소득세 결손금 소급공제 관련 재질의 (1) / 답변1 첨부2
  + [944] ntt=47020 (10605) [재산세] 복합건축물 용도지수 (1) / 답변1 첨부1
  + [945] ntt=47019 (10604) [취득세] 합병 시 합병법인이 소유하고 있는 피합병법인의.. (1) / 답변1 첨부1
[page 249 완료] 누적 신규 945건  (이 게시판 저장 총 7,445건)
  + [946] ntt=47018 (10603) [재산세] 산번지에서 일반번지로 등록전환에 따른  면적감.. (1) / 답변1 첨부1
  + [947] ntt=47016 (10602) [취득세] 가로주택정비사업조합의 비조합원용 토지에 관하여 (1) / 답변1 첨부1
  + [948] ntt=47010 (10601) [지방세기본법] 구제절차에서의 '처분이 있음을 안 날 '의 기.. (1) / 답변1 첨부1
  + [949] ntt=47008 (10600) [취득세] 휴면법인의 간주취득세 문의 (1) / 답변1 첨부1
  + [950] ntt=47007 (10599) [취득세] 개인사업자 창업(업종추가) 관련 문의(재질의) (1) / 답변1 첨부1
  + [951] ntt=47006 (10598) [취득세] (재질의)산업단지 조성중인 토지 중가산세 문의 (1) / 답변1 첨부1
  + [952] ntt=47005 (10597) [지방세특례제한법] 창업중소기업 동종업종 해당 여부 (1) / 답변1 첨부1
  + [953] ntt=46997 (10596) [주민세] 주민세(종업원분) 과세여부 (1) / 답변1 첨부1
  + [954] ntt=46993 (10595) [취득세] 대수선 취득세 과세대상인지 여부 (1) / 답변1 첨부1
  + [955] ntt=46991 (10594) [취득세] 상속에 대한 대위등기시 취득세 납세의무 성립 .. (1) / 답변1 첨부1
  + [956] ntt=46987 (10593) [취득세] 단독상속협의 취득신고납부후 미등기상태에서 단독.. (1) / 답변1 첨부1
  + [957] ntt=46985 (10592) [기타] 부동산소유권 이전등기 등에 관한 특별조치법 관.. (1) / 답변1 첨부1
  + [958] ntt=46984 (10591) [지방소득세] 지방소득세(양도소득분) 납부불성실기간 문의 (1) / 답변1 첨부1
  + [959] ntt=46983 (10590) [취득세] 분양권 불법전매로 취득한 공동주택의 취득세 환.. (1) / 답변1 첨부1
  + [960] ntt=46982 (10589) [취득세] 장애인 감면 대체취득 후 60일 이내에 감면대.. (1) / 답변1 첨부1
  + [961] ntt=46978 (10588) [취득세] 신탁으로 인한 사업시행자가 다를 경우 재개발 .. (1) / 답변1 첨부1
  + [962] ntt=46973 (10587) [재산세] 재산세  토지 과세적용 문의 (1) / 답변1 첨부1
  + [963] ntt=46971 (10586) [취득세] 직계존비속 거래에서 현역군인(직업군인아님)의 .. (1) / 답변1 첨부1
  + [964] ntt=46969 (10585) [취득세] 과점주주 주식소유 비율산정 시 의결권이 없는 .. (1) / 답변1 첨부1
  + [965] ntt=46965 (10584) [재산세] 진정명의회복을 원인으로한 소유권이전등기절차 이.. (1) / 답변1 첨부1
  + [966] ntt=46964 (10583) [재산세] 지특법 제84조에 따른 10년이상 장기미집행 .. (1) / 답변1 첨부1
  + [967] ntt=46962 (10582) [취득세] 공공주택사업자의 임대 목적으로 주택을 매도하기.. (1) / 답변1 첨부1
  + [968] ntt=46961 (10581) [주민세] 주민세(종업원분) 경정청구 후 수정신고 가능여.. (1) / 답변1 첨부1
  + [969] ntt=46955 (10580) [지방세특례제한법] 감면대상 여부 (1) / 답변1 첨부1
  + [970] ntt=46954 (10579) [주민세] 관내 2개 이상의 사업장이 있는 경우 주민세(.. (1) / 답변1 첨부1
  + [971] ntt=46953 (10578) [재산세] 지방세법  시행령 제101조제3항제13호 가목.. (1) / 답변1 첨부1
  + [972] ntt=46950 (10577) [취득세] 기존 물류창고 지붕위에 태양광시설 설치 비용_.. (1) / 답변1 첨부1
  + [973] ntt=46949 (10576) [재산세] 【지방세특례제한법】84조 ①항과 ②항 중 어떤.. (1) / 답변1 첨부1
  + [974] ntt=46943 (10575) [지방소득세] 종합소득세에 대해 문의 드립니다. (1) / 답변1 첨부1
  + [975] ntt=46942 (10574) [지방세징수법] 압류의 효력에 관해 다시 문의 드립니다. (1) / 답변1 첨부1
[page 250 완료] 누적 신규 975건  (이 게시판 저장 총 7,475건)
  + [976] ntt=46936 (10573) [지방세특례제한법] 조례에 따른 지방세 감면 가능 여부 (1) / 답변1 첨부1
  + [977] ntt=46935 (10572) [재산세] 도시개발사업  기부채납 토지(상업용지) 재산세.. (1) / 답변1 첨부1
  + [978] ntt=46932 (10571) [취득세] 농업회사 법인 감면 관련 질의 (1) / 답변1 첨부1
  + [979] ntt=46924 (10570) [취득세] 상속 수시부과 (1) / 답변1 첨부1
  + [980] ntt=46921 (10569) [지방소득세] 법인지방소득세 결손금 소급공제 환급 금액 (2) / 답변2 첨부1
  + [981] ntt=46912 (10568) [재산세] 여객자동차터미널용 토지의 분리과세 범위 (1) / 답변1 첨부1
  + [982] ntt=46906 (10567) [취득세] 기부채납 무상사용권제공 조건의 취득세 감면 (1) / 답변1 첨부1
  + [983] ntt=46905 (10566) [취득세] 고급주택 취득세 감면 여부 문의 (1) / 답변1 첨부1
  + [984] ntt=46903 (10565) [지방세특례제한법] 개인사업자 창업(업종추가) 관련 문의 (1) / 답변1 첨부1
  + [985] ntt=46900 (10564) [취득세] 클린룸 및 스크러버에 대한 취득세 과세대상 여.. (1) / 답변1 첨부1
  + [986] ntt=46894 (10563) [지방세기본법] 지방세 환급금 양도에 따른 양도인이 사망자일 .. (1) / 답변1 첨부1
  + [987] ntt=46889 (10562) [취득세] 교통사고로 가액 하락된 중고자동차 법인장부금액.. (1) / 답변1 첨부1
  + [988] ntt=46887 (10561) [취득세] 등록사항 정정 대상 토지의 면적 감소에 따른 .. (1) / 답변1 첨부1
  + [989] ntt=46886 (10560) [지방세징수법] 공탁금 소멸시효 완성의 가능여부와 그 기산일에.. (1) / 답변1 첨부1
  + [990] ntt=46885 (10559) [재산세] 지역자원시설세 상점 1천제곱미터 이상 2배중과.. (1) / 답변1 첨부1
  + [991] ntt=46882 (10558) [취득세] 직계존비속간 유상거래시 근저당권 담보 대출 세.. (1) / 답변1 첨부1
  + [992] ntt=46880 (10557) [주민세] 주민세 종업원분 문의 (1) / 답변1 첨부1
  + [993] ntt=46879 (10556) [지방세징수법] 멸실인정 차량 압류해제 날짜에 대한 질의 (1) / 답변1 첨부1
  + [994] ntt=46878 (10555) [재산세] 부동산집합투자기구(투자신탁)가 보유한 투자신탁.. (1) / 답변1 첨부1
  + [995] ntt=46871 (10554) [취득세] 무허가주택 부속토지 증여시 취득세 세율 및 과.. (1) / 답변1 첨부1
  + [996] ntt=46870 (10553) [취득세] 기부채납으로 볼 수 있는지 궁금합니다. (1) / 답변1 첨부1
  + [997] ntt=46866 (10552) [취득세] 물적분할 시 특수관계 포함 여부 및 지분율 문.. (1) / 답변1 첨부1
  + [998] ntt=46865 (10551) [취득세] 도시재생사업 사업인정 고시일 전 대체취득 시 .. (1) / 답변1 첨부2
  + [999] ntt=46862 (10550) [지방소득세] 법인지방소득세 과표 감소로 인한 가산세 환급 .. (1) / 답변1 첨부1
  + [1000] ntt=46861 (10549) [주민세] 주민세 종업원분 중소기업 고용지원 특례 법령 .. (1) / 답변1 첨부1
  + [1001] ntt=46859 (10548) [취득세] 소유권이전등기 말소에 다른 취득세 환급 (1) / 답변1 첨부1
  + [1002] ntt=46854 (10547) [취득세] 지방세특례제한법 제74조 5항 적용관련 질문드.. (1) / 답변1 첨부1
  + [1003] ntt=46853 (10546) [취득세] 자경농민 취득세 감면 추징 사항 중 정당한 사.. (1) / 답변1 첨부1
  + [1004] ntt=46852 (10545) [취득세] 지목변경시 산림전용부담금 (1) / 답변1 첨부1
  + [1005] ntt=46848 (10544) [주민세] 주택임대사업 법인의 주민세(재산분) 부과 (1) / 답변1 첨부1
[page 251 완료] 누적 신규 1005건  (이 게시판 저장 총 7,505건)
  + [1006] ntt=46846 (10543) [취득세] 장애인 자동차 공동등록 후 1년이내에 소유권이.. (1) / 답변1 첨부1
  + [1007] ntt=46844 (10542) [재산세] 지방세법 제106조3항에 대한 법 해석 질의 (1) / 답변1 첨부1
  + [1008] ntt=46841 (10541) [취득세] 취득세 과세표준액을 감정평가액으로 신고후 경정.. (2) / 답변2 첨부1
  + [1009] ntt=46833 (10540) [지방세특례제한법] 공공주택사업자의 임대 목적으로 주택을 매도하기.. (1) / 답변1 첨부1
  + [1010] ntt=46832 (10539) [취득세] 양도약정에 의한 판결로 소유권이전등기를 추후에.. (1) / 답변1 첨부1
  + [1011] ntt=46830 (10538) [재산세] 체납 처분 관련 질의 (1) / 답변1 첨부1
  + [1012] ntt=46829 (10537) [취득세] 과점주주 간주취득세 문의 (1) / 답변1 첨부1
  + [1013] ntt=46826 (10536) [취득세] 과점주주 간주취득세 질문드립니다(유보자산) (1) / 답변1 첨부1
  + [1014] ntt=46823 (10535) [재산세] 유원지내 임야의 별도합산 적용 가능 여부 (1) / 답변1 첨부1
  + [1015] ntt=46821 (10534) [자동차세] 장애인 감면 도중 세대분리하여 감면 철회 후 .. (1) / 답변1 첨부1
  + [1016] ntt=46816 (10533) [취득세] 자동차 매매업 감면 폐차 추징 기한 질의 (2) / 답변2 첨부1
  + [1017] ntt=46798 (10532) [세외수입] 「지방행정제재부과금법」 제7조의2에서 규정하는.. (1) / 답변1 첨부1
  + [1018] ntt=46795 (10531) [자동차세] 운영예규 법 125-1 관련 (1) / 답변1 첨부1
  + [1019] ntt=46794 (10530) [취득세] 상속에 대한 취득세 수시부과 후 유류분 추가 .. (1) / 답변1 첨부1
  + [1020] ntt=46791 (10529) [취득세] 소유권 이전 등기 후 거래금액 착오 기재로 인.. (1) / 답변1 첨부1
  + [1021] ntt=46782 (10528) [취득세] 건축물 용도변경(중과세대상 유흥주점)에 따른 .. (1) / 답변1 첨부1
  + [1022] ntt=46781 (10527) [취득세] 노인복지시설문의드립니다.(경로당) (1) / 답변1 첨부1
  + [1023] ntt=46774 (10526) [취득세] 노인복지시설 취득세 감면 문의드립니다. (1) / 답변1 첨부1
  + [1024] ntt=46773 (10525) [취득세] 기술혁신형 중소기업(이노비즈)의 중과세 배제 .. (1) / 답변1 첨부1
  + [1025] ntt=46771 (10524) [취득세] 일시적2주택 신규주택 처분후 합의해제 (1) / 답변1 첨부1
  + [1026] ntt=46767 (10523) [지방소득세] 특별징수 가산세에 관하여 질문드립니다. (1) / 답변1 첨부1
  + [1027] ntt=46765 (10522) [재산세] 도시계획 지형도면 고시된 토지의 재산세 및 도.. (1) / 답변1 첨부1
  + [1028] ntt=46762 (10521) [재산세] 필지별 세액 계산방식의 근거 (1) / 답변1 첨부1
  + [1029] ntt=46758 (10520) [재산세] 10491번 재질의(판매시설의 지역자원시설세 .. (1) / 답변1
  + [1030] ntt=46755 (10519) [취득세] 생애최초 감면 후 추징관련입니다. (1) / 답변1 첨부1
  + [1031] ntt=46739 (10518) [취득세] 노인복지시설 공동 취득 시 감면여부 (1) / 답변1 첨부1
  + [1032] ntt=46738 (10517) [재산세] 필지별 세액 계산 (1) / 답변1 첨부1
  + [1033] ntt=46737 (10516) [지방세특례제한법] 종교단체 직접사용한 기간이 2년 미만인 상태에.. (1) / 답변1 첨부1
  + [1034] ntt=46736 (10515) [재산세] 거짓부정으로 등록한 임대사업 직권말소된 오피스.. (1) / 답변1 첨부1
  + [1035] ntt=46733 (10514) [취득세] 산업단지 조성중인 토지 중가산세 문의 (1) / 답변1 첨부1
[page 252 완료] 누적 신규 1035건  (이 게시판 저장 총 7,535건)
  + [1036] ntt=46731 (10513) [지방소득세] 재단법인의 법인지방소득세 납부관련 (1) / 답변1 첨부1
  + [1037] ntt=46729 (10512) [취득세] 운전면허 반납에 따른 추징여부 (재등록) (1) / 답변1 첨부1
  + [1038] ntt=46722 (10511) [취득세] 연부취득 해당여부 질의(잔금납부일 미 지정) (1) / 답변1 첨부1
  + [1039] ntt=46703 (10510) [지방세특례제한법] 법인의 부재부동산 소유자 판단 (대체취득 감면.. (1) / 답변1 첨부1
  + [1040] ntt=46701 (10509) [취득세] 농지의 공유물 분할,합의해제,화해권고결정에 따.. (1) / 답변1 첨부2
  + [1041] ntt=46698 (10508) [취득세] 증여계약 해제않고 새롭게 증여계약시 취득세 (1) / 답변1 첨부1
  + [1042] ntt=46695 (10507) [취득세] 폐가에 대한 취득세(상속) 부과취소(감액) 가.. (1) / 답변1 첨부1
  + [1043] ntt=46694 (10506) [기타] 납부기한 질의 (1) / 답변1 첨부1
  + [1044] ntt=46693 (10505) [취득세] 상속 취득세 관련 질문합니다 (1) / 답변1 첨부1
  + [1045] ntt=46689 (10504) [취득세] 운전면허 반납에 따른 추징여부 (1) / 답변1
  + [1046] ntt=46686 (10503) [취득세] 재차 상속에 관하여 질문드립니다. (1) / 답변1 첨부1
  + [1047] ntt=46685 (10502) [취득세] 환경친화적 자동차 충전시설과 관련한 납세의무자.. (1) / 답변1 첨부1
  + [1048] ntt=46682 (10501) [지방세특례제한법] 종교단체 감면의 추징 규정 관련 (1) / 답변1 첨부1
  + [1049] ntt=46680 (10500) [자동차세] 사망자 차량 자동차세를 수감중인 법정상속인에게.. (1) / 답변1 첨부1
  + [1050] ntt=46677 (10499) [취득세] 지방세법 시행령 제28조의3 제2항 제3호 해.. (1) / 답변1
  + [1051] ntt=46676 (10498) [주민세] 주민세(종업원분) 과세대상 여부 (1) / 답변1 첨부1
  + [1052] ntt=46673 (10497) [재산세] 재산세 주된 상속자 지정 후 통지를 하지 않았.. (2) / 답변2 첨부1
  + [1053] ntt=46672 (10496) [취득세] 학교법인의 합병의 경우 법인합병에 따른 세율 .. (1) / 답변1
  + [1054] ntt=46671 (10495) [재산세] 재산세  건축물 과세 관련  문의 (1) / 답변1 첨부1
  + [1055] ntt=46666 (10494) [취득세] 기부채납 취득세 관련 문의 (1) / 답변1 첨부1
  + [1056] ntt=46663 (10493) [주민세] 주민세(개인분) 해외장기체류자의 납세의무 (1) / 답변1 첨부1
  + [1057] ntt=46656 (10492) [취득세] 20kW이상 태양광 발전시설 취득세 과세 관련.. (1) / 답변1 첨부1
  + [1058] ntt=46654 (10491) [재산세] 판매시설의 지역자원시설세 중과세 방법 (1) / 답변1 첨부1
  + [1059] ntt=46653 (10490) [지방세기본법] 환급가산금 및 이자율 적용 문의 (1) / 답변1 첨부1
  + [1060] ntt=46650 (10489) [취득세] 과점주주 차량 취득세 과세대상 문의 (2) / 답변2 첨부1
  + [1061] ntt=46643 (10488) [취득세] 상속 취득세 가산세 감면 여부 질의 (2) / 답변2 첨부1
  + [1062] ntt=46632 (10487) [지방세특례제한법] 임대주택에 대한 감면에 지목변경도 포함되는지 .. (1) / 답변1 첨부1
  + [1063] ntt=46628 (10486) [취득세] 판결에 의한 취득세 문의 (1) / 답변1 첨부1
  + [1064] ntt=46627 (10485) [지방소득세] 법인세 신청내역과 상이한 법인지방소득세 결손금.. (1) / 답변1 첨부1
  + [1065] ntt=46620 (10484) [취득세] 특수관계 성립여부 (1) / 답변1 첨부1
[page 253 완료] 누적 신규 1065건  (이 게시판 저장 총 7,565건)
  + [1066] ntt=46619 (10483) [취득세] 이륜차정보시스템에 제원정보가 없을시 이륜차 등.. (1) / 답변1 첨부1
  + [1067] ntt=46618 (10482) [취득세] 상속 취득세 연대납세의무 적용 범위 (1) / 답변1 첨부1
  + [1068] ntt=46617 (10481) [취득세] 재개발 조합이 이전고시 이후 취득하는 비조합원.. (1) / 답변1 첨부1
  + [1069] ntt=46616 (10480) [주민세] 장기해외거주자(1년에 한두번은 한국에) 도 주.. (1) / 답변1 첨부1
  + [1070] ntt=46612 (10479) [취득세] 합병이 산업단지 감면된 취득세 추징 사유 매각.. (1) / 답변1 첨부1
  + [1071] ntt=46600 (10478) [취득세] 지특법 제31조 임대주택등 감면 문의 (1) / 답변1 첨부1
  + [1072] ntt=46598 (10477) [취득세] 공동집배송센터 임대용 부동산 추징여부(물류단지.. (1) / 답변1 첨부1
  + [1073] ntt=46597 (10476) [취득세] 건축물 신축시, 국고보조금의 과세표준 포함여부.. (1) / 답변1 첨부1
    [retry 1/3] ReadTimeout
  + [1074] ntt=46594 (10475) [주민세] 특수목적법인도 주민세 사업소분 과세 대상이 되.. (1) / 답변1 첨부1
  + [1075] ntt=46590 (10474) [취득세] 취득세 감면 후 유예기간 중 사망한 경우 추징.. (1) / 답변1 첨부1
  + [1076] ntt=46589 (10473) [취득세] 적격합병으로 인한 부동산 취득시 취득세 세율 .. (1) / 답변1 첨부1
  + [1077] ntt=46588 (10472) [취득세] 벤처기업 감면 후 철거시 기존 건물 감면여부 .. (1) / 답변1 첨부3
  + [1078] ntt=46579 (10471) [취득세] 부과 전 납세의무자가 사망한 경우, 취득세 납.. (1) / 답변1 첨부1
  + [1079] ntt=46571 (10470) [취득세] 불법건축물에 대한 원시취득 및 지목변경 취득세.. (2) / 답변2 첨부1
  + [1080] ntt=46568 (10469) [재산세] 물적 납세의무 지정 및 압류 관련 (1) / 답변1 첨부1
  + [1081] ntt=46566 (10468) [취득세] 임대주택 등에 대한 감면 해당 여부 (1) / 답변1 첨부1
  + [1082] ntt=46565 (10467) [취득세] 직계존비속간 유상거래 인정 관련 (1) / 답변1 첨부1
  + [1083] ntt=46560 (10466) [취득세] 준공 전 산업단지 지목변경 취득세 취득시기 관.. (1) / 답변1 첨부1
  + [1084] ntt=46557 (10465) [취득세] 상속분할협의에 의한 단독 상속취득세 신고 후 .. (1) / 답변1 첨부1
  + [1085] ntt=46553 (10464) [취득세] 행정소송 판결 이후 기존 추징세액의 일부를 재.. (1) / 답변1 첨부1
  + [1086] ntt=46547 (10463) [재산세] 신탁재산의 위탁자와 수탁자가 변경된 경우 물적.. (1) / 답변1 첨부1
  + [1087] ntt=46545 (10462) [세외수입] 지방세 체납처분의 예에따라 징수하는 경우 정리.. (1) / 답변1 첨부1
  + [1088] ntt=46544 (10461) [지방세징수법] 회생절차 결정개시 이후 부과한 지방세 체납액에.. (1) / 답변1 첨부1
  + [1089] ntt=46543 (10460) [취득세] 유증으로 인한 취득세 취소가능 여부 (1) / 답변1 첨부1
  + [1090] ntt=46542 (10459) [취득세] 상속취득세 납부 후 유증판결을 받아 등기한 경.. (1) / 답변1 첨부1
  + [1091] ntt=46540 (10458) [등록면허세] 주거용 임대사업자로 등록한 곳에 세입자가 사업.. (1) / 답변1 첨부1
  + [1092] ntt=46539 (10457) [지방소득세] 법인지방소득세 안분 계산 시 건축물 연면적 포.. (1) / 답변1 첨부1
  + [1093] ntt=46536 (10456) [지방소득세] 수용재결(판결)로 인한 보상금 추가수령에 따른.. (1) / 답변1 첨부1
  + [1094] ntt=46532 (10455) [취득세] 지목변경으로 인한 개별공시지가가 공시되기 전 .. (1) / 답변1 첨부1
  + [1095] ntt=46531 (10454) [취득세] 종중이 비영리단체에 해당되는지 여부 (1) / 답변1 첨부1
[page 254 완료] 누적 신규 1095건  (이 게시판 저장 총 7,595건)
  + [1096] ntt=46529 (10453) [재산세] 지방세  과세구분 관련 (1) / 답변1 첨부1
  + [1097] ntt=46526 (10452) [취득세] 계약명의신탁 해지를 원인으로 한 소유권 말소등.. (1) / 답변1 첨부1
  + [1098] ntt=46522 (10451) [취득세] 토지수용 대체취득 부동산의 부재부동산 소유자 .. (1) / 답변1 첨부1
  + [1099] ntt=46518 (10450) [취득세] 명의신탁 (1) / 답변1 첨부1
  + [1100] ntt=46517 (10449) [지방소득세] 지방소득세 환급가산금 기산일 적용 관련 문의 (1) / 답변1 첨부1
  + [1101] ntt=46514 (10448) [지방세특례제한법] 생애최초 주택 취득 감면 관련(가처분으로 실효.. (1) / 답변1 첨부1
  + [1102] ntt=46505 (10447) [지방소득세] 미납법인에 대한 결손금소급공제 신청에 대한 환.. (1) / 답변1 첨부1
  + [1103] ntt=46504 (10446) [취득세] 국가에 기부채납, 귀속 반대급부 관련 (1) / 답변1 첨부1
  + [1104] ntt=46503 (10445) [취득세] 감면조항 적용관련 취득세 문의 (1) / 답변1 첨부1
  + [1105] ntt=46502 (10444) [등록면허세] 조직변경에 대한 등록면허세 (1) / 답변1 첨부1
  + [1106] ntt=46499 (10443) [주민세] 주민세(종업원분) 과세대상 여부 (1) / 답변1 첨부1
  + [1107] ntt=46493 (10442) [취득세] 과점주주 과세표준 산출시 재무상태표에 미반영된.. (1) / 답변1 첨부1
  + [1108] ntt=46492 (10441) [취득세] 취득일(사실상 취득)을 언제로 봐야 하는지 문.. (1) / 답변1 첨부1
  + [1109] ntt=46487 (10440) [취득세] 직계존비속간 거래 (1) / 답변1 첨부1
  + [1110] ntt=46479 (10439) [취득세] 취득세 2주택자 요건 충족을 위한 세대분리 (1) / 답변1 첨부1
  + [1111] ntt=46475 (10438) [재산세] 국유지 위 전체무허가 상가건물을  22년 하반.. (1) / 답변1 첨부1
  + [1112] ntt=46468 (10437) [지방소득세] 지방세 상담 신청드립니다. (1) / 답변1 첨부3
  + [1113] ntt=46467 (10436) [주민세] 주민세(사업소분)기본세액 안분 여부 (1) / 답변1 첨부1
  + [1114] ntt=46466 (10435) [취득세] 상속 취득세 질의 (1) / 답변1 첨부1
  + [1115] ntt=46464 (10434) [취득세] 유증 관련 환급가능여부 질의 (1) / 답변1 첨부1
  + [1116] ntt=46461 (10433) [지방세특례제한법] 창업중소기업감면 문의 (1) / 답변1 첨부1
  + [1117] ntt=46451 (10432) [지방세징수법] 지방세징수법 제25조 제2호 '납세자가 경영하.. (1) / 답변1 첨부1
  + [1118] ntt=46448 (10431) [재산세] 분리과세대상 임야 문의 (1) / 답변1 첨부1
  + [1119] ntt=46441 (10430) [취득세] 국가 귀속을 전제로 신축하였다가 착오로 법인 .. (1) / 답변1 첨부1
  + [1120] ntt=46440 (10429) [취득세] 기업부설연구소로 직접 사용하기 위한 부동산 여.. (1) / 답변1 첨부1
  + [1121] ntt=46433 (10428) [취득세] 상속으로 인한 1주택 여부 질의 드립니다. (1) / 답변1 첨부1
  + [1122] ntt=46429 (10427) [취득세] 일시적2주택 처분기간 판단기준일 문의 (1) / 답변1 첨부1
  + [1123] ntt=46428 (10426) [주민세] 주민세(종업원분)에 대한 급여의 범위 질의 (1) / 답변1 첨부1
  + [1124] ntt=46425 (10425) [재산세] 타 개인 소유 목사사택 재산세 면제 여부 (1) / 답변1 첨부1
  + [1125] ntt=46422 (10424) [취득세] 한국토지주택공사 주택 중과세 문의 (1) / 답변1 첨부1
[page 255 완료] 누적 신규 1125건  (이 게시판 저장 총 7,625건)
  + [1126] ntt=46421 (10423) [취득세] 철거 예정 주택의 토지 취득 시 중과세 적용 .. (1) / 답변1 첨부1
  + [1127] ntt=46419 (10422) [취득세] 물적분할(비적격)시 적용 과세표준 및 세율 질.. (1) / 답변1 첨부1
  + [1128] ntt=46417 (10421) [지방소득세] 지방세 상담 신청드립니다. (1) / 답변1 첨부2
  + [1129] ntt=46416 (10420) [취득세] 농특세 관련하여 지방세 상담 신청드립니다. (1) / 답변1 첨부1
  + [1130] ntt=46415 (10419) [취득세] 침수차량 말소 당시 차량 소유자가 아닌 경우 .. (1) / 답변1 첨부1
  + [1131] ntt=46414 (10418) [취득세] 취득가액 포함 여부 문의 (1) / 답변1 첨부1
  + [1132] ntt=46409 (10417) [재산세] 도시가스 정압기가 설치된 토지의 과세대상 구분 (1) / 답변1 첨부1
  + [1133] ntt=46405 (10416) [재산세] 면지역의 현황상 농지 관련 질의(택지지구) (1) / 답변1 첨부1
  + [1134] ntt=46380 (10415) [재산세] 소유자가 다른 나대지를 임차계약으로 옆건물의 .. (1) / 답변1 첨부1
  + [1135] ntt=46377 (10414) [취득세] A법인을 소유한 B법인의 과점주주와 A법인간의.. (1) / 답변1 첨부1
  + [1136] ntt=46375 (10413) [취득세] 체비지(공동주택용지) 취득세 (1) / 답변1 첨부1
  + [1137] ntt=46372 (10412) [취득세] 기부채납, 국가에 귀속 감면 법령 적용 관련(.. (1) / 답변1 첨부1
  + [1138] ntt=46368 (10411) [주민세] 지방세기본법 제80조(조사권의 남용 금지) 해.. (1) / 답변1 첨부1
  + [1139] ntt=46367 (10410) [재산세] 지방세특례제한법 제45조의 2 고유업무에 직접.. (1) / 답변1 첨부1
  + [1140] ntt=46361 (10409) [지방소득세] 지방세 상담 신청드립니다. (1) / 답변1
  + [1141] ntt=46360 (10408) [취득세] 화해권고 결정으로 인한 취득세 신고납부 후 경.. (1) / 답변1 첨부1
  + [1142] ntt=46359 (10407) [주민세] 주민세(종업원분) 무신고 가산세 감면대상 여부.. (1) / 답변1 첨부1
  + [1143] ntt=46349 (10406) [취득세] 국가에 귀속과 관련된 감면 법률 적용 관련 (1) / 답변1 첨부1
  + [1144] ntt=46343 (10405) [취득세] 법인 합병 감면 적용 시 사업용 재산 여부 판.. (1) / 답변1 첨부1
  + [1145] ntt=46341 (10404) [재산세] 재산세 건축중인 토지와 감면 면적 산정 관련 .. (1) / 답변1 첨부1
  + [1146] ntt=46340 (10403) [취득세] 차량 대체취득 감면 후 종전 차량 재취득하는 .. (1) / 답변1 첨부1
  + [1147] ntt=46334 (10402) [취득세] 특수관계법인간 분양계약(특약)에 따른 과대 선.. (1) / 답변1 첨부1
  + [1148] ntt=46331 (10401) [지방세특례제한법] 취득세, 재산세 감면규정 상이하게 적용이 가능.. (1) / 답변1 첨부1
  + [1149] ntt=46326 (10400) [취득세] 준공전협약에 따른 소유권이전 (2) / 답변2 첨부1
  + [1150] ntt=46324 (10399) [취득세] 신탁법에 의한 신탁으로 주식 취득시 과점주주 .. (1) / 답변1
  + [1151] ntt=46315 (10398) [재산세] 재산세(토지분) 납세의무자 (1) / 답변1 첨부1
  + [1152] ntt=46301 (10397) [재산세] 교육기관 골프장 원형보전 토지가 비영리사업자 .. (1) / 답변1 첨부1
  + [1153] ntt=46300 (10396) [취득세] 주택 무상취득 중과 배제 적용 가능 여부 질의 (1) / 답변1 첨부1
  + [1154] ntt=46297 (10395) [취득세] 생애최초 주택 취득세 감면 후 추징 여부 문의 (1) / 답변1 첨부1
  + [1155] ntt=46296 (10394) [취득세] 계산착오로 인한 상속 대위등기 이후 판결로 지.. (1) / 답변1 첨부1
[page 256 완료] 누적 신규 1155건  (이 게시판 저장 총 7,655건)
  + [1156] ntt=46283 (10393) [주민세] 안녕하세요 주민세 종업원 분  질의 올립니다. (1) / 답변1 첨부1
  + [1157] ntt=46280 (10392) [취득세] 장애인감면차량 차종변경에 따른 취득세 추징 여.. (1) / 답변1 첨부1
  + [1158] ntt=46279 (10391) [지방소득세] 지방소득세 환급가산금 적용 (1) / 답변1 첨부1
  + [1159] ntt=46273 (10390) [취득세] 지방세 상담 신청서 - 대수선면적 (1) / 답변1 첨부1
  + [1160] ntt=46272 (10389) [지방세징수법] 회생개시신청 후 압류 문의 (1) / 답변1 첨부1
  + [1161] ntt=46268 (10388) [취득세] 자경농민 농지 취득세 감면 신청 시 감면 적용.. (1) / 답변1 첨부1
  + [1162] ntt=46267 (10387) [취득세] 과점주주 납세의무자 중 합자회사의 무한책임사원 (1) / 답변1 첨부1
  + [1163] ntt=46254 (10386) [재산세] 납세의무자 관련 질문합니다 (1) / 답변1 첨부1
  + [1164] ntt=46250 (10385) [지방세기본법] 납부지연가산세 감면 문의 드립니다. (1) / 답변1 첨부1
  + [1165] ntt=46249 (10384) [지방세기본법] (급)미환급 세입과오납금 세입세출외현금으로 관.. (1) / 답변1 첨부1
  + [1166] ntt=46248 (10383) [취득세] 취득세 과세표준 포함 여부 (1) / 답변1 첨부1
  + [1167] ntt=46246 (10382) [취득세] 승계취득 취득시기 문의합니다 (1) / 답변1 첨부1
  + [1168] ntt=46244 (10381) [주민세] 주민세 종업원분 인정상여 관련 문의 (1) / 답변1 첨부1
  + [1169] ntt=46241 (10380) [재산세] 수탁자가 개인인 경우 개인소유농지로 보아 분리.. (1) / 답변1 첨부1
  + [1170] ntt=46236 (10379) [취득세] 차량 취득세 장애인 감면 대상 여부 문의(지방.. (1) / 답변1 첨부1
  + [1171] ntt=46209 (10378) [취득세] 임원, 사용인 등 경제적 연관관계로 인한 특수.. (1) / 답변1 첨부1
  + [1172] ntt=46205 (10377) [재산세] 미등기 토지에 대한 종중 및 개인의 납세의무자.. (1) / 답변1 첨부1
  + [1173] ntt=46201 (10376) [취득세] 지특법 제31조의5 감면적용 범위 (1) / 답변1 첨부1
  + [1174] ntt=46200 (10375) [주민세] 체육회 소속 선수 및 감독의 급여에 대한 주민.. (1) / 답변1 첨부1
  + [1175] ntt=46198 (10374) [지방세기본법] 과세정보 자료 제공 허용 범위 (1) / 답변1 첨부1
  + [1176] ntt=46196 (10373) [재산세] 재산세 납세의무자 지정 (1) / 답변1 첨부1
  + [1177] ntt=46194 (10372) [취득세] 취득세 과표 문의 (1) / 답변1 첨부1
  + [1178] ntt=46190 (10371) [취득세] 취득세 대납도 취득세 과세표준 산입여부 (1) / 답변1 첨부1
  + [1179] ntt=46188 (10370) [취득세] 창업(벤처)중소기업 감면에 해당여부 (1) / 답변1 첨부1
  + [1180] ntt=46185 (10369) [취득세] 유증인데 부담부증여로 볼 수 있는지 여부 (1) / 답변1 첨부1
  + [1181] ntt=46183 (10368) [지방소득세] 특징 지방소득세 납세의무자가 사망한 경우 과세.. (1) / 답변1 첨부1
  + [1182] ntt=46180 (10367) [취득세] 주택 취득일 이후 농촌주택개량사업대상자로 선정.. (1) / 답변1 첨부1
  + [1183] ntt=46175 (10366) [재산세] 공모예정인 부동산투자회사 소유 토지 분리과세 .. (1) / 답변1 첨부1
  + [1184] ntt=46172 (10365) [취득세] 유언대용상속 납세의무자 (1) / 답변1 첨부1
  + [1185] ntt=46167 (10364) [취득세] 지역주택조합에서 대납한 조합원 중도금 이자 비.. (1) / 답변1 첨부1
[page 257 완료] 누적 신규 1185건  (이 게시판 저장 총 7,685건)
  + [1186] ntt=46163 (10363) [재산세] 종교단체가 제3자의 부동산을 무상으로 사용하는.. (1) / 답변1 첨부1
  + [1187] ntt=46157 (10362) [취득세] 재개발 관련 토지 취득세 납세의무 및 취득시기 (1) / 답변1
  + [1188] ntt=46152 (10361) [지방세기본법] 환급가산금에 대한 경정청구 등 불복절차 (1) / 답변1 첨부1
  + [1189] ntt=46144 (10360) [재산세] 주택건설사업 승인받은 토지 분리과세 적용 관련 (1) / 답변1 첨부1
  + [1190] ntt=46138 (10359) [지방소득세] 개인지방소득세(양도소득) 예정신고시 납세지 적.. (1) / 답변1 첨부1
  + [1191] ntt=46137 (10358) [취득세] 과점주주 간주취득세에서 특수관계 대상 범위 (1) / 답변1 첨부1
  + [1192] ntt=46136 (10357) [취득세] 다자녀감면 취소요청 (1) / 답변1 첨부1
  + [1193] ntt=46133 (10356) [지방세징수법] 신탁재산 압류 해제 관련하여 위탁자와 수탁자의.. (1) / 답변1 첨부1
  + [1194] ntt=46132 (10355) [재산세] 건물 명도 판결 확정 이후 실질적으로 해당 재.. (1) / 답변1 첨부1
  + [1195] ntt=46118 (10354) [취득세] 전소유자의 이자비용 및 등기비용 대납시, 취득.. (1) / 답변1 첨부1
  + [1196] ntt=46109 (10353) [기타] 소방분 지역자원시설세 위험물 (1) / 답변1 첨부1
  + [1197] ntt=46108 (10352) [지방세징수법] 채권자가 누락된 파산사건에 대한 압류해제 (1) / 답변1 첨부1
  + [1198] ntt=46100 (10351) [취득세] 산업단지 외 준용사업의 지특법 제78조 제1항.. (1) / 답변1 첨부1
  + [1199] ntt=46099 (10350) [취득세] 창업 관련 감면 질의 (1) / 답변1 첨부1
  + [1200] ntt=46097 (10349) [등록면허세] 전기사업법에 따른 법인 분할합병 신고가 등록면.. (1) / 답변1 첨부1
  + [1201] ntt=46082 (10348) [지방세특례제한법] 10325번 보충 질의-지역축협의 판매장 감면.. (1) / 답변1 첨부1
  + [1202] ntt=46080 (10347) [재산세] 지방세특례제한법 제31조의 3(장기일반민간임대.. (1) / 답변1 첨부1
  + [1203] ntt=46068 (10346) [취득세] 어린이집 감면요건 미구비? 추징요건? (1) / 답변1 첨부1
  + [1204] ntt=46065 (10345) [취득세] 과점주주 과세대상 제외여부[금융지주회사] (1) / 답변1 첨부1
  + [1205] ntt=46063 (10344) [지방세특례제한법] 지방세특례제한법 제13조 제2항 (1) / 답변1 첨부1
  + [1206] ntt=46060 (10343) [취득세] 유언대용신탁 취득세 납세의무 발생 여부 질의 (1) / 답변1 첨부1
  + [1207] ntt=46056 (10342) [재산세] 작년 개별공지지가 미공시되었을 경우(올해 공시.. (1) / 답변1 첨부1
  + [1208] ntt=46055 (10341) [재산세] 상속등기가 이루어지지 않은 납세의무자 지정 관.. (1) / 답변1 첨부1
  + [1209] ntt=46054 (10340) [재산세] 상속 한정승인자에 대한 재산세부과에 대한 질의.. (1) / 답변1 첨부1
  + [1210] ntt=46052 (10339) [취득세] 유흥주점 중과세 문의 (1) / 답변1 첨부1
  + [1211] ntt=46038 (10338) [지방세징수법] 배당이의 소(전소유자 체납 권리가 누락됨에 따.. (1) / 답변1 첨부1
  + [1212] ntt=46030 (10337) [취득세] 토지수용 보상금 수령 기산일 문의 (1) / 답변1 첨부1
  + [1213] ntt=46028 (10336) [취득세] 노인복지시설 신축을 위한 토지 취득자와, 건축.. (1) / 답변1 첨부1
  + [1214] ntt=46027 (10335) [지방세징수법] 신탁재산 공매관련 문의입니다. (1) / 답변1 첨부1
  + [1215] ntt=46021 (10334) [취득세] 과세 예고 후 조직변경으로 법인이 변경될 시 .. (1) / 답변1 첨부1
[page 258 완료] 누적 신규 1215건  (이 게시판 저장 총 7,715건)
  + [1216] ntt=46018 (10333) [재산세] 주택분 부속토지를 주택으로 과세하는 근거 (2) / 답변2 첨부1
  + [1217] ntt=46013 (10332) [취득세] 소유권확인 판결문에 따른 취득세/등록면허세 세.. (1) / 답변1 첨부1
  + [1218] ntt=46012 (10331) [지방소득세] 개인지방소득세(특별징수) 반기신고 시 연말정산.. (1) / 답변1 첨부1
  + [1219] ntt=46011 (10330) [세외수입] 간이회생법인에 대한 행정대집행비 체납 관련 문.. (1) / 답변1 첨부2
  + [1220] ntt=46002 (10329) [주민세] 주민세(종업원분)-인정상여 관련 (1) / 답변1 첨부1
  + [1221] ntt=46001 (10328) [취득세] 갠트리크레인 취득세 과세대상 여부 문의드립니다.. (1) / 답변1 첨부2
  + [1222] ntt=45998 (10327) [취득세] 불법농지의 사실상 지목변경 취득세 관련 질의 (1) / 답변1 첨부2
  + [1223] ntt=45997 (10326) [주민세] 타시군 합동조사 등 (1) / 답변1 첨부1
  + [1224] ntt=45995 (10325) [지방세특례제한법] 10310 재질의 -지역축협의 하나로마트 판매.. (1) / 답변1 첨부1
  + [1225] ntt=45983 (10324) [취득세] 해당 부동산이 공유물 분할에 의한 형식적 취득.. (1) / 답변1 첨부1
  + [1226] ntt=45977 (10323) [취득세] 진정명의회복을 원인으로 한 소유권이전등기 시,.. (1) / 답변1 첨부1
  + [1227] ntt=45973 (10322) [취득세] 중고차 매매업체의 과점주주가 된 경우 상품용 .. (2) / 답변2 첨부1
  + [1228] ntt=45959 (10321) [취득세] 토지 수용 관련 대체취득에 대한 감면 질의 (1) / 답변1 첨부2
  + [1229] ntt=45957 (10320) [등록면허세] 미등기에 따른 등록에 대한 등록면허세 (1) / 답변1 첨부1
  + [1230] ntt=45955 (10319) [취득세] 분양권에 의한 주택 취득 시 종전주택의 공시가.. (1) / 답변1 첨부1
  + [1231] ntt=45954 (10318) [재산세] 대지권 미등기 물건에 대한 재산세 및 취득세 .. (1) / 답변1 첨부1
  + [1232] ntt=45952 (10317) [지방세특례제한법] 신탁사 임대주택감면 (1) / 답변1 첨부1
  + [1233] ntt=45948 (10316) [취득세] 건축주와 등기부상 소유자가 다를 경우 취득세 .. (1) / 답변1 첨부1
  + [1234] ntt=45944 (10315) [취득세] 창업중소기업 지방세 감면 가능 여부 (1) / 답변1 첨부2
  + [1235] ntt=45942 (10314) [재산세] 재산세 농지 현황 과세 문의 (1) / 답변1 첨부1
  + [1236] ntt=45941 (10313) [재산세] 재산세 농지 현황 과세 문의 (1) / 답변1 첨부1
  + [1237] ntt=45935 (10312) [취득세] 과점주주 취득세 조사 시, 세무서 지분 수정신.. (1) / 답변1 첨부1
  + [1238] ntt=45932 (10311) [자동차세] 자동차세 상속 관련 문의 (1) / 답변1 첨부1
  + [1239] ntt=45930 (10310) [재산세] 지역축협의 하나로마트 판매장 고유업무 해당 여.. (1) / 답변1 첨부1
  + [1240] ntt=45921 (10309) [주민세] 주민세 종업원분 관련문의 (1) / 답변1 첨부1
  + [1241] ntt=45919 (10308) [주민세] 주민세(종업원분) 단일사업장 판단 (법인등록번.. (1) / 답변1 첨부1
  + [1242] ntt=45915 (10307) [지방세징수법] 급여압류 선압류에 따른 배분 관련 문의 (1) / 답변1 첨부1
  + [1243] ntt=45914 (10306) [취득세] 부동산실거래 허위신고 납세의무 성립일 기준 문.. (1) / 답변1 첨부1
  + [1244] ntt=45911 (10305) [재산세] 토지안분 기준 및 법적근거 (1) / 답변1 첨부1
  + [1245] ntt=45899 (10304) [재산세] 지방자치단체가 1년 이상 무상사용하는 재산 비.. (1) / 답변1 첨부1
[page 259 완료] 누적 신규 1245건  (이 게시판 저장 총 7,745건)
  + [1246] ntt=45898 (10303) [취득세] 과거의 특수관계로 인한 과점주주 간주취득세 대.. (1) / 답변1 첨부1
  + [1247] ntt=45892 (10302) [지방세징수법] 공매 교부청구한 후 감정불능으로 인하여 공매가.. (1) / 답변1 첨부1
  + [1248] ntt=45890 (10301) [취득세] 선이자, 사업권 양수도 대금이 토지 취득세 과.. (1) / 답변1 첨부1
  + [1249] ntt=45887 (10300) [지방세징수법] 차량 공매 관련 (1) / 답변1 첨부1
  + [1250] ntt=45877 (10299) [취득세] 취득세 과세표준 신탁수수료 포함 여부 (부동산.. (1) / 답변1 첨부1
  + [1251] ntt=45858 (10298) [취득세] 신혼부부 주택구입 추징 사유 (1) / 답변1 첨부1
  + [1252] ntt=45849 (10297) [지방세기본법] 제2차 납세의무지정취소 증빙자료문의 (1) / 답변1 첨부1
  + [1253] ntt=45838 (10296) [취득세] 골프장(클럽하우스 및 그늘집 대지)의 지목변경.. (1) / 답변1 첨부1
  + [1254] ntt=45833 (10295) [취득세] 사용승인이후 이전고시이전 입주권매매 (1) / 답변1 첨부1
  + [1255] ntt=45826 (10294) [취득세] 국가가 수용하거나 공공용지 협의취득으로 소유권.. (1) / 답변1 첨부1
  + [1256] ntt=45819 (10293) [재산세] 지붕에 태양광패널을 설치한 썬룸은 재산세 및 .. (1) / 답변1 첨부1
  + [1257] ntt=45817 (10292) [취득세] 신탁 후에 지목변경 한 토지를 신탁회사가 임대.. (1) / 답변1 첨부1
  + [1258] ntt=45809 (10291) [등록면허세] 등록면허세 세율 질문드립니다 (1) / 답변1
  + [1259] ntt=45803 (10290) [재산세] 산업단지  감면 및 분리과세  적용  여부 (1) / 답변1 첨부3
  + [1260] ntt=45794 (10289) [등록면허세] 가설건축물 건축허가 및 축조신고에 따른 등록면.. (1) / 답변1 첨부1
  + [1261] ntt=45792 (10288) [지방세징수법] 부동산 공매 관련 질의 (1) / 답변1 첨부1
  + [1262] ntt=45791 (10287) [취득세] 농협 로컬푸드직매장 내 로컬카페가 지특법 제1.. (1) / 답변1 첨부1
  + [1263] ntt=45790 (10286) [취득세] 미등기된 피상속인  상속물건에 대한 취득세 납.. (1) / 답변1 첨부1
  + [1264] ntt=45789 (10285) [취득세] 상품용 차량 감면 추징 관련 문의 드립니다. (1) / 답변1 첨부1
  + [1265] ntt=45781 (10284) [재산세] 현황상 건축물 부속토지에 대한 별도합산 적용 .. (1) / 답변1 첨부1
  + [1266] ntt=45779 (10283) [주민세] 주민세(종업원분) 지역농협 본점과 지점 과세대.. (1) / 답변1 첨부1
  + [1267] ntt=45777 (10282) [취득세] 취득일 이후 전체 세대원 중 나머지 세대원이 .. (1) / 답변1 첨부1
  + [1268] ntt=45776 (10281) [지방소득세] 법인지방소득세 환급가산금 기산일 질의 (1) / 답변1 첨부1
  + [1269] ntt=45774 (10280) [취득세] 외국에 거주하는 상속인 문의 (1) / 답변1 첨부1
  + [1270] ntt=45752 (10279) [취득세] 사실상의 잔금지급일에 대한 판단 (1) / 답변1 첨부2
  + [1271] ntt=45750 (10278) [지방소득세] 납기 전 징수 사유에 대한 질의 (1) / 답변1 첨부1
  + [1272] ntt=45749 (10277) [재산세] 주택 부속토지와 건축물 부속토지 판단 기준 문.. (1) / 답변1 첨부1
  + [1273] ntt=45739 (10276) [취득세] 상속 취득세를 감정평가액과 시가표준액 차액으로.. (1) / 답변1 첨부1
  + [1274] ntt=45734 (10275) [취득세] 귀농인 취득세 감면 추징 관련(농지에 농업용시.. (1) / 답변1 첨부1
  + [1275] ntt=45733 (10274) [취득세] 중과세 대상(고급오락장) 추징 시 과세표준의 .. (1) / 답변1 첨부1
[page 260 완료] 누적 신규 1275건  (이 게시판 저장 총 7,775건)
  + [1276] ntt=45731 (10273) [취득세] 창업중소기업관련 문의 (사업의확장으로 보지 않.. (1) / 답변1 첨부1
  + [1277] ntt=45729 (10272) [지방소득세] 법인지방소득세 가산금질의 (1) / 답변1 첨부1
  + [1278] ntt=45718 (10271) [자동차세] 감면대상자 취득세 추징 후 신규취득 (1) / 답변1 첨부1
  + [1279] ntt=45717 (10270) [재산세] 지특법 제31조 제4항 감면 적용 여부 질의 (1) / 답변1 첨부1
  + [1280] ntt=45712 (10269) [취득세] 지역주택조합이 지주조합원으로부터 취득한 토지 .. (1) / 답변1 첨부1
  + [1281] ntt=45709 (10268) [취득세] 부담부증여 과세표준 적용 (1) / 답변1 첨부1
  + [1282] ntt=45707 (10267) [취득세] 사실상의 지목변경 여부 관련 (1) / 답변1 첨부2
  + [1283] ntt=45702 (10266) [취득세] 인접한 공장 간의 공유물분할 해당 여부 (1) / 답변1 첨부1
  + [1284] ntt=45700 (10265) [취득세] 학교의 사업용 부동산 취득 감면 (1) / 답변1 첨부1
  + [1285] ntt=45690 (10264) [재산세] 재산세 분리과세대상인 목장용지에 해당되는지 여.. (1) / 답변1 첨부1
  + [1286] ntt=45689 (10263) [취득세] 30세 미만 별도세대 (1) / 답변1 첨부1
  + [1287] ntt=45686 (10262) [재산세] 도시개발사업 환지예정지 지정 전부 취소시 재산.. (1) / 답변1 첨부1
  + [1288] ntt=45682 (10261) [지방세특례제한법] 지특법제58조의3 창업 직접 사용 문의 (1) / 답변1 첨부1
  + [1289] ntt=45677 (10260) [취득세] 내부계단설치 대수선 (1) / 답변1 첨부1
  + [1290] ntt=45675 (10259) [취득세] 주택 취득세 중과 관련 별도세대 소득기준 문의 (1) / 답변1 첨부2
  + [1291] ntt=45674 (10258) [취득세] 차량 취득 후 지입차량 명의로 차량을 등록할 .. (1) / 답변1 첨부1
  + [1292] ntt=45673 (10257) [취득세] 재개발과 관련하여 조합원에게 귀속되지 아니하는.. (1) / 답변1 첨부1
  + [1293] ntt=45656 (10256) [주민세] 주민세 종업원분 과세표준 포함 여부 (1) / 답변1 첨부1
  + [1294] ntt=45653 (10255) [재산세] 재산세 토지 세부담상한 질의입니다. (1) / 답변1 첨부1
  + [1295] ntt=45652 (10254) [취득세] 주식양도양수계약을 취소한 경우 과점주주 간주취.. (1) / 답변1 첨부1
  + [1296] ntt=45649 (10253) [취득세] 부동산실명법 위반으로 취득세 과세대상 문의 (1) / 답변1 첨부1
  + [1297] ntt=45642 (10252) [지방세징수법] 공유물 분할 판결에 따른 부동산 압류 해제 요.. (1) / 답변1 첨부1
  + [1298] ntt=45640 (10251) [지방세특례제한법] 감면특례 제한 대상인지 여부 (1) / 답변1 첨부1
  + [1299] ntt=45636 (10250) [취득세] 채권자 대위등기로 취득세 신고납부시 기존 납부.. (1) / 답변1 첨부1
  + [1300] ntt=45634 (10249) [재산세] 철거된 건축물의 부속 토지를 재산세 감면 할 .. (1) / 답변1 첨부1
  + [1301] ntt=45631 (10248) [취득세] 컨설팅비용 및 그에 포함된 중개수수료의 과표 .. (1) / 답변1 첨부1
  + [1302] ntt=45629 (10247) [취득세] 건축주가 건설임대사업자 등록하였다가 말소한 오.. (1) / 답변1 첨부1
  + [1303] ntt=45628 (10246) [취득세] 농공단지 대체입주자 해당 여부 질의 (1) / 답변1 첨부1
  + [1304] ntt=45618 (10245) [취득세] 대수선 취득세 문의 (1) / 답변1 첨부1
  + [1305] ntt=45615 (10244) [지방소득세] 법인지방소득세 가산세 관련 질의 (1) / 답변1 첨부1
[page 261 완료] 누적 신규 1305건  (이 게시판 저장 총 7,805건)
  + [1306] ntt=45613 (10243) [취득세] 장애인 자동차 공동등록 후 1년이내에 세대분가.. (1) / 답변1 첨부1
  + [1307] ntt=45610 (10242) [주민세] 주민세 사업소분 인적설비에 관한 문의 (1) / 답변1 첨부1
  + [1308] ntt=45603 (10241) [재산세] 농협 고유업무 직접사용 부동산 (1) / 답변1 첨부1
  + [1309] ntt=45602 (10240) [주민세] (긴급) 주민세 종업원분 12개월 미만 사업장.. (1) / 답변1 첨부1
  + [1310] ntt=45598 (10239) [지방세기본법] 과세예고  대상 여부 문의 (1) / 답변1 첨부1
  + [1311] ntt=45593 (10238) [지방소득세] 납부지연가산세의 부과결정일을 언제로 볼지 (1) / 답변1 첨부1
  + [1312] ntt=45590 (10237) [취득세] 지목변경 과세표준 산정에 대해 문의드립니다. (1) / 답변1 첨부1
  + [1313] ntt=45589 (10236) [취득세] 자경농민 감면 취득 후 직접 경작 기간 2년 .. (1) / 답변1 첨부1
  + [1314] ntt=45588 (10235) [지방세기본법] 소득금액변동통지 관련, 납부지연가산세 기산일 .. (1) / 답변1 첨부1
  + [1315] ntt=45587 (10234) [취득세] 신축 후 편의점 직접운영의 경우 중과세율 질의.. (1) / 답변1 첨부1
  + [1316] ntt=45586 (10233) [자동차세] 공동명의차량 대표자 사망시  자동차세 납세의무.. (1) / 답변1 첨부1
  + [1317] ntt=45584 (10232) [지방소득세] 주식매수선택권 행사이익으로 인한 2018년도 .. (1) / 답변1 첨부1
  + [1318] ntt=45582 (10231) [취득세] 창업중소기업 등에 대한 감면 질의 (1) / 답변1 첨부1
  + [1319] ntt=45554 (10230) [취득세] 상속개시 후 단독상속권자 사망 시 취득세 납세.. (1) / 답변1
  + [1320] ntt=45548 (10229) [취득세] 상속 이전 등기까지 마친 후 취득세 감면 요청.. (1) / 답변1 첨부1
  + [1321] ntt=45544 (10228) [재산세] 주택의 1동, 1구개념 (1) / 답변1 첨부1
  + [1322] ntt=45543 (10227) [취득세] 지방세법시행령 제28조의2(주택 유상거래 취득.. (1) / 답변1 첨부1
  + [1323] ntt=45538 (10226) [지방세기본법] 지방세심의위원회의 의결을 거치지 않는 이의신청.. (1) / 답변1 첨부2
  + [1324] ntt=45528 (10225) [재산세] 화해권고결정을 통해 매년 사용료를 내고 있는 .. (1) / 답변1 첨부1
  + [1325] ntt=45526 (10224) [자동차세] 공매가 진행중이지 않은 자동차 (1) / 답변1 첨부1
  + [1326] ntt=45521 (10223) [지방세징수법] 세무서 사업장 폐업된 법인의 2차 납세의무자 .. (1) / 답변1 첨부1
  + [1327] ntt=45520 (10222) [재산세] 종교단체 (교회) 의 주차장 이용 토지 재산세.. (1) / 답변1 첨부1
  + [1328] ntt=45519 (10221) [지방세징수법] 권익위가 주장한 징수권 소멸시효사례를 적용해달.. (3) / 답변3 첨부1
  + [1329] ntt=45518 (10220) [취득세] 취득세 대도시 중과 해당여부 (1) / 답변1 첨부1
  + [1330] ntt=45507 (10219) [등록면허세] 이중 신고납부 선등기후수납 가산세에 대해 문의.. (1) / 답변1 첨부1
  + [1331] ntt=45498 (10218) [지방세특례제한법] 자경농민감면 조건 (1) / 답변1 첨부1
  + [1332] ntt=45495 (10217) [등록면허세] 창업중소기업으로 인한 등록면허세(등록) 환급 .. (1) / 답변1 첨부1
  + [1333] ntt=45491 (10216) [재산세] 교회 내 대안학교 정식 인가 시 재산세 감면 .. (1) / 답변1 첨부1
  + [1334] ntt=45484 (10215) [취득세] 명의신탁 신고 관련 문의 (1) / 답변1 첨부1
  + [1335] ntt=45483 (10214) [취득세] 농업법인 감면 관련 (1) / 답변1 첨부1
[page 262 완료] 누적 신규 1335건  (이 게시판 저장 총 7,835건)
  + [1336] ntt=45481 (10213) [재산세] 재산세  감면 문의 (1) / 답변1 첨부1
  + [1337] ntt=45480 (10212) [취득세] 미등기 토지에 대한 등기 시 등록세 세율 문의 (1) / 답변1 첨부1
  + [1338] ntt=45478 (10211) [지방소득세] 지방소득세(특별징수) 연말정산 환급 시 소액부.. (1) / 답변1 첨부1
  + [1339] ntt=45465 (10210) [취득세] 증여후 증여자 사망으로 증여취득세 취소 문의 (1) / 답변1 첨부1
  + [1340] ntt=45463 (10209) [재산세] 주된상속자는 누가 되나요? (1) / 답변1 첨부1
  + [1341] ntt=45462 (10208) [재산세] 조부의 재산에 대한 주된상속자 문의 (1) / 답변1 첨부1
  + [1342] ntt=45460 (10207) [세외수입] 압류 및 재산조회 문의 (1) / 답변1 첨부1
  + [1343] ntt=45457 (10206) [재산세] 재건축조합 현금청산대상자 재산세 납세의무 (1) / 답변1 첨부1
  + [1344] ntt=45451 (10205) [자동차세] 자동차세 한정승인 관련 문의드립니다. (1) / 답변1 첨부1
  + [1345] ntt=45449 (10204) [지방세기본법] 사업양수인의 제2차 납세의무 성립과 범위 (1) / 답변1 첨부1
  + [1346] ntt=45444 (10203) [취득세] 일시적 2주택의 종전주택을 타 주택과 교환으로.. (1) / 답변1 첨부1
  + [1347] ntt=45428 (10202) [취득세] 소득없는자의 부담부증여 취득시  양도적용 여부 (1) / 답변1 첨부2
  + [1348] ntt=45425 (10201) [지방세기본법] 지방세 기본법 제86조 비밀유지 규정 적용 관.. (1) / 답변1 첨부1
  + [1349] ntt=45424 (10200) [재산세] 민사소송 확정후 부과 제척기간 경과된 재산세 .. (3) / 답변3 첨부1
  + [1350] ntt=45422 (10199) [취득세] 부담부증여, 증여로 분할하여 공동명의 신고시 .. (1) / 답변1 첨부1
  + [1351] ntt=45421 (10198) [취득세] 취득세 신고관련  문의드립니다. (1) / 답변1 첨부1
  + [1352] ntt=45418 (10197) [취득세] 매각허가결정취소로 법원 직권말소에 따른 취득세.. (1) / 답변1 첨부1
  + [1353] ntt=45417 (10196) [재산세] 상속미등기상태로 법정지분별 취득세(상속)신고납.. (1) / 답변1 첨부1
  + [1354] ntt=45415 (10195) [재산세] 환지방식의 도시개발사업 대지에 대한 과세 (1) / 답변1 첨부1
  + [1355] ntt=45414 (10194) [취득세] 매매용 자동차에 대한 차량취득세 추징관련 질의 (2) / 답변2 첨부1
  + [1356] ntt=45411 (10193) [취득세] 변전소 건축물을 증축하면서 함께 시설한 전력구.. (1) / 답변1 첨부1
  + [1357] ntt=45409 (10192) [재산세] 연부취득 후 매매계약 해제시 환급이 가능한가요.. (1) / 답변1 첨부1
  + [1358] ntt=45408 (10191) [취득세] 농업법인 1년이내 해당용도 미사용으로 추징할 .. (1) / 답변1 첨부1
  + [1359] ntt=45407 (10190) [주민세] 동일건물 내 사업장 면세점 판단 기준 (1) / 답변1 첨부1
  + [1360] ntt=45400 (10189) [세외수입] 청산종결간주된 법인에 부과한 과태료처분의 효력 (1) / 답변1 첨부1
  + [1361] ntt=45392 (10188) [지방세징수법] 금융 실명 확인이 안 된 예금의 추심가능 여부 (1) / 답변1 첨부1
  + [1362] ntt=45391 (10187) [지방소득세] 국세청 통보자료에 의한 부과제척기간 해당 귀속.. (1) / 답변1 첨부1
  + [1363] ntt=45389 (10186) [취득세] (긴급)송유관 이설공사에 관한 대체취득 인정여.. (1) / 답변1 첨부1
  + [1364] ntt=45384 (10185) [취득세] 조정지역해제에 따른 취득세적용 (1) / 답변1 첨부1
  + [1365] ntt=45383 (10184) [취득세] 상속 취득세 경정청구 및 환급 가능 여부(1가.. (1) / 답변1 첨부1
[page 263 완료] 누적 신규 1365건  (이 게시판 저장 총 7,865건)
  + [1366] ntt=45380 (10183) [지방소득세] 기한후신고 후 경정결정시 가산세 적용관련으로 .. (2) / 답변2 첨부1
  + [1367] ntt=45378 (10182) [자동차세] 경찰관서 공용차량 자동차세 비과세 여부 (1) / 답변1 첨부1
  + [1368] ntt=45375 (10181) [재산세] 종중 소유 농지 및 임야 (1) / 답변1 첨부1
  + [1369] ntt=45374 (10180) [취득세] 상속주택 중과제외 여부 문의 (1) / 답변1 첨부1
  + [1370] ntt=45371 (10179) [재산세] 상속재산분할 재산세 납세의무자 문의 (1) / 답변1 첨부1
  + [1371] ntt=45370 (10178) [취득세] 매매상사 상품용 차량 신고가액 경정 문의 (1) / 답변1 첨부1
  + [1372] ntt=45364 (10177) [지방세기본법] 세무조사 관련 관계법인 추징세액 발생 시 절차.. (1) / 답변1 첨부1
  + [1373] ntt=45363 (10176) [취득세] 취득세 세율적용 관련 문의 (1) / 답변1 첨부1
  + [1374] ntt=45362 (10175) [재산세] 지역아동센터 직접사용의 여부 확인 (1) / 답변1 첨부1
  + [1375] ntt=45360 (10174) [취득세] 미신고 상속에 따른 취득세 과세예고 상속대상자.. (1) / 답변1 첨부1
  + [1376] ntt=45359 (10173) [자동차세] 자동차세 관련 법원 판결 해석에 대한 질의 (1) / 답변1 첨부1
  + [1377] ntt=45355 (10172) [취득세] 건축물 신축후 시설물(탸양열 냉난방시설) 취득.. (1) / 답변1 첨부1
  + [1378] ntt=45350 (10171) [취득세] 토지,건물 취득시기 전 지급된 명도비용의 과세.. (1) / 답변1 첨부1
  + [1379] ntt=45346 (10170) [지방세징수법] 사망자에게 과세된 자동차세 관련 문의 (1) / 답변1 첨부1
  + [1380] ntt=45342 (10169) [취득세] 자동차 이전 시 매매금액을 착오로 과도하게 신.. (1) / 답변1 첨부1
  + [1381] ntt=45340 (10168) [재산세] 인지청구로써 재산의 사실상 소유자가 되는지 여.. (1) / 답변1 첨부1
  + [1382] ntt=45339 (10167) [지방소득세] 자경농지 양도 감면 한도 문의 (1) / 답변1 첨부1
  + [1383] ntt=45333 (10166) [지방세징수법] 압류해제일 소급적용 가능 여부 (1) / 답변1
  + [1384] ntt=45332 (10165) [취득세] 신고납부기한 내 이미 신고납부한 상속 취득세를.. (1) / 답변1 첨부1
  + [1385] ntt=45329 (10164) [취득세] 분양대행계약 완료에 따른 성과보수로 받은 부동.. (1) / 답변1 첨부1
  + [1386] ntt=45327 (10163) [취득세] 전기자동차 충전시설 취득세의 납세의무자 (1) / 답변1 첨부1
  + [1387] ntt=45326 (10162) [재산세] 상속재산분할 재산세 납세의무자 문의 (1) / 답변1 첨부1
  + [1388] ntt=45324 (10161) [재산세] 취득세 및 재산세 관련 문의입니다. (1) / 답변1 첨부1
  + [1389] ntt=45322 (10160) [지방세기본법] 경찰서 수사협조 요청시 과세정보 회신 근거 (1) / 답변1 첨부1
  + [1390] ntt=45321 (10159) [재산세] 임야 분리과세 요건 (1) / 답변1 첨부1
  + [1391] ntt=45319 (10158) [취득세] 외국인 귀농 감면 문의드립니다. (1) / 답변1 첨부1
  + [1392] ntt=45313 (10157) [취득세] 법인 임대사업자 말소 시  중과배제 추징 규정 (1) / 답변1 첨부1
  + [1393] ntt=45312 (10156) [지방세징수법] 신탁재산 물적납세의무 지정 후 징수권 행사 질.. (1) / 답변1 첨부1
  + [1394] ntt=45299 (10155) [재산세] 개인소유(학교 이사장) 실제 학교용지(운동장 .. (1) / 답변1 첨부1
  + [1395] ntt=45295 (10154) [취득세] 기업합병에 대한 취득세 감면대상인 사업용 재산.. (1) / 답변1 첨부1
[page 264 완료] 누적 신규 1395건  (이 게시판 저장 총 7,895건)
  + [1396] ntt=45294 (10153) [재산세] 정당한 사유 적용 관련 (1) / 답변1 첨부1
  + [1397] ntt=45279 (10152) [취득세] 학술연구단체 여부에 대하여 문의드립니다. (1) / 답변1 첨부2
  + [1398] ntt=45275 (10151) [지방세기본법] 제2차 납세의무자 지정 관련 (1) / 답변1 첨부1
  + [1399] ntt=45270 (10150) [취득세] 창업중소기업 감면 대상 여부 판단 (1) / 답변1 첨부1
  + [1400] ntt=45268 (10149) [취득세] 차량 취득세 장애 및 국가유공자 중복감면 여부 (1) / 답변1 첨부1
  + [1401] ntt=45265 (10148) [취득세] 창업중소기업 감면 (1) / 답변1 첨부1
  + [1402] ntt=45262 (10147) [주민세] 주민세 사업소분 법인과 대법원상의 등기부 등기.. (1) / 답변1 첨부1
  + [1403] ntt=45258 (10146) [재산세] 지방세법 시행령 제103조제1항제3호[건축물의.. (1) / 답변1 첨부1
  + [1404] ntt=45240 (10145) [취득세] 생애최초 주택 구입에 대한 취득세 감면 대상 .. (1) / 답변1 첨부1
  + [1405] ntt=45237 (10144) [지방세징수법] 태풍으로 인한 침수차량 압류해제 가능여부 (1) / 답변1 첨부2
  + [1406] ntt=45232 (10143) [재산세] 사용승인을 받지 않고 사용중인 다세대 주택의 .. (1) / 답변1 첨부1
  + [1407] ntt=45229 (10142) [취득세] 부담부증여 (1) / 답변1 첨부1
  + [1408] ntt=45226 (10141) [취득세] 주거환경개선사업 정비구역지정 고시일 현재 부동.. (1) / 답변1 첨부2
  + [1409] ntt=45221 (10140) [재산세] 공부상으로만 도로인 필지에 재산세 부과 시 지.. (1) / 답변1 첨부1
  + [1410] ntt=45219 (10139) [지방소득세] 지방소득세(종합) 부과체적기간 지난 수정신고 .. (1) / 답변1 첨부1
  + [1411] ntt=45216 (10138) [지방세징수법] 부동산 공매처분 시 기타비상무이사가 청산인이 .. (1) / 답변1 첨부1
  + [1412] ntt=45214 (10137) [재산세] 포락지 재산세 과세 여부 (1) / 답변1 첨부1
  + [1413] ntt=45212 (10136) [주민세] 주민세(종업원분) 질의합니다. (1) / 답변1 첨부1
  + [1414] ntt=45209 (10135) [취득세] 본인 소유의 차량에서 윙바디를 옮겨 설치한 경.. (1) / 답변1 첨부1
  + [1415] ntt=45201 (10134) [취득세] 생애최초 취득 주택 현황 주상복합건물 감면 가.. (1) / 답변1 첨부1
  + [1416] ntt=45196 (10133) [취득세] 동일물건, 동일납세자의 증여 취득세 이중신고 .. (1) / 답변1 첨부1
  + [1417] ntt=45188 (10132) [재산세] 화물운송주선업이 운송업에 해당하여 분리과세대상.. (1) / 답변1 첨부1
  + [1418] ntt=45187 (10131) [취득세] 지특법에 따라 취득세를 면제한 부동산이 이후 .. (1) / 답변1 첨부1
  + [1419] ntt=45180 (10130) [취득세] 책임준공관리형 토지 신탁계약 (1) / 답변1 첨부1
  + [1420] ntt=45177 (10129) [재산세] 재산세 과세대상인 자동세차시설물로 볼 수 있는.. (1) / 답변1 첨부1
  + [1421] ntt=45175 (10128) [지방세징수법] 시효완성정리 가능 여부 질의드립니다. (1) / 답변1
  + [1422] ntt=45174 (10127) [지방세특례제한법] 상속주택 관련 공동주택 주택임대사업자 감면 여.. (1) / 답변1 첨부1
  + [1423] ntt=45169 (10126) [취득세] 현물출자 재산의 취득시기 (1) / 답변1 첨부1
  + [1424] ntt=45162 (10125) [지방세특례제한법] 자영어민 토지 취득 감면 적용 문의 (1) / 답변1 첨부1
  + [1425] ntt=45154 (10124) [취득세] 생애최초 취득세 감면 추징사유 해당여부관련 (1) / 답변1 첨부1
[page 265 완료] 누적 신규 1425건  (이 게시판 저장 총 7,925건)
  + [1426] ntt=45152 (10123) [취득세] 대납한 토지분 임차료 등이 건물 과세표준 포함.. (1) / 답변1 첨부1
  + [1427] ntt=45150 (10122) [취득세] 합의해제에 따른 사실상 취득 여부 (1) / 답변1 첨부1
  + [1428] ntt=45148 (10121) [재산세] 주된 상속인으로 직권등재 후 상속인 중 1인이.. (1) / 답변1 첨부1
  + [1429] ntt=45146 (10120) [재산세] 미신고 상속재산의 주된 상속인 지정에 대한 관.. (1) / 답변1 첨부1
  + [1430] ntt=45144 (10119) [취득세] 「도시 및 주거환경정비법」상 재개발 조합원의 .. (1) / 답변1 첨부1
  + [1431] ntt=45119 (10118) [재산세] 토지 감면 면적 관련하여 질의입니다. (1) / 답변1 첨부1
  + [1432] ntt=45118 (10117) [지방세특례제한법] 자치 감면 조례 삭제 시 지방세특례제한법 적용.. (1) / 답변1 첨부1
  + [1433] ntt=45117 (10116) [취득세] 종교단체 인적요건 충족여부 및 인적요건이 충족.. (1) / 답변1 첨부1
  + [1434] ntt=45115 (10115) [재산세] 개발제한구역내 임야 분리과세 관련 질의(증여 .. (1) / 답변1 첨부1
  + [1435] ntt=45103 (10114) [지방세기본법] 법인 특별징수 환급문의(급) (1) / 답변1 첨부1
  + [1436] ntt=45097 (10113) [재산세] 재산세 납세의무자 문의 (1) / 답변1 첨부1
  + [1437] ntt=45095 (10112) [취득세] 재건축조합의 사업진행 과정에서 발생하는 간접비.. (1) / 답변1 첨부1
  + [1438] ntt=45093 (10111) [재산세] 도시계획시설  철도의 재산세 감면 문의 (1) / 답변1 첨부1
  + [1439] ntt=45092 (10110) [지방소득세] 지방소득세(법인소득) 환급기산일 질의 (1) / 답변1 첨부1
  + [1440] ntt=45089 (10109) [지방소득세] 법인지방소득세 후발적 경정청구 사유 (1) / 답변1 첨부1
  + [1441] ntt=45080 (10108) [취득세] 생애최초 주택 취득 감면 후 합의해제 추징 (1) / 답변1 첨부1
  + [1442] ntt=45078 (10107) [취득세] 도장부스 무상취득시 (1) / 답변1 첨부1
  + [1443] ntt=45072 (10106) [취득세] 신탁재산을 고유재산으로 하는 소유권이전시 취득.. (1) / 답변1 첨부1
  + [1444] ntt=45071 (10105) [재산세] 산업단지계획 승인 고시된 농지에 대한 분리과세.. (2) / 답변2 첨부1
  + [1445] ntt=45069 (10104) [지방소득세] 지방소득세 양도소득분 가산세 부과 (1) / 답변1 첨부1
  + [1446] ntt=45067 (10103) [취득세] 부동산실명법 위반에 따른 취득세문의 (1) / 답변1 첨부1
  + [1447] ntt=45063 (10102) [재산세] 환지계획인가를 받고 공사 진행 중인 토지에 대.. (1) / 답변1 첨부1
  + [1448] ntt=45060 (10101) [주민세] 주민세(종업원) 개인사업자 법인전환할 경우 종.. (1) / 답변1 첨부1
  + [1449] ntt=45059 (10100) [취득세] 신탁회사의 신축  취득세 과세표준 제외대상 여.. (1) / 답변1 첨부1
  + [1450] ntt=45056 (10099) [취득세] 상속 주택 주택수 제외여부 (1) / 답변1 첨부1
  + [1451] ntt=45055 (10098) [지방소득세] 지방소득세 가산세 관련 문의드립니다. (1) / 답변1 첨부1
  + [1452] ntt=45054 (10097) [지방소득세] 법인지방소득세 안분대상 사업장 여부 (1) / 답변1 첨부1
  + [1453] ntt=45046 (10096) [지방세징수법] 2차 납세의무자 지정 관련 질문입니다. (1) / 답변1 첨부1
  + [1454] ntt=45044 (10095) [지방세기본법] 제2차 납세의무자 상담 (1) / 답변1 첨부1
  + [1455] ntt=45040 (10094) [지방세특례제한법] 창업감면판단시 중소기업창업 지원법 등 적용 가.. (1) / 답변1 첨부1
[page 266 완료] 누적 신규 1455건  (이 게시판 저장 총 7,955건)
  + [1456] ntt=45037 (10093) [취득세] 가산세 경정사유에 대한 질의입니다. (1) / 답변1 첨부1
  + [1457] ntt=45034 (10092) [세외수입] 공동대표자(개인사업자) 과태료 부과 (1) / 답변1 첨부1
  + [1458] ntt=45032 (10091) [주민세] 주민세(사업소분) 과세 질의 (1) / 답변1 첨부1
  + [1459] ntt=45029 (10090) [지방세징수법] 신탁물건 재산세(토지)의 징수 관련 질의드립니.. (1) / 답변1 첨부1
  + [1460] ntt=45025 (10089) [재산세] 창업중소기업특례 적용 여부 관련입니다. (1) / 답변1
  + [1461] ntt=45023 (10088) [재산세] 재산세 해외체류 별도세대 관련 문의드립니다. (1) / 답변1 첨부1
  + [1462] ntt=45019 (10087) [재산세] 현황지목의 변경여부 판단기준 질의 (1) / 답변1 첨부1
  + [1463] ntt=45018 (10086) [취득세] 주택건설사업자 일부상가 원시 취득시 중과세 여.. (1) / 답변1 첨부1
  + [1464] ntt=45016 (10085) [재산세] 외국인투자 기업에 대한 재산세감면 (1) / 답변1 첨부1
  + [1465] ntt=45012 (10084) [취득세] 가설건축물 과세표준 관련입니다 (1) / 답변1 첨부1
  + [1466] ntt=45005 (10083) [지방세특례제한법] 창업중소기업 감면 해당여부 (1) / 답변1 첨부1
  + [1467] ntt=45004 (10082) [취득세] 골프회원권 자회사 간 취득세 부과 여부 (1) / 답변1 첨부1
  + [1468] ntt=45003 (10081) [기타] 지방세 세무조사 실시 관련 문의 (1) / 답변1 첨부1
  + [1469] ntt=45002 (10080) [취득세] 매매용 차량 침수 폐차로 인한 취득세 추징 여.. (2) / 답변2 첨부1
  + [1470] ntt=44998 (10079) [지방세특례제한법] 생애최초 주택 구입 취득세 감면 관련(토지 건.. (1) / 답변1 첨부1
  + [1471] ntt=44994 (10078) [취득세] 신탁물건 창업중소기업 감면 가능여부 (1) / 답변1 첨부1
  + [1472] ntt=44988 (10077) [취득세] 무허가주택 1가구1주택 감면 적용 (1) / 답변1 첨부1
  + [1473] ntt=44986 (10076) [취득세] 교통사고 이륜차 과세표준 적용 문의(수정) (1) / 답변1 첨부1
  + [1474] ntt=44979 (10075) [재산세] 재산세 부과시, 과세기준일 현재 공실일 경우 .. (1) / 답변1 첨부1
  + [1475] ntt=44975 (10074) [취득세] 침수 차량이 2대이고 대체취득 차량이 1대일 .. (2) / 답변2
  + [1476] ntt=44973 (10073) [지방세징수법] 고지서 발송 이력기록이 없는 체납건의 징수 가.. (2) / 답변2 첨부1
  + [1477] ntt=44966 (10072) [취득세] 교통사고 이륜차 과세표준 적용 문의 (1) / 답변1 첨부1
  + [1478] ntt=44965 (10071) [재산세] 사유지에 지자체가 산책로를 조성한 경우 재산세.. (1) / 답변1 첨부1
  + [1479] ntt=44964 (10070) [재산세] 상속 후 공유물 분할 한  임야에 대해 분리과.. (1) / 답변1
  + [1480] ntt=44947 (10069) [취득세] 장애인용 자동차에 대한 취득세 감면 추징 여부 (1) / 답변1 첨부1
  + [1481] ntt=44945 (10068) [취득세] 귀농인 취득 농지 감면에 대한 질의사항 (1) / 답변1 첨부1
  + [1482] ntt=44940 (10067) [취득세] 기존 소유 토지와 합병된 자경농민 감면 농지 .. (1) / 답변1 첨부1
  + [1483] ntt=44934 (10066) [재산세] 과수원 요건에 대하여 질문 드립니다. (1) / 답변1 첨부1
  + [1484] ntt=44917 (10065) [세외수입] 소송비용회수수입 관리 방법 (1) / 답변1 첨부1
  + [1485] ntt=44916 (10064) [재산세] 토지분 세부담상한 적용 (1) / 답변1
[page 267 완료] 누적 신규 1485건  (이 게시판 저장 총 7,985건)
  + [1486] ntt=44915 (10063) [취득세] 차량 취득세 신고가액 정정 가능 여부 (1) / 답변1 첨부1
  + [1487] ntt=44910 (10062) [취득세] 상속으로 취득한 건축물의 시가가 시가표준액보다.. (1) / 답변1 첨부1
  + [1488] ntt=44907 (10061) [지방세특례제한법] 대체취득감면_부재지주 해당 여부 (1) / 답변1 첨부1
    [retry 1/3] ReadTimeout
    [retry 2/3] ReadTimeout
  + [1489] ntt=44900 (10060) [취득세] 대위등기된 미준공 건물(공동주택)을 경매 취득.. (1) / 답변1 첨부1
  + [1490] ntt=44896 (10059) [재산세] 무허가주택 상속관련 문의입니다. (1) / 답변1 첨부1
  + [1491] ntt=44889 (10058) [주민세] 개인사업자가 동일 물건지에 다수의 사업자등록을.. (1) / 답변1 첨부1
  + [1492] ntt=44887 (10057) [취득세] 수도관로 등 교체에 따른 취득세 납부의무 질의 (1) / 답변1 첨부1
  + [1493] ntt=44882 (10056) [주민세] 주민세 종업원분 질의 (1) / 답변1 첨부1
  + [1494] ntt=44879 (10055) [재산세] 집합투자기구 소유 토지 분리과세 해석 질의 (1) / 답변1 첨부2
  + [1495] ntt=44877 (10054) [재산세] 채무부존재확인소송결과에 따른 조치사항(경정등).. (2) / 답변2 첨부2
  + [1496] ntt=44873 (10053) [취득세] 신축 건축물(유리온실) 과세표준 포함여부 (1) / 답변1 첨부2
  + [1497] ntt=44871 (10052) [지방세특례제한법] 생애최초 취득 주택 3개월내 전입 후 다시 전.. (1) / 답변1 첨부1
  + [1498] ntt=44861 (10051) [지방세특례제한법] 감면 추징발생 기산일 적용 (1) / 답변1 첨부1
  + [1499] ntt=44853 (10050) [취득세] 과점주주 간주취득세 면세점 (1) / 답변1 첨부1
  + [1500] ntt=44848 (10049) [취득세] 배우자와의 명의신탁약정에 따른 취득세 납세의무.. (1) / 답변1 첨부1
  + [1501] ntt=44844 (10048) [취득세] 상속으로 취득한 건축물의 시가가 시가표준액보다.. (1) / 답변1 첨부1
  + [1502] ntt=44826 (10047) [취득세] 렌탈차량의 사실상 법인취득시 취득세 부과 질의.. (1) / 답변1 첨부1
  + [1503] ntt=44824 (10046) [취득세] 주택개량사업 감면적용 후 해당소재지로 미전입한.. (1) / 답변1 첨부1
  + [1504] ntt=44822 (10045) [취득세] 과점주주 간주취득세 연대납세의무 관련 (1) / 답변1 첨부1
  + [1505] ntt=44811 (10044) [취득세] 기업 재무구조 개선 등에 대한 감면 시 일반적.. (1) / 답변1 첨부1
  + [1506] ntt=44806 (10043) [취득세] 토지와 건물의 소유자가 다른 경우 직접사용 해.. (1) / 답변1 첨부1
  + [1507] ntt=44804 (10042) [취득세] 토지 취득에 대한 취득세 산정시 부대비용 취득.. (1) / 답변1 첨부1
  + [1508] ntt=44801 (10041) [취득세] 생애최초 감면주택 지역주택조합에 매도 후 조합.. (1) / 답변1 첨부2
  + [1509] ntt=44800 (10040) [지방소득세] 법인지방소득세 가산세 관련 질의 (1) / 답변1 첨부1
  + [1510] ntt=44799 (10039) [재산세] 재산세 체납으로 인한 압류의 효력이 익년 부과.. (1) / 답변1 첨부1
  + [1511] ntt=44794 (10038) [주민세] 주민세 종업원분 출산휴가 기간  중 급여 문의 (1) / 답변1 첨부1
  + [1512] ntt=44790 (10037) [취득세] 과점주주 간주취득세 문의드립니다. (1) / 답변1 첨부1
  + [1513] ntt=44781 (10036) [재산세] 토지개발 사업 관련 질문입니다 (1) / 답변1 첨부1
  + [1514] ntt=44760 (10035) [취득세] 지목변경(법인-자진신고) (1) / 답변1
  + [1515] ntt=44759 (10034) [지방세기본법] 외국법인이 지정한 납세관리인에게 환급 가능한지 (1) / 답변1 첨부1
[page 268 완료] 누적 신규 1515건  (이 게시판 저장 총 8,015건)
  + [1516] ntt=44749 (10033) [지방소득세] 법인지방소득세 가산세 부과대상여부 (안분오류) (1) / 답변1 첨부1
  + [1517] ntt=44748 (10032) [지방세기본법] 2014이전 법인지방소득세에 대한 납부지연가산.. (1) / 답변1 첨부1
  + [1518] ntt=44746 (10031) [취득세] 경정청구에 따른 감면결정분 환급가산금 및 농특.. (1) / 답변1 첨부1
  + [1519] ntt=44745 (10030) [주민세] 안녕하세요 주민세 질의 올립니다. (1) / 답변1 첨부1
  + [1520] ntt=44743 (10029) [취득세] 취득세 감면 문의 (1) / 답변1 첨부1
  + [1521] ntt=44722 (10028) [취득세] 상속취득세 (1) / 답변1 첨부1
  + [1522] ntt=44720 (10027) [지방세특례제한법] 「지방세특례제한법」 제57조의2(기업합병·분할.. (1) / 답변1 첨부1
  + [1523] ntt=44718 (10026) [지방세기본법] 경정청구 가능여부(법정신고기한 후 재경정청구) (1) / 답변1 첨부1
  + [1524] ntt=44717 (10025) [세외수입] 세외수입 과오납 환급시 환급이자발생관련 문의 (1) / 답변1
  + [1525] ntt=44716 (10024) [취득세] 주택 교환거래에 의한 주택 수 산정방법 문의 (2) / 답변2 첨부1
  + [1526] ntt=44714 (10023) [취득세] 1세대 1주택 상속 특례세율적용 여부 (1) / 답변1 첨부1
  + [1527] ntt=44710 (10022) [재산세] 재산세 세율적용문의 (1) / 답변1 첨부1
  + [1528] ntt=44708 (10021) [취득세] 새로운 과점주주에 해당되는지 문의드립니다. (1) / 답변1 첨부1
  + [1529] ntt=44700 (10020) [지방세징수법] 보험금 압류금지 재산 및 시효중단 관련 문의 (1) / 답변1 첨부1
  + [1530] ntt=44694 (10019) [취득세] 시효취득 판결에 따른 취득세 (1) / 답변1 첨부1
  + [1531] ntt=44678 (10018) [취득세] 점유취득과 관련한 자경농민 감면 관련 (1) / 답변1 첨부1
  + [1532] ntt=44661 (10017) [지방소득세] 지방소득세(법인소득) 기한후신고에 대한 가산세.. (1) / 답변1 첨부1
  + [1533] ntt=44645 (10016) [지방세기본법] 취득세 감면분 추징의 부과제척기간 (1) / 답변1 첨부1
  + [1534] ntt=44643 (10015) [취득세] 산업단지 감면에 대한 정당한 사유(단일필지로 .. (1) / 답변1 첨부1
  + [1535] ntt=44642 (10014) [취득세] 농지원부와 관련한 자경농민 감면요건 질의 (1) / 답변1 첨부1
  + [1536] ntt=44641 (10013) [취득세] 농업협동조합의 구)등록세 감면가능 여부 (1) / 답변1 첨부1
  + [1537] ntt=44637 (10012) [지방세징수법] 리스차량 경매배당이의 (1) / 답변1 첨부1
  + [1538] ntt=44632 (10011) [지방소득세] 지방소득세(법인세분) 환급가산금 기산일 관련 (1) / 답변1 첨부1
  + [1539] ntt=44629 (10010) [취득세] 노인복지시설 감면 대상에 해당하는 지 여부 (1) / 답변1 첨부1
  + [1540] ntt=44622 (10009) [주민세] 주민세 개인분 과세기준일, 사망시점, 부과일에.. (1) / 답변1 첨부1
  + [1541] ntt=44620 (10008) [주민세] [주민세(사업소분)] 오물처리시설 관련 연면적.. (1) / 답변1 첨부1
  + [1542] ntt=44615 (10007) [등록면허세] 지상권 설정 관련 (1) / 답변1 첨부1
  + [1543] ntt=44604 (10006) [주민세] 직전연도의 「부가가치세법」에 따른 부가가치세 .. (1) / 답변1 첨부1
  + [1544] ntt=44603 (10005) [주민세] 대한민국상이군경회 @@#@@시 중구지부 주민세.. (1) / 답변1 첨부1
  + [1545] ntt=44601 (10004) [취득세] 골프회원권 취득세 부과시 부대비용 포함여부 (1) / 답변1 첨부1
[page 269 완료] 누적 신규 1545건  (이 게시판 저장 총 8,045건)
  + [1546] ntt=44593 (10003) [취득세] 법인 분할 취득세 중과세 여부 문의 (1) / 답변1 첨부1
  + [1547] ntt=44585 (10002) [주민세] 주민세 사업소분 [지특법 제 10조 2항 농어.. (1) / 답변1 첨부1
  + [1548] ntt=44584 (10001) [재산세] 도시계획시설(근린공원) 실시계획인가 취소에 따.. (1) / 답변1 첨부1
  + [1549] ntt=44580 (10000) [자동차세] 환가가치 없는 차량 말소시 자동차세 부과 (1) / 답변1 첨부1
  + [1550] ntt=44578 (9999) [취득세] 상속 취득시기 관련 문의 (1) / 답변1 첨부1
  + [1551] ntt=44574 (9998) [주민세] (긴급)주민세 사업소분 과세 건에 대해서 질의.. (1) / 답변1 첨부1
  + [1552] ntt=44573 (9997) [재산세] 공부상 건물용도가 관리사로 되어 있는데 과세대.. (1) / 답변1 첨부1
  + [1553] ntt=44560 (9996) [재산세] 재산세 세 부담 상한 질의 합니다. (1) / 답변1 첨부1
  + [1554] ntt=44559 (9995) [지방세특례제한법] 지특법 제78조 제5항 취득세 추징관련 정당한.. (1) / 답변1 첨부1
  + [1555] ntt=44556 (9994) [재산세] 지특법 제13조 제2항 1의2 감면율 관련하여.. (1) / 답변1 첨부1
  + [1556] ntt=44546 (9993) [취득세] 자경농민 감면 추징 여부 문의드립니다. (1) / 답변1 첨부1
  + [1557] ntt=44534 (9992) [주민세] 주민세(사업소분)-노인인력개발센터, 지역자활센.. (1) / 답변1 첨부2
  + [1558] ntt=44531 (9991) [지방소득세] 지방소득세(법인) 결손금소급공제 환급기산일 문.. (1) / 답변1 첨부1
  + [1559] ntt=44530 (9990) [주민세] 주민세(사업소분) - 임차한 사업장을 다시 전.. (1) / 답변1 첨부1
  + [1560] ntt=44528 (9989) [주민세] 사업소분 주민세 과세대상 여부 문의(시험가동 .. (1) / 답변1 첨부1
  + [1561] ntt=44516 (9988) [재산세] 지특법 제79조의 본점 또는 주사무소로 사용하.. (1) / 답변1 첨부1
  + [1562] ntt=44514 (9987) [취득세] 직계존비속간 거래에서 전세보증금의 유상취득 인.. (1) / 답변1 첨부1
  + [1563] ntt=44510 (9986) [기타] 지역자원시설세 중과관련 문의드립니다. (1) / 답변1 첨부1
  + [1564] ntt=44508 (9985) [취득세] 자경농민 감면 추징관련 문의드립니다. (1) / 답변1 첨부1
  + [1565] ntt=44503 (9984) [재산세] 9983번 재산세 탄력세율 적용 시 상당세액 .. (1) / 답변1 첨부1
  + [1566] ntt=44490 (9983) [취득세] 지식산업센터 업종 감면 관련 문의 / 답변0 첨부1
  + [1567] ntt=44481 (9982) [주민세] 요양병원 주민세 재산분 납부 문의 (1) / 답변1 첨부1
  + [1568] ntt=44479 (9981) [재산세] 재산세 탄력세율 적용 시 토지 및 건축물분 상.. (1) / 답변1 첨부1
  + [1569] ntt=44474 (9980) [지방세특례제한법] 생애최초 주택 추징관련(동거인 및 다른 세대주.. (1) / 답변1 첨부2
  + [1570] ntt=44472 (9979) [지방세징수법] 상속재산(임대보증금) 압류 관련 문의 (1) / 답변1 첨부1
  + [1571] ntt=44465 (9978) [지방소득세] 중도퇴사, 연말정산 환급지 (1) / 답변1 첨부1
  + [1572] ntt=44464 (9977) [자동차세] 지방세환급금 소멸시효 기산일 (1) / 답변1 첨부1
  + [1573] ntt=44461 (9976) [지방소득세] 지방소득세(특별징수) 연말정산 환급금 체납세 .. (1) / 답변1 첨부1
  + [1574] ntt=44460 (9975) [지방소득세] 법인지방소득세 부과제척기간 적용 문의 (1) / 답변1 첨부1
  + [1575] ntt=44446 (9974) [주민세] 주민세 사업소분 사업을 인계인수 해서 신규로 .. (1) / 답변1
[page 270 완료] 누적 신규 1575건  (이 게시판 저장 총 8,075건)
  + [1576] ntt=44445 (9973) [취득세] 상속등기를 마친 상속재산을 재분할협의하여 소유.. (1) / 답변1 첨부1
  + [1577] ntt=44438 (9972) [취득세] 차량취득세 장애인감면 적용 가능 여부 질의 (1) / 답변1 첨부1
  + [1578] ntt=44437 (9971) [취득세] 소송 판결에 의거하여 신고가액이 수정되는 경우.. (1) / 답변1 첨부1
  + [1579] ntt=44433 (9970) [지방세징수법] 독촉고지서 관련 (1) / 답변1 첨부1
  + [1580] ntt=44431 (9969) [지방세기본법] 정보공개청구 관련으로 고견 부탁드립니다. (1) / 답변1 첨부1
  + [1581] ntt=44430 (9968) [취득세] 송전선로(지중케이블) 및 옥외개폐소의 취득세 .. (1) / 답변1 첨부1
  + [1582] ntt=44428 (9967) [취득세] 지목이 묘지인 토지의 등록세 (1) / 답변1 첨부1
  + [1583] ntt=44418 (9966) [취득세] 조정지역 해제 후 주택 수 산정 관련 질의 (2) / 답변2 첨부1
  + [1584] ntt=44416 (9965) [주민세] 오물처리장시설 및 공해방지시설 포함되는지 여부 (1) / 답변1 첨부1
  + [1585] ntt=44414 (9964) [취득세] 국가보조금(전액)으로 취득한(건축물 개수) 건.. (1) / 답변1 첨부1
  + [1586] ntt=44410 (9963) [취득세] 분양권 상속으로 인한 주택 취득 (1) / 답변1 첨부1
  + [1587] ntt=44406 (9962) [재산세] 한국토지주택공사 재산세 감면 문의입니다. (1) / 답변1 첨부2
  + [1588] ntt=44393 (9961) [지방소득세] 한정승인한 상속인에게 사망자의 납세의무 승계 .. (1) / 답변1 첨부1
  + [1589] ntt=44392 (9960) [취득세] 분양권 동시 매수 매도시 주택수 산정 (2) / 답변2 첨부1
  + [1590] ntt=44379 (9959) [주민세] 사망자에 대한 주민세 개인분 과세 질의 (1) / 답변1 첨부1
  + [1591] ntt=44378 (9958) [취득세] 분양전환 임대주택의 주택수 판단기준일 (1) / 답변1 첨부1
  + [1592] ntt=44372 (9957) [취득세] 유류분 취득세 환급 문의 (1) / 답변1 첨부1
  + [1593] ntt=44368 (9956) [취득세] 영농조합법인 간주취득세 적용문의 (1) / 답변1 첨부1
  + [1594] ntt=44366 (9955) [취득세] 적법한 경정청구 및 불복청구 대상에 해당하는 .. (1) / 답변1 첨부1
  + [1595] ntt=44363 (9954) [재산세] 재산세 중과대상 여부 (1) / 답변1 첨부1
  + [1596] ntt=44357 (9953) [취득세] 사회적기업 고유목적 직접사용 여부 (1) / 답변1 첨부1
  + [1597] ntt=44343 (9952) [주민세] 출자를 부동산으로 했을 경우 주민세 기본세율 .. (1) / 답변1 첨부1
  + [1598] ntt=44341 (9951) [재산세] 사권제한 토지 감면 등 (1) / 답변1 첨부1
  + [1599] ntt=44339 (9950) [주민세] 개인분 주민세 과세대상 질의 (1) / 답변1 첨부1
  + [1600] ntt=44335 (9949) [지방세특례제한법] 지식산업센터 업종 감면 관련 문의 (1) / 답변1 첨부1
  + [1601] ntt=44332 (9948) [취득세] 등기소 직권말소 취득세건 환급 여부 (1) / 답변1 첨부1
  + [1602] ntt=44322 (9947) [취득세] 조직변경 후 해산한 경우 취득세 추징가능 여부 (1) / 답변1 첨부1
  + [1603] ntt=44319 (9946) [재산세] 멸실주택의 직전연도 상당세액 문의 (1) / 답변1 첨부1
  + [1604] ntt=44317 (9945) [취득세] 보조금 지급받아 취득한(건축물 개수) 국가민속.. (1) / 답변1 첨부1
  + [1605] ntt=44314 (9944) [지방소득세] 환급시 환급가산금의 계산(양도소득세에 대한 개.. (1) / 답변1 첨부1
[page 271 완료] 누적 신규 1605건  (이 게시판 저장 총 8,105건)
  + [1606] ntt=44311 (9943) [주민세] 사회복지사업을 하는 사단법인의 지특법 제22조.. (1) / 답변1 첨부1
  + [1607] ntt=44308 (9942) [취득세] 건축물대장만 존재하는 미등기주택 상속에 따른 .. (1) / 답변1 첨부1
  + [1608] ntt=44301 (9941) [지방세징수법] 공매배분순위 질의 (1) / 답변1 첨부1
  + [1609] ntt=44298 (9940) [재산세] 증축으로 인한 건물이 증가한 경우 재산세 부과.. (1) / 답변1 첨부1
  + [1610] ntt=44297 (9939) [취득세] 법인분할 취득세 감면 문의 (1) / 답변1 첨부1
    [retry 1/3] ReadTimeout
  + [1611] ntt=44295 (9938) [지방세징수법] 관허사업제한 (1) / 답변1 첨부1
  + [1612] ntt=44281 (9937) [주민세] 주민세(종업원분) 신고 대상 여부 (1) / 답변1 첨부1
  + [1613] ntt=44280 (9936) [재산세] 조성중인 산업내지 내 공공시설용지 재산세 도시.. (1) / 답변1 첨부2
  + [1614] ntt=44279 (9935) [취득세] 과점주주 취득세 과세표준 문의 (1) / 답변1 첨부1
  + [1615] ntt=44278 (9934) [주민세] 주민세 외국인 문의 (1) / 답변1 첨부1
  + [1616] ntt=44265 (9933) [취득세] 자경감면 조건(배우자 감면) (1) / 답변1 첨부1
  + [1617] ntt=44263 (9932) [취득세] 연부취득 중 2년 이내 잔금 납부시 (1) / 답변1 첨부1
  + [1618] ntt=44255 (9931) [취득세] 천재지변 대체취득 취득세 감면 문의드립니다(수.. (1) / 답변1 첨부1
  + [1619] ntt=44252 (9930) [재산세] 부과제척기간 경과년도(17년)과 부과가능년도(.. (1) / 답변1 첨부1
  + [1620] ntt=44251 (9929) [재산세] 재산세과세대장 직권등재 통지 (1) / 답변1 첨부1
  + [1621] ntt=44244 (9928) [취득세] 위수탁계약서 누락 등록 후 위수탁계약서 제출하.. (1) / 답변1 첨부1
  + [1622] ntt=44243 (9927) [취득세] 과세대상이되는 시설 및 시설물의 범위 (1) / 답변1 첨부1
  + [1623] ntt=44242 (9926) [취득세] 중도금 대출보증료 취득가액 포함 여부 (1) / 답변1 첨부1
  + [1624] ntt=44238 (9925) [취득세] 30세미만 자녀의 세대분리(외국소득만 존재하는.. (2) / 답변2 첨부1
  + [1625] ntt=44231 (9924) [취득세] 법인이 감자하여 특수관계인에게 주식을 양도한 .. (1) / 답변1 첨부1
  + [1626] ntt=44230 (9923) [주민세] 해당 사업소와 멀리 떨어진 단순창고에 대해 과.. (1) / 답변1 첨부1
  + [1627] ntt=44229 (9922) [자동차세] 감면에서 과세대상 자동차세 일할계산 여부 (1) / 답변1 첨부1
  + [1628] ntt=44228 (9921) [취득세] 경정청구를 통한 감면적용시 농어촌특별세 추가발.. (1) / 답변1 첨부1
  + [1629] ntt=44222 (9920) [자동차세] 장애인 취득세 & 자동차세 대체취득 감면 문의 (1) / 답변1 첨부1
  + [1630] ntt=44201 (9919) [지방소득세] (재질의)법인지방소득세 환급가산금 기산일 문의 (1) / 답변1 첨부1
  + [1631] ntt=44192 (9918) [주민세] 소사장제 주민세 사업소분 문의 (1) / 답변1 첨부1
  + [1632] ntt=44184 (9917) [주민세] 사업소분 문의 (1) / 답변1 첨부1
  + [1633] ntt=44182 (9916) [재산세] 마을회 소유 농지 감면 가능 여부 (1) / 답변1 첨부1
  + [1634] ntt=44181 (9915) [주민세] 에어컨실외기가 기계장치로써 연면적을 포함시켜야.. (1) / 답변1 첨부1
  + [1635] ntt=44169 (9914) [재산세] 지자체가 공공용으로 사용하는 건물의 재산세 (1) / 답변1
[page 272 완료] 누적 신규 1635건  (이 게시판 저장 총 8,135건)
  + [1636] ntt=44168 (9913) [취득세] 조합원(재개발) 토지 전매에 따른 취득세 과표.. (1) / 답변1 첨부1
  + [1637] ntt=44162 (9912) [취득세] 농어촌민박으로 운영 중인 주택을 취득할 때 중.. (1) / 답변1 첨부1
  + [1638] ntt=44159 (9911) [재산세] 재산세 중복감면 여부 문의 (1) / 답변1 첨부1
  + [1639] ntt=44151 (9910) [취득세] 상속등기 후 재협의에 따른 취득세 환급 (1) / 답변1 첨부1
  + [1640] ntt=44149 (9909) [지방세기본법] 지방세 기한연장 (1) / 답변1 첨부1
  + [1641] ntt=44144 (9908) [지방세특례제한법] 산업용 건축물 신축 후 토지 매입시 산단 감면.. (1) / 답변1 첨부1
  + [1642] ntt=44143 (9907) [주민세] 주민세(사업소분) 문의 (1) / 답변1 첨부1
  + [1643] ntt=44138 (9906) [지방소득세] 지방소득세 법인소득 안분대상여부 (1) / 답변1 첨부1
  + [1644] ntt=44136 (9905) [지방소득세] 법인지방소득세( "감사원 심사청구에 대한 의견.. (1) / 답변1 첨부1
  + [1645] ntt=44134 (9904) [자동차세] 사실상 멸실 자동차에 대한 자동차세 비과세 (1) / 답변1 첨부1
  + [1646] ntt=44133 (9903) [취득세] 만30세 미만 농업을 하는 자녀의 소득 증빙 (1) / 답변1 첨부1
  + [1647] ntt=44129 (9902) [재산세] 공장 부속토지 관련 (1) / 답변1 첨부1
  + [1648] ntt=44125 (9901) [지방세특례제한법] 지특법 제31조의3 임대 사업자 재산세 감면 .. (1) / 답변1 첨부1
  + [1649] ntt=44121 (9900) [재산세] 한센인 및 한센인 정착농원 지원을 위한 감면 (1) / 답변1 첨부1
  + [1650] ntt=44120 (9899) [지방세징수법] 압류의 효력에 대해서 판례가 상충되는 것인지... (1) / 답변1 첨부1
  + [1651] ntt=44119 (9898) [취득세] 원시취득 주택의 확장형 발코니 면적 포함 또는.. (1) / 답변1 첨부1
  + [1652] ntt=44098 (9897) [재산세] 임대주택 지방세 감면 운영에 대한 질의 (2) / 답변2 첨부1
  + [1653] ntt=44095 (9896) [취득세] 유증관련 취득세 상담드립니다. (1) / 답변1 첨부1
  + [1654] ntt=44094 (9895) [취득세] 수시부과 한 취득세에 대해 감면신청이 들어올 .. (1) / 답변1 첨부1
  + [1655] ntt=44083 (9894) [취득세] 직계존비속간의 거래 (1) / 답변1 첨부1
  + [1656] ntt=44082 (9893) [취득세] 상속취득신고 시 가산세 감면의 정당한 사유가 .. (1) / 답변1 첨부1
  + [1657] ntt=44079 (9892) [지방세특례제한법] 재산세 산업시설용지 분양 취득 후 미착공 필지.. (1) / 답변1 첨부1
  + [1658] ntt=44076 (9891) [재산세] 글램핑 시설의 재산세 과세 대상 여부와 해당 .. (1) / 답변1 첨부1
  + [1659] ntt=44065 (9890) [취득세] 취득세(상속) 환급 문의 (1) / 답변1 첨부1
  + [1660] ntt=44064 (9889) [취득세] 올해 8월 홍수 피해로 인한 침수차량 취득세 .. (1) / 답변1 첨부1
  + [1661] ntt=44060 (9888) [자동차세] 장애인 감면 차량 공동소유자 변경 (1) / 답변1 첨부1
  + [1662] ntt=44057 (9887) [주민세] 해산등기된 법인에 대한 주민세 누락분 추징 가.. (1) / 답변1 첨부1
  + [1663] ntt=44053 (9886) [지방소득세] 지방소득세(양도소득분) 양도차손 환급지 문의 (1) / 답변1 첨부1
  + [1664] ntt=44048 (9885) [취득세] 교환취득 성립여부 (1) / 답변1 첨부1
  + [1665] ntt=44042 (9884) [지방소득세] 법인지방소득세 환급가산금 기산일 문의 (1) / 답변1 첨부1
[page 273 완료] 누적 신규 1665건  (이 게시판 저장 총 8,165건)
  + [1666] ntt=44036 (9883) [지방세특례제한법] 전신교회가 종교감면 받은 후 2년 이내에 폐업.. (1) / 답변1 첨부1
  + [1667] ntt=44013 (9882) [재산세] 유흥주점 중과분 5개년치 환급 가능 여부 (1) / 답변1 첨부1
  + [1668] ntt=44010 (9881) [주민세] 주민세(사업소분) - 무인 점포의 인적 설비 .. (1) / 답변1 첨부1
  + [1669] ntt=44008 (9880) [지방소득세] 영농조합법인의 배당소득에 대한 특별징수 (1) / 답변1
  + [1670] ntt=43997 (9879) [재산세] 도시개발사업지구내 토지 공시지가 적용 과세 관.. (1) / 답변1 첨부1
  + [1671] ntt=43995 (9878) [지방소득세] 법인지방소득세 환급가산금 지급관련 추가질의 있.. (1) / 답변1 첨부1
  + [1672] ntt=43993 (9877) [취득세] 폐업한 법인에 대해 취득세 추징관련 문의 (1) / 답변1 첨부1
  + [1673] ntt=43991 (9876) [지방세징수법] 체납자의 오래전 압류한 청약통장 압류금지재산(.. (1) / 답변1 첨부1
  + [1674] ntt=43986 (9875) [취득세] 문화예술 지원을 위한 과세특례 관련 상담 요청.. (1) / 답변1 첨부1
  + [1675] ntt=43976 (9874) [취득세] 과점주주 간주취득세 특수관계인 관련 질의 (1) / 답변1 첨부1
  + [1676] ntt=43974 (9873) [취득세] 보행식 산업용 전기터그를 취득세 과세대상인 기.. (1) / 답변1 첨부1
  + [1677] ntt=43973 (9872) [취득세] 상수도원인자부담금의 과세표준 포함여부 (1) / 답변1 첨부1
  + [1678] ntt=43962 (9871) [취득세] 취득세 납세의무 성립여부 질의 (1) / 답변1 첨부1
  + [1679] ntt=43954 (9870) [지방소득세] 주민등록 말소자 지방소득세 납세지 문의 (1) / 답변1 첨부1
  + [1680] ntt=43950 (9869) [지방세기본법] 이의신청 기간동안 납부지연 가산세가 면제될 사.. (1) / 답변1 첨부1
  + [1681] ntt=43946 (9868) [등록면허세] 수상레저기구 명칭변경, 번호변경에 따른 등록면.. (1) / 답변1 첨부1
  + [1682] ntt=43937 (9867) [취득세] 대도시내 중과제외업종인 도시형공장을 자회사가 .. (1) / 답변1 첨부1
  + [1683] ntt=43935 (9866) [취득세] 가설건축물 취소원 및 명의변경에 따른 문의드립.. (1) / 답변1 첨부1
  + [1684] ntt=43933 (9865) [취득세] 만30세미만 세대분리 인정 여부 문의 (1) / 답변1 첨부1
  + [1685] ntt=43929 (9864) [지방소득세] 법인지방소득세 과세표준 (외국납부세액 이월 차.. (1) / 답변1 첨부1
  + [1686] ntt=43924 (9863) [지방세징수법] 과점주주에게 제2차납세의무 지정 가능 여부 질.. (1) / 답변1 첨부1
  + [1687] ntt=43920 (9862) [취득세] 지방세법 제11조 제4항 관련 질의 (1) / 답변1 첨부1
  + [1688] ntt=43917 (9861) [취득세] 부과제척기간 적용 문의 (1) / 답변1 첨부1
  + [1689] ntt=43916 (9860) [지방세징수법] 소유권 이전 후 현소유자에 대한 당해세 배분여.. (2) / 답변2 첨부1
  + [1690] ntt=43910 (9859) [취득세] [9844번 추가질의] 사용승인 후 소유자 정.. (1) / 답변1 첨부1
  + [1691] ntt=43902 (9858) [지방소득세] 2015년 귀속 지방소득세(양도소득) 과세표준.. (1) / 답변1 첨부1
  + [1692] ntt=43900 (9857) [주민세] 공실에 대한 주민세 사업소분 과세여부 문의 (1) / 답변1 첨부1
  + [1693] ntt=43897 (9856) [재산세] 재산세 납세의무자 (1) / 답변1 첨부1
  + [1694] ntt=43895 (9855) [주민세] 주민세(사업소분) 과세대상 여부 (1) / 답변1 첨부1
  + [1695] ntt=43892 (9854) [취득세] 건설기계 취득세 추징 (2) / 답변2 첨부1
[page 274 완료] 누적 신규 1695건  (이 게시판 저장 총 8,195건)
  + [1696] ntt=43891 (9853) [지방소득세] 법인지방소득세 환급가산금 지급여부 (1) / 답변1 첨부1
  + [1697] ntt=43886 (9852) [재산세] 재산세 종교감면 가능 여부 (1) / 답변1 첨부1
  + [1698] ntt=43884 (9851) [지방세특례제한법] 개인사업자가 현물출자로 법인 전환을 할 경우 .. (1) / 답변1 첨부1
  + [1699] ntt=43875 (9850) [지방세징수법] 급여와 통장 압류에 대해서 문의합니다. (2) / 답변2 첨부1
  + [1700] ntt=43874 (9849) [취득세] 도시개발사업 환지처분에 따른 취득세 과세표준 .. (1) / 답변1 첨부1
  + [1701] ntt=43873 (9848) [지방세징수법] 회생절차개시결정 공고 후, 수시부과된 특별징수.. (1) / 답변1 첨부1
    [retry 1/3] ReadTimeout
  + [1702] ntt=43872 (9847) [지방세특례제한법] 토지수용 등으로 인한 대체취득(협의자택지)에 .. (1) / 답변1 첨부1
  + [1703] ntt=43871 (9846) [등록면허세] 지특법 10조 농어업인 등에 대한 융자관련 감.. (1) / 답변1 첨부1
  + [1704] ntt=43866 (9845) [취득세] 대도시내 5년 미만법인 창업벤처기업 감면 관련.. (1) / 답변1 첨부1
  + [1705] ntt=43864 (9844) [취득세] 사용승인 후 소유자정정 처리에 대한 취득세 납.. (1) / 답변1 첨부1
  + [1706] ntt=43861 (9843) [기타] 물적납세의무 지정을 위한 법정기일은 언제입니까.. (1) / 답변1 첨부1
  + [1707] ntt=43860 (9842) [취득세] 가등기권리자의 본등기이행 취득세 (1) / 답변1 첨부1
  + [1708] ntt=43859 (9841) [기타] 법령 개정에 따른 농어촌특별세 부과여부 및 법.. (1) / 답변1 첨부1
  + [1709] ntt=43857 (9840) [재산세] 학교법인의 철골주차장 재산세 감면 대상 여부 (1) / 답변1 첨부1
  + [1710] ntt=43856 (9839) [주민세] 주민세 사업소분 고시원 관련 인적설비 무 해당.. (1) / 답변1 첨부1
  + [1711] ntt=43855 (9838) [지방소득세] 개인사업장 대표 사망 상속승계 (1) / 답변1 첨부1
  + [1712] ntt=43854 (9837) [취득세] 장애인용 자동차에 대한 취득세 감면 추징 여부 (1) / 답변1 첨부1
  + [1713] ntt=43852 (9836) [취득세] 상속포기자의 자동차멸실신청과 차량 말소 신청 (1) / 답변1 첨부1
  + [1714] ntt=43844 (9835) [취득세] 사업양수도 납세의무자 질의 (1) / 답변1 첨부1
  + [1715] ntt=43842 (9834) [지방소득세] 지방소득세(종합소득)에 대한 과소신고가산세 기.. (1) / 답변1 첨부1
  + [1716] ntt=43841 (9833) [재산세] 지방세법 제109조 철거예정 건축물의 비과세 .. (1) / 답변1 첨부1
  + [1717] ntt=43835 (9832) [취득세] 상속재산분할협의하여 분양권 상속받아 입주 후 .. (1) / 답변1 첨부1
  + [1718] ntt=43833 (9831) [취득세] 등기상 소유주인 신탁회사가 아닌, 시공사와 대.. (1) / 답변1 첨부1
  + [1719] ntt=43831 (9830) [기타] 회생채권 신고 관련하여 독촉장 발송여부 등 (1) / 답변1 첨부1
  + [1720] ntt=43829 (9829) [지방세특례제한법] 개정 전,후 지방세특례제한법 제58조의3 법령.. (1) / 답변1 첨부1
  + [1721] ntt=43823 (9828) [취득세] 승강기 교체 과세표준 산정 질의 (1) / 답변1 첨부1
  + [1722] ntt=43821 (9827) [주민세] 사업장 이전으로 인한 기존 사업장 공실상태 시.. (1) / 답변1 첨부1
  + [1723] ntt=43816 (9826) [재산세] 재산세 1가구1주택 세율특례시, 상속주택의 범.. (1) / 답변1 첨부1
  + [1724] ntt=43812 (9825) [취득세] 사실상의 취득 비율 (1) / 답변1 첨부1
  + [1725] ntt=43811 (9824) [재산세] 고급오락장 영업장 전용면적 판단 (1) / 답변1 첨부1
[page 275 완료] 누적 신규 1725건  (이 게시판 저장 총 8,225건)
  + [1726] ntt=43808 (9823) [자동차세] 차량 취득이후 자동차세 감면신청서 접수, 대체.. (1) / 답변1 첨부1
  + [1727] ntt=43802 (9822) [지방세특례제한법] 외국인의 첫주택취득시 생애최초감면에 대하여 질.. (1) / 답변1 첨부1
  + [1728] ntt=43798 (9821) [재산세] 소유권이전합의해제 (1) / 답변1 첨부1
  + [1729] ntt=43796 (9820) [취득세] 파산 법인 추징 (1) / 답변1 첨부1
  + [1730] ntt=43795 (9819) [지방세징수법] 근저당권부채권 압류해지 문의 (1) / 답변1 첨부1
  + [1731] ntt=43791 (9818) [주민세] 직장어린이집 관련 질문 (1) / 답변1 첨부1
  + [1732] ntt=43787 (9817) [취득세] 부동한집합투자기구가 100% 지분을 보유한 특.. (1) / 답변1 첨부1
  + [1733] ntt=43785 (9816) [취득세] 생애최초 주택구입 감면시 3개월 이내에 추가로.. (1) / 답변1 첨부1
  + [1734] ntt=43783 (9815) [지방세기본법] 지방소득세 환급가산금에 대한 문의(재질의) (1) / 답변1 첨부1
  + [1735] ntt=43772 (9814) [자동차세] 이전등록하지 않은 자동차세 부과 가능 여부 (1) / 답변1 첨부1
  + [1736] ntt=43768 (9813) [취득세] 30세미만 소득기준 (1) / 답변1 첨부1
  + [1737] ntt=43767 (9812) [취득세] 이혼에 따른 재산분할 시 과세표준 (1) / 답변1
  + [1738] ntt=43760 (9811) [취득세] 유증관련 취득세 상담 (1) / 답변1
  + [1739] ntt=43757 (9810) [지방세특례제한법] 타 지자체(A) 주민이 본(B) 지자체에 사용.. (1) / 답변1 첨부1
  + [1740] ntt=43756 (9809) [취득세] 토목 공사비의 건물 신축 과표 포함여부 질의드.. (1) / 답변1 첨부1
  + [1741] ntt=43754 (9808) [취득세] 특수관계자 해당 여부 (1) / 답변1 첨부1
  + [1742] ntt=43750 (9807) [취득세] 연부취득 및 농어촌특별세 비과세 문의 (1) / 답변1 첨부1
  + [1743] ntt=43744 (9806) [취득세] 종교시설 등 감면 적용 여부  문의합니다.(공.. (1) / 답변1 첨부1
  + [1744] ntt=43733 (9805) [재산세] 국가철도공단 재산세(지역자원시설세포함) 감면 .. (1) / 답변1 첨부1
  + [1745] ntt=43732 (9804) [취득세] 공공주택사업자의 임대 목적으로 주택을 매도하기.. (1) / 답변1 첨부1
  + [1746] ntt=43731 (9803) [재산세] 주민등록번호 없는 등기상 소유주에 대한 과세 (1) / 답변1 첨부1
  + [1747] ntt=43728 (9802) [취득세] 행정소송 등으로 인하여 취득후 목적사업에 사용.. (1) / 답변1 첨부2
  + [1748] ntt=43726 (9801) [취득세] 귀농인이 농업외 산업에 종사하여 추징 대상 여.. (1) / 답변1 첨부1
  + [1749] ntt=43723 (9800) [주민세] 주민세(사업소분) 한법인의 2개의 사업장을 하.. (1) / 답변1 첨부1
  + [1750] ntt=43720 (9799) [지방세기본법] 과세예고에 대한 이의신청을 하여 각하하려는 경.. (1) / 답변1 첨부1
  + [1751] ntt=43719 (9798) [취득세] 증축 건축물에 대한 무벽감산 적용 가능 여부 (1) / 답변1 첨부1
  + [1752] ntt=43718 (9797) [취득세] 조합원 물건 합유 후 준공, 그리고 합의해제 (1) / 답변1 첨부1
  + [1753] ntt=43717 (9796) [세외수입] 회생법인 체납처분 관련 문의 (1) / 답변1 첨부1
  + [1754] ntt=43714 (9795) [재산세] 토지구획정리사업 환지처분공고 후 재산세 (1) / 답변1 첨부1
  + [1755] ntt=43712 (9794) [재산세] 도시개발사업지구내 토지 과세 관련 (1) / 답변1 첨부1
[page 276 완료] 누적 신규 1755건  (이 게시판 저장 총 8,255건)
  + [1756] ntt=43707 (9793) [취득세] 매수인이 잔금을 지급하지 않아 화해 등의 결정.. (1) / 답변1 첨부1
  + [1757] ntt=43704 (9792) [취득세] 과점주주 가수금 상계방식으로 증자하더라도 동일.. (1) / 답변1 첨부1
  + [1758] ntt=43691 (9791) [취득세] 주택건설사업자가 분양목적으로 건축한 공동주택 .. (1) / 답변1 첨부1
  + [1759] ntt=43689 (9790) [세외수입] 세외수입고지서 상 주민등록번호 수집 근거 (1) / 답변1 첨부1
  + [1760] ntt=43683 (9789) [재산세] 청소년단체 감면 문의드립니다. (1) / 답변1 첨부1
  + [1761] ntt=43681 (9788) [등록면허세] 전문건설업 대업종 전환 관련하여 과세 대상 문.. (1) / 답변1 첨부1
  + [1762] ntt=43678 (9787) [지방세특례제한법] 지특법 감면 규정과 감면 조례를 세목별로 선택.. (1) / 답변1 첨부1
  + [1763] ntt=43676 (9786) [재산세] 미준공 집합건축물 재산세 부과 질의 (1) / 답변1 첨부1
  + [1764] ntt=43670 (9785) [지방세징수법] 체납면탈혐의자에 대한 계좌조회 (1) / 답변1 첨부3
  + [1765] ntt=43669 (9784) [취득세] 주택 취득세 중과문의 (1) / 답변1 첨부1
  + [1766] ntt=43666 (9783) [재산세] 지식산업센터 내 토지 재산세(토지) 감면시기 (1) / 답변1 첨부1
  + [1767] ntt=43664 (9782) [취득세] 공유물 분할 (1) / 답변1 첨부1
  + [1768] ntt=43660 (9781) [재산세] 9776번  1가구1주택 특례세율 적용 추가질.. (1) / 답변1 첨부1
  + [1769] ntt=43656 (9780) [취득세] 분리형 캠퍼 구조변경 취득세 (1) / 답변1 첨부1
  + [1770] ntt=43655 (9779) [취득세] 취득세 기한후 신고 통지관련 (1) / 답변1 첨부1
  + [1771] ntt=43654 (9778) [재산세] 자활용사촌 재산세 감면혜택 관련 확대해석 문의.. (1) / 답변1 첨부1
  + [1772] ntt=43647 (9777) [재산세] 지방세특례제한법 제45조(학술단체 및 장학법인.. (1) / 답변1 첨부1
  + [1773] ntt=43636 (9776) [재산세] 한국토지주택공사 감면 관련 (1) / 답변1 첨부1
  + [1774] ntt=43634 (9775) [재산세] 1가구 1주택 특례세율 적용여부. (2) / 답변2 첨부1
  + [1775] ntt=43632 (9774) [취득세] 지방세 상담신청 드립니다. (1) / 답변1 첨부1
  + [1776] ntt=43630 (9773) [지방소득세] 단일사업장 법인의 납세지 오류 신고에 따른 가.. (1) / 답변1 첨부2
  + [1777] ntt=43628 (9772) [재산세] 재산세종중납세지문의 (1) / 답변1 첨부1
  + [1778] ntt=43626 (9771) [재산세] 신탁 재산 부과 관련 (1) / 답변1 첨부1
  + [1779] ntt=43624 (9770) [지방세특례제한법] (9725번 추가질의) 창업벤처기업 취득세 감.. (1) / 답변1 첨부1
  + [1780] ntt=43622 (9769) [취득세] 교통사고 사망자의 (이륜)차량 상속취득세 부과.. (1) / 답변1 첨부1
  + [1781] ntt=43616 (9768) [재산세] 창업중소기업의 재산세감면 관련 (1) / 답변1 첨부1
  + [1782] ntt=43607 (9767) [지방소득세] 해산법인 환급대상(재질의) / 법인지방소득세 .. (1) / 답변1 첨부1
  + [1783] ntt=43605 (9766) [주민세] 사업소분 주민세 과세대상 여부 문의 (1) / 답변1 첨부1
  + [1784] ntt=43603 (9765) [지방소득세] 법인 이전 후 지방소득세(특별징수분) 연말정산.. (1) / 답변1 첨부1
  + [1785] ntt=43602 (9764) [재산세] 지역특산품생산단지에 대한 감면 문의 (1) / 답변1 첨부1
[page 277 완료] 누적 신규 1785건  (이 게시판 저장 총 8,285건)
  + [1786] ntt=43600 (9763) [지방소득세] 연말정산환급금을 다른소득(내국법인소득)에 차감.. (1) / 답변1 첨부1
  + [1787] ntt=43599 (9762) [재산세] 쟁점 토지를 「지방세법시행령」 제103조 제1.. (1) / 답변1 첨부1
  + [1788] ntt=43597 (9761) [재산세] 공장용 건축물 토지 분리 및 별도합산 과세 문.. (1) / 답변1 첨부1
  + [1789] ntt=43589 (9760) [지방소득세] 법인지방소득세 건축물 연면적 산정관련 (1) / 답변1 첨부1
  + [1790] ntt=43586 (9759) [재산세] 취등록세 신고 후 미등기 부동산에 대한 납세의.. (1) / 답변1 첨부1
  + [1791] ntt=43579 (9758) [재산세] 지방세법시행령 제103조 건축물의 범위 (1) / 답변1 첨부1
  + [1792] ntt=43559 (9757) [재산세] 지방세특례제한법 제50조 제2항에 따른 종교감.. (1) / 답변1 첨부1
  + [1793] ntt=43546 (9756) [재산세] 주택건설사업자 임태주택 재산세 감면가능여부 (1) / 답변1 첨부1
  + [1794] ntt=43545 (9755) [취득세] 대출수수료 안분기준에 대한 질의 (1) / 답변1 첨부1
  + [1795] ntt=43544 (9754) [주민세] 연구용 동물의 분뇨저장시설과 사체처리시설이 주.. (1) / 답변1 첨부1
  + [1796] ntt=43543 (9753) [취득세] 도시형공장으로 5년내 법인 유상취득 중과제외시.. (1) / 답변1 첨부1
  + [1797] ntt=43541 (9752) [자동차세] 사용본거지 관련 자동차세 부과 (1) / 답변1 첨부1
  + [1798] ntt=43538 (9751) [등록면허세] 등록면허세 관련 법령 해석 요청 (1) / 답변1 첨부1
  + [1799] ntt=43532 (9750) [취득세] 농지세율 적용 문의(일시적, 잠정적으로 농작물.. (1) / 답변1 첨부1
  + [1800] ntt=43530 (9749) [지방소득세] 결손금소급공제환급 관련 질의 (1) / 답변1 첨부1
  + [1801] ntt=43529 (9748) [취득세] 매매계약상 물건누락 시 누락된 물건의 취득세 .. (1) / 답변1 첨부1
  + [1802] ntt=43527 (9747) [지방세기본법] 지방소득세 환급금 양도에 대한 문의 (1) / 답변1 첨부1
  + [1803] ntt=43526 (9746) [재산세] 창업중소기업 재산세 감면 문의 (1) / 답변1 첨부2
  + [1804] ntt=43525 (9745) [지방소득세] 해산법인 환급 (1) / 답변1 첨부1
  + [1805] ntt=43521 (9744) [취득세] 사무소 또는 사업장의 범위 해석 질의 (1) / 답변1 첨부1
  + [1806] ntt=43520 (9743) [지방세기본법] 부과제척기간과 환급금 소멸시효 (1) / 답변1 첨부1
  + [1807] ntt=43519 (9742) [취득세] 토지수용으로 인한 대체취득시 공동소유일 경우 .. (1) / 답변1 첨부1
  + [1808] ntt=43516 (9741) [취득세] 도관시설(가스관) 취득세 과세대상 여부 (1) / 답변1 첨부1
  + [1809] ntt=43511 (9740) [재산세] 1세대 1주택 특례 관련 (1) / 답변1 첨부1
  + [1810] ntt=43510 (9739) [취득세] 자치단체 기부채납 대상물 무상사용권 판단 여부 (1) / 답변1 첨부1
  + [1811] ntt=43509 (9738) [재산세] 1세대1주택 여부 확인 부탁드립니다. (1) / 답변1 첨부1
  + [1812] ntt=43490 (9737) [주민세] 주민세(구 법인균등분)법률 관련 질의 (1) / 답변1 첨부1
  + [1813] ntt=43489 (9736) [재산세] 임대사업자 감면 문의 (1) / 답변1 첨부1
  + [1814] ntt=43487 (9735) [취득세] 아파트 분양권 불법 전매/전매 계약일 인정 여.. (1) / 답변1 첨부1
  + [1815] ntt=43483 (9734) [취득세] 철거 예정 건축물 감면 여부 (1) / 답변1 첨부1
[page 278 완료] 누적 신규 1815건  (이 게시판 저장 총 8,315건)
  + [1816] ntt=43482 (9733) [지방세징수법] 체납폐업법인의 재산이 있는 상태에서 과점주주의.. (1) / 답변1 첨부1
  + [1817] ntt=43479 (9732) [지방세징수법] 관허사업 제한 관련 질의 (1) / 답변1 첨부1
  + [1818] ntt=43477 (9731) [자동차세] 사망자에 부과된 자동차세 과세기간 조정 질의 (1) / 답변1 첨부1
  + [1819] ntt=43465 (9730) [지방세징수법] 교도소 영치금 압류가 가능한지 궁금합니다. (1) / 답변1 첨부1
  + [1820] ntt=43460 (9729) [취득세] 중고건설기계 추징여부 (1) / 답변1 첨부1
  + [1821] ntt=43458 (9728) [취득세] 도시형 공장 취득 시 중과제외 해당 여부 (1) / 답변1 첨부1
  + [1822] ntt=43454 (9727) [취득세] 상호명의신탁해지를 원인으로 한 소유권이전등기 .. (1) / 답변1 첨부1
  + [1823] ntt=43445 (9726) [세외수입] 소멸시효 기산일 문의 (1) / 답변1 첨부1
  + [1824] ntt=43440 (9725) [취득세] 창업벤처기업 취득세 감면관련 창업으로 볼 수 .. (1) / 답변1 첨부2
  + [1825] ntt=43434 (9724) [재산세] 납기전 징수 관련 가산금 문의 (1) / 답변1 첨부1
  + [1826] ntt=43431 (9723) [취득세] 기존 주택 처분 조건 청약 분양권 관련 (1) / 답변1 첨부1
  + [1827] ntt=43427 (9722) [취득세] 지역주택조합원 승계(상속)에 따른 과세표준액 .. (1) / 답변1 첨부1
  + [1828] ntt=43425 (9721) [세외수입] 지방세 체납처분의 예에 의하는 경우 재산조회 .. (1) / 답변1 첨부1
  + [1829] ntt=43415 (9720) [기타] 제증명 관련 질의 (1) / 답변1 첨부1
  + [1830] ntt=43412 (9719) [취득세] 지입회사 변경을 이전 등록으로 착오 신고시 처.. (1) / 답변1 첨부1
  + [1831] ntt=43408 (9718) [재산세] 지역자원시설세 소방분 중과 여부 질의(판매시설.. (1) / 답변1 첨부1
  + [1832] ntt=43407 (9717) [지방세기본법] 독촉장 공시송달 시 징수권 시효 기산일 (1) / 답변1 첨부1
  + [1833] ntt=43402 (9716) [취득세] [9705 추가 질의]포괄유증으로 인한 취득세.. (1) / 답변1 첨부1
    [retry 1/3] ReadTimeout
  + [1834] ntt=43398 (9715) [주민세] 대한법률구조공단 주민세 과세여부 (1) / 답변1 첨부1
  + [1835] ntt=43396 (9714) [주민세] 개인분 주민세 문의 (기숙사 거주자 등) (1) / 답변1 첨부1
  + [1836] ntt=43389 (9713) [세외수입] 소멸시효 관련 상담 신청입니다. (1) / 답변1 첨부1
  + [1837] ntt=43379 (9712) [재산세] 토지 과세방법 문의입니다. (1) / 답변1 첨부1
  + [1838] ntt=43372 (9711) [지방소득세] 부과ㆍ징수 권한이 없는 지자체의 환급금 착오지.. (1) / 답변1 첨부1
  + [1839] ntt=43371 (9710) [취득세] 신축 건물 취득세 과세표준 - 생산설비에 필요.. (1) / 답변1 첨부2
  + [1840] ntt=43353 (9709) [지방세특례제한법] 의료법인 감면 문의 (1) / 답변1 첨부1
  + [1841] ntt=43351 (9708) [지방세특례제한법] 산업단지 감면 추징조건 중 유예기간 관련 질의.. (1) / 답변1 첨부1
  + [1842] ntt=43347 (9707) [지방세특례제한법] 지특법 제78조4항 감면 가능한 산업용 건축물.. (1) / 답변1 첨부1
  + [1843] ntt=43344 (9706) [지방소득세] 납세지, 환급지가 아닌 지자체의 착오환급으로 .. (1) / 답변1 첨부1
  + [1844] ntt=43341 (9705) [취득세] 포괄유증으로 인한 취득세 신고납부후 등기 거절.. (1) / 답변1 첨부1
  + [1845] ntt=43339 (9704) [취득세] 취득세(공유물분할) 비과세 문의 (1) / 답변1 첨부1
[page 279 완료] 누적 신규 1845건  (이 게시판 저장 총 8,345건)
  + [1846] ntt=43338 (9703) [취득세] 차량 취득세 납기 후 직권고지 문의 (1) / 답변1 첨부1
  + [1847] ntt=43334 (9702) [주민세] 주민세(사업소분) 과세 질의 (1) / 답변1 첨부1
  + [1848] ntt=43332 (9701) [지방세기본법] 횐급금 소멸시효  기산일 (1) / 답변1 첨부1
  + [1849] ntt=43331 (9700) [주민세] 주민세 사업소분 어업법인 (1) / 답변1 첨부1
  + [1850] ntt=43329 (9699) [취득세] 판결에 의한 소유권확인을 받은 미등기토지에 대.. (1) / 답변1 첨부1
  + [1851] ntt=43328 (9698) [취득세] 구조변경 취득세 질의입니다. (1) / 답변1 첨부1
  + [1852] ntt=43327 (9697) [지방세특례제한법] 농업법인 농업경영체 미등록 감면 건 자진신고시.. (1) / 답변1 첨부1
  + [1853] ntt=43326 (9696) [취득세] 이의재결 등에 따른 보상금 변경 시 취득세 가.. (1) / 답변1 첨부1
  + [1854] ntt=43325 (9695) [취득세] 차량 상속취득세 부과관련 납세자 관련 질의 (1) / 답변1 첨부1
  + [1855] ntt=43321 (9694) [취득세] 공유물 분할 지분초과 부분 질의입니다. (1) / 답변1 첨부1
  + [1856] ntt=43318 (9693) [기타] 지방세 제증명 관련 질의 (1) / 답변1 첨부1
  + [1857] ntt=43315 (9692) [취득세] 과점주주 간주취득세 특수관계 성립여부 질의입니.. (1) / 답변1 첨부1
  + [1858] ntt=43310 (9691) [취득세] 지방세법상 과세대상 기계장비 및 구출물로 볼 .. (1) / 답변1 첨부1
  + [1859] ntt=43307 (9690) [자동차세] 납기 전 징수 (1) / 답변1 첨부1
  + [1860] ntt=43306 (9689) [취득세] 지특법 제11조 제1항과 제2항의 중복 적용 .. (1) / 답변1 첨부1
  + [1861] ntt=43294 (9688) [지방세기본법] 연부취득 취득세 계약해지시 환급가산금 기산일 .. (1) / 답변1 첨부1
  + [1862] ntt=43293 (9687) [취득세] 충원 조합원의 취득세납부의무 (1) / 답변1 첨부2
  + [1863] ntt=43292 (9686) [취득세] 매수인 대위등기 후 취득세 이중납부 환급 (1) / 답변1 첨부1
  + [1864] ntt=43291 (9685) [취득세] 창업중소기업감면 문의 (1) / 답변1 첨부1
  + [1865] ntt=43282 (9684) [주민세] 지방세법 시행령 제78조의3(종업원의 범위) .. (1) / 답변1 첨부1
  + [1866] ntt=43279 (9683) [지방세징수법] 분납 미이행시 별도의 문서고지 없이 체납처분 .. (1) / 답변1 첨부1
  + [1867] ntt=43271 (9682) [취득세] 연구개발특구 토지 관련 취득세 질의(수용 전 .. (1) / 답변1 첨부1
  + [1868] ntt=43270 (9681) [취득세] 증여취득세 신고납부후 미등기 상태에서 증여인 .. (1) / 답변1 첨부1
  + [1869] ntt=43266 (9680) [재산세] 지방세법 시행령 제101조 제3항 제9호(별도.. (1) / 답변1 첨부1
  + [1870] ntt=43262 (9679) [취득세] 매매용 자동차 추징 문의 (1) / 답변1 첨부1
  + [1871] ntt=43261 (9678) [취득세] 지식산업산터 설립자 감면 직접사용 여부 (1) / 답변1 첨부1
  + [1872] ntt=43259 (9677) [지방소득세] 법인지방소득세  종원원 수 관련 안분계산  시.. (1) / 답변1 첨부1
  + [1873] ntt=43254 (9676) [지방세징수법] 일반회생 개시결정이후 과세된 지방소득세 체납처.. (1) / 답변1 첨부1
  + [1874] ntt=43247 (9675) [취득세] 30세미만 미혼자녀 별도세대 판단 소득기준 마.. (1) / 답변1 첨부1
  + [1875] ntt=43245 (9674) [재산세] 학교 법인의 직접사용 해당 여부 문의입니다. (1) / 답변1 첨부1
[page 280 완료] 누적 신규 1875건  (이 게시판 저장 총 8,375건)
  + [1876] ntt=43243 (9673) [지방소득세] 지방소득세(양도분) 상속인 부과 여부 (1) / 답변1 첨부1
  + [1877] ntt=43237 (9672) [취득세] 호텔의 냉난방기 설치공사 취득세 부과 여부(상.. (1) / 답변1 첨부1
  + [1878] ntt=43235 (9671) [취득세] 생애최초 취득세 분양 후 하자로 인한 계약해제.. (1) / 답변1 첨부1
  + [1879] ntt=43228 (9670) [취득세] 개인사업자 차량 취득세 문의 (1) / 답변1 첨부1
  + [1880] ntt=43227 (9669) [취득세] 기술혁신형 중소기업(이노비즈) 중과예외 관련(.. (1) / 답변1 첨부1
  + [1881] ntt=43226 (9668) [지방세징수법] 분할납부 대상자에 대한 체납처분 유예와 재개 (1) / 답변1 첨부1
  + [1882] ntt=43216 (9667) [취득세] 새마을금고 감면대상 건축물을 신축 후 용도 변.. (1) / 답변1 첨부1
  + [1883] ntt=43215 (9666) [지방소득세] 법인지방소득세 본점 일괄환급여부 (1) / 답변1 첨부1
  + [1884] ntt=43183 (9665) [지방세특례제한법] 창업감면 추징문의 (직접 사용) (1) / 답변1 첨부1
  + [1885] ntt=43179 (9664) [취득세] 판결 확정 후 사망으로 인한 상속 취득세 납세.. (1) / 답변1 첨부1
  + [1886] ntt=43170 (9663) [취득세] 교환취득시 과표 문의 (1) / 답변1 첨부2
  + [1887] ntt=43167 (9662) [취득세] 상속인이 아닌 자가 유증에 의한 주택 취득시 .. (1) / 답변1 첨부1
  + [1888] ntt=43164 (9661) [재산세] 사찰의 부속토지 범위 (1) / 답변1 첨부1
  + [1889] ntt=43160 (9660) [취득세] 대금완납 후 시공사 변경시 공사비 과세표준 문.. (1) / 답변1 첨부1
  + [1890] ntt=43159 (9659) [지방세징수법] 근저당권 말소 등기시 채권부존재 확인 및 제3.. (1) / 답변1 첨부1
  + [1891] ntt=43153 (9658) [지방세기본법] 위임받은 자에 대한 과세정보 제공방법 질의 (1) / 답변1 첨부1
    [retry 1/3] ReadTimeout
  + [1892] ntt=43151 (9657) [취득세] 취득세 관련 상담신청드립니다. (1) / 답변1 첨부1
  + [1893] ntt=43148 (9656) [재산세] 체육단체가 체육진흥사업에 직접 사용에 대한 의.. (1) / 답변1 첨부1
  + [1894] ntt=43139 (9655) [취득세] 시멘트 사일로(저장조) 임차 시 취득세 부과 .. (2) / 답변2 첨부1
  + [1895] ntt=43134 (9654) [주민세] 주민자치위원회도 주민세 사업소분 과세제외 대상.. (2) / 답변2
  + [1896] ntt=43129 (9653) [취득세] 자경농민 감면 인접한 시군 판단 문의 (1) / 답변1 첨부1
  + [1897] ntt=43126 (9652) [취득세] 상속 취득 물건에 피보전권리 이혼에 따른 재산.. (1) / 답변1 첨부1
  + [1898] ntt=43120 (9651) [지방소득세] 결손급소급공제 환급세액 계산방법(사업연도 1년.. (1) / 답변1 첨부1
  + [1899] ntt=43118 (9650) [재산세] 유흥주점 재산세 중과관련 노래연습장 면적 합산.. (1) / 답변1 첨부1
  + [1900] ntt=43116 (9649) [취득세] 화력발전소 회처리장 보강공사 취득세 과세 (1) / 답변1 첨부2
  + [1901] ntt=43109 (9648) [취득세] 차량 취득세 환급여부 (1) / 답변1 첨부1
  + [1902] ntt=43108 (9647) [취득세] 미등기 1차 상속 재산 2차 상속시 취득세 과.. (1) / 답변1 첨부1
  + [1903] ntt=43097 (9646) [재산세] 물류단지 관련 질의 (1) / 답변1 첨부1
  + [1904] ntt=43096 (9645) [재산세] 환지개발 현금청산 부분 과세 질의 (1) / 답변1 첨부1
  + [1905] ntt=43084 (9644) [취득세] 종중의 부재부동산 소유자 판단 기준 관련 질의 (1) / 답변1 첨부1
[page 281 완료] 누적 신규 1905건  (이 게시판 저장 총 8,405건)
  + [1906] ntt=43081 (9643) [취득세] 명의신탁부동산 수탁자 사망 후 진정명의회복에 .. (1) / 답변1 첨부1
  + [1907] ntt=43072 (9642) [지방소득세] 결손금 소급공제에 따른 환급지 문의 (2) / 답변2 첨부1
  + [1908] ntt=43068 (9641) [재산세] 신탁재산(금전)으로 취득한 부동산에 대한 재산.. (1) / 답변1 첨부1
  + [1909] ntt=43062 (9640) [취득세] 동복,이부형제에 대한 형제간 상속질의 (1) / 답변1 첨부1
  + [1910] ntt=43058 (9639) [취득세] 종교 감면 후 합병 증여시 기 감면된 취득세 .. (1) / 답변1 첨부1
  + [1911] ntt=43057 (9638) [취득세] 연부계약 해당 여부 및 취득세 신고방법 문의 (1) / 답변1 첨부1
  + [1912] ntt=43053 (9637) [취득세] 분양권으로 주택을 취득할 때 주택 수 산정 (.. (1) / 답변1 첨부1
  + [1913] ntt=43052 (9636) [취득세] 매매로 취득한 주택에 대해 주택건설사업자가 중.. (1) / 답변1 첨부1
  + [1914] ntt=43049 (9635) [취득세] 상속에 따른 취득세 납세의무 문의 드립니다. (1) / 답변1 첨부1
  + [1915] ntt=43039 (9634) [취득세] 지방세법시행령 제28조의2 주택 유상거래 취득.. (1) / 답변1 첨부1
  + [1916] ntt=43037 (9633) [등록면허세] 건설기계 대여업체 삭제 시 등록면허세 과세여부 (1) / 답변1 첨부1
  + [1917] ntt=43031 (9632) [취득세] 지방세 상담 신청 드립니다. (1) / 답변1 첨부1
  + [1918] ntt=43026 (9631) [취득세] 노인복지시설에 대한 감면 (1) / 답변1 첨부1
  + [1919] ntt=43025 (9630) [취득세] 임대분양전환 주택과 관련한 취득세 납세의무 성.. (1) / 답변1 첨부1
  + [1920] ntt=43020 (9629) [취득세] 주택신축판매업 취득세 추징여부 (1) / 답변1 첨부1
  + [1921] ntt=43013 (9628) [취득세] 임시용건축물(컨테이너) 과세표준 (1) / 답변1 첨부1
  + [1922] ntt=43012 (9627) [취득세] 취득세 추징 관련 상담신청드립니다. (1) / 답변1 첨부1
  + [1923] ntt=43011 (9626) [취득세] 학교법인 취득 부동산에 대한 비과세 여부 (1) / 답변1 첨부1
  + [1924] ntt=43008 (9625) [지방세기본법] 고지서 송달시  우편수취함에 도달된것을 송달된.. (1) / 답변1 첨부1
  + [1925] ntt=43007 (9624) [취득세] 합유로 주택취득시 과표 및 세율문의 (1) / 답변1 첨부1
  + [1926] ntt=43005 (9623) [자동차세] 장애인용 자동차에 대한 감면 추징(장애인 부부.. (1) / 답변1 첨부1
  + [1927] ntt=42993 (9622) [재산세] 등기부등본 상 소유자가 불명확하여 토지대장 상.. (1) / 답변1 첨부1
  + [1928] ntt=42992 (9621) [지방세특례제한법] 토지수용 대체취득 감면여부 (1) / 답변1 첨부1
  + [1929] ntt=42990 (9620) [주민세] 주민세 사업소분 비영리단체 과세 여부 (1) / 답변1 첨부1
  + [1930] ntt=42989 (9619) [지방세기본법] 지방세 기본법 제80조(조사권의 남용 금지) .. (1) / 답변1 첨부1
  + [1931] ntt=42987 (9618) [지방세특례제한법] 개인사업자 법인전환한 경우 창업벤처중소기업 취.. (1) / 답변1 첨부1
  + [1932] ntt=42980 (9617) [재산세] 담임목사 사택으로서 감면 가능 여부. (1) / 답변1 첨부1
  + [1933] ntt=42976 (9616) [취득세] 승계 취득한 분양권으로 아파트 입주 시 주택 .. (1) / 답변1 첨부1
  + [1934] ntt=42970 (9615) [지방세기본법] 지방소득세 환급가산금에 대한 문의 (1) / 답변1 첨부1
  + [1935] ntt=42966 (9614) [취득세] 생애최초 주택구입 감면 적용 여부 질의 (1) / 답변1 첨부1
[page 282 완료] 누적 신규 1935건  (이 게시판 저장 총 8,435건)
  + [1936] ntt=42963 (9613) [취득세] 대도시 5년내 중소기업 법인의 기업부설연구소 .. (1) / 답변1 첨부1
  + [1937] ntt=42961 (9612) [재산세] 공부와 현황이 다른경우 감면 관련 문의 (1) / 답변1
  + [1938] ntt=42958 (9611) [취득세] 법인의 무료 노인복지시설 취득시 감면 가능 여.. (1) / 답변1 첨부1
  + [1939] ntt=42957 (9610) [취득세] 지방세특례제한법 제78조의 4항에 의거 사업시.. (1) / 답변1 첨부1
  + [1940] ntt=42952 (9609) [재산세] 임야과세 질의 (1) / 답변1 첨부1
  + [1941] ntt=42946 (9608) [재산세] 주택담보노후연금보증 대상 주택에 대한 재산세 .. (1) / 답변1 첨부1
  + [1942] ntt=42944 (9607) [등록면허세] 등록면허세 지상권문의 (1) / 답변1 첨부1
  + [1943] ntt=42941 (9606) [취득세] 가스관-산업용건축물 감면 여부 (1) / 답변1 첨부1
  + [1944] ntt=42940 (9605) [재산세] 지방세법 제109조(비과세)  적용 가능여부 .. (1) / 답변1 첨부1
  + [1945] ntt=42939 (9604) [취득세] 밀폐형 암롤박스(축산폐기물 보관 적재함) (1) / 답변1
  + [1946] ntt=42937 (9603) [지방세기본법] 납부기한 연장 승인시 분납기한 및 분납금액 지.. (1) / 답변1 첨부1
  + [1947] ntt=42935 (9602) [등록면허세] 한시적 영업 문의 (1) / 답변1 첨부1
  + [1948] ntt=42932 (9601) [취득세] 상속재산 파산신청에 따른 취득세 부과 (1) / 답변1 첨부1
  + [1949] ntt=42931 (9600) [지방세특례제한법] 지특법제58조의3 창업감면 추징(임대) 문의 (1) / 답변1 첨부1
  + [1950] ntt=42930 (9599) [취득세] 지방세법 제9조 2항에 따른 비과세 적용 (1) / 답변1 첨부1
  + [1951] ntt=42922 (9598) [취득세] 창업벤처기업의 취득세 감면 기산일? (1) / 답변1
  + [1952] ntt=42918 (9597) [지방소득세] 청산종결한 법인에 대해 결정경정 시 납세자 문.. (1) / 답변1 첨부1
  + [1953] ntt=42915 (9596) [재산세] 법정지분 취득 신고 후 재산세 부과 (1) / 답변1 첨부1
  + [1954] ntt=42900 (9595) [취득세] 창업중소기업 감면 해당 여부 (1) / 답변1 첨부1
  + [1955] ntt=42891 (9594) [재산세] 재산세 토지 분리과세 해당 여부 (1) / 답변1 첨부2
  + [1956] ntt=42882 (9593) [재산세] 주택담보 노후연금보증 대상 주택 감면 질의(1.. (1) / 답변1 첨부1
  + [1957] ntt=42874 (9592) [지방세징수법] 경매 배당에 관한 배당순위 (1) / 답변1 첨부1
  + [1958] ntt=42873 (9591) [취득세] 농업회사법인의 양곡보관창고 취득세 감면 여부 (1) / 답변1 첨부1
  + [1959] ntt=42870 (9590) [취득세] 재개발구역 내 현금청산자 물건(토지) 주택수 .. (3) / 답변3 첨부2
  + [1960] ntt=42868 (9589) [취득세] 1가구 1주택 상속 취득세율 특례 관련 질의입.. (1) / 답변1 첨부1
  + [1961] ntt=42865 (9588) [취득세] 사실상취득 관련 상담신청드립니다. (2) / 답변2 첨부1
  + [1962] ntt=42864 (9587) [취득세] 주택조합의 공동주택 신축 과세표준 관련 질의 (1) / 답변1 첨부1
  + [1963] ntt=42862 (9586) [지방세징수법] 자동차공매 우선매수권 행사 관련 (1) / 답변1 첨부1
  + [1964] ntt=42859 (9585) [취득세] 어업회사법인 감면문의 (2) / 답변2 첨부1
  + [1965] ntt=42854 (9584) [자동차세] 번호판 영치 차량의 비과세 가능 여부 (2) / 답변2 첨부1
[page 283 완료] 누적 신규 1965건  (이 게시판 저장 총 8,465건)
  + [1966] ntt=42815 (9583) [취득세] 사내근로복지기금 법인분할 시 감면적용 관련 (1) / 답변1 첨부1
  + [1967] ntt=42812 (9582) [지방세특례제한법] 산업단지 감면 추징 후 재감면 여부 (1) / 답변1 첨부1
  + [1968] ntt=42811 (9581) [취득세] 법원에 공탁한 공탁금을 취득세 간접비용으로 과.. (1) / 답변1 첨부1
  + [1969] ntt=42804 (9580) [세외수입] 번호판 영치중 주정차 위반 적발 및 과태료 부.. (1) / 답변1 첨부1
  + [1970] ntt=42752 (9579) [취득세] 사내근로복지기금 법인분할 시 감면적용 관련 (4) / 답변4 첨부1
  + [1971] ntt=42749 (9578) [주민세] 주민세 사업소분 부과대상에 해당하는지 질의드립.. (1) / 답변1 첨부1
  + [1972] ntt=42746 (9577) [취득세] 수용재결취소 판결에 따른 소유권 말소 시 기 .. (1) / 답변1 첨부1
  + [1973] ntt=42745 (9576) [주민세] 주민세(종업원분) 중소기업 공제 중 해당 월의.. (1) / 답변1 첨부1
  + [1974] ntt=42744 (9575) [취득세] 재차상속 취득세 납세의무 성립 여부 (1) / 답변1 첨부1
  + [1975] ntt=42739 (9574) [취득세] 재협의 판결에대한 취득세 가산금 문의입니다. (1) / 답변1 첨부1
  + [1976] ntt=42738 (9573) [지방세징수법] 부동산 관리주체 소멸에 따른 납기 전 징수 가.. (1) / 답변1 첨부1
  + [1977] ntt=42737 (9572) [지방소득세] 법인지방소득세 결손금 추징시 가산세 (1) / 답변1 첨부1
  + [1978] ntt=42729 (9571) [재산세] 산업단지 재산세 감면 관련 질의 (1) / 답변1 첨부1
  + [1979] ntt=42721 (9570) [취득세] 주택중과 법 개정 이후 법인의 주택건설사업 중.. (1) / 답변1 첨부1
  + [1980] ntt=42719 (9569) [취득세] 교환계약시 취득세 납세의무자 질의 (1) / 답변1 첨부1
  + [1981] ntt=42713 (9568) [취득세] 부동산 취득후 변경계약에 따른 경정청구 (1) / 답변1 첨부1
  + [1982] ntt=42711 (9567) [취득세] 한국토지주택공사가 매입하여 취득하는 60㎡ 초.. (1) / 답변1 첨부1
  + [1983] ntt=42710 (9566) [취득세] 부담부증여 취득세 신고시 지방세법7조11항4호.. (1) / 답변1 첨부1
  + [1984] ntt=42704 (9565) [취득세] 장애인 감면 자동차(취득세+자동차세) 추징(공.. (5) / 답변5 첨부1
  + [1985] ntt=42702 (9564) [취득세] 연부취득 경개계약 문의 (1) / 답변1 첨부1
  + [1986] ntt=42701 (9563) [지방세징수법] 고용위기지역 등의 징수유예 기간 (1) / 답변1 첨부1
  + [1987] ntt=42699 (9562) [취득세] 형제자매간 상속 (1) / 답변1 첨부1
  + [1988] ntt=42698 (9561) [취득세] 법인의 차량 구입 시 차량할부이자 취득원가 포.. (1) / 답변1 첨부1
  + [1989] ntt=42695 (9560) [지방소득세] 상속한정승인 및 상속파산 절차 진행 중 개인지.. (1) / 답변1 첨부1
  + [1990] ntt=42694 (9559) [취득세] 법인 본점 이전시 '이전 전 사업장' 판단 여.. (1) / 답변1 첨부1
  + [1991] ntt=42692 (9558) [지방세특례제한법] 장애인감면차량의 공동소유자가 장애등급을 받을 .. (2) / 답변2 첨부1
  + [1992] ntt=42687 (9557) [취득세] 자경농민 감면 추징 시 “해당 농지를 직접 경.. (1) / 답변1 첨부1
  + [1993] ntt=42684 (9556) [취득세] 특별조치법으로 상속받으실 분이 사망->재차상속.. (1) / 답변1 첨부1
  + [1994] ntt=42683 (9555) [취득세] 농어촌 민박 취득세율 문의 (1) / 답변1 첨부1
  + [1995] ntt=42681 (9554) [취득세] 법인 지점설치 중과세 관련입니다. (1) / 답변1 첨부1
[page 284 완료] 누적 신규 1995건  (이 게시판 저장 총 8,495건)
  + [1996] ntt=42679 (9553) [지방소득세] 지방소득세(종합소득) 결손금 소급공제 환급특례.. (1) / 답변1 첨부1
  + [1997] ntt=42678 (9552) [자동차세] 과세예고통지 대상여부? (1) / 답변1 첨부1
  + [1998] ntt=42671 (9551) [재산세] 풋살장 재산세 과세 방법 문의 (1) / 답변1 첨부1
  + [1999] ntt=42670 (9550) [취득세] 종교법인의 순례길 조성을 위한 임야 취득건에 .. (1) / 답변1 첨부1
  + [2000] ntt=42668 (9549) [주민세] 지특법 제 10조 2항에 대한 농어업인에 대한.. (1) / 답변1 첨부1
  + [2001] ntt=42666 (9548) [지방세징수법] 신탁재산 사해행위 취소소송 관련 문의 (1) / 답변1 첨부1
  + [2002] ntt=42665 (9547) [주민세] 2개 이상의 법인이 사무실을 공동사용하고 있을.. (1) / 답변1 첨부1
  + [2003] ntt=42652 (9546) [취득세] 과점주주 특수관계 (1) / 답변1 첨부1
  + [2004] ntt=42651 (9545) [재산세] 사회적기업 직접사용 여부 판단 (1) / 답변1 첨부1
  + [2005] ntt=42650 (9544) [취득세] 유언검인조서에 의한 취득에 대한 취득시기 (1) / 답변1 첨부1
  + [2006] ntt=42648 (9543) [취득세] 신탁 취득 시  취득세  과세표준 금액 결정 (1) / 답변1 첨부1
  + [2007] ntt=42645 (9542) [취득세] 지역주택조합원 승계(상속)에 따른 과세표준액 .. (2) / 답변2 첨부1
  + [2008] ntt=42644 (9541) [지방세기본법] 신탁재산에 대한 물적납세의무에 대한 문의 (1) / 답변1 첨부1
  + [2009] ntt=42643 (9540) [취득세] 파산선고 이후 상속부동산 취득세 과세 여부 (1) / 답변1 첨부1
  + [2010] ntt=42641 (9539) [취득세] 귀농인 감면 주소이전 (1) / 답변1 첨부1
  + [2011] ntt=42635 (9538) [재산세] 회생채권으로 등록되지 못한 조세채권 (1) / 답변1 첨부1
  + [2012] ntt=42630 (9537) [취득세] 임대의무기간이 남은 임대주택을 상속받은 경우 .. (1) / 답변1 첨부1
  + [2013] ntt=42625 (9536) [재산세] 주택담보노후연금보증대상 주택에 대한 문의입니다.. (1) / 답변1 첨부1
  + [2014] ntt=42619 (9535) [지방세특례제한법] 사업용 재산에 도로가 포함되는지 여부 (1) / 답변1 첨부1
  + [2015] ntt=42617 (9534) [지방세특례제한법] 재산세 노인복지시설 감면 질의 (2) / 답변2 첨부1
  + [2016] ntt=42615 (9533) [지방세기본법] 지방세 정보의 제공방법 (1) / 답변1 첨부1
  + [2017] ntt=42609 (9532) [취득세] 임대의무기간이 남은 임대주택을 상속받은 경우 .. (1) / 답변1
  + [2018] ntt=42607 (9531) [취득세] 법인의 상가 매입시 발생한 취득일의 하루치 이.. (1) / 답변1 첨부1
  + [2019] ntt=42606 (9530) [지방소득세] 법인지방소득세 문의 (1) / 답변1 첨부1
  + [2020] ntt=42595 (9529) [주민세] 2개 이상의 법인이 사무실을 공동사용하고 있을.. (1) / 답변1 첨부1
  + [2021] ntt=42591 (9528) [취득세] 지특법 제71조 1항 물류단지 사업시행자 추징.. (1) / 답변1 첨부1
  + [2022] ntt=42581 (9527) [취득세] 지목변경 과세표준 산정 관련 문의드립니다. (1) / 답변1 첨부1
  + [2023] ntt=42576 (9526) [취득세] 명의신탁해지에 따른 과점주주 간주취득세 관련 (1) / 답변1 첨부1
  + [2024] ntt=42572 (9525) [지방소득세] 지방소득세의 국세통보자료의 부과제척기간 (1) / 답변1 첨부1
  + [2025] ntt=42570 (9524) [자동차세] 장애인 공동명의 감면차량 세대분리 과세 문의 (1) / 답변1 첨부1
[page 285 완료] 누적 신규 2025건  (이 게시판 저장 총 8,525건)
  + [2026] ntt=42566 (9523) [자동차세] 대표소유자 사망 이후 공동소유자(상속권자)의 .. (1) / 답변1 첨부1
  + [2027] ntt=42565 (9522) [취득세] 특별조치법으로 인한 등록세, 취득세 부과 질의 (1) / 답변1 첨부1
  + [2028] ntt=42557 (9521) [취득세] 주택분양권으로 취득하는 주택에 대한 세대별 주.. (1) / 답변1 첨부1
  + [2029] ntt=42554 (9520) [등록면허세] 등록면허세 신고납부 의무 여부에 대한 질의입니.. (2) / 답변2 첨부1
  + [2030] ntt=42551 (9519) [취득세] 지목변경 과세표준 사실상 취득가격 적용 여부(.. (1) / 답변1 첨부1
  + [2031] ntt=42549 (9518) [취득세] 사업양수도를 통한 법인전환 시 취득시기 및 계.. (1) / 답변1 첨부1
  + [2032] ntt=42546 (9517) [재산세] 사업시행자가 한국토지주택공사인 공공주택지구 사.. (1) / 답변1 첨부1
  + [2033] ntt=42544 (9516) [취득세] 위탁자의 지위이전 취득세 과세표준액 산정방법,.. (1) / 답변1 첨부1
  + [2034] ntt=42541 (9515) [지방세징수법] 파산 선고 후 재산세 부과가 가능한지 궁금합니.. (1) / 답변1 첨부1
  + [2035] ntt=42540 (9514) [취득세] 항공기  취득시기 및 납세지 (1) / 답변1 첨부1
  + [2036] ntt=42539 (9513) [재산세] 「평생교육법」 제30조에 따른 학교 부설 평생.. (1) / 답변1 첨부1
  + [2037] ntt=42535 (9512) [자동차세] 일반단체용 차량에 대한 자동차세 체납금 문의 (1) / 답변1 첨부1
  + [2038] ntt=42532 (9511) [지방소득세] 환급가산금 기산일 적용 문의 (1) / 답변1 첨부1
  + [2039] ntt=42526 (9510) [취득세] 신고 납부 후 매매계약서 누락건에 의한 취득세.. (1) / 답변1 첨부1
  + [2040] ntt=42519 (9509) [지방세특례제한법] 창업감면 추징(9486번 재질의) (1) / 답변1 첨부1
  + [2041] ntt=42515 (9508) [세외수입] 아파트 입주자대표회의에 부과된 공동주택관리법위.. (1) / 답변1 첨부1
  + [2042] ntt=42509 (9507) [재산세] 납세의무자 변동신고서 관련 문의 (1) / 답변1 첨부1
  + [2043] ntt=42491 (9506) [취득세] 지방자치단체의 취득후 추징 (1) / 답변1 첨부1
  + [2044] ntt=42488 (9505) [취득세] 계약변경으로 인한 취득세 과세 여부 (1) / 답변1 첨부1
  + [2045] ntt=42487 (9504) [지방세징수법] 파산법인 파산관재인의 차량(파산법인 소유)에 .. (1) / 답변1 첨부1
  + [2046] ntt=42486 (9503) [취득세] 유통산업의 취득세 중과제외 여부 문의 (1) / 답변1 첨부1
  + [2047] ntt=42485 (9502) [취득세] 자경농민 감면 추징 시 “해당 농지를 직접 경.. (1) / 답변1 첨부1
  + [2048] ntt=42484 (9501) [취득세] 생애최초 주택취득 감면 적용가능 궁금합니다. (1) / 답변1 첨부1
  + [2049] ntt=42480 (9500) [취득세] 과점주주 세무조사(서면)조사  중  과세를 인.. (1) / 답변1 첨부1
  + [2050] ntt=42471 (9499) [취득세] 원시취득 보존등기 이후 건축공사비 감소 경정청.. (1) / 답변1 첨부1
  + [2051] ntt=42468 (9498) [지방세기본법] 신탁재산 체납에 대한 2차납세의무 와 수탁자 .. (1) / 답변1 첨부1
  + [2052] ntt=42466 (9497) [취득세] 매도인 착오로 인한 취득세 환급가능 여부 (1) / 답변1 첨부1
  + [2053] ntt=42462 (9496) [취득세] 계약변경으로 인한 취득세 환급 가능 및 기납부.. (1) / 답변1 첨부1
  + [2054] ntt=42461 (9495) [취득세] 지방세 상담 신청드립니다. (1) / 답변1 첨부1
  + [2055] ntt=42459 (9494) [취득세] 등기등록 완료 후 취득세 환급 가능 여부(잔금.. (1) / 답변1 첨부1
[page 286 완료] 누적 신규 2055건  (이 게시판 저장 총 8,555건)
  + [2056] ntt=42450 (9493) [재산세] 법인의 과세내역서 발급여부 질의 (1) / 답변1 첨부1
  + [2057] ntt=42449 (9492) [취득세] 취득세 신고 납부 후 계약해제 환급 여부 (1) / 답변1 첨부1
  + [2058] ntt=42443 (9491) [자동차세] 11인 이상인 비영업용 승합자동차에서 변경등록.. (1) / 답변1 첨부1
  + [2059] ntt=42440 (9490) [지방세특례제한법] 취득세 최소납부세제 적용에 대한 질의 (1) / 답변1 첨부1
  + [2060] ntt=42439 (9489) [취득세] 소유권 경정등기로 인한 법인 취득세 환급여부 .. (1) / 답변1 첨부1
  + [2061] ntt=42437 (9488) [재산세] 2010년 취득한 의과대학부속병원이 2022년.. (1) / 답변1
  + [2062] ntt=42434 (9487) [재산세] 종중토지 영농조합법인으로 명의신탁 시 재산세 .. (1) / 답변1 첨부1
  + [2063] ntt=42432 (9486) [지방세특례제한법] 제58조의3 창업감면 추징 문의 (1) / 답변1 첨부1
  + [2064] ntt=42430 (9485) [주민세] 주민세 종업원분 신고시 중소기업 공제 (1) / 답변1 첨부1
  + [2065] ntt=42429 (9484) [재산세] 재산세(토지) 산업단지 감면 추징에 관한 질의 (1) / 답변1 첨부1
  + [2066] ntt=42396 (9483) [취득세] 지역주택조합인 비법인사단이 지방세법상 법인인지 (1) / 답변1 첨부1
  + [2067] ntt=42392 (9482) [취득세] 산림조합이 운영하는 카페를 감면대상으로 볼수 .. (1) / 답변1 첨부1
  + [2068] ntt=42381 (9481) [재산세] 재산세 별도합산 질의입니다.(체육시설용 토지) (1) / 답변1 첨부3
  + [2069] ntt=42378 (9480) [취득세] 단독주택 옥상 비가림 지붕 취득세 부과 (1) / 답변1 첨부1
  + [2070] ntt=42376 (9479) [취득세] 주택부속 토지 취득시 주택수 및 취득세율 질의 (1) / 답변1 첨부1
  + [2071] ntt=42372 (9478) [주민세] 급여를 월 2회 지급했을 때 귀속연월이 각각 .. (1) / 답변1 첨부1
  + [2072] ntt=42368 (9477) [지방세징수법] 체납자가 임대인일 경우 소유부동산에서 발생하는.. (1) / 답변1 첨부1
  + [2073] ntt=42364 (9476) [취득세] 상속분할협의서 제출 시 서명을 기재했을경우 문.. (1) / 답변1 첨부1
  + [2074] ntt=42362 (9475) [지방세징수법] 사망자에게 배분된 공매배당금을 상속인의 체납과.. (1) / 답변1 첨부1
  + [2075] ntt=42361 (9474) [등록면허세] 약사법 제20조 동물약국 개설등록 문의 (1) / 답변1 첨부1
  + [2076] ntt=42360 (9473) [재산세] 재건축 주택의 재산세 납세의무자(멸실 후 재산.. (1) / 답변1 첨부1
  + [2077] ntt=42357 (9472) [재산세] 주택재개발정비사업 준공인가전 사용허가(임시 사.. (1) / 답변1 첨부1
  + [2078] ntt=42355 (9471) [재산세] 사회복지법인의 재산세 감면 가능 여부 (1) / 답변1 첨부1
  + [2079] ntt=42354 (9470) [취득세] 재개발 조합원의 당초 자기지분 초과 취득세 부.. (1) / 답변1 첨부1
  + [2080] ntt=42352 (9469) [주민세] 지특법 제22조 제5항 사회복지시설 주민세 감.. (1) / 답변1 첨부1
  + [2081] ntt=42351 (9468) [지방세기본법] 지방세 환급금 연대납세의무 관련 체납에 충당 .. (1) / 답변1 첨부1
  + [2082] ntt=42337 (9467) [취득세] 지식산업센터 신축시 감면 비율산정(시가표준액 .. (1) / 답변1 첨부1
  + [2083] ntt=42336 (9466) [취득세] 조정을 갈음하는 결정에 의한 명의신탁자로 소유.. (1) / 답변1 첨부1
  + [2084] ntt=42334 (9465) [지방소득세] 결손금소급공제 환급액의 경정에 따른 징수액 (1) / 답변1 첨부1
  + [2085] ntt=42333 (9464) [재산세] 미준공 공동주택 재산세 납세의무자 질의 (1) / 답변1 첨부1
[page 287 완료] 누적 신규 2085건  (이 게시판 저장 총 8,585건)
  + [2086] ntt=42330 (9463) [취득세] 추징 대상인지, 과소신고 대상인지 궁금합니다. (1) / 답변1 첨부1
  + [2087] ntt=42326 (9462) [재산세] 도시개발 완료 후(환지처분공고 완료) 주택용지.. (1) / 답변1 첨부1
  + [2088] ntt=42320 (9461) [재산세] 한국농어촌공사 농업 관련사업 토지 분리과세 적.. (1) / 답변1 첨부1
  + [2089] ntt=42315 (9460) [지방소득세] 지점 매출 0일 경우 (1) / 답변1 첨부1
  + [2090] ntt=42314 (9459) [취득세] 취득세 지목변경시 과세표준 (1) / 답변1 첨부1
  + [2091] ntt=42313 (9458) [지방소득세] 법인지방소득세 경정청구의 대상이 될 수 있는지.. (1) / 답변1 첨부1
  + [2092] ntt=42309 (9457) [취득세] 옥외 저장탱크의 취득세 과세대상 여부 (1) / 답변1 첨부1
  + [2093] ntt=42307 (9456) [주민세] 급여를 월 2회 지급했을 때 귀속연월이 각각 .. (1) / 답변1 첨부1
  + [2094] ntt=42302 (9455) [지방세특례제한법] 수용 고시일 이후에 취득한 부동산이 부재부동산.. (1) / 답변1 첨부1
  + [2095] ntt=42299 (9454) [취득세] 과점주주 간주취득세 과세표준 포함 여부 (1) / 답변1 첨부1
  + [2096] ntt=42298 (9453) [지방세징수법] 공매배당금 예탁금(심판청구 접수) 에 대하여 .. (1) / 답변1 첨부1
  + [2097] ntt=42290 (9452) [취득세] 장애인 감면대상자 차량 구조변경시 취득세 및 .. (2) / 답변2 첨부1
  + [2098] ntt=42288 (9451) [취득세] 경매 중인 물건에 대한 상속 취득세 납세의무 .. (1) / 답변1 첨부1
  + [2099] ntt=42287 (9450) [취득세] 취득세 납세지 착오신고 납부 관련 가산세 질의 (1) / 답변1 첨부1
  + [2100] ntt=42277 (9449) [취득세] 주거환경개선지구 및 재정비촉진지구 중과세 제외.. (1) / 답변1 첨부1
  + [2101] ntt=42275 (9448) [취득세] 생애최초 감면 외국인 배우자 소득 (1) / 답변1
  + [2102] ntt=42274 (9447) [재산세] 재산세 납세의무자 변경 관련하여..(직권등재) (1) / 답변1 첨부1
  + [2103] ntt=42272 (9446) [재산세] 한국토지주택공사 취득 부동산에 대한 분리과세 .. (1) / 답변1 첨부1
  + [2104] ntt=42270 (9445) [지방세기본법] 지방세 상담신청드립니다. (1) / 답변1 첨부1
  + [2105] ntt=42269 (9444) [취득세] 기부채납 취득세 비과세 문의 (1) / 답변1 첨부1
  + [2106] ntt=42253 (9443) [재산세] 상속재산 파산 선고결정후 재산의 소유권 (1) / 답변1 첨부1
  + [2107] ntt=42250 (9442) [지방세특례제한법] 토지등수용 대체취득 감면( 부재부동산소유자 해.. (1) / 답변1 첨부1
  + [2108] ntt=42246 (9441) [취득세] 산업단지에서 산업용지 토지를 임대후  분양받고.. (1) / 답변1 첨부1
  + [2109] ntt=42243 (9440) [취득세] 합유자 중 일부 사망시 잔존 합유자 취득세 과.. (1) / 답변1 첨부1
  + [2110] ntt=42239 (9439) [취득세] 자경농민 감면여부 질의 (1) / 답변1 첨부1
  + [2111] ntt=42230 (9438) [재산세] 지역아동센터 직접사용의 의미 (1) / 답변1 첨부1
  + [2112] ntt=42229 (9437) [취득세] 소유권이전등기말소 판결에 의한 지방세 환급 (1) / 답변1 첨부1
  + [2113] ntt=42227 (9436) [자동차세] 장애인 감면대상자의 자동차 구조변경 후 자동차.. (1) / 답변1 첨부1
  + [2114] ntt=42219 (9435) [지방소득세] 신규사업장의 과년도 연말정산 환급지 (1) / 답변1 첨부1
  + [2115] ntt=42211 (9434) [등록면허세] 농협은행 및 수협은행 융자관련 감면 문의 (1) / 답변1 첨부1
[page 288 완료] 누적 신규 2115건  (이 게시판 저장 총 8,615건)
  + [2116] ntt=42204 (9433) [취득세] 과점주주 취득세 문의 (1) / 답변1 첨부1
  + [2117] ntt=42203 (9432) [재산세] 학교의 고유목적 사용여부 관련입니다 (1) / 답변1 첨부1
  + [2118] ntt=42198 (9431) [재산세] 수용재결로 보상금을 공탁한 경우 수용개시일보다.. (1) / 답변1 첨부1
  + [2119] ntt=42197 (9430) [취득세] 집합건물 대지권 관련 취득세 문의(재질의) (1) / 답변1 첨부1
  + [2120] ntt=42193 (9429) [세외수입] 한정승인 판결받은 차량 공매관련 (1) / 답변1 첨부1
  + [2121] ntt=42188 (9428) [취득세] 주택 교환취득 시 일시적 2주택 적용여부 (1) / 답변1
  + [2122] ntt=42186 (9427) [재산세] 부동산특별조치법으로 등기된 토지의 재산세 소급.. (1) / 답변1 첨부1
  + [2123] ntt=42180 (9426) [취득세] 주택개량 취득세 감면 추징 문의 (1) / 답변1 첨부1
  + [2124] ntt=42179 (9425) [취득세] 창업중소기업감면-업종추가 (1) / 답변1 첨부1
  + [2125] ntt=42174 (9424) [지방세특례제한법] 창업중소기업 감면 시 ‘창업일 당시 업종의 사.. (1) / 답변1 첨부1
  + [2126] ntt=42172 (9423) [취득세] 농업회사법인(주)의 노인복지시설로 감면을 받은.. (1) / 답변1 첨부1
  + [2127] ntt=42167 (9422) [취득세] 설립자 임대용 지식산업센터 감면 후 전대차 했.. (1) / 답변1 첨부1
  + [2128] ntt=42165 (9421) [재산세] 물류시설을 설지, 운영하는 사업에 관한 분리과.. (1) / 답변1 첨부1
  + [2129] ntt=42164 (9420) [취득세] 무상증여 계약해제 시 증여자의 인감증명서가 없.. (1) / 답변1 첨부1
  + [2130] ntt=42163 (9419) [재산세] 용도변경 (1) / 답변1 첨부1
  + [2131] ntt=42162 (9418) [지방세특례제한법] 공동 건축주의 분양일 경우 임대 감면 가능 여.. (1) / 답변1 첨부1
  + [2132] ntt=42158 (9417) [취득세] 취득일부터 60일 경과 후 법인간 교환 계약 .. (1) / 답변1 첨부1
  + [2133] ntt=42157 (9416) [취득세] 취득세 감면분의 추징 사유 발생과 부과제척기간 (1) / 답변1 첨부1
  + [2134] ntt=42156 (9415) [취득세] 지특법57조의2 현물출자 추징 질의합니다. (1) / 답변1 첨부1
  + [2135] ntt=42155 (9414) [취득세] 과점주주의 특수관계 여부 (1) / 답변1 첨부1
  + [2136] ntt=42151 (9413) [취득세] 주유기 취득시 급유배관공사 부분까지 일체로 보.. (1) / 답변1 첨부1
  + [2137] ntt=42149 (9412) [등록면허세] 지방세특례제한법제10조 융자관련감면 문의 (1) / 답변1 첨부1
  + [2138] ntt=42147 (9411) [세외수입] 부동산실명법 위반에따른 과징금 부과에대한 체납.. (1) / 답변1
  + [2139] ntt=42143 (9410) [취득세] 취득시기 및 취득 원인 관련 상담신청드립니다. (1) / 답변1 첨부1
  + [2140] ntt=42140 (9409) [취득세] 주거환경개선사업으로 사업시행자의 토지 증가분에.. (1) / 답변1 첨부1
  + [2141] ntt=42133 (9408) [취득세] 휴면법인 인수여부와 그 설립일 (1) / 답변1 첨부1
  + [2142] ntt=42125 (9407) [지방소득세] 사실과 다른 회계처리로 인한 경정 특례 문의 (1) / 답변1 첨부1
  + [2143] ntt=42123 (9406) [취득세] 세대분리로 인하여 장애인 감면 차량 취득세 추.. (1) / 답변1 첨부1
  + [2144] ntt=42122 (9405) [취득세] 중고차 매매상사 2년이상 보유 취득세 추징 시.. (1) / 답변1 첨부1
  + [2145] ntt=42119 (9404) [등록면허세] 등록면허세 지위승계 (1) / 답변1 첨부1
[page 289 완료] 누적 신규 2145건  (이 게시판 저장 총 8,645건)
  + [2146] ntt=42117 (9403) [취득세] 집합건물 대지권 관련 취득세 문의 (1) / 답변1 첨부2
  + [2147] ntt=42103 (9402) [취득세] 취득세(주택부속토지 공유 관련) 문의드립니다 (1) / 답변1 첨부1
  + [2148] ntt=42101 (9401) [기타] 전화로 체납조회 여부가 정당한지 여부 (1) / 답변1 첨부1
  + [2149] ntt=42100 (9400) [재산세] 준공받지 못한 건축물의 부속토지 합산과세 판단.. (1) / 답변1 첨부1
  + [2150] ntt=42090 (9399) [취득세] 창업중소기업 감면 해당 여부(수정) (1) / 답변1 첨부1
  + [2151] ntt=42083 (9398) [주민세] 주민세 사업소분, 종업원분 부과기준 및 포괄적.. (1) / 답변1 첨부1
  + [2152] ntt=42081 (9397) [취득세] 취득세 과세표준 산정문의 (1) / 답변1 첨부1
  + [2153] ntt=42076 (9396) [취득세] 대체취득 감면시 건축주 변경이 있는 경우 감면.. (1) / 답변1 첨부1
  + [2154] ntt=42075 (9395) [지방세징수법] 미준공 건축물 부동산 압류해제 가능여부 문의 (1) / 답변1 첨부1
  + [2155] ntt=42070 (9394) [지방세기본법] 과점주주 판정시 특수관계인(경제적 연관관계) .. (1) / 답변1 첨부1
  + [2156] ntt=42068 (9393) [취득세] 현물출자 기재가 없는 영업용 리스차량을 지입관.. (1) / 답변1 첨부1
  + [2157] ntt=42063 (9392) [지방세특례제한법] 개인사업자 창업중소기업 감면 후 폐업에 따른 .. (2) / 답변2 첨부1
  + [2158] ntt=42062 (9391) [취득세] 경정청구 대상 및 후발적 사유 해당 여부 (1) / 답변1 첨부2
  + [2159] ntt=42051 (9390) [취득세] 창업중소기업(겸영 사업시) (1) / 답변1 첨부1
  + [2160] ntt=42049 (9389) [재산세] 한국토지주택공사의 성남낙생 공공주택지구 사업 .. (1) / 답변1 첨부1
  + [2161] ntt=42046 (9388) [지방세징수법] 개인회생사건의 가산금 징수유예건 (1) / 답변1 첨부1
  + [2162] ntt=42037 (9387) [취득세] 만30세미만 세대분리(소득금액 인정) 인정 여.. (1) / 답변1 첨부1
  + [2163] ntt=42035 (9386) [취득세] 과점주주 취득세 문의 (1) / 답변1 첨부1
  + [2164] ntt=42034 (9385) [취득세] 멸실이후 조합원입주권 취득으로 인한 일시적2주.. (1) / 답변1 첨부1
  + [2165] ntt=42033 (9384) [재산세] 분양아파트 준공일이 5.31.인 경우 재산세 .. (1) / 답변1 첨부1
  + [2166] ntt=42030 (9383) [취득세] 농어촌공사의 감면 관련 (1) / 답변1 첨부1
  + [2167] ntt=42028 (9382) [취득세] 미준공건축물 취득세 문의 (1) / 답변1 첨부1
  + [2168] ntt=42027 (9381) [등록면허세] 1회성 면허의 변경신고시 부과여부 (1) / 답변1 첨부1
  + [2169] ntt=42024 (9380) [취득세] 취득세 관련 상담신청드립니다. (1) / 답변1 첨부1
  + [2170] ntt=42021 (9379) [취득세] 서민주택 취득세 감면 추징 문의 (1) / 답변1 첨부1
  + [2171] ntt=42018 (9378) [취득세] 폐지유형 임대사업 자진말소한 경우로 추징제외 .. (1) / 답변1 첨부1
  + [2172] ntt=42017 (9377) [취득세] 자경농민 농지 감면 추징 (1) / 답변1 첨부1
  + [2173] ntt=42014 (9376) [지방세특례제한법] 취득세 자경농민 감면 추징시 정당한 사유에 해.. (1) / 답변1 첨부1
  + [2174] ntt=42013 (9375) [지방소득세] 사실과 다른 회계처리로 인한 환급특례 적용에 .. (1) / 답변1 첨부1
  + [2175] ntt=42010 (9374) [취득세] 휴면법인 인수일 문의 (1) / 답변1 첨부1
[page 290 완료] 누적 신규 2175건  (이 게시판 저장 총 8,675건)
  + [2176] ntt=42008 (9373) [재산세] 지방세특례제한법 제31조 4항(임대주택 등에 .. (1) / 답변1 첨부1
  + [2177] ntt=42005 (9372) [재산세] 지하건축물의 재산세 부과방법 문의 (1) / 답변1 첨부1
  + [2178] ntt=41997 (9371) [재산세] 일반건축물 위에 무허가 건축물을 짓는다면  토.. (1) / 답변1 첨부1
  + [2179] ntt=41994 (9370) [재산세] 지방세특례제한법의 재산세 감면요건 불비와 추징.. (1) / 답변1 첨부1
  + [2180] ntt=41985 (9369) [취득세] 과점주주 간주취득세 과세방법 문의 (1) / 답변1 첨부1
  + [2181] ntt=41982 (9368) [취득세] 창업중소기업 취득세 감면 대상 여부 (1) / 답변1 첨부1
  + [2182] ntt=41981 (9367) [재산세] 지자체에서 예산투입해 조성한 공한지 주차장도 .. (1) / 답변1 첨부1
  + [2183] ntt=41979 (9366) [취득세] 교환취득 관련하여 과세표준 문의입니다. (1) / 답변1 첨부1
  + [2184] ntt=41970 (9365) [취득세] 취득세 관련 상담신청드립니다. (1) / 답변1 첨부1
  + [2185] ntt=41969 (9364) [취득세] 판결에 의한 취득일자 및 가산세 (1) / 답변1 첨부1
  + [2186] ntt=41968 (9363) [주민세] 공립학교의 주민세(사업소분) 부과대상 여부 (1) / 답변1 첨부1
  + [2187] ntt=41966 (9362) [지방세징수법] 공매 처분 추진 시 위법성이 있는지 궁금합니다.. (1) / 답변1 첨부1
  + [2188] ntt=41960 (9361) [지방세징수법] 회생변제계획인가에 따른 가산금과 가산세여부 (1) / 답변1 첨부1
  + [2189] ntt=41959 (9360) [지방세징수법] 과태료 배당 잉여금 충당 또는 추심 가능여부 .. (1) / 답변1 첨부1
  + [2190] ntt=41956 (9359) [취득세] 주택수 산입 여부 질의 (1) / 답변1 첨부1
  + [2191] ntt=41955 (9358) [취득세] 착오발견으로 신탁원부상 위탁자명을 변경했을 때.. (1) / 답변1 첨부1
  + [2192] ntt=41949 (9357) [취득세] 자경농민 취득세 감면 관련 공유지분 일부 이전.. (1) / 답변1 첨부1
  + [2193] ntt=41947 (9356) [취득세] 취득세 감면분 추징 부과제척기간 (1) / 답변1 첨부1
  + [2194] ntt=41946 (9355) [주민세] 위탁운영되는 체육관, 축구경기장 등 주민세 사.. (1) / 답변1 첨부1
  + [2195] ntt=41940 (9354) [자동차세] 자동차세 공동명의자 장애등급 판정 (1) / 답변1 첨부1
  + [2196] ntt=41938 (9353) [취득세] 미완성 건물을 경매로 취득한 경우 시가표준액 .. (1) / 답변1 첨부1
  + [2197] ntt=41937 (9352) [지방세징수법] 수탁회사의 체납에 대하여 위탁회사(파산)의 파.. (1) / 답변1 첨부1
  + [2198] ntt=41933 (9351) [취득세] 직권부과 납부된 상속취득세 채권자 대위등기 취.. (1) / 답변1 첨부1
  + [2199] ntt=41932 (9350) [취득세] 자경농민 취득세 감면 질의 (1) / 답변1 첨부1
  + [2200] ntt=41929 (9349) [취득세] 비영리단체의 비영리법인 전환시 사업양수도로 보.. (1) / 답변1 첨부1
  + [2201] ntt=41927 (9348) [주민세] 공사현장에 대한 주민세(종업원분) 과세 건 (1) / 답변1 첨부1
  + [2202] ntt=41921 (9347) [등록면허세] 부동산 등기상 상속으로 인한 근저당권자 변경시.. (1) / 답변1 첨부1
  + [2203] ntt=41919 (9346) [지방세특례제한법] (재질의)배우자 외의 자와 공동등록을 한 차량.. (1) / 답변1 첨부1
  + [2204] ntt=41917 (9345) [지방세기본법] 주택조합 조합원분양자도 수분양자에 해당될 수 .. (1) / 답변1 첨부1
  + [2205] ntt=41916 (9344) [취득세] 도시공사의 85㎡이하 주택 신축을 위해 취득한.. (1) / 답변1 첨부1
[page 291 완료] 누적 신규 2205건  (이 게시판 저장 총 8,705건)
  + [2206] ntt=41908 (9343) [재산세] 임대사업자 감면 해당 여부 (1) / 답변1 첨부1
  + [2207] ntt=41906 (9342) [취득세] 시험연구용으로 수입 차량 타국으로 탁송시 취득.. (1) / 답변1 첨부1
  + [2208] ntt=41905 (9341) [취득세] 주식근절권 설정과 과점주주 간주취득세 문의 (1) / 답변1 첨부1
  + [2209] ntt=41904 (9340) [취득세] 지방세법 제6조 제4호 건축물의 범위 등 (1) / 답변1 첨부1
  + [2210] ntt=41901 (9339) [지방세특례제한법] 밑의 농업협동조합과 관련된 추가 첨부 파일 입.. (1) / 답변1
  + [2211] ntt=41900 (9338) [지방세특례제한법] 농협의 고유업무 사용 질의올립니다(급함) (1) / 답변1 첨부1
  + [2212] ntt=41893 (9337) [등록면허세] 등록면허세 과세여부 질의 (식품자동판매기 및 .. (1) / 답변1 첨부1
  + [2213] ntt=41891 (9336) [지방세징수법] 신탁회사에 대한 공공정보 등록가능여부 (1) / 답변1 첨부1
  + [2214] ntt=41889 (9335) [취득세] 주택건설사업자의 신축 주택에 대한 대도시 법인.. (1) / 답변1 첨부1
  + [2215] ntt=41888 (9334) [취득세] 과점주주 취득세 특수관계 여부 문의 (1) / 답변1 첨부1
  + [2216] ntt=41886 (9333) [취득세] 과밀억제권역 안 취득세 중과 여부 문의 (1) / 답변1 첨부1
  + [2217] ntt=41884 (9332) [지방세특례제한법] 노인복지시설 취득세 감면(법인 취득) 문의드립.. (1) / 답변1 첨부1
  + [2218] ntt=41883 (9331) [지방세특례제한법] 지특법 제16조 추징 관련 질의드립니다. (1) / 답변1 첨부1
  + [2219] ntt=41876 (9330) [등록면허세] 지방세특례제한법 35조에 따른 감면관련 질의입.. (1) / 답변1 첨부1
  + [2220] ntt=41872 (9329) [취득세] 신탁재산 위탁법인의 과점주주 취득세 과세  관.. (1) / 답변1 첨부1
  + [2221] ntt=41870 (9328) [지방세특례제한법] 지특법시행령 23조 기업부설연구소 관련 질의드.. (1) / 답변1 첨부1
  + [2222] ntt=41869 (9327) [취득세] [재질의] 부담부증여시 채무승계 인정여부 관련 (1) / 답변1 첨부1
  + [2223] ntt=41866 (9326) [취득세] 지번착오 등기 후 교환 취득세 부과 철회 (1) / 답변1 첨부1
  + [2224] ntt=41864 (9325) [취득세] 계약해제에 따른 차량 취득세 환급 청구 가능 .. (1) / 답변1 첨부1
  + [2225] ntt=41861 (9324) [취득세] 명의신탁해지로 인해 명의신탁자의 상속인 명의로.. (1) / 답변1 첨부1
  + [2226] ntt=41855 (9323) [재산세] 노인복지시설의 재산세 추징 관련 (재질의 당초.. (2) / 답변2 첨부1
  + [2227] ntt=41853 (9322) [취득세] 귀농인이 농지를 조성하기 위해 취득하는 임야에.. (1) / 답변1 첨부1
  + [2228] ntt=41851 (9321) [취득세] 지목변경 과세표준 적용 문의 (1) / 답변1 첨부1
  + [2229] ntt=41850 (9320) [지방세특례제한법] 배우자 외의 자와 공동등록을 한 차량의 다자녀.. (1) / 답변1 첨부1
  + [2230] ntt=41849 (9319) [취득세] 임대주택 감면 문의 (1) / 답변1 첨부1
  + [2231] ntt=41839 (9318) [재산세] 재산세 과세사실 확인 요청 민원 관련 문의 (1) / 답변1 첨부1
  + [2232] ntt=41834 (9317) [주민세] 주민세 종업원분 사업장 판단 (1) / 답변1 첨부1
  + [2233] ntt=41832 (9316) [자동차세] 감액하여 소액부 징수금액(2,000원)이하로 .. (1) / 답변1 첨부1
  + [2234] ntt=41830 (9315) [취득세] 생애최초 주택감면 관련 문의 (1) / 답변1 첨부1
  + [2235] ntt=41826 (9314) [취득세] 세무조사(과점주주 취득세) 자료제출 거부시  .. (1) / 답변1 첨부1
[page 292 완료] 누적 신규 2235건  (이 게시판 저장 총 8,735건)
  + [2236] ntt=41823 (9313) [취득세] 장애인 취득세 감면 차량 소유권 이전 추징 (1) / 답변1 첨부1
  + [2237] ntt=41820 (9312) [취득세] 상속 등기 후 상속재산분할심판청구 중 청구인 .. (1) / 답변1 첨부1
  + [2238] ntt=41816 (9311) [취득세] 법인 취득세 중과세율 적용 관련 지점용 사무소.. (1) / 답변1 첨부1
  + [2239] ntt=41811 (9310) [취득세] 생애최초감면 상시 거주 지연의 정당한 사유 보.. (1) / 답변1 첨부1
  + [2240] ntt=41807 (9309) [지방세기본법] 신탁재산 체납법인 2차납세의무지정 가능할까? (1) / 답변1 첨부1
  + [2241] ntt=41799 (9308) [취득세] 법인등기의 직권말소로 인한 감면취득세분 추징여.. (1) / 답변1 첨부1
  + [2242] ntt=41797 (9307) [취득세] 지목변경 취득세 과세표준 문의드립니다. (1) / 답변1 첨부1
  + [2243] ntt=41795 (9306) [취득세] 부담부증여시 채무승계 인정여부 (1) / 답변1 첨부1
  + [2244] ntt=41791 (9305) [재산세] 노인복지시설의 재산세 추징 관련 (1) / 답변1 첨부1
  + [2245] ntt=41783 (9304) [취득세] 소유권 환원 관련 상담드립니다. (1) / 답변1 첨부1
  + [2246] ntt=41780 (9303) [재산세] 지분별 노인복지시설 재산세 감면 적용 질의 (1) / 답변1 첨부1
  + [2247] ntt=41763 (9302) [취득세] 부동산특별조치법에 따른 등기권리자의 사망 (1) / 답변1 첨부1
  + [2248] ntt=41761 (9301) [재산세] 재산세 부과 시 주택과 하나의 울타리 안에 위.. (1) / 답변1 첨부1
  + [2249] ntt=41758 (9300) [취득세] 건축주와 취득세 납세의무자 (1) / 답변1 첨부1
  + [2250] ntt=41754 (9299) [재산세] 지방세법 제4조 관련 문의(시가표준액) (1) / 답변1 첨부1
  + [2251] ntt=41752 (9298) [취득세] 파산관재인에 의한 매각 시 취득가액 인정 여부 (1) / 답변1 첨부1
  + [2252] ntt=41743 (9297) [지방소득세] 특별징수분 지방소득세 경정청구 등 환급금 기산.. (3) / 답변3 첨부1
  + [2253] ntt=41738 (9296) [지방세기본법] 제2차 납세의무자 지정이 가능한지 문의 (1) / 답변1
  + [2254] ntt=41733 (9295) [재산세] 지목변경 안 된 법인묘지용 토지에 대한 별도합.. (1) / 답변1 첨부1
  + [2255] ntt=41722 (9294) [취득세] 건축물대장상의 사용승인일이 존재하지 않는 단독.. (1) / 답변1 첨부1
  + [2256] ntt=41717 (9293) [지방소득세] 특별징수 퇴직소득 환급절차 (1) / 답변1 첨부1
  + [2257] ntt=41714 (9292) [주민세] 사업소득으로 신고한 인력에 대해 주민세 종업원.. (1) / 답변1 첨부1
  + [2258] ntt=41709 (9291) [재산세] 선교사 사택 재산세 감면 여부 (1) / 답변1 첨부1
  + [2259] ntt=41708 (9290) [재산세] 임대사업자감면 후 추징여부 (1) / 답변1 첨부1
  + [2260] ntt=41706 (9289) [취득세] 지식산업센터 5년내 매각시 감면분 추징 (1) / 답변1 첨부1
  + [2261] ntt=41705 (9288) [취득세] 위탁자 지위 이전에 따른 취득세 부과 관련 질.. (1) / 답변1 첨부1
  + [2262] ntt=41695 (9287) [재산세] 농업경영체 미등록인 농업회사법인의 경우 분리과.. (1) / 답변1 첨부1
  + [2263] ntt=41694 (9286) [지방소득세] 특별징수 연말정산 환급 관련 문의합니다. (1) / 답변1 첨부1
  + [2264] ntt=41691 (9285) [취득세] 산업단지 개발 시행자 감면 후 인적분할 되었을.. (1) / 답변1 첨부1
  + [2265] ntt=41687 (9284) [지방세기본법] 법인지방소득세 환급 관련 제척기한 문의드립니다.. (1) / 답변1 첨부1
[page 293 완료] 누적 신규 2265건  (이 게시판 저장 총 8,765건)
  + [2266] ntt=41685 (9283) [취득세] 자경농민감면 관련입니다. (1) / 답변1 첨부1
  + [2267] ntt=41682 (9282) [취득세] 토지수용에 따른 대체취득(하나의 사업단지 내 .. (1) / 답변1 첨부1
  + [2268] ntt=41681 (9281) [지방소득세] 양도소득분 개인지방소득세 가산세 감면 (1) / 답변1 첨부1
  + [2269] ntt=41680 (9280) [취득세] 취득세 (과점주주) 리스차량 납세지가 어디인지 (1) / 답변1 첨부1
  + [2270] ntt=41679 (9279) [취득세] 상속 취득세 신고 시 매매금액 과표 인정 여부 (1) / 답변1 첨부1
  + [2271] ntt=41678 (9278) [지방소득세] 연말정산 지방소득세 신고 오류 관련 납세지 문.. (1) / 답변1 첨부1
  + [2272] ntt=41676 (9277) [재산세] 부동산투자회사(부동산집합투자기구) 재산세(토지.. (1) / 답변1 첨부1
  + [2273] ntt=41673 (9276) [취득세] 지목변경 취득세 관련 문의 (1) / 답변1 첨부1
  + [2274] ntt=41671 (9275) [재산세] 법원 결정조서에 의한 소유권 이전시 취득시기와.. (1) / 답변1 첨부1
  + [2275] ntt=41668 (9274) [지방세특례제한법] 농업협동조합의 고유업무 사용의 감면질의 올립니.. (2) / 답변2 첨부2
  + [2276] ntt=41665 (9273) [취득세] 직계존속간의 유상거래 인정 여부 (1) / 답변1 첨부1
  + [2277] ntt=41664 (9272) [주민세] 주민세(종업원분) 지방세법 제84조의5(중소기.. (1) / 답변1 첨부1
  + [2278] ntt=41656 (9271) [재산세] 공장경계구역 밖의 사원아파트 과세 유형 (1) / 답변1 첨부1
  + [2279] ntt=41651 (9270) [취득세] 2010년 증축된 노인의료복지시설 관련 등록세.. (1) / 답변1 첨부1
  + [2280] ntt=41648 (9269) [취득세] 생애최초 주택 구입에 대한 취득세 감면시 상시.. (1) / 답변1 첨부1
  + [2281] ntt=41646 (9268) [취득세] 고시된 시가표준액이 없는 신규 이륜자동차 취득.. (1) / 답변1 첨부1
  + [2282] ntt=41644 (9267) [취득세] 취득세 중과세 관련 문의 (1) / 답변1 첨부1
  + [2283] ntt=41641 (9266) [취득세] 법인의 물적분할에 따른 대도시 부동산 취득시 .. (1) / 답변1 첨부1
  + [2284] ntt=41636 (9265) [주민세] 청소 미화용역 파견 근로자의 주민세(종업원분).. (1) / 답변1 첨부1
  + [2285] ntt=41630 (9264) [지방소득세] 지방소득세 납부기한 연장 사유 상담 (1) / 답변1 첨부1
  + [2286] ntt=41628 (9263) [재산세] 지방세법 시행령 102조 7항 7호의 조합원이.. (1) / 답변1 첨부1
  + [2287] ntt=41626 (9262) [지방세징수법] 환가포기 허가를 받은 파산법인 재산의 압류 등.. (1) / 답변1 첨부1
  + [2288] ntt=41625 (9261) [취득세] 직계존비속간의거래로 볼 수 있는지 여쭤봅니다. (1) / 답변1 첨부1
  + [2289] ntt=41624 (9260) [취득세] 과점주주가 법인인데 합병해산후 존속법인의 과점.. (1) / 답변1 첨부1
  + [2290] ntt=41614 (9259) [지방세징수법] 가압류에 대한 채권압류 관련 등기 문의 (1) / 답변1 첨부1
  + [2291] ntt=41608 (9258) [취득세] 중소기업 간 합병 후 매각 시 추징 요건 관련.. (1) / 답변1 첨부1
  + [2292] ntt=41607 (9257) [지방세기본법] 청산종결 이후 부과된 지방세 징수금에 대한 제.. (1) / 답변1 첨부1
  + [2293] ntt=41605 (9256) [취득세] 소각시설(HTO)이 취득세 납부 대상인지 여부 (1) / 답변1 첨부1
  + [2294] ntt=41604 (9255) [주민세] 파견인력에 대한 주민세(종업원분) 소속 판단 (1) / 답변1 첨부2
  + [2295] ntt=41596 (9254) [취득세] 지분증가분에 대한 과점주주 간주취득 대상여부 (1) / 답변1 첨부1
[page 294 완료] 누적 신규 2295건  (이 게시판 저장 총 8,795건)
  + [2296] ntt=41595 (9253) [지방세기본법] 2차납세의무 지정후 세무서의 주주변동현황자료 .. (1) / 답변1 첨부1
  + [2297] ntt=41593 (9252) [등록면허세] 법인의 등록면허세(등록) 세율 (1) / 답변1 첨부1
  + [2298] ntt=41590 (9251) [취득세] 상속 등기 전 협의 분할 없이 상속인이 자기 .. (1) / 답변1 첨부1
  + [2299] ntt=41586 (9250) [취득세] 1필지 위에 2개의 주택 존재 상속 특례세율 .. (1) / 답변1 첨부1
  + [2300] ntt=41582 (9249) [지방세특례제한법] 생애최초 감면분 추징시 상시 거주 지연의 정당.. (1) / 답변1 첨부1
  + [2301] ntt=41581 (9248) [재산세] 외국인 관광 임대업자 재산세 문의 (1) / 답변1 첨부1
  + [2302] ntt=41580 (9247) [지방세징수법] 압류처분의  사유 중 하나가 원인무효인 경우 .. (1) / 답변1 첨부1
  + [2303] ntt=41579 (9246) [취득세] 증빙 불충분에 따른 경정청구 거부 (1) / 답변1 첨부1
  + [2304] ntt=41578 (9245) [지방세특례제한법] 창업중소기업 감면 추징관련 질의 (1) / 답변1 첨부1
  + [2305] ntt=41575 (9244) [지방세특례제한법] (9218번) 추가질의(정당한 사유) (1) / 답변1 첨부1
  + [2306] ntt=41574 (9243) [취득세] 가산세 감면 가능사유에 대한 질의입니다. (1) / 답변1 첨부1
  + [2307] ntt=41561 (9242) [취득세] 지입 차량 취득세 및 등록면허세 관련 질의 (2) / 답변2 첨부1
  + [2308] ntt=41558 (9241) [주민세] 주민세 사업소분 연면적 산출 (1) / 답변1 첨부1
  + [2309] ntt=41547 (9240) [지방세징수법] 상속한정승인 받은 체납자의 토지에 과세해야 하.. (1) / 답변1 첨부1
  + [2310] ntt=41546 (9239) [지방세특례제한법] 법인합병 감면 시 1년 이상 계속하여 영위한 .. (1) / 답변1 첨부1
  + [2311] ntt=41545 (9238) [취득세] 30세 미만 자녀의 주택 수 포함 여부 문의 (1) / 답변1 첨부1
  + [2312] ntt=41543 (9237) [취득세] 합병으로 인한 취득세 감면 후 추징사유 발생의.. (1) / 답변1 첨부1
  + [2313] ntt=41532 (9236) [지방세특례제한법] 공동명의자에게 기존차량 이전 후 대체취득한 차.. (3) / 답변3 첨부1
  + [2314] ntt=41528 (9235) [지방세특례제한법] 창업벤처중소기업  중복감면 관련 (1) / 답변1 첨부1
  + [2315] ntt=41523 (9234) [재산세] 2020년 귀속 토지분 재산세에 대해 소송하여.. (1) / 답변1 첨부1
  + [2316] ntt=41522 (9233) [취득세] 매도인(피상속인) 사망 후 매매계약에 따른 소.. (1) / 답변1 첨부1
  + [2317] ntt=41520 (9232) [지방소득세] 지방소득세(종합소득) 환급지 (1) / 답변1 첨부1
  + [2318] ntt=41513 (9231) [취득세] 지방세 관련 상담신청드립니다. (1) / 답변1 첨부1
  + [2319] ntt=41512 (9230) [재산세] 1필지 위에 주건물에 대한 주택수 산정방법 (1) / 답변1 첨부1
  + [2320] ntt=41510 (9229) [취득세] 법인이 아파트 단지를 신축하며 조성한 사회기반.. (1) / 답변1 첨부1
  + [2321] ntt=41509 (9228) [지방세징수법] 압류차량 매각예정가격이 소액일 경우 공매보증금.. (1) / 답변1 첨부1
  + [2322] ntt=41508 (9227) [재산세] 유원지내 농지의 분리과세 적정 여부 (1) / 답변1 첨부1
  + [2323] ntt=41502 (9226) [취득세] 분양권 공동명의에서 단독으로 지분이전시 적용세.. (1) / 답변1 첨부1
  + [2324] ntt=41501 (9225) [주민세] 주민세 종업원분 과세 관련 문의 (1) / 답변1 첨부1
  + [2325] ntt=41500 (9224) [취득세] 자경농민 직전연도 종합소득금액 관련~ (1) / 답변1 첨부1
[page 295 완료] 누적 신규 2325건  (이 게시판 저장 총 8,825건)
  + [2326] ntt=41497 (9223) [재산세] 공유물분할 화해권고결정 판결문으로 원고 등기 .. (1) / 답변1 첨부1
  + [2327] ntt=41494 (9222) [취득세] 상속취득 1가구1주택 특례 적용 여부 질의 (1) / 답변1 첨부1
  + [2328] ntt=41483 (9221) [취득세] 기부채납 건축물에 대한 취득세 비과세 및 50.. (1) / 답변1 첨부1
  + [2329] ntt=41477 (9220) [주민세] 주민세 사업소분 문의 (1) / 답변1 첨부1
  + [2330] ntt=41472 (9219) [취득세] 프로젝트금융투자회사가 아파트 단지를 신축할 때.. (1) / 답변1 첨부1
  + [2331] ntt=41471 (9218) [지방세특례제한법] 정당한 사유 해당여부 (1) / 답변1 첨부1
  + [2332] ntt=41470 (9217) [지방세징수법] 회생 개시 신청 및 결정 된 체납자에게 압류가.. (1) / 답변1 첨부1
  + [2333] ntt=41467 (9216) [취득세] 상속등기가 이루어지지 않은 부동산의  증여의 .. (1) / 답변1 첨부1
  + [2334] ntt=41466 (9215) [취득세] 리스 취득세 과세표준에 관해 질의드립니다. (1) / 답변1 첨부1
  + [2335] ntt=41460 (9214) [취득세] 토지 수용으로 인한 대체취득 감면 적용 가능한.. (1) / 답변1 첨부1
  + [2336] ntt=41458 (9213) [취득세] 종교용으로 취득한 토지의 일부가 해당 용도로 .. (1) / 답변1 첨부2
  + [2337] ntt=41455 (9212) [취득세] (긴급)대위등기 취득세 (1) / 답변1 첨부1
  + [2338] ntt=41450 (9211) [취득세] 임시건축물 원시취득 관련 (1) / 답변1 첨부1
  + [2339] ntt=41447 (9210) [취득세] 과점주주 문의 (1) / 답변1
  + [2340] ntt=41446 (9209) [취득세] 직계존비속 유상거래 (1) / 답변1 첨부1
  + [2341] ntt=41444 (9208) [취득세] 과점주주 특수관계인 해당여부 문의 (1) / 답변1 첨부1
  + [2342] ntt=41438 (9207) [취득세] 지특법제57조의2제4항 현물출자 질의합니다. (1) / 답변1 첨부1
  + [2343] ntt=41436 (9206) [취득세] 법인의 사원임대용 주택 취득 (1) / 답변1 첨부1
  + [2344] ntt=41434 (9205) [취득세] 지방세 관련 상담신청드립니다. (1) / 답변1 첨부1
  + [2345] ntt=41433 (9204) [취득세] 대위등기 관련 취득세 이중납부 시 감액과 관련.. (1) / 답변1 첨부1
  + [2346] ntt=41430 (9203) [지방세기본법] 2021년 페업법인에 대해 2020년 과점주주.. (1) / 답변1 첨부1
  + [2347] ntt=41427 (9202) [지방세기본법] 상속한정승인신고가 들어간 피상속인의 체납은 시.. (1) / 답변1 첨부1
  + [2348] ntt=41420 (9201) [재산세] 지역주택조합이 소유하고 있는 토지의 분리과세 .. (1) / 답변1 첨부1
  + [2349] ntt=41419 (9200) [지방세징수법] 파산재단 청산 후 재단채권 부족 시 조세채권 .. (1) / 답변1 첨부1
  + [2350] ntt=41417 (9199) [재산세] 재산세 과세기간의 의미 (1) / 답변1 첨부1
  + [2351] ntt=41415 (9198) [취득세] 1가구 1주택 상속취득 감면 적용 질의 (1) / 답변1 첨부1
  + [2352] ntt=41412 (9197) [지방세기본법] 압류건수의 정보공개 청구에 대해서 공개가능한지.. (1) / 답변1 첨부1
  + [2353] ntt=41408 (9196) [취득세] 농업회사법인의 감면 목적 부동산 해당 여부(가.. (1) / 답변1 첨부1
  + [2354] ntt=41404 (9195) [지방소득세] 법인지방소득세 사업연도 종료일(12.31.) .. (1) / 답변1 첨부1
  + [2355] ntt=41403 (9194) [취득세] 취득세 신고서 작성 방법 문의 (1) / 답변1 첨부1
[page 296 완료] 누적 신규 2355건  (이 게시판 저장 총 8,855건)
  + [2356] ntt=41397 (9193) [취득세] 해당 대항력 있는 임차권을 취득세 과세표준에 .. (1) / 답변1 첨부1
  + [2357] ntt=41392 (9192) [취득세] 공동주택 신축관련 지목변경 간주취득세 문의 (1) / 답변1 첨부1
  + [2358] ntt=41391 (9191) [취득세] 증여자 착오로 인한 등기에 대한 환급여부 문의 (1) / 답변1 첨부1
  + [2359] ntt=41389 (9190) [취득세] 산업단지 조성 중인 토지 분양시 취득시기 문의 (1) / 답변1 첨부1
  + [2360] ntt=41383 (9189) [취득세] 부과제척기간 경과된 것으로 보이는 미신고 수시.. (1) / 답변1 첨부1
  + [2361] ntt=41382 (9188) [취득세] 개인 건축주의 신축 신고 추징 관련 문의 (1) / 답변1 첨부1
  + [2362] ntt=41380 (9187) [취득세] 부담부증여 거래의 채무인수가 가능하다고 보는 .. (1) / 답변1 첨부1
  + [2363] ntt=41378 (9186) [취득세] 지목변경 후 부과된 개발부담금 건축물 취득 비.. (1) / 답변1 첨부1
  + [2364] ntt=41374 (9185) [지방소득세] 가산금과 중가산금 감면에 대해 문의드립니다. (1) / 답변1 첨부1
  + [2365] ntt=41369 (9184) [지방세기본법] 본래의 납세자에게 사기 부정으로 재산세 제척기.. (1) / 답변1 첨부2
  + [2366] ntt=41366 (9183) [자동차세] 자동차세 감면대상자인 공동소유자의 세대분리 기.. (1) / 답변1 첨부1
  + [2367] ntt=41363 (9182) [취득세] 학원차량에 대한 취득세 문의 (1) / 답변1 첨부1
  + [2368] ntt=41359 (9181) [재산세] 재산세 도시지역분 비과세 여부 (1) / 답변1 첨부1
  + [2369] ntt=41345 (9180) [취득세] 취득세 감면 추징분 부과제척기간 (1) / 답변1 첨부1
  + [2370] ntt=41342 (9179) [취득세] 차량취득세 장애인 감면 추징 관련 문의드립니다.. (1) / 답변1 첨부1
  + [2371] ntt=41340 (9178) [지방세징수법] 소멸시효 완성에 대한 법제처 법령해석의 정확한.. (2) / 답변2 첨부1
  + [2372] ntt=41338 (9177) [재산세] 개정 지방세법 제106조제3항 적용요령 질의 (1) / 답변1 첨부1
  + [2373] ntt=41336 (9176) [취득세] 토지수용으로 인한 대체취득 감면 질의 (1) / 답변1 첨부1
  + [2374] ntt=41335 (9175) [재산세] 재차상속받은 임야 분리과세 적용가능 여부 (1) / 답변1 첨부1
  + [2375] ntt=41334 (9174) [취득세] 신설된 지특법 31조의5에 대한 질문 (1) / 답변1 첨부1
  + [2376] ntt=41333 (9173) [지방소득세] 법인지방소득세 결손 특례 문의 (1) / 답변1 첨부1
  + [2377] ntt=41331 (9172) [취득세] 자경농민 감면 시 2년 이상 영농에 종사한 사.. (1) / 답변1 첨부1
  + [2378] ntt=41329 (9171) [재산세] 장기일반민간임대주택 재산세 감면 문의 (1) / 답변1 첨부1
  + [2379] ntt=41328 (9170) [지방세기본법] 5천만 원 이상의 지방세 소멸시효 완성 여부 (1) / 답변1 첨부1
  + [2380] ntt=41322 (9169) [취득세] 공유물분할 초과지분 산정방법 (1) / 답변1 첨부1
  + [2381] ntt=41319 (9168) [취득세] 차량취득세 미성년자장애인감면 중복감면 여부 및.. (1) / 답변1 첨부1
  + [2382] ntt=41318 (9167) [지방세특례제한법] 농업회사법인 감면 후 공유물 분할 그리고 매각.. (1) / 답변1 첨부1
  + [2383] ntt=41316 (9166) [취득세] 대위등기 관련 취득세 이중납부 시 감액과 관련.. (1) / 답변1 첨부1
  + [2384] ntt=41315 (9165) [주민세] 출장 직원 주민세 종업원분 문의 (1) / 답변1 첨부1
  + [2385] ntt=41312 (9164) [재산세] 재산세 임대감면 기준일 문의 드립니다. (1) / 답변1 첨부1
[page 297 완료] 누적 신규 2385건  (이 게시판 저장 총 8,885건)
  + [2386] ntt=41311 (9163) [지방세징수법] 지방세 징수권 시효소멸결손 진행기간 중 행방불.. (1) / 답변1 첨부1
  + [2387] ntt=41308 (9162) [취득세] 수시분 취득세의 환급 가능 여부 문의입니다 (1) / 답변1 첨부1
  + [2388] ntt=41304 (9161) [지방세특례제한법] 취득일부터 1년 이내 노인복지시설 설치자와 시.. (1) / 답변1 첨부1
  + [2389] ntt=41303 (9160) [취득세] 어린이집 직접사용 요건 관련 질의 (1) / 답변1 첨부1
  + [2390] ntt=41302 (9159) [재산세] 대수선 건물 재산세 부과 관련 문의 (1) / 답변1 첨부1
  + [2391] ntt=41293 (9158) [지방소득세] 법인지방소득세 안분대상 포함여부 질의 (1) / 답변1 첨부1
  + [2392] ntt=41291 (9157) [재산세] 태양광시설 토지 별도합산 가능여부 (1) / 답변1 첨부1
  + [2393] ntt=41290 (9156) [등록면허세] 등록면허세(면허) 비과세 관련 문의 등 (1) / 답변1 첨부1
  + [2394] ntt=41288 (9155) [재산세] 상속지분 계산 문의 (1) / 답변1 첨부1
  + [2395] ntt=41277 (9154) [취득세] 신규 암롤트럭 구입시 암롤박스가 차량 취득세 .. (1) / 답변1 첨부1
  + [2396] ntt=41276 (9153) [취득세] 국가유공자 차량 취득세 추징 부득이한 사유 관.. (1) / 답변1 첨부1
  + [2397] ntt=41275 (9152) [취득세] 공동으로 취득한 토지를 추징하는 경우의 연대납.. (1) / 답변1 첨부1
  + [2398] ntt=41267 (9151) [지방세징수법] 신탁재산 물적납세의무지정과 압류의효력 (1) / 답변1 첨부1
  + [2399] ntt=41264 (9150) [지방세징수법] 제2차납세의무자로 지정된 체납자의 이의신청 기.. (1) / 답변1 첨부1
  + [2400] ntt=41256 (9149) [취득세] 투자조합의 과점주주 간주취득세 관련 질의 (1) / 답변1 첨부1
  + [2401] ntt=41252 (9148) [자동차세] 교도소 호송차량이 지방세법상 비과세 적용 대상.. (1) / 답변1 첨부1
  + [2402] ntt=41245 (9147) [취득세] 무허가건축물 지방세특례제한법 제57조의2 4항.. (1) / 답변1 첨부1
  + [2403] ntt=41244 (9146) [취득세] 과점주주 명의신탁 관련 문의 (1) / 답변1 첨부1
  + [2404] ntt=41242 (9145) [재산세] 일반건축물에서 집합건축물 전환에 따른 취득세와.. (1) / 답변1 첨부1
  + [2405] ntt=41241 (9144) [취득세] 지식산업센터 감면 문의 (1) / 답변1 첨부1
  + [2406] ntt=41240 (9143) [재산세] 종교단체 소유로 이사하여 공실인 종교시설의 재.. (1) / 답변1 첨부1
  + [2407] ntt=41239 (9142) [기타] 외국인투자기업 감면 문의 (1) / 답변1 첨부3
  + [2408] ntt=41238 (9141) [취득세] 취득시기 관련 질의드립니다. (1) / 답변1 첨부1
  + [2409] ntt=41232 (9140) [취득세] 재개발지역 내 멸실예정 건물 대지조성 감면 적.. (1) / 답변1 첨부1
  + [2410] ntt=41231 (9139) [취득세] 공유물 분할 취득세 과세표준액 및 부과대상 문.. (1) / 답변1 첨부1
  + [2411] ntt=41229 (9138) [재산세] 납세자 변동신고 관련 질의 (1) / 답변1 첨부1
  + [2412] ntt=41223 (9137) [취득세] 과점주주 질의드립니다. (1) / 답변1 첨부2
  + [2413] ntt=41220 (9136) [지방세징수법] 체납없는 사망자 차량 대위등기 진행 (1) / 답변1 첨부1
  + [2414] ntt=41202 (9135) [재산세] 재산세 납세의무자 지정 (1) / 답변1 첨부1
  + [2415] ntt=41199 (9134) [취득세] 이의재결에 따른 수정신고시 신고납부기한 및 과.. (1) / 답변1 첨부1
[page 298 완료] 누적 신규 2415건  (이 게시판 저장 총 8,915건)
  + [2416] ntt=41196 (9133) [지방세징수법] 결손처분한 자료에 대한 포괄적 예금압류 (1) / 답변1 첨부1
  + [2417] ntt=41194 (9132) [기타] 농어촌특별세 환급금의 소멸시효 기산일 (1) / 답변1 첨부1
  + [2418] ntt=41191 (9131) [지방세기본법] 기한후 신고 후 결정 통지 (1) / 답변1 첨부1
  + [2419] ntt=41189 (9130) [지방세기본법] 지방세기본법 제 42조 문의드립니다. (1) / 답변1 첨부1
  + [2420] ntt=41182 (9129) [재산세] 유언공정증서가 존재하는 미등기 상속물건 납세의.. (1) / 답변1 첨부1
  + [2421] ntt=41179 (9128) [취득세] 이의재결 보상금 증액시 공탁수수료 등 과표 포.. (1) / 답변1 첨부1
  + [2422] ntt=41173 (9127) [지방세징수법] 이의신청을 이유로 배분기일 연기 및 배분금전 .. (1) / 답변1 첨부1
  + [2423] ntt=41169 (9126) [취득세] 차량구조변경 장애인 취득세 감면여부 (1) / 답변1 첨부1
  + [2424] ntt=41155 (9125) [지방세징수법] 체납처분 중지 요구 관련 질문입니다. (1) / 답변1 첨부2
  + [2425] ntt=41153 (9124) [지방세징수법] 파산‧회생절차 개시된 체납자 관련 공공정보 등.. (1) / 답변1 첨부1
  + [2426] ntt=41150 (9123) [취득세] 개인사업자 창업 감면 대상 여부 질의 (1) / 답변1 첨부1
  + [2427] ntt=41144 (9122) [취득세] 산업단지 입주기업 취득세 감면대상 여부 (1) / 답변1 첨부1
  + [2428] ntt=41141 (9121) [취득세] 대도시 외 법인의 대도시 내 지점 설치 중과 (1) / 답변1 첨부1
  + [2429] ntt=41134 (9120) [주민세] 주민세(종업원분) 중소기업공제 문의드립니다. (1) / 답변1 첨부1
  + [2430] ntt=41133 (9119) [취득세] 농업법인이 베이커리와 카페를 운영할 목적으로 .. (1) / 답변1 첨부1
  + [2431] ntt=41131 (9118) [취득세] 종교법인 기부채납 (2) / 답변2 첨부1
  + [2432] ntt=41129 (9117) [취득세] 종교단체 취득 부동산의 지방세특례제한법 제50.. (1) / 답변1 첨부1
  + [2433] ntt=41126 (9116) [등록면허세] 등록면허세(면허) 부과(1회성면허의 지위승계) (1) / 답변1 첨부1
  + [2434] ntt=41125 (9115) [취득세] 취득세 환급 관련 문의 (1) / 답변1 첨부1
  + [2435] ntt=41119 (9114) [재산세] 정비사업시행 주택멸실토지 세부담상한 적용요령 (1) / 답변1 첨부1
  + [2436] ntt=41113 (9113) [등록면허세] 등록면허세(면허) 부과 여부 (1) / 답변1 첨부1
  + [2437] ntt=41109 (9112) [취득세] 부동산 거래 허위신고자에 대한 추징가능여부 (1) / 답변1 첨부1
  + [2438] ntt=41108 (9111) [취득세] 법인 건물신축시 지급한 인테리어 비용이 취득가.. (1) / 답변1 첨부1
  + [2439] ntt=41104 (9110) [취득세] 분양업자가 공매로 취득한 미분양 오피스텔 분양.. (1) / 답변1 첨부1
  + [2440] ntt=41103 (9109) [지방세특례제한법] 농어촌주택개량사업자 감면이 가능한지 질의 올립.. (1) / 답변1 첨부1
  + [2441] ntt=41100 (9108) [취득세] 가설건축물 소유권 이전 관련 지방세 상담요청 (1) / 답변1 첨부1
  + [2442] ntt=41098 (9107) [지방소득세] 법인지방소득세 안분 대상 문의 (1) / 답변1 첨부1
  + [2443] ntt=41093 (9106) [취득세] 처분된 분양권 주택수포함여부 문의 (1) / 답변1 첨부1
  + [2444] ntt=41092 (9105) [재산세] 지방세법 분리과세대상인 전통사찰보존지의 의미 (1) / 답변1 첨부1
  + [2445] ntt=41091 (9104) [취득세] BMW-i3(21.3마력) 과세판단 (1) / 답변1 첨부1
[page 299 완료] 누적 신규 2445건  (이 게시판 저장 총 8,945건)
  + [2446] ntt=41087 (9103) [기타] 연대납세자 환급 문의 (1) / 답변1 첨부1
  + [2447] ntt=41082 (9102) [취득세] 사업양수도 주식처분 시 추징대상 여부 (1) / 답변1 첨부1
  + [2448] ntt=41081 (9101) [취득세] 9085게시글 추가질의 (1) / 답변1 첨부1
  + [2449] ntt=41074 (9100) [지방세특례제한법] 자경농민 요건 충족 여부 문의드립니다. (1) / 답변1 첨부1
  + [2450] ntt=41071 (9099) [주민세] 주민세 종업원분 과세여부 판단 (1) / 답변1 첨부1
  + [2451] ntt=41068 (9098) [취득세] 장애인 차량감면 후 공동명의 지분이전 추징 (1) / 답변1 첨부1
  + [2452] ntt=41067 (9097) [재산세] 노인복지시설에 대한 감면에서 대표자와 시설장이.. (1) / 답변1 첨부1
  + [2453] ntt=41063 (9096) [재산세] 개정된 법령에 의한 무허가 주택 과세처리에 대.. (1) / 답변1 첨부1
  + [2454] ntt=41062 (9095) [취득세] 창업중소기업 감면 해당여부 (1) / 답변1 첨부1
  + [2455] ntt=41047 (9094) [취득세] 상속 취득세 신고납부 된 물건에 대해 대위등기.. (1) / 답변1 첨부1
  + [2456] ntt=41046 (9093) [취득세] 취득물건을 담보한 금액으로 증여자의 채무를 변.. (1) / 답변1 첨부1
  + [2457] ntt=41045 (9092) [재산세] 산업단지 부동산 취득 후 건물 증축시 재산세(.. (1) / 답변1 첨부1
  + [2458] ntt=41041 (9091) [취득세] 재개발사업시행자가 취득하는 체비지 또는 보류지.. (1) / 답변1 첨부1
  + [2459] ntt=41038 (9090) [취득세] 부동산 거래신고 가격의 사실상 취득가격 인정 .. (2) / 답변2 첨부1
  + [2460] ntt=41036 (9089) [취득세] 농공단지 대체입주자에 대한 감면 (1) / 답변1 첨부1
  + [2461] ntt=41034 (9088) [재산세] 한지번내에 소유자가 다른 공장건물과 창고용 건.. (1) / 답변1 첨부1
  + [2462] ntt=41027 (9087) [취득세] 공장 이전 취득세 감면 관련 문의(이전 후 공.. (1) / 답변1 첨부1
  + [2463] ntt=41023 (9086) [지방세기본법] 이의신청 관련 문의드립니다. (1) / 답변1 첨부1
  + [2464] ntt=41020 (9085) [취득세] 지특법 제31조의5 공공주택사업자의 임대 목적.. (1) / 답변1 첨부1
  + [2465] ntt=41019 (9084) [취득세] 주식을 취득하여 과점주주가 된 날과 법인이 소.. (2) / 답변2 첨부1
  + [2466] ntt=41014 (9083) [재산세] 공부상 등재현황에 따른 부과 (1) / 답변1 첨부1
  + [2467] ntt=41013 (9082) [취득세] 지특법 제57조의2 제1항에 따른 합병법인의 .. (1) / 답변1 첨부1
  + [2468] ntt=41007 (9081) [취득세] 기술혁신형 중소기업 취득세 중과제외 관련 (1) / 답변1 첨부1
  + [2469] ntt=41004 (9080) [취득세] 대도시 중과예외 법인이 임대인의 지위를 승계하.. (1) / 답변1 첨부1
  + [2470] ntt=41003 (9079) [취득세] 어린이집 직접사용 (취득세 감면 문의) (1) / 답변1 첨부1
  + [2471] ntt=41001 (9078) [취득세] 부담부증여 과표 문의 (1) / 답변1 첨부1
  + [2472] ntt=40998 (9077) [취득세] 노인복지시설 설치자와 시설장이 일치하지 않은 .. (1) / 답변1 첨부1
  + [2473] ntt=40996 (9076) [지방소득세] 법인지방소득세 안분율 문의 (1) / 답변1 첨부2
  + [2474] ntt=40992 (9075) [취득세] 건축물 개축 관련 취득세 세율 질의 (1) / 답변1 첨부1
  + [2475] ntt=40990 (9074) [재산세] 건축물대장상 다가구주택이나 실제 기숙사로 사용.. (1) / 답변1 첨부1
[page 300 완료] 누적 신규 2475건  (이 게시판 저장 총 8,975건)
  + [2476] ntt=40988 (9073) [재산세] 유교 종교단체 재산세 감면 (1) / 답변1 첨부1
  + [2477] ntt=40986 (9072) [지방세기본법] 지방세심의위원회 재심의 가능 여부 (1) / 답변1 첨부1
  + [2478] ntt=40983 (9071) [취득세] 가설건축물 취득자 관련 질의드립니다. (1) / 답변1 첨부1
  + [2479] ntt=40979 (9070) [취득세] 지방세 상담드립니다.(4주택) (1) / 답변1 첨부1
  + [2480] ntt=40977 (9069) [취득세] 지방세 상담신청드립니다.(부과내역 수정 관련) (1) / 답변1 첨부1
  + [2481] ntt=40975 (9068) [취득세] 일시적2주택 기산점 (1) / 답변1 첨부1
  + [2482] ntt=40974 (9067) [취득세] 부동산 거래계약 위반(다운계약)관련 취득세 추.. (1) / 답변1 첨부1
  + [2483] ntt=40968 (9066) [취득세] 학교 및 교육기관에 대한 감면 문의 (1) / 답변1 첨부1
  + [2484] ntt=40965 (9065) [지방소득세] 같은 법인의 2개의 사업장에서 동시에 근무하는.. (1) / 답변1 첨부1
  + [2485] ntt=40964 (9064) [지방소득세] 부동산매매업을 주업으로 하는 법인의 안분율 계.. (1) / 답변1 첨부1
  + [2486] ntt=40963 (9063) [취득세] 최초 건축주로 신탁환원되었다가 재신탁된 오피스.. (1) / 답변1 첨부1
  + [2487] ntt=40961 (9062) [재산세] 농어촌공사 소유 양수장 부속토지 재산세 과세질.. (1) / 답변1 첨부1
  + [2488] ntt=40959 (9061) [취득세] 차량 취득세 다자녀감면 추징의 부과제척 기간과.. (1) / 답변1 첨부1
  + [2489] ntt=40954 (9060) [지방세특례제한법] 창업중소기업 창업 해당 여부 (1) / 답변1 첨부1
  + [2490] ntt=40953 (9059) [취득세] 신축호텔에 본점, 지점 사업자등록시 취득세 중.. (1) / 답변1 첨부1
  + [2491] ntt=40947 (9058) [재산세] '공시지가 미산정 환지 재산세 부과' 관련입니.. (1) / 답변1 첨부1
  + [2492] ntt=40931 (9057) [지방세특례제한법] 창업중소기업 감면 관련 질의드립니다. (1) / 답변1 첨부1
  + [2493] ntt=40910 (9056) [취득세] 사망자 등록세 환급 문의 (1) / 답변1
  + [2494] ntt=40906 (9055) [지방세특례제한법] 창업중소기업 - 종전의 사업에 사용되던 자산을.. (1) / 답변1 첨부1
  + [2495] ntt=40905 (9054) [등록면허세] 준공 전 등기된 물건 이전 시 과세표준 적용 .. (1) / 답변1 첨부1
  + [2496] ntt=40903 (9053) [지방세징수법] 공매와 시효중단, 정지의 관련성에 대해서 문의.. (1) / 답변1 첨부1
  + [2497] ntt=40901 (9052) [주민세] 종업원분 주민세 과세대상이 되는 종업원의 범위.. (1) / 답변1 첨부1
  + [2498] ntt=40898 (9051) [취득세] 기존 법인의 증자 등을 목적으로 현물출자하는 .. (1) / 답변1 첨부1
  + [2499] ntt=40897 (9050) [재산세] 사용승인일 이전 임대사업자등록 (1) / 답변1 첨부1
  + [2500] ntt=40895 (9049) [지방세징수법] 신탁재산에 대한 사해행위 취소소송 가능 여부? (1) / 답변1 첨부1
  + [2501] ntt=40890 (9048) [지방세특례제한법] 주거환경개선사업에서 부동산 소유자(조합원)의 .. (1) / 답변1 첨부1
  + [2502] ntt=40885 (9047) [취득세] 과점주주 취득세 특수관계 (1) / 답변1 첨부1
  + [2503] ntt=40884 (9046) [주민세] 주민세 종업원분 중소기업 공제 관련 (1) / 답변1 첨부1
  + [2504] ntt=40882 (9045) [취득세] 승계취득 후, 산업단지 내에서 증축한 경우, .. (1) / 답변1 첨부1
  + [2505] ntt=40876 (9044) [취득세] 위탁자가 신탁회사로부터 분양받는 경우 취득세 .. (1) / 답변1 첨부1
[page 301 완료] 누적 신규 2505건  (이 게시판 저장 총 9,005건)
  + [2506] ntt=40875 (9043) [취득세] 귀농인 농지 취득세 감면(농업 외의 산업에 종.. (1) / 답변1 첨부2
  + [2507] ntt=40874 (9042) [취득세] 과점주주 취득세 및 합병에 따른 납부 취득세가.. (1) / 답변1 첨부1
  + [2508] ntt=40871 (9041) [취득세] 관리형 토지신탁 및 건축물 소유권 이전 취득세.. (2) / 답변2 첨부1
  + [2509] ntt=40869 (9040) [지방소득세] 법인지방소득세 안분 문의 (1) / 답변1 첨부1
  + [2510] ntt=40858 (9039) [취득세] 양성화 시 소유주 변동에 대하여 취득세 과세 .. (1) / 답변1 첨부1
  + [2511] ntt=40856 (9038) [취득세] 차량 취득세 및 자동차세 감면 가능여부 (3) / 답변1 첨부1
  + [2512] ntt=40853 (9037) [취득세] 대도시내 5년미만 법인, 중과제외업종 추징규정.. (2) / 답변1 첨부1
  + [2513] ntt=40852 (9036) [취득세] 공유물 분할로 볼 수 있는지 여부, 공유물 분.. (3) / 답변1 첨부1
  + [2514] ntt=40851 (9035) [주민세] 주민세 사업소 판단 (1) / 답변1 첨부1
  + [2515] ntt=40843 (9034) [지방세기본법] 체납된 재산세 연대납세의무 여부 (1) / 답변1 첨부1
  + [2516] ntt=40842 (9033) [취득세] 세대분리를 통한 1세대 1주택이 되는 경우 일.. (1) / 답변1 첨부1
  + [2517] ntt=40832 (9032) [취득세] 귀농인 감면 추징요건(농업 외 소득) (1) / 답변1 첨부1
  + [2518] ntt=40828 (9031) [취득세] 취득세 신고금액 경정청구 대상 여부 문의드립니.. (1) / 답변1 첨부1
  + [2519] ntt=40826 (9030) [취득세] 법인의 부동산 취득시 법인장부 범위 문의 (1) / 답변1 첨부1
  + [2520] ntt=40820 (9029) [취득세] 가등기에 기한 본등기 이전에 따른 취득세 (1) / 답변1 첨부1
  + [2521] ntt=40819 (9028) [주민세] 주민세(외국인) 부과 제외대상 (1) / 답변1 첨부1
  + [2522] ntt=40816 (9027) [취득세] 지식산업센터 신탁 관련 (1) / 답변1
  + [2523] ntt=40814 (9026) [재산세] 재산세 납세의무여부 (1) / 답변1 첨부1
  + [2524] ntt=40811 (9025) [취득세] 지역주택조합 일반수분양권자가 주택 취득시 취득.. (1) / 답변1 첨부1
  + [2525] ntt=40808 (9024) [재산세] 사찰소유토지의 재산세 과세구분 문의 (1) / 답변1 첨부1
  + [2526] ntt=40805 (9023) [재산세] 재산세 분리과세 비율 전환시기 질의 (1) / 답변1 첨부1
  + [2527] ntt=40797 (9022) [주민세] 주민세 종업원분 관련 문의 (1) / 답변1 첨부1
  + [2528] ntt=40795 (9021) [지방세특례제한법] 지특법 제50조 적용 "종교단체" 범위 (1) / 답변1 첨부1
  + [2529] ntt=40793 (9020) [지방세특례제한법] 대체취득 감면 여부(판결에 따른 추가보상금 지.. (1) / 답변1 첨부1
  + [2530] ntt=40790 (9019) [기타] 2019년 4월에 납세의무성립한 지방소득세 양.. (1) / 답변1 첨부1
  + [2531] ntt=40788 (9018) [취득세] 부동산특조법 및 상속 취득세 관련 질의드립니다.. (1) / 답변1 첨부1
  + [2532] ntt=40786 (9017) [취득세] 재개발조합의 취득세 환급 가능여부 (1) / 답변1 첨부1
  + [2533] ntt=40785 (9016) [취득세] 개인이 현물출자하여 설립한 법인이 취득하는 부.. (1) / 답변1 첨부1
  + [2534] ntt=40784 (9015) [취득세] 종중 토지수용 대체취득 관련 문의입니다. (1) / 답변1 첨부1
  + [2535] ntt=40783 (9014) [지방세특례제한법] 중복감면배제(지방세법제13조의 중과제외업종이 .. (1) / 답변1 첨부1
[page 302 완료] 누적 신규 2535건  (이 게시판 저장 총 9,035건)
  + [2536] ntt=40775 (9013) [주민세] 주민세 종업원분 사업소 동일성 여부 (1) / 답변1 첨부1
  + [2537] ntt=40772 (9012) [지방소득세] 환급가산금 규정 문의 (1) / 답변1 첨부1
  + [2538] ntt=40771 (9011) [재산세] 임시철도노선 및 토사야적부지 지특법 감면 해당.. (1) / 답변1 첨부1
  + [2539] ntt=40765 (9010) [취득세] 주택과 분양권 교환 시 과세표준 질의 (1) / 답변1 첨부1
  + [2540] ntt=40762 (9009) [취득세] 지목변경 법인 신고 금액 문의 (1) / 답변1 첨부1
    [retry 1/3] ReadTimeout
  + [2541] ntt=40758 (9008) [지방소득세] 종중의 법인지방소득세 가산세 관련 문의 (1) / 답변1 첨부1
  + [2542] ntt=40754 (9007) [재산세] 공장입면적 (1) / 답변1 첨부1
  + [2543] ntt=40747 (9006) [취득세] 화해권고결정에 따른 취득금액 문의 (1) / 답변1 첨부1
  + [2544] ntt=40746 (9005) [취득세] 건물 기부채납 비과세 및 과세표준 질의드립니다.. (1) / 답변1 첨부1
  + [2545] ntt=40742 (9004) [지방세특례제한법] 자경농민 감면 추징 (1) / 답변1 첨부1
  + [2546] ntt=40741 (9003) [취득세] 신축판매업자 중과제외 추징규정 관련 질의드립니.. (1) / 답변1 첨부1
  + [2547] ntt=40740 (9002) [지방세특례제한법] 2020.12.31. 전에 취득하여 재산세 감.. (1) / 답변1 첨부1
  + [2548] ntt=40738 (9001) [지방세특례제한법] 장애인감면차량 대체취득 (1) / 답변1 첨부1
  + [2549] ntt=40736 (9000) [등록면허세] 해당 법인이 비영리 법인에 해당하는지 문의드립.. (1) / 답변1 첨부1
  + [2550] ntt=40734 (8999) [취득세] 지목변경 간주취득 납세의무 성립시기 문의 (1) / 답변1 첨부1
  + [2551] ntt=40733 (8998) [지방소득세] 법인지방소득세 경정청구 후발적사유에 대해 질의.. (1) / 답변1 첨부1
  + [2552] ntt=40732 (8997) [취득세] 개인이 현물출자하여 설립한 법인이 취득하는 부.. (1) / 답변1 첨부1
  + [2553] ntt=40729 (8996) [지방소득세] 법인지방소득세 안분율 문의 (1) / 답변1 첨부1
  + [2554] ntt=40727 (8995) [재산세] 개정 된 지방세법 106조 무허가 불법적 이용.. (1) / 답변1 첨부1
  + [2555] ntt=40723 (8994) [취득세] 취득세 별도세대의 구성 여부. (1) / 답변1 첨부1
  + [2556] ntt=40718 (8993) [지방세기본법] 과세예고 관련 질의드립니다. (1) / 답변1 첨부1
  + [2557] ntt=40715 (8992) [재산세] 사실상 현황에 따른 부과의 범위 (1) / 답변1 첨부1
  + [2558] ntt=40714 (8991) [취득세] 입목등기 시 취득세 및 등록면허세 부과방법 (1) / 답변1 첨부1
  + [2559] ntt=40710 (8990) [등록면허세] 등록면허세(면허분) 면허받는자 (공동명의->단.. (1) / 답변1 첨부1
  + [2560] ntt=40707 (8989) [취득세] 과점주주 취득세 부과시 특수관계인 여부 (1) / 답변1 첨부1
  + [2561] ntt=40704 (8988) [취득세] 대도시외법인 본점, 대도시내 부동산취득후 신축.. (1) / 답변1 첨부1
  + [2562] ntt=40703 (8987) [취득세] 재개발조합의 비조합원용 토지에 대한 납세의무여.. (1) / 답변1 첨부1
  + [2563] ntt=40701 (8986) [취득세] 판결에 따른 이혼재산분할시에 세율특례 적용 여.. (1) / 답변1
  + [2564] ntt=40699 (8985) [지방세기본법] 가산세 감면 문의드립니다. (1) / 답변1 첨부1
  + [2565] ntt=40697 (8984) [재산세] 과밀억제권역내 공장 신,증설시 재산세 중과세 .. (1) / 답변1 첨부1
[page 303 완료] 누적 신규 2565건  (이 게시판 저장 총 9,065건)
  + [2566] ntt=40692 (8983) [지방소득세] 과소신고 가산세 감면 문의드립니다. (1) / 답변1 첨부1
  + [2567] ntt=40689 (8982) [취득세] 직계존비속 거래(일부 유상, 일부 증여) (1) / 답변1 첨부1
  + [2568] ntt=40688 (8981) [취득세] 국가문화재 개수 부과 가능여부 질의 (1) / 답변1 첨부1
  + [2569] ntt=40686 (8980) [지방세특례제한법] 자경농민  감면 추징 (1) / 답변1 첨부1
  + [2570] ntt=40682 (8979) [재산세] 공장 일부 창고임대시 재산세 및 지역자원시설세.. (1) / 답변1 첨부1
  + [2571] ntt=40676 (8978) [취득세] 법인과 거래시 법인장부 제출 의무 (1) / 답변1 첨부1
  + [2572] ntt=40675 (8977) [취득세] 법인사업자의 창업중소기업 관련~ (1) / 답변1 첨부1
  + [2573] ntt=40672 (8976) [취득세] 차량 취득세 다자녀감면 사후신청 가능여부 문의 (1) / 답변1 첨부1
  + [2574] ntt=40671 (8975) [취득세] 분양권 취득시기 문의 (1) / 답변1 첨부1
  + [2575] ntt=40668 (8974) [재산세] 대규모점포에 해당하는 건축물의 용도 지수를 현.. (1) / 답변1 첨부1
  + [2576] ntt=40666 (8973) [취득세] 잔금 미지급으로 계약이 해제되었으나 납세의무가.. (1) / 답변1 첨부1
  + [2577] ntt=40663 (8972) [취득세] 대체취득 감면 추징 여부 (1) / 답변1 첨부1
  + [2578] ntt=40660 (8971) [취득세] 귀농인 감면 후 비번기에 일시적으로 건설 일용.. (1) / 답변1 첨부1
  + [2579] ntt=40659 (8970) [재산세] 광역시 공업지역 내에 있는 차량정비공장의 경우.. (1) / 답변1 첨부1
  + [2580] ntt=40656 (8969) [취득세] 어린이집 폐업 후 개원 관련 추징요건 문의 (1) / 답변1 첨부1
  + [2581] ntt=40655 (8968) [취득세] 전손차량으로 매매가 불가능했던 매매용 중고차에.. (1) / 답변1 첨부1
  + [2582] ntt=40649 (8967) [취득세] 제178조(감면된 취득세의 추징) 규정의 적용.. (1) / 답변1 첨부1
  + [2583] ntt=40643 (8966) [재산세] 주차전용빌딩 주차장면적 용도지수 적용시 면적적.. (1) / 답변1 첨부1
  + [2584] ntt=40640 (8965) [취득세] 판결에 따른 취득세 납세의무 변동여부 문의 (1) / 답변1 첨부1
  + [2585] ntt=40639 (8964) [취득세] 다자녀감면  대체취득 감면  여부 (1) / 답변1 첨부1
  + [2586] ntt=40638 (8963) [취득세] 자문료가 건축물 증축과표에 포함되는지 여부 (1) / 답변1 첨부1
  + [2587] ntt=40628 (8962) [취득세] 주택건설사업자 대도시 법인 중과세의 예외 질의.. (1) / 답변1 첨부1
  + [2588] ntt=40627 (8961) [지방소득세] 지방소득세 특별징수분 연말정산 수정신고관련 질.. (1) / 답변1 첨부1
  + [2589] ntt=40625 (8960) [재산세] 토지분 재산세 납세의무자 문의(8936관련) (1) / 답변1 첨부1
  + [2590] ntt=40622 (8959) [취득세] 상속을 원인으로 하는 재분할 협의의 경우, 새.. (1) / 답변1 첨부1
  + [2591] ntt=40621 (8958) [지방세징수법] 대지권 압류 효력 등 (1) / 답변1 첨부1
  + [2592] ntt=40613 (8957) [취득세] 취득세 가산세에 대한 경정 가능여부 질의 (1) / 답변1 첨부1
  + [2593] ntt=40610 (8956) [지방소득세] 제103조의14(특별징수 의무불이행 가산세)에.. (1) / 답변1 첨부1
  + [2594] ntt=40608 (8955) [재산세] 재산세 비과세 문의 (1) / 답변1 첨부1
  + [2595] ntt=40606 (8954) [취득세] 10년  분양전환조건부에 따른 분양금액 이외 .. (1) / 답변1 첨부1
[page 304 완료] 누적 신규 2595건  (이 게시판 저장 총 9,095건)
  + [2596] ntt=40605 (8953) [취득세] 건물 취득 후 신탁법에 의한 신탁 후 위탁자 .. (1) / 답변1 첨부1
  + [2597] ntt=40604 (8952) [취득세] 자경농민 감면 추징 (1) / 답변1 첨부1
  + [2598] ntt=40600 (8951) [취득세] 경로당의 주택취득 (1) / 답변1 첨부1
  + [2599] ntt=40594 (8950) [취득세] 일시적 2주택 문의 (1) / 답변1 첨부1
  + [2600] ntt=40590 (8949) [지방소득세] 지방소득세(종합소득) 수정신고 납세지 질의 (1) / 답변1 첨부1
  + [2601] ntt=40581 (8948) [재산세] 재산세 분리과세 대상 토지관련 (1) / 답변1 첨부1
  + [2602] ntt=40579 (8947) [취득세] 이혼예정부부 취득세 (일시적2주택or 2주택 .. (1) / 답변1 첨부1
  + [2603] ntt=40566 (8946) [취득세] 기부채납 관련 질의드립니다. (1) / 답변1 첨부1
  + [2604] ntt=40563 (8945) [취득세] 경영주외 농업인으로 2년 이상 등록시 자경농민.. (1) / 답변1 첨부1
  + [2605] ntt=40557 (8944) [취득세] 3주택자가 상속으로 지분 일부만 취득한 주택을.. (1) / 답변1 첨부1
  + [2606] ntt=40555 (8943) [취득세] 재개발조합의 비조합원용 토지에 대한 납세의무여.. (1) / 답변1 첨부1
  + [2607] ntt=40552 (8942) [취득세] 판결에 따른 상속 취득세 문의 드립니다. (1) / 답변1 첨부1
  + [2608] ntt=40546 (8941) [재산세] 1세대 1주택 특례세율 주택수 산정 제외 관련 (1) / 답변1 첨부1
  + [2609] ntt=40537 (8940) [지방세징수법] 신탁재산 물적납세의무지정후 압류의효력 (1) / 답변1 첨부1
  + [2610] ntt=40535 (8939) [재산세] 옥외 설치 가스관, 잔교, 냉각시설의 공장용건.. (1) / 답변1 첨부1
  + [2611] ntt=40531 (8938) [기타] 세입징수포상금 지급기준 문의 (1) / 답변1 첨부1
  + [2612] ntt=40527 (8937) [자동차세] 국가유공자(고엽제) 기존차량 감면 중 공동명의.. (1) / 답변1 첨부1
  + [2613] ntt=40526 (8936) [재산세] 토지분 재산세 납세의무자 문의 (1) / 답변1 첨부1
  + [2614] ntt=40516 (8935) [취득세] 주택재개발조합의 수용재결 후 취득세 세율에 대.. (1) / 답변1 첨부1
  + [2615] ntt=40515 (8934) [지방소득세] 법인지방소득세 부과시 가산세 문의 (1) / 답변1 첨부1
  + [2616] ntt=40511 (8933) [자동차세] 상속한정승인자에게 자동차세 정기분 부과 (1) / 답변1 첨부1
  + [2617] ntt=40510 (8932) [취득세] 취득세 과세표준 관련 상담신청드립니다. (1) / 답변1 첨부1
  + [2618] ntt=40507 (8931) [취득세] 일반적 추징규정 적용여부에 관한 질의 (1) / 답변1 첨부1
  + [2619] ntt=40505 (8930) [지방세특례제한법] 취득세 감면 추징 관련 질의드립니다. (1) / 답변1 첨부1
  + [2620] ntt=40503 (8929) [취득세] 법인 주택 유상거래 시 중과예외에 관한 질의 (1) / 답변1 첨부1
  + [2621] ntt=40501 (8928) [취득세] 창업벤처기업 감면 대상 여부에 대하여 문의드립.. (1) / 답변1 첨부1
  + [2622] ntt=40494 (8927) [취득세] 부동산 특별조치법에 의한 취득세 신고시 가산세.. (1) / 답변1 첨부1
  + [2623] ntt=40476 (8926) [지방세징수법] 계속 사업자에 대한 결손 처분이 가능여부 및 .. (2) / 답변2 첨부1
  + [2624] ntt=40473 (8925) [재산세] 한 울타리 안에 소유자가 다른 공장용 건축물인.. (1) / 답변1 첨부1
  + [2625] ntt=40470 (8924) [취득세] 신탁부동산 매매시 신탁회사 법인장부 사실상 취.. (1) / 답변1 첨부2
[page 305 완료] 누적 신규 2625건  (이 게시판 저장 총 9,125건)
  + [2626] ntt=40469 (8923) [취득세] 창업중소기업 감면 대상여부 문의 (1) / 답변1 첨부1
  + [2627] ntt=40467 (8922) [취득세] 위탁자 지위의 이전에 따른 취득세 납세의무 성.. (1) / 답변1 첨부1
  + [2628] ntt=40466 (8921) [취득세] 합병법인이 피합병법인으로부터 승계받은 사업을 .. (1) / 답변1
  + [2629] ntt=40457 (8920) [기타] 지방세환급가산금 질의 (1) / 답변1 첨부1
  + [2630] ntt=40454 (8919) [취득세] 이혼 재산분할 협의 관련 세율의 특례 적용 가.. (1) / 답변1 첨부1
  + [2631] ntt=40449 (8918) [취득세] 계열사가 지주회사의 100% 지분 소유 법인을.. (1) / 답변1 첨부1
  + [2632] ntt=40446 (8917) [재산세] 직권등재관련 문의 드립니다. (3) / 답변1 첨부1
  + [2633] ntt=40445 (8916) [취득세] 재건축 구역 멸실 주택 적용 기준 관련 (1) / 답변1 첨부1
  + [2634] ntt=40439 (8915) [취득세] 물류창고내 스태커크레인 및 갠트리크레인 기계장.. (1) / 답변1 첨부1
  + [2635] ntt=40434 (8914) [취득세] 1세대의 범위 문의 입니다. (1) / 답변1 첨부1
  + [2636] ntt=40432 (8913) [취득세] 지목변경 취득세 관련 질의드립니다. (1) / 답변1 첨부1
  + [2637] ntt=40428 (8912) [취득세] 멸실 예정 주택 취득세율 문의(17년도 취득분.. (1) / 답변1 첨부1
  + [2638] ntt=40426 (8911) [재산세] 재산세(토지)의 과세대상 구분 (1) / 답변1 첨부1
  + [2639] ntt=40425 (8910) [취득세] 재개발 조합이 취득하는 조합원용 토지 (1) / 답변1 첨부1
  + [2640] ntt=40421 (8909) [재산세] 무허가주택 재산세 직권등재자가 납세의무자 변동.. (1) / 답변1 첨부1
  + [2641] ntt=40420 (8908) [재산세] 도시개발법(구. 토지구획정리사업법)에 따른 보.. (1) / 답변1 첨부1
  + [2642] ntt=40401 (8907) [취득세] 주소 이전에 따른 귀농감면 추징 요건 (1) / 답변1 첨부1
  + [2643] ntt=40393 (8906) [취득세] 귀농인 추징 감면 관련 질의 (1) / 답변1 첨부1
  + [2644] ntt=40391 (8905) [재산세] 임대사업자 양도시 양수인 재산세 감면 여부 (1) / 답변1 첨부2
  + [2645] ntt=40390 (8904) [지방세특례제한법] 창업감면 사후관리 문의 (1) / 답변1 첨부1
  + [2646] ntt=40388 (8903) [지방세징수법] 신용정보회사를 통한 예금 압류 (1) / 답변1 첨부1
  + [2647] ntt=40387 (8902) [지방세징수법] 정리보류 자료에 대한 압류 (1) / 답변1 첨부1
  + [2648] ntt=40384 (8901) [재산세] 상속포기 관련 질의 (1) / 답변1 첨부1
  + [2649] ntt=40381 (8900) [취득세] 건축주간 소유지분 변동 후 분양한 건에 대한 .. (1) / 답변1 첨부1
  + [2650] ntt=40376 (8899) [지방소득세] 지방소득세(양도소득) 납세지 문의의 건 (1) / 답변1 첨부1
  + [2651] ntt=40373 (8898) [취득세] 토지수용에 따른 대체취득 감면(지특법 73조).. (1) / 답변1 첨부1
  + [2652] ntt=40372 (8897) [재산세] 문화재지정구역 내 일반건물에 대한 감면문의 (1) / 답변1 첨부1
  + [2653] ntt=40371 (8896) [취득세] 1994년에 상속받은 토지, 취득세 및 등록세.. (1) / 답변1 첨부1
  + [2654] ntt=40370 (8895) [취득세] 채권자에 의해 상속대위등기 된 농지에 대한 감.. (1) / 답변1 첨부1
  + [2655] ntt=40365 (8894) [취득세] 창업중소기업의 주업종 판단 (1) / 답변1 첨부1
[page 306 완료] 누적 신규 2655건  (이 게시판 저장 총 9,155건)
  + [2656] ntt=40364 (8893) [지방세기본법] 납세자의 사망 이후 발생한 환급금 지급 (1) / 답변1 첨부1
  + [2657] ntt=40361 (8892) [지방세특례제한법] 종교단체 감면 관련 질의드립니다. (1) / 답변1 첨부2
  + [2658] ntt=40359 (8891) [취득세] 생애최초감면 추징(출국세대원 1가구1주택포함여.. (1) / 답변1 첨부1
  + [2659] ntt=40357 (8890) [취득세] 창업중소기업 감면 적용 가능한지 여부 (1) / 답변1 첨부1
  + [2660] ntt=40353 (8889) [재산세] 공공주택 특별법에 따라 지정된 지구계획의 경우.. (3) / 답변3 첨부1
  + [2661] ntt=40352 (8888) [취득세] 8879 확장형 발코니 면적산입 시 취득세 과.. (1) / 답변1 첨부1
  + [2662] ntt=40351 (8887) [취득세] 재생사업지구(산업단지)관련 감면 문의 드립니다 (1) / 답변1 첨부1
  + [2663] ntt=40350 (8886) [취득세] 면적정정으로 인한 취득세 환급 문의에 대해 상.. (1) / 답변1 첨부1
  + [2664] ntt=40347 (8885) [취득세] 창업중소기업 창업관련 여부 문의드립니다. (1) / 답변1 첨부1
  + [2665] ntt=40342 (8884) [지방세기본법] 조사권의 남용 금지에 해당하는지 유무의 판단 (1) / 답변1 첨부1
  + [2666] ntt=40333 (8883) [지방세기본법] 제2차납세의무지정에 따른 납세의무성립일과 2차.. (1) / 답변1 첨부1
  + [2667] ntt=40329 (8882) [취득세] 지방세법제10조제5항5호 취득가액인정 여부질의 (1) / 답변1 첨부1
  + [2668] ntt=40327 (8881) [취득세] 임대감면 추징 관련 문의 드립니다. (1) / 답변1 첨부1
  + [2669] ntt=40326 (8880) [지방세징수법] 징수유예기간 종료 후 체납액에 대한 징수유예 .. (1) / 답변1 첨부1
  + [2670] ntt=40319 (8879) [취득세] 확장형 발코니 면적산입 시 취득세 과세 여부 (1) / 답변1 첨부1
  + [2671] ntt=40318 (8878) [재산세] 둘레길 조성 시 재산세 비과세 가능 유무 (1) / 답변1 첨부1
  + [2672] ntt=40316 (8877) [취득세] 법인의 자기주식 취득 후 증자 시 과점주주 지.. (1) / 답변1 첨부1
  + [2673] ntt=40315 (8876) [지방소득세] 납부기한 연장에 따른 납부지연가산세 기산일 문.. (1) / 답변1 첨부1
  + [2674] ntt=40313 (8875) [취득세] 재생사업지구(산업단지) 감면 문의 드립니다. (1) / 답변1
  + [2675] ntt=40311 (8874) [지방세특례제한법] 농업법인 감면 추징 관련 질의드립니다. (1) / 답변1 첨부1
  + [2676] ntt=40308 (8873) [지방세징수법] 사망자 차량 압류 관련 문의 (1) / 답변1 첨부1
  + [2677] ntt=40307 (8872) [취득세] 집합투자업자의 과점주주 간주취득세 과세 대상 .. (1) / 답변1 첨부1
  + [2678] ntt=40306 (8871) [지방세특례제한법] 창업 감면 추징(직접 사용) 관련 문의 (1) / 답변1 첨부1
  + [2679] ntt=40299 (8870) [취득세] 자경농민 취득 농지 감면  추징 (1) / 답변1 첨부1
  + [2680] ntt=40298 (8869) [취득세] 후발적 사유 해당여부 문의 (1) / 답변1 첨부1
  + [2681] ntt=40288 (8868) [재산세] 개별주택가격 산정시 주택부속토지 산정관련 (1) / 답변1 첨부1
  + [2682] ntt=40287 (8867) [지방세특례제한법] 장애인감면차량 대체취득 관련 (1) / 답변1 첨부1
  + [2683] ntt=40286 (8866) [재산세] 개별주택가격 산정시 주택부속토지 산정대지면적 .. (1) / 답변1 첨부1
  + [2684] ntt=40285 (8865) [지방세징수법] 예금 추심 후 압류 해제 관련 문의입니다. (1) / 답변1 첨부1
  + [2685] ntt=40281 (8864) [취득세] 2021년 개정 지방세법을 근거로 하여 상속인.. (1) / 답변1 첨부1
[page 307 완료] 누적 신규 2685건  (이 게시판 저장 총 9,185건)
  + [2686] ntt=40276 (8863) [재산세] 종교단체가 취득한 부동산의 재산세 추징 질의 (1) / 답변1 첨부1
  + [2687] ntt=40275 (8862) [취득세] 의무기간이 다 되지 않았지만, 임대사업자 자동.. (1) / 답변1 첨부1
  + [2688] ntt=40272 (8861) [취득세] 외국인 귀농인감면 문의입니다. (1) / 답변1 첨부1
  + [2689] ntt=40265 (8860) [취득세] 취득세 상속분 이중신고 납부에 따른 환급 가능.. (1) / 답변1 첨부1
  + [2690] ntt=40263 (8859) [지방세특례제한법] 자경농민 농지등 취득 관련 상담신청드립니다. (1) / 답변1 첨부1
  + [2691] ntt=40262 (8858) [취득세] 지방세법 시행령 제 18조 1항의 해석[지급하.. (1) / 답변1 첨부1
  + [2692] ntt=40260 (8857) [취득세] 상속재산 명의신탁해지로 인한 소유권이전시 취득.. (1) / 답변1 첨부1
  + [2693] ntt=40257 (8856) [취득세] 농로개설공사로 인한 지목변경 (1) / 답변1 첨부1
  + [2694] ntt=40256 (8855) [취득세] 창업중소기업의 무상임대 추징 (1) / 답변1 첨부1
  + [2695] ntt=40254 (8854) [취득세] 대도시내 법인 중과세 예외에 해당하는 임대사업.. (1) / 답변1 첨부1
  + [2696] ntt=40250 (8853) [등록면허세] 양식업권(지분)이전 후 등록면허세 부과문의 (1) / 답변1 첨부1
  + [2697] ntt=40248 (8852) [취득세] 창업중소기업 감면 문의(업종추가 해당여부) (1) / 답변1 첨부1
  + [2698] ntt=40247 (8851) [재산세] 이전고시 전 기부채납된 토지에 대한 재산세 (1) / 답변1 첨부1
  + [2699] ntt=40246 (8850) [지방소득세] 양도소득분 개인지방소득세 가산세 문의 (1) / 답변1 첨부1
  + [2700] ntt=40244 (8849) [취득세] 취득세 임대사업자 감면 여부 (1) / 답변1 첨부1
  + [2701] ntt=40243 (8848) [취득세] 부담부증여 유상부분 취득과표 문의드립니다. (1) / 답변1 첨부1
  + [2702] ntt=40242 (8847) [취득세] 취득세 과세표준 경정청구(실제 건축비용으로 신.. (1) / 답변1 첨부1
  + [2703] ntt=40238 (8846) [지방세징수법] 개인회생 면책 결정 시, 채권 신고 이후 발생.. (1) / 답변1 첨부1
  + [2704] ntt=40236 (8845) [재산세] 화해권고결정 판결 후 소유권이전등기 안된 부동.. (1) / 답변1 첨부1
  + [2705] ntt=40233 (8844) [재산세] [8815]재질의 - 공부상 별개의 2주택을 .. (1) / 답변1 첨부1
  + [2706] ntt=40228 (8843) [지방세특례제한법] 한국토지주택공사 도시계획시설사업(도로)사업 실.. (1) / 답변1 첨부1
  + [2707] ntt=40224 (8842) [취득세] 창업중소기업 감면 대상 여부 문의 (1) / 답변1 첨부1
  + [2708] ntt=40222 (8841) [자동차세] 계속  자동차세를 내던 차한대를 국가유공자 등.. (1) / 답변1 첨부1
  + [2709] ntt=40220 (8840) [지방세징수법] 공매 공고 당시 중대한 결함을 고지하지 않았음.. (1) / 답변1 첨부2
  + [2710] ntt=40213 (8839) [취득세] 지방세법제13조제3항 중과세 예외 추징, 지특.. (1) / 답변1 첨부1
  + [2711] ntt=40212 (8838) [지방세기본법] 제2차 납세의무 지정의무 (1) / 답변1 첨부1
  + [2712] ntt=40201 (8837) [취득세] 상속 1가구1주택 감면에서 1가구의 해석 (1) / 답변1 첨부1
  + [2713] ntt=40199 (8836) [재산세] 법인택시 보유차고 별도합산면적 문의 (1) / 답변1 첨부1
  + [2714] ntt=40198 (8835) [등록면허세] 등록면허세(면허분)  감면가능여부 (1) / 답변1 첨부1
  + [2715] ntt=40197 (8834) [취득세] 농촌 귀농인에대한 감면(상속으로 인한 농지취득.. (1) / 답변1 첨부1
[page 308 완료] 누적 신규 2715건  (이 게시판 저장 총 9,215건)
  + [2716] ntt=40196 (8833) [취득세] 기부채납에서 반대급부로 무상사용권을 제공받는 .. (1) / 답변1 첨부1
  + [2717] ntt=40194 (8832) [취득세] 지특법 제46조 기업부설연구소 관련~ (1) / 답변1 첨부1
  + [2718] ntt=40193 (8831) [등록면허세] 등록면허세(면허) 감액 (1) / 답변1 첨부1
  + [2719] ntt=40189 (8830) [취득세] 자경농민 및 직접경작 해당 여부 (1) / 답변1 첨부1
  + [2720] ntt=40185 (8829) [세외수입] 이행강제금 체납자 사망후 사망한 체납자 명의의.. (1) / 답변1 첨부1
  + [2721] ntt=40182 (8828) [주민세] 장애인활동지원사가 "종업원"에 해당하는지 여부 (1) / 답변1 첨부1
  + [2722] ntt=40177 (8827) [자동차세] 자동차세 장애인 비과감면 (1) / 답변1 첨부1
  + [2723] ntt=40174 (8826) [취득세] 지역주택조합 고유번호증 및 사업자번호 변경 (1) / 답변1 첨부1
  + [2724] ntt=40173 (8825) [지방소득세] 법인 지방소득세 환급가산금 관련 문의입니다. (1) / 답변1
  + [2725] ntt=40169 (8824) [취득세] 토지대장 상 임야 일부 면적 훼손되어 공지로 .. (1) / 답변1 첨부1
  + [2726] ntt=40168 (8823) [취득세] 배우자소유 미상속주택 주택수 산정관련 (1) / 답변1 첨부1
  + [2727] ntt=40166 (8822) [재산세] 주택건설 사업계획 승인 조건인 완충녹지조성 예.. (1) / 답변1 첨부1
  + [2728] ntt=40160 (8821) [취득세] 물적분할 취득세 과표 적용기준 (1) / 답변1 첨부1
  + [2729] ntt=40159 (8820) [자동차세] 정기분 납기내 매매가 이루어진 자동차세의 유효.. (1) / 답변1 첨부1
  + [2730] ntt=40157 (8819) [취득세] 대수선의 범위에 해당하는지 여부 (1) / 답변1 첨부1
  + [2731] ntt=40156 (8818) [취득세] 과점주주 취득세 성립 여부 (1) / 답변1 첨부1
  + [2732] ntt=40153 (8817) [취득세] 자경농민 본인와 외국인 배우자의 주민등록표 관.. (1) / 답변1 첨부1
  + [2733] ntt=40148 (8816) [지방세징수법] 체납자 사망 후 체납자 토지에 대한 압류 처분.. (1) / 답변1 첨부1
  + [2734] ntt=40143 (8815) [재산세] 공부상 별개의 주택을 현황상 하나의 주택으로 .. (1) / 답변1 첨부1
  + [2735] ntt=40138 (8814) [취득세] 재개발 아파트 신축시 조합원 취득세 과세표준 (1) / 답변1 첨부1
  + [2736] ntt=40137 (8813) [취득세] 지방세법 시행령 제20조 제12항 적용시기 (1) / 답변1 첨부1
  + [2737] ntt=40135 (8812) [취득세] 재개발 조합의 일반분양 분 원시취득시 농특세 .. (1) / 답변1 첨부1
  + [2738] ntt=40125 (8811) [지방소득세] 법인지방소득세 과세문의 (1) / 답변1 첨부1
  + [2739] ntt=40121 (8810) [취득세] 임시건축물(견본주택) 원시취득자의 납세의무 성.. / 답변0 첨부1
  + [2740] ntt=40120 (8809) [취득세] 준공 전 미완성 건물 경락 취득시 취득세율 및.. (1) / 답변1 첨부1
  + [2741] ntt=40114 (8808) [취득세] 조정조서 취득시기 질의드립니다. (1) / 답변1 첨부1
  + [2742] ntt=40107 (8807) [재산세] 주유소와 그 시설물에 대한 지역자원시설세 중과.. (1) / 답변1 첨부2
  + [2743] ntt=40106 (8806) [지방세특례제한법] 창업중소기업 감면업종 여부 및 사업시설유지관리.. (1) / 답변1 첨부1
  + [2744] ntt=40104 (8805) [취득세] 선박 구조변경(엔진교체) 취득세 관련 문의드립.. (1) / 답변1 첨부1
  + [2745] ntt=40085 (8804) [주민세] (8797연계 재질의)주민세 사업소분 연면적 (1) / 답변1 첨부1
[page 309 완료] 누적 신규 2745건  (이 게시판 저장 총 9,245건)
  + [2746] ntt=40081 (8803) [취득세] (8792관련 재질의) / 답변0 첨부1
  + [2747] ntt=40080 (8802) [취득세] 신탁(처분신탁)된 주택의 경우 취득세 중과세 .. / 답변0 첨부1
  + [2748] ntt=40079 (8801) [취득세] 농업회사법인 영농 및 정당한 사유 (2) / 답변2 첨부1
  + [2749] ntt=40078 (8800) [지방세징수법] 문중 재산에 대한 압류, 부과에 대한 질문있습.. (1) / 답변1 첨부1
  + [2750] ntt=40076 (8799) [취득세] 지방세 상담신청드립니다.(주택수 관련) (1) / 답변1 첨부1
  + [2751] ntt=40075 (8798) [지방세특례제한법] 지방세특례제한법 시행령 제34조 문의(수용 시.. (1) / 답변1 첨부1
  + [2752] ntt=40066 (8797) [주민세] 미인가 대안학교가 지특법 제41조3항과 5항,.. (1) / 답변1 첨부1
  + [2753] ntt=40064 (8796) [취득세] 추가질문 드립니다. (2) / 답변2 첨부1
  + [2754] ntt=40058 (8795) [지방세기본법] 체납법인 재산이 압류되어 있을 때 출자자에게 .. (1) / 답변1 첨부1
  + [2755] ntt=40056 (8794) [취득세] 주택건설사업자 중과 제외분 추징 관련 질의 (1) / 답변1 첨부1
  + [2756] ntt=40054 (8793) [취득세] 대수선(내력벽 철거) (1) / 답변1 첨부1
  + [2757] ntt=40048 (8792) [취득세] 주택수 계산 관련 질의드립니다. (1) / 답변1 첨부1
  + [2758] ntt=40046 (8791) [지방세기본법] 압류 가능 한도에 대해서 질문있습니다. (3) / 답변3 첨부1
  + [2759] ntt=40043 (8790) [재산세] 가설건축물 존치기한이 경과한 건축물의 부속토지.. (1) / 답변1 첨부3
  + [2760] ntt=40041 (8789) [취득세] 경정청구 기한 및 환급 문의 (1) / 답변1 첨부1
  + [2761] ntt=40037 (8788) [지방세특례제한법] 추징 유예기간 적용 방법 문의 (1) / 답변1 첨부1
  + [2762] ntt=40032 (8787) [취득세] 연부취득 관련 상담신청드립니다. (1) / 답변1 첨부1
  + [2763] ntt=40031 (8786) [지방세기본법] 지방세기본법 제86조 관련 상담신청 드립니다. (1) / 답변1 첨부1
  + [2764] ntt=40029 (8785) [재산세] 태양광 발전시설 중 해당설비 및 구조물이 건축.. (1) / 답변1 첨부2
  + [2765] ntt=40026 (8784) [취득세] 법인장부 관련 문의 (1) / 답변1 첨부1
  + [2766] ntt=40022 (8783) [취득세] 주소를 같이하는 부부의 자경농민 자격요건 (1) / 답변1 첨부1
  + [2767] ntt=40019 (8782) [재산세] 재건축정비사업지구내 교회가 건축중인 종교예정부.. (1) / 답변1 첨부1
  + [2768] ntt=40018 (8781) [등록면허세] 법인소속 세무사에 대한 등록면허세(면허) 납세.. (1) / 답변1 첨부1
  + [2769] ntt=40016 (8780) [재산세] 전원 상속포기 재산 납세의무자 판정 (1) / 답변1 첨부1
  + [2770] ntt=40008 (8779) [세외수입] 징수촉탁수수료 지급기한 문의 (1) / 답변1 첨부1
  + [2771] ntt=40006 (8778) [취득세] 친환경퇴비를 생산하여 농작물재배에 활용하는 것.. (1) / 답변1 첨부1
  + [2772] ntt=40001 (8777) [자동차세] 자동차세 장애인감면 환급 소급건에 대한 문의 (1) / 답변1 첨부1
  + [2773] ntt=40000 (8776) [취득세] 장애인 감면 차량 50% 상속 (1) / 답변1 첨부1
  + [2774] ntt=39996 (8775) [취득세] [재질의] 판결에 따른 소유권이전등기 이행시 .. (1) / 답변1 첨부1
  + [2775] ntt=39993 (8774) [등록면허세] 가압류등기촉탁시 소유권보존 등록면허세(등록) .. (1) / 답변1 첨부1
[page 310 완료] 누적 신규 2775건  (이 게시판 저장 총 9,275건)
  + [2776] ntt=39991 (8773) [취득세] 기부채납 부동산의 취득세 비과세 대상 여부 (1) / 답변1 첨부1
  + [2777] ntt=39989 (8772) [재산세] 인텔리전트빌딩 시설 건축물 재산세 부과시 가감.. (1) / 답변1 첨부1
  + [2778] ntt=39974 (8771) [취득세] 취소 판결로 인한 등기 후 취득세 경정청구시 .. (1) / 답변1 첨부1
  + [2779] ntt=39968 (8770) [취득세] 상속취득세 납세의무 성립여부 질의드립니다. (1) / 답변1 첨부1
  + [2780] ntt=39967 (8769) [지방소득세] 국세 소송(세무서 패소)에 따른 지방소득세 부.. (1) / 답변1 첨부1
  + [2781] ntt=39961 (8768) [지방세징수법] 건축관계자 변경신고에 따른 관허사업 제한 여부 (1) / 답변1 첨부2
  + [2782] ntt=39959 (8767) [지방세특례제한법] 창업중소기업-사업의 확장에 대한 질의 (1) / 답변1 첨부1
  + [2783] ntt=39948 (8766) [등록면허세] 사업자등록증상 전자상거래 종목이 사라졌으나 통.. (1) / 답변1 첨부1
  + [2784] ntt=39945 (8765) [기타] 상속개시 후에 납세의무 성립한 지방소득세 양도.. (1) / 답변1 첨부1
  + [2785] ntt=39942 (8764) [취득세] 증여 취득시 세대내 주택 수 산정 시 분양권(.. (1) / 답변1 첨부1
  + [2786] ntt=39939 (8763) [지방세특례제한법] 산업단지 감면세액 추징에 따른 재감면가능 여부.. (1) / 답변1 첨부1
  + [2787] ntt=39937 (8762) [재산세] 재산세 토지분 별도와 분리 중 우선적용이 있는.. (1) / 답변1 첨부1
  + [2788] ntt=39933 (8761) [취득세] 주택수 판단 시 분양권을 주택수로 봐야하는지 (1) / 답변1 첨부1
  + [2789] ntt=39932 (8760) [재산세] 산업단지 분리과세 문의합니다. (1) / 답변1 첨부1
  + [2790] ntt=39928 (8759) [세외수입] 징수촉탁수수료 지급기한 문의 (1) / 답변1
  + [2791] ntt=39915 (8758) [취득세] 화해권고결정, 판결에 따른 소유권이전등기 이행.. (1) / 답변1 첨부1
  + [2792] ntt=39914 (8757) [지방소득세] 지방소득세(양도소득) 가산세 관련으로 상담신청.. (2) / 답변2 첨부1
  + [2793] ntt=39913 (8756) [취득세] [토지명의신탁해지로 인한 소유권이전등기 판결].. (1) / 답변1 첨부1
  + [2794] ntt=39912 (8755) [취득세] 상속 취득세신고 취득일 기준 문의 (1) / 답변1 첨부1
  + [2795] ntt=39910 (8754) [지방세특례제한법] 국가유공자 감면차량 대체취득 성립여부 (1) / 답변1 첨부1
  + [2796] ntt=39908 (8753) [취득세] 장학법인 및 장학사업에 직접 사용하기 위하여 .. (1) / 답변1 첨부1
  + [2797] ntt=39904 (8752) [취득세] 장애인 차량 감면 가능 여부 문의드립니다. (1) / 답변1 첨부1
  + [2798] ntt=39902 (8751) [지방세기본법] 지방세 상담신청드립니다. (1) / 답변1 첨부1
  + [2799] ntt=39901 (8750) [등록면허세] 중과제외업종 추가등록시 (1) / 답변1 첨부1
  + [2800] ntt=39899 (8749) [재산세] 별도합산과세 대상 여부 (1) / 답변1 첨부1
  + [2801] ntt=39897 (8748) [취득세] 취득세 납부불성실가산세 문의 (1) / 답변1 첨부1
  + [2802] ntt=39896 (8747) [취득세] 지방세 상담신청드립니다. (1) / 답변1 첨부1
  + [2803] ntt=39888 (8746) [취득세] 부담부증여 채무인정 범위관련 문의입니다. (1) / 답변1 첨부1
  + [2804] ntt=39887 (8745) [재산세] 주택재개발정비사업 내에 토지형태 문의 (1) / 답변1 첨부1
  + [2805] ntt=39884 (8744) [등록면허세] 등록면허세를 납부하여야하는지궁금합니다 (1) / 답변1 첨부1
[page 311 완료] 누적 신규 2805건  (이 게시판 저장 총 9,305건)
  + [2806] ntt=39879 (8743) [취득세] 주택조합 취득세 관련 상담 신청드립니다. (2) / 답변2 첨부1
  + [2807] ntt=39878 (8742) [취득세] 중소기업간의 통합에 따른 취득세 감면에 대하여.. (1) / 답변1 첨부1
  + [2808] ntt=39876 (8741) [취득세] 취득세 주택수 산정 및 위법건축물 현황 과세 .. (1) / 답변1 첨부1
  + [2809] ntt=39875 (8740) [취득세] 법인본점 지방이전 취득세 (1) / 답변1 첨부1
  + [2810] ntt=39873 (8739) [등록면허세] 감면대상 도로점용에 대한 등록면허세 과세여부 (1) / 답변1 첨부1
  + [2811] ntt=39872 (8738) [지방세특례제한법] 자경농민 감면 추징에 대해 질의합니다. (1) / 답변1 첨부1
  + [2812] ntt=39871 (8737) [주민세] 주민세 사업소분 (구 법인균등분) 부과 제외 .. (1) / 답변1 첨부1
  + [2813] ntt=39870 (8736) [지방소득세] 양도소득세 사전안내문 미발송시 가산세 문의드립.. (1) / 답변1 첨부1
  + [2814] ntt=39868 (8735) [취득세] 농업법인 임야 무단 농지사용 추징 사유발생일 (1) / 답변1 첨부2
  + [2815] ntt=39866 (8734) [취득세] 소유권 이전 등기 말소 후, 기존 소유자의 취.. (1) / 답변1 첨부1
  + [2816] ntt=39859 (8733) [등록면허세] 지방세법 제26조 제1항 적용여부 질의 (1) / 답변1 첨부1
  + [2817] ntt=39856 (8732) [취득세] 지목변경 후 사망 시 (1) / 답변1 첨부1
  + [2818] ntt=39853 (8731) [지방세특례제한법] 지특법제58조의3제7항 1호 창업감면 정당한 .. (1) / 답변1 첨부1
  + [2819] ntt=39851 (8730) [지방세징수법] 상속한정승인으로 인한 재산취득 후, 그 해당재.. (1) / 답변1 첨부1
  + [2820] ntt=39845 (8729) [취득세] 토지개발사업에 따른 취득세 부과여부 확인 (5) / 답변2 첨부1
  + [2821] ntt=39833 (8728) [지방세징수법] 고액상습 체납자 명단공개 (1) / 답변1 첨부1
  + [2822] ntt=39825 (8727) [취득세] 입목의 과세대상 여부 및 벌채를 전제로 취득한.. (1) / 답변1 첨부1
  + [2823] ntt=39816 (8726) [기타] 지역자원시설세 3배 중과 적용 문의 (1) / 답변1 첨부1
  + [2824] ntt=39813 (8725) [재산세] 태양광 발전시설 중 수배전반시설이 과세대상이 .. (1) / 답변1 첨부2
  + [2825] ntt=39811 (8724) [취득세] [7419게시글 재질의] 분양권 상속 관련 취.. (1) / 답변1 첨부1
  + [2826] ntt=39809 (8723) [지방소득세] 주민번호 없는 비거주자 지방소득세(양도소득) .. (1) / 답변1 첨부1
  + [2827] ntt=39808 (8722) [취득세] 주택조합 관련 지방세 상담신청드립니다. (1) / 답변1 첨부1
  + [2828] ntt=39801 (8721) [지방세특례제한법] 지특법 제78조 제4항 산업용 건축물을 신축하.. (1) / 답변1 첨부1
  + [2829] ntt=39800 (8720) [지방세징수법] 부동산 압류 해제 여부 문의합니다. (1) / 답변1 첨부1
  + [2830] ntt=39792 (8719) [주민세] 지특법 제22조[사회복지법인 등에 대한 감면].. (1) / 답변1 첨부1
  + [2831] ntt=39790 (8718) [취득세] 차량 감면요건 경정청구에 대한 문의 (3) / 답변3 첨부2
  + [2832] ntt=39789 (8717) [지방소득세] 지방소득세(종합소득) 부과 가능 여부에 대하여.. (1) / 답변1 첨부1
  + [2833] ntt=39788 (8716) [자동차세] 혼인무효로 본래 2순위였던 피상속인의 직계존속.. (1) / 답변1 첨부1
  + [2834] ntt=39787 (8715) [취득세] 건설 중단된 건축물 매각건 과표선정 질의 / 답변0 첨부1
  + [2835] ntt=39786 (8714) [주민세] 종업원분 추가급여분 신고 문의 (1) / 답변1 첨부1
[page 312 완료] 누적 신규 2835건  (이 게시판 저장 총 9,335건)
  + [2836] ntt=39785 (8713) [취득세] 차량취득세 감면(장애인감면 및 대체취득) 관련.. (2) / 답변2 첨부2
  + [2837] ntt=39780 (8712) [재산세] 장미 등 꽃을 심은경우 분리과세 가능한지 (1) / 답변1 첨부1
  + [2838] ntt=39778 (8711) [취득세] 판결에 의한 지입차량 강제이전 (3) / 답변3
  + [2839] ntt=39773 (8710) [취득세] 환지예정지 공유물 분할 (1) / 답변1 첨부1
  + [2840] ntt=39771 (8709) [취득세] 직권 소유권 보존에 따른 취·등록세 (1) / 답변1 첨부1
  + [2841] ntt=39769 (8708) [지방소득세] 법인지방소득세 문의 (1) / 답변1 첨부1
  + [2842] ntt=39765 (8707) [등록면허세] 면허세 납세의무자에 대해질문드립니다 (1) / 답변1 첨부1
  + [2843] ntt=39761 (8706) [등록면허세] 등록면허세 1월1일 승계 폐업의 경우 납부 질.. (1) / 답변1 첨부1
  + [2844] ntt=39756 (8705) [재산세] 공시지가 직권정정 환급관련 질의 (1) / 답변1 첨부1
  + [2845] ntt=39755 (8704) [취득세] 사실상의 취득자의 납세의무와 별개로, 대장 상.. (1) / 답변1 첨부1
  + [2846] ntt=39754 (8703) [지방세특례제한법] 지방세특세제한법 79조 법인의 지방 이전에 대.. / 답변0 첨부1
  + [2847] ntt=39748 (8702) [지방세특례제한법] 천재지변 대체취득감면관련 (1) / 답변1 첨부1
  + [2848] ntt=39746 (8701) [취득세] 토지수용 대체취득 관련 문의 (1) / 답변1 첨부1
  + [2849] ntt=39745 (8700) [재산세] 상속포기 관련 지분산정 문의 (1) / 답변1 첨부1
  + [2850] ntt=39743 (8699) [지방세특례제한법] 창업중소기업 관련 질의드립니다. (1) / 답변1 첨부1
  + [2851] ntt=39734 (8698) [취득세] 사실상 취득에 따른 취득세 과세대상 해당여부 (1) / 답변1 첨부1
  + [2852] ntt=39732 (8697) [취득세] 상속 취득세 관련 상담신청드립니다. (1) / 답변1 첨부1
  + [2853] ntt=39729 (8696) [취득세] 다가구주택(3억이하) 생애최초감면 적용문의 (1) / 답변1 첨부1
  + [2854] ntt=39724 (8695) [취득세] 산업단지내 시설물 취득 감면 관련 상담요청드립.. (1) / 답변1 첨부1
  + [2855] ntt=39720 (8694) [취득세] 법인이 준공후 재개발 조합의 분양할 수 있는 .. (1) / 답변1 첨부1
  + [2856] ntt=39719 (8693) [취득세] 임야를 농지로 지목변경 하는 경우 자경농민 감.. (1) / 답변1 첨부1
  + [2857] ntt=39718 (8692) [자동차세] ‘자동차 인도집행조서’에 따른 자동차세 비과세.. (1) / 답변1 첨부1
  + [2858] ntt=39714 (8691) [지방세특례제한법] 물류단지 감면 시 2020년 개정 전 규정 적.. (1) / 답변1 첨부1
  + [2859] ntt=39710 (8690) [취득세] 건축자금을 제공한 자가 따로 있는 경우 취득세.. (1) / 답변1 첨부1
  + [2860] ntt=39704 (8689) [지방세특례제한법] 최초분양임대감면의 감면대상자는 누구인지? (1) / 답변1 첨부1
  + [2861] ntt=39699 (8688) [취득세] 장애인용 자동차 감면 대체취득 문의 (1) / 답변1
  + [2862] ntt=39698 (8687) [취득세] 소유권이전등기 말소등기절차 이행 판결문(무변론.. (1) / 답변1 첨부1
  + [2863] ntt=39696 (8686) [지방세특례제한법] 창업중소기업 감면 적용 (1) / 답변1 첨부1
  + [2864] ntt=39689 (8685) [취득세] 장애인의 차량 취득세 기납부 환급 요청건 (1) / 답변1 첨부1
  + [2865] ntt=39686 (8684) [취득세] 지목변경 취득시기 문의 (1) / 답변1 첨부1
[page 313 완료] 누적 신규 2865건  (이 게시판 저장 총 9,365건)
  + [2866] ntt=39684 (8683) [취득세] 장애인 차량 취득세 감면 문의 (장애인 A+B.. (1) / 답변1 첨부1
  + [2867] ntt=39683 (8682) [지방세특례제한법] 중소기업 간 통합에 따른 취득세 감면 관련 질.. (1) / 답변1 첨부1
  + [2868] ntt=39681 (8681) [취득세] 실종선고에 따른 소유권이전등기신청(상속) (1) / 답변1 첨부1
  + [2869] ntt=39680 (8680) [취득세] 종교감면 매각 추징 여부 (1) / 답변1 첨부1
  + [2870] ntt=39679 (8679) [취득세] 창업중소기업 감면 후 추징 (1) / 답변1 첨부1
  + [2871] ntt=39678 (8678) [지방세징수법] 부동산 압류 직권말소 자료에 대한 소멸시효 (1) / 답변1 첨부1
  + [2872] ntt=39677 (8677) [지방세특례제한법] (재수정)창업중소기업감면 질의드립니다. (2) / 답변2
  + [2873] ntt=39675 (8676) [취득세] 건축물 대장 상 주택, 전 소유자가 농어촌 민.. (1) / 답변1 첨부1
  + [2874] ntt=39673 (8675) [자동차세] 운행정지 된 자동차의 장애인 감면 (1) / 답변1 첨부1
  + [2875] ntt=39655 (8674) [등록면허세] 등록면허세(면허) 감액 (1) / 답변1 첨부1
  + [2876] ntt=39654 (8673) [지방세징수법] 연대납세의무자 중 1인에 대하여 한 압류의 효.. (1) / 답변1 첨부1
  + [2877] ntt=39638 (8672) [지방소득세] 법인지방소득세 가산세 기준금액 문의드립니다. (1) / 답변1 첨부1
  + [2878] ntt=39637 (8671) [지방세특례제한법] 취득세 감면관련 질의드립니다. (1) / 답변1 첨부1
  + [2879] ntt=39635 (8670) [자동차세] 성진소방이동안전체험차가 지방세법 시행령 제12.. (1) / 답변1 첨부1
  + [2880] ntt=39633 (8669) [지방세특례제한법] 자경농민 요건 중 (본인 또는 배우자) (1) / 답변1 첨부1
  + [2881] ntt=39632 (8668) [취득세] 중소기업 통합시 주식 할증발행(주식+주식발행초.. (1) / 답변1 첨부1
  + [2882] ntt=39625 (8667) [재산세] 재산세 녹색건축 감면 문의드립니다. (1) / 답변1 첨부1
  + [2883] ntt=39624 (8666) [재산세] 표준주택 선정의 착오에 대한 명확한 오류의 범.. (1) / 답변1 첨부1
  + [2884] ntt=39605 (8665) [지방세기본법] 지방세기본법 제1항제1호에 따른 부과제척기간(.. (1) / 답변1 첨부1
  + [2885] ntt=39603 (8664) [취득세] 중소기업 통합 순자산가액이상 출자에 주식발행초.. (1) / 답변1 첨부1
  + [2886] ntt=39602 (8663) [취득세] 종교단체가 승계된 임대차계약 때문에 취득 후 .. (1) / 답변1 첨부1
  + [2887] ntt=39597 (8662) [지방세특례제한법] 취득세 감면관련 질의드립니다. (1) / 답변1 첨부1
  + [2888] ntt=39594 (8661) [취득세] 직계존비속간 거래 (1) / 답변1
  + [2889] ntt=39592 (8660) [등록면허세] 일반음식점 동일 물건지에 2개인 경우는 어떻게.. (1) / 답변1 첨부1
  + [2890] ntt=39589 (8659) [등록면허세] 등록면허세 납부를 해야하는지 궁금합니다 (1) / 답변1 첨부1
  + [2891] ntt=39586 (8658) [취득세] 등기촉탁으로 인한 등록면허세를 원시취득 보존등.. (1) / 답변1 첨부1
  + [2892] ntt=39584 (8657) [취득세] 상속 취득세 과세표준 감정평가액 적용타당여부 (1) / 답변1 첨부1
  + [2893] ntt=39579 (8656) [지방세특례제한법] 혐오시설(쓰레기 매립장) 관련 감면조례 신설 .. (1) / 답변1 첨부1
  + [2894] ntt=39575 (8655) [자동차세] 장애인 소유차량 감면대상 차량 선택 여부 (1) / 답변1 첨부1
  + [2895] ntt=39572 (8654) [재산세] 기존 재산세 단기임대 감면되던 물건 단기임대조.. (1) / 답변1 첨부1
[page 314 완료] 누적 신규 2895건  (이 게시판 저장 총 9,395건)
  + [2896] ntt=39570 (8653) [취득세] 임대사업자 취득세 감면받고 임대의무기간 내 전.. (1) / 답변1 첨부1
  + [2897] ntt=39566 (8652) [재산세] 지방세법 109조 관련 질의 (1) / 답변1 첨부1
  + [2898] ntt=39565 (8651) [기타] 개별주택가격 산정가격과 관련 (1) / 답변1 첨부1
  + [2899] ntt=39562 (8650) [취득세] 교회가 부목사 사택 목적으로 취득하는 주택의 .. (2) / 답변2 첨부1
  + [2900] ntt=39556 (8649) [주민세] 주민세 종업원분 급여총액의 범위에 소득세법상 .. (1) / 답변1 첨부1
  + [2901] ntt=39555 (8648) [취득세] 유류분 취득세 문의 드립니다. (1) / 답변1 첨부1
  + [2902] ntt=39550 (8647) [자동차세] 장애인 감면대상 차량 구조변경 관련 (1) / 답변1 첨부1
  + [2903] ntt=39547 (8646) [취득세] 지방세특례제한법 제57조의2 제3항 제5호에 .. (1) / 답변1
  + [2904] ntt=39546 (8645) [취득세] [긴급]지방세특례제한법 제57조의2 제3항 제.. (1) / 답변1 첨부1
  + [2905] ntt=39545 (8644) [취득세] 지방세상담 8627번에 연이은 질문입니다. (1) / 답변1 첨부1
  + [2906] ntt=39537 (8643) [재산세] 대습상속의 상속지분 기준일 (1) / 답변1 첨부1
  + [2907] ntt=39534 (8642) [취득세] 위탁자 지위의 이전에 따른 취득세 납세의무 성.. (1) / 답변1 첨부1
  + [2908] ntt=39532 (8641) [취득세] 취득세 관련 질의드립니다. (1) / 답변1 첨부1
  + [2909] ntt=39524 (8640) [지방세징수법] [급/고충민원] 소유권이전청구권(채권)에 대한.. (1) / 답변1 첨부1
  + [2910] ntt=39522 (8639) [재산세] 행정기관으로부터 철거명령받은 건축물등 재산세 .. (1) / 답변1 첨부1
  + [2911] ntt=39491 (8638) [취득세] 산업단지 공사준공일 이전 잔금납부시 지목변경 .. (1) / 답변1 첨부1
  + [2912] ntt=39490 (8637) [지방소득세] 납기일이 지난 지방소득세 납기연장 처리 건 (1) / 답변1 첨부1
  + [2913] ntt=39489 (8636) [지방소득세] 지방소득세(양도소득) 2019년 귀속 기한 후.. (1) / 답변1 첨부1
  + [2914] ntt=39484 (8635) [취득세] 원인자부담금 부과취소 판결을 원인으로 한 취득.. (1) / 답변1 첨부1
  + [2915] ntt=39483 (8634) [취득세] 귀농인감면 요건문의 (1) / 답변1 첨부1
  + [2916] ntt=39476 (8633) [취득세] 군 복무중인 자의 생애최초 주택 구입 취득세 .. (1) / 답변1 첨부1
  + [2917] ntt=39475 (8632) [취득세] 주택개량사업 주택 취득세 감면 추징(가등기) (2) / 답변2 첨부1
  + [2918] ntt=39473 (8631) [지방세특례제한법] 법인분할(적격분할) (1) / 답변1 첨부1
  + [2919] ntt=39469 (8630) [지방소득세] 법인지방소득세 가산세 관련 법령 적용 문의 (1) / 답변1 첨부1
  + [2920] ntt=39467 (8629) [취득세] 생애최초주택감면적용여부(주택부속토지취득) (1) / 답변1 첨부1
  + [2921] ntt=39466 (8628) [취득세] 토지수용 대체취득 부동산 감면기간 문의 (1) / 답변1 첨부1
  + [2922] ntt=39460 (8627) [취득세] 단독주택 내 조경공사 취득세 과세표준 포함여부 (1) / 답변1 첨부1
  + [2923] ntt=39456 (8626) [취득세] 상속받은 분양권에 의한 주택 취득세 신고 시 .. (1) / 답변1 첨부1
  + [2924] ntt=39454 (8625) [취득세] 차량 취득세 장애감면 문의 (1) / 답변1 첨부1
  + [2925] ntt=39452 (8624) [등록면허세] 등록면허세 등록분 추징 질의드립니다. (1) / 답변1 첨부1
[page 315 완료] 누적 신규 2925건  (이 게시판 저장 총 9,425건)
  + [2926] ntt=39451 (8623) [재산세] 일부 무허가 공장이 포함되어 있는 토지의 재산.. (1) / 답변1 첨부1
  + [2927] ntt=39450 (8622) [지방소득세] 법인지방소득세 부과 문의 (1) / 답변1 첨부1
  + [2928] ntt=39442 (8621) [취득세] 부동산 수용   취득세 감면 지역 (1) / 답변1 첨부1
  + [2929] ntt=39440 (8620) [지방세징수법] 사망자 차량 공매 매각대금 배분 관련 질의드립.. (1) / 답변1 첨부1
  + [2930] ntt=39433 (8619) [자동차세] 장애인 차량 공동소유 세대분리이후 자동차세 일.. (1) / 답변1 첨부1
  + [2931] ntt=39432 (8618) [취득세] 임대사업 감면 추징 관련 질의 (1) / 답변1 첨부1
  + [2932] ntt=39427 (8617) [취득세] 직불금 가족 수령시 취득세 추징 문의 (1) / 답변1 첨부1
  + [2933] ntt=39422 (8616) [재산세] 지방세특례제한법 제13조 제2항 1의2호 관련.. (1) / 답변1 첨부1
  + [2934] ntt=39409 (8615) [취득세] 상속 취득세 관련 상담신청드립니다. (1) / 답변1 첨부1
  + [2935] ntt=39404 (8614) [취득세] 사실상 마을회 소유라는 개인명의의 토지 상속 .. (1) / 답변1 첨부1
  + [2936] ntt=39401 (8613) [등록면허세] 통신판매업 등록면허세 관련 질의 (1) / 답변1 첨부1
  + [2937] ntt=39394 (8612) [취득세] 주택개량사업대상자 변경 (1) / 답변1 첨부1
  + [2938] ntt=39393 (8611) [등록면허세] 등록면허세 과세관련 질의입니다. (1) / 답변1 첨부1
  + [2939] ntt=39391 (8610) [세외수입] 8599 게시글 추가질의 (1) / 답변1 첨부1
  + [2940] ntt=39390 (8609) [재산세] 임대사업자 재산세 감면분 추징 질의 (1) / 답변1 첨부1
  + [2941] ntt=39386 (8608) [자동차세] 자동차세 상속이전 관련 수시부과 질의 (1) / 답변1 첨부1
  + [2942] ntt=39385 (8607) [취득세] 사용승인 이전 유상거래 후 납세의무자의 세율 .. (1) / 답변1 첨부1
  + [2943] ntt=39379 (8606) [재산세] 임대사업자 재산세 감면분 추징 질의 (1) / 답변1
  + [2944] ntt=39378 (8605) [취득세] 주택 취득시 세대원 여부 (1) / 답변1 첨부1
  + [2945] ntt=39377 (8604) [지방세특례제한법] 지특법 57저의2 4항 현물출자에  의한 취득.. (1) / 답변1 첨부1
  + [2946] ntt=39372 (8603) [지방소득세] 지방소득세 채권신고 누락 및 회생채권에 관한 .. (1) / 답변1 첨부1
  + [2947] ntt=39366 (8602) [취득세] 주거환경개선지구 중과세 문의드립니다. (2) / 답변2 첨부1
  + [2948] ntt=39361 (8601) [지방세기본법] 연대납세의무자 지정 (1) / 답변1 첨부1
  + [2949] ntt=39359 (8600) [취득세] 8594번 글 추가질의(전기차 충전시설 이전 .. (1) / 답변1 첨부1
  + [2950] ntt=39358 (8599) [세외수입] 멸실인정 차량의 압류해제일 (1) / 답변1 첨부1
  + [2951] ntt=39356 (8598) [취득세] 상속포기한 자가 소유권이전등기를 하였을 때( .. (1) / 답변1 첨부1
  + [2952] ntt=39345 (8597) [취득세] 부담부증여 채무 인정 여부 (1) / 답변1 첨부1
  + [2953] ntt=39343 (8596) [재산세] 8590관련 추가질문(집합건물의 건물만 소유권.. (1) / 답변1 첨부1
  + [2954] ntt=39339 (8595) [취득세] 글번호 8585관련 추가 질문입니다.(상속 재.. (1) / 답변1 첨부1
  + [2955] ntt=39334 (8594) [취득세] 전기차 충전시설 이전 설치 시 취득세 신고·납.. (1) / 답변1 첨부1
[page 316 완료] 누적 신규 2955건  (이 게시판 저장 총 9,455건)
  + [2956] ntt=39333 (8593) [취득세] 개인사업장을 폐업한 사람의 귀농감면 (1) / 답변1 첨부1
  + [2957] ntt=39331 (8592) [취득세] 기부채납을 조건으로 취득하는 부동산 납세의무자.. (1) / 답변1 첨부1
  + [2958] ntt=39329 (8591) [지방세징수법] 신규사업 (사전적) 관허사업제한 중 정당한 사.. (1) / 답변1 첨부1
  + [2959] ntt=39327 (8590) [재산세] 대지권 없이, 토지에 지분등기 되어 있는 집합.. (1) / 답변1 첨부1
  + [2960] ntt=39324 (8589) [지방세기본법] 모바일 전자고지 시스템 송달효력 문의 (1) / 답변1 첨부1
  + [2961] ntt=39321 (8588) [취득세] 증여 취득세 관련 이중신고로 보아 환급가능할지 (1) / 답변1 첨부1
  + [2962] ntt=39316 (8587) [지방세특례제한법] 교회와 유지재단간 증여시 감면 추징 여부 질의.. (1) / 답변1 첨부1
  + [2963] ntt=39311 (8586) [취득세] 대지권 없는 주택 부속토지의 무상취득 (1) / 답변1 첨부1
  + [2964] ntt=39301 (8585) [취득세] 미신고로 인하여 상속 재산 취득세 직권 부과 .. (1) / 답변1 첨부1
  + [2965] ntt=39300 (8584) [기타] 연대납세자의 감면 및 환급 관련 문의 (1) / 답변1 첨부1
  + [2966] ntt=39298 (8583) [취득세] 무료 노인복지시설 감면 관련 상담 요청 드립니.. (1) / 답변1 첨부1
  + [2967] ntt=39297 (8582) [지방세특례제한법] 대도시 외의 지역으로 이전하는 공장의 범위와 .. (1) / 답변1 첨부1
  + [2968] ntt=39289 (8581) [취득세] 법인합병 후 과점주주 간주취득세 과세 여부 (1) / 답변1 첨부2
  + [2969] ntt=39281 (8580) [재산세] 지장물 보상 받은 물건에 대한 재산세 부과 (1) / 답변1 첨부1
  + [2970] ntt=39280 (8579) [지방세특례제한법] 농업회사법인의 체험시설 취득 감면적용 (1) / 답변1 첨부1
  + [2971] ntt=39274 (8578) [취득세] 주택조합 주택 수 산정 여부 (1) / 답변1 첨부1
  + [2972] ntt=39273 (8577) [재산세] 126번 관련 추가 질문 (1) / 답변1
  + [2973] ntt=39271 (8576) [취득세] 과점주주 취득세 부과시 특수관계인여부 (1) / 답변1 첨부1
  + [2974] ntt=39261 (8575) [재산세] 공영주차장 2년 계약후 계약기간 일부(2개월).. (1) / 답변1 첨부1
  + [2975] ntt=39260 (8574) [기타] 지역자원시설세 가산세 질의 (1) / 답변1 첨부1
  + [2976] ntt=39257 (8573) [취득세] 취득세 부과처분 취소 관련 상담신청드립니다. (1) / 답변1 첨부1
    [retry 1/3] ReadTimeout
  + [2977] ntt=39256 (8572) [재산세] 택지개발지구 내 토지 준공에 따른 면적정산으로.. (1) / 답변1 첨부1
  + [2978] ntt=39255 (8571) [자동차세] 자동차세 사후감면 신청 (1) / 답변1 첨부1
  + [2979] ntt=39253 (8570) [주민세] 주민세 사업소분 연면적 문의 (1) / 답변1 첨부1
  + [2980] ntt=39252 (8569) [취득세] 지방세법 제7조 11항 직계존비속간 거래시 소.. (1) / 답변1 첨부1
  + [2981] ntt=39249 (8568) [자동차세] 외국인(외국국적동포) 자동차세 장애인 감면 문.. (1) / 답변1 첨부1
  + [2982] ntt=39246 (8567) [취득세] 창업중소기업감면 (2) / 답변2 첨부1
  + [2983] ntt=39244 (8566) [취득세] 유류분반환을 원인으로 한 화해권고결정 (1) / 답변1 첨부1
  + [2984] ntt=39239 (8565) [취득세] 취득세 환급 가능여부 질의드립니다. (1) / 답변1 첨부1
  + [2985] ntt=39238 (8564) [취득세] 무료 노인복지시설 감면신청 후 영유아어린이집 .. (1) / 답변1 첨부1
[page 317 완료] 누적 신규 2985건  (이 게시판 저장 총 9,485건)
  + [2986] ntt=39234 (8563) [재산세] 도시개발사업에 제공하는 토지의 분리과세 적용여.. (1) / 답변1 첨부1
  + [2987] ntt=39230 (8562) [지방소득세] 법인지방소득세 경정청구 문의 (1) / 답변1 첨부1
  + [2988] ntt=39229 (8561) [취득세] 창업중소기업 감면이 가능한지 여부 (1) / 답변1 첨부1
  + [2989] ntt=39228 (8560) [취득세] [재질의] 지방세 상담 8548번 국적취득조건.. (1) / 답변1 첨부2
  + [2990] ntt=39227 (8559) [취득세] 상속으로 인한 취득세 납세의무 문의 (1) / 답변1 첨부1
  + [2991] ntt=39226 (8558) [기타] 청산종결간주 법인의 제2차납세의무 및 부과제척 (1) / 답변1 첨부1
  + [2992] ntt=39224 (8557) [취득세] 토지수용으로 인한 대체취득 감면 결정 취소 가.. (1) / 답변1 첨부1
  + [2993] ntt=39221 (8556) [지방세기본법] 출자자의 제2차 납세의무 지정 문의 (1) / 답변1 첨부1
  + [2994] ntt=39219 (8555) [재산세] 지방세법 상 "직접 사용"의 의미 (1) / 답변1 첨부1
  + [2995] ntt=39215 (8554) [취득세] 주택세율 질의 (1) / 답변1 첨부1
  + [2996] ntt=39214 (8553) [재산세] 상속인대표자 지정시 대표자가 한정치산자일경우 (1) / 답변1 첨부1
  + [2997] ntt=39213 (8552) [취득세] 종교방송국이 종교단체에 포함되는지 여부 문의 (1) / 답변1 첨부1
  + [2998] ntt=39211 (8551) [재산세] 회원제 골프장 재산세 중과세 대상에 대한 문의.. (1) / 답변1 첨부1
  + [2999] ntt=39208 (8550) [취득세] 현물출자 시 감정평가액 과세표준 문의 (1) / 답변1 첨부1
  + [3000] ntt=39207 (8549) [주민세] 사회복지법인 종업원분 면제 여부 (1) / 답변1 첨부1
  + [3001] ntt=39198 (8548) [취득세] 국적취득조건부 나용선계약 거치이자관련 취득세 .. (1) / 답변1 첨부2
  + [3002] ntt=39197 (8547) [취득세] 마을회 감면 추징대상 여부 문의 (1) / 답변1 첨부1
  + [3003] ntt=39196 (8546) [취득세] 현물출자 취득세 감면 (1) / 답변1 첨부1
  + [3004] ntt=39191 (8545) [취득세] 건축물대장에 기재 되지 않은 주택부속토지 필지.. (1) / 답변1 첨부1
  + [3005] ntt=39190 (8544) [등록면허세] 등록면허세(면허) 관련 질의 (1) / 답변1 첨부1
  + [3006] ntt=39186 (8543) [재산세] 납세자 사망 후, 이행되지 않은 상속 등기로 .. (1) / 답변1 첨부1
  + [3007] ntt=39185 (8542) [취득세] 종교단체 감면부동산 취득 후 3년 내 해당용도.. (1) / 답변1 첨부1
  + [3008] ntt=39184 (8541) [취득세] 상속으로 인한 1가구1주택의 감면 관련입니다. (1) / 답변1 첨부1
  + [3009] ntt=39183 (8540) [주민세] 외국계열회사 내국법인의 종업원주민세 과세표준 .. (1) / 답변1 첨부1
  + [3010] ntt=39177 (8539) [등록면허세] 전자송달 등 세액공제 관련 문의 (1) / 답변1 첨부1
  + [3011] ntt=39176 (8538) [지방세징수법] 자동차에 설정된 압류의 해제 (1) / 답변1 첨부1
  + [3012] ntt=39175 (8537) [취득세] 생애최초 주택 취득 취득세 감면 상담신청드립니.. (1) / 답변1 첨부1
  + [3013] ntt=39172 (8536) [취득세] 산업용 건축물의 범위 (1) / 답변1 첨부1
  + [3014] ntt=39171 (8535) [취득세] 토지의 사실상의 지목변경의 개념 문의 (2) / 답변2 첨부1
  + [3015] ntt=39164 (8534) [취득세] 기술혁신형 중소기업(이노비즈) 취득세 (1) / 답변1 첨부1
[page 318 완료] 누적 신규 3015건  (이 게시판 저장 총 9,515건)
  + [3016] ntt=39162 (8533) [취득세] 경정청구 기간이 경과한 취득세의 환급 여부 (1) / 답변1 첨부1
  + [3017] ntt=39160 (8532) [재산세] 주된 상속자의 지정 (1) / 답변1 첨부1
  + [3018] ntt=39156 (8531) [지방세특례제한법] 자경농민 (지특법 시행령 제3조 2항 2호)관.. (1) / 답변1 첨부1
  + [3019] ntt=39155 (8530) [재산세] 경정청구에 관한 문의 (1) / 답변1 첨부1
  + [3020] ntt=39152 (8529) [취득세] 가설건축물 명의변경 취득세 환급 문의 (1) / 답변1 첨부1
  + [3021] ntt=39150 (8528) [취득세] 신협이 골프연습장으로 사용하는 부동산을 고유업.. (1) / 답변1 첨부1
  + [3022] ntt=39148 (8527) [취득세] 연부취득 해당 유무 문의 (1) / 답변1 첨부1
  + [3023] ntt=39146 (8526) [지방세징수법] 한정상속인의 자동차세 납부 및 공매에 대해서 .. (1) / 답변1 첨부1
  + [3024] ntt=39144 (8525) [취득세] 창업중소기업의 업종범위 한정 문의 (1) / 답변1 첨부1
  + [3025] ntt=39143 (8524) [취득세] 특정유증에 따른 증여 취득세율 중과 여부 (4) / 답변4 첨부2
  + [3026] ntt=39140 (8523) [취득세] 본점의 지방 이전에 대한 감면 시 초과액 문의 (1) / 답변1 첨부1
  + [3027] ntt=39139 (8522) [취득세] 토지수용에 따른 대수선시 대체취득 감면 적용 .. (1) / 답변1 첨부1
  + [3028] ntt=39136 (8521) [취득세] 산업단지 준공 전 공공시설용지 부분에 대한 비.. (1) / 답변1 첨부1
  + [3029] ntt=39135 (8520) [취득세] 친환경차량 충전시설 취득세 관련 질의 (2) / 답변2 첨부1
  + [3030] ntt=39130 (8519) [취득세] [재신청] 판결문에의한 리스차량 강제이전의 경.. (1) / 답변1 첨부1
  + [3031] ntt=39128 (8518) [재산세] 수탁자가 임대사업을 하는 경우에 대해서 문의드.. (3) / 답변3 첨부1
  + [3032] ntt=39127 (8517) [재산세] 농어촌공사 소유의 부지에 공원으로 조성된 부분.. (1) / 답변1 첨부1
  + [3033] ntt=39121 (8516) [지방세징수법] 자동차 지분으로 압류했을경우 압류해제 관련 (1) / 답변1 첨부1
  + [3034] ntt=39119 (8515) [취득세] 대출주선수수료의 과표 포함 여부 (1) / 답변1 첨부1
  + [3035] ntt=39117 (8514) [재산세] 건축물 시설부분 별도합산과세, 종합합산과세 문.. (1) / 답변1 첨부1
  + [3036] ntt=39116 (8513) [취득세] 장애인 감면 차량 자녀 교육문제(특수학급 배정.. (1) / 답변1 첨부3
  + [3037] ntt=39111 (8512) [취득세] 대위 등기 이후 실종자 지분 이전시 취득세 발.. (1) / 답변1 첨부1
  + [3038] ntt=39110 (8511) [재산세] 산업단지개발사업시행자가 소유하고 있는 미분양 .. (1) / 답변1 첨부1
  + [3039] ntt=39108 (8510) [재산세] 유흥주점 지역자원시설세 문의.. 도와주세요 ㅠ.. (1) / 답변1 첨부1
  + [3040] ntt=39104 (8509) [취득세] 미준공 건축물 사용승인시 납세의무자 판단 (1) / 답변1 첨부1
  + [3041] ntt=39103 (8508) [재산세] 과세기준일 현재 공실인 경우 재산세 현황과세 .. (1) / 답변1 첨부1
  + [3042] ntt=39102 (8507) [취득세] 항만 하역장비 중 이동식 로딩암(Loading.. (1) / 답변1 첨부2
  + [3043] ntt=39097 (8506) [자동차세] 도난신고 차량 비과세 감면 여부 (1) / 답변1 첨부1
  + [3044] ntt=39094 (8505) [취득세] 물적분할 후 추징사유에 해당되는지 여부 (1) / 답변1 첨부1
  + [3045] ntt=39092 (8504) [재산세] 공장구역 내 지하수 시설 지역자원시설세 중과 .. (1) / 답변1 첨부1
[page 319 완료] 누적 신규 3045건  (이 게시판 저장 총 9,545건)
  + [3046] ntt=39091 (8503) [재산세] 대형쇼핑센터건물이 부설주차장으로 등록되지 않은.. (1) / 답변1 첨부1
  + [3047] ntt=39089 (8502) [지방소득세] 환급처리와 관련한 문의 (1) / 답변1 첨부1
  + [3048] ntt=39087 (8501) [재산세] 민사소송 판결문에 따른 재산세 납세의무자 판단 (1) / 답변1 첨부1
  + [3049] ntt=39085 (8500) [취득세] 미완성 건물이 있는 토지 공매 (1) / 답변1 첨부1
  + [3050] ntt=39082 (8499) [취득세] 기한 후 상속 신고 후 상속이 안되서 부동산특.. (1) / 답변1 첨부1
  + [3051] ntt=39081 (8498) [재산세] 공장용 건축물의 부속토지 관련 질의 (1) / 답변1 첨부1
  + [3052] ntt=39080 (8497) [재산세] 재산세(비과세 대상 여부) 관련 상담 요청합니.. (1) / 답변1 첨부1
  + [3053] ntt=39079 (8496) [취득세] 교단 명의로 등록된 아파트를 각 지회교회 담임.. (1) / 답변1 첨부1
  + [3054] ntt=39077 (8495) [지방세징수법] 채무자회생법에 따른 징수유예 (1) / 답변1 첨부1
  + [3055] ntt=39075 (8494) [자동차세] 장애인 소유 자동차 감면 가능 여부 확인 (1) / 답변1 첨부1
  + [3056] ntt=39071 (8493) [재산세] 재단법인으로 등록된 종교단체의 종교목적 직접사.. (1) / 답변1 첨부1
  + [3057] ntt=39069 (8492) [등록면허세] 신고분 등록면허세(면허) 과세요령 질의 (1) / 답변1 첨부1
  + [3058] ntt=39066 (8491) [자동차세] 세대분리 후 다른 차량의 감면가능여부 (1) / 답변1 첨부1
  + [3059] ntt=39065 (8490) [취득세] 미준공 건물 및 토지 취득세 세율문의 (1) / 답변1 첨부1
  + [3060] ntt=39063 (8489) [지방세징수법] 결손처분에 대해서 질문있습니다. (1) / 답변1 첨부1
  + [3061] ntt=39058 (8488) [지방소득세] 지방소득세(양도소득분) 토지 수용에 의한 추가.. (1) / 답변1 첨부1
  + [3062] ntt=39054 (8487) [취득세] 일시적2주택으로 주택 취득 후 이혼 성립 (1) / 답변1 첨부1
  + [3063] ntt=39052 (8486) [취득세] 취득세 신탁재산의 귀속 후 최초분양 감면요건에.. (1) / 답변1 첨부1
  + [3064] ntt=39050 (8485) [취득세] 판결문에의한 리스차량 강제이전의 경우 취득시기.. (1) / 답변1 첨부1
  + [3065] ntt=39047 (8484) [취득세] 창업중소기업  업종 추가 여부 판단 (1) / 답변1 첨부1
  + [3066] ntt=39044 (8483) [재산세] 2020년 12월 개정 관련한 산업단지 분리과.. (1) / 답변1 첨부1
  + [3067] ntt=39043 (8482) [자동차세] 장애인 2인 공동명의  후 세대분리시 자동차세.. (1) / 답변1 첨부1
  + [3068] ntt=39042 (8481) [취득세] 미등기 상속재산 상속인 사망 (1) / 답변1 첨부1
  + [3069] ntt=39040 (8480) [취득세] 취득세 과세대상 여부 문의 (2) / 답변2 첨부1
  + [3070] ntt=39039 (8479) [등록면허세] 등록면허세 면허분  납부에 대해 여쭤봅니다 (1) / 답변1
  + [3071] ntt=39037 (8478) [취득세] 토지수용감면질의올립니다 (1) / 답변1 첨부1
  + [3072] ntt=39036 (8477) [취득세] 분양권 취득세 관련 (1) / 답변1 첨부1
  + [3073] ntt=39032 (8476) [지방세징수법] 신탁등기용 납세증명서 발급가능 여부 (1) / 답변1 첨부1
  + [3074] ntt=39031 (8475) [취득세] 농업협동조합 고유목적 사용 취득세 감면 (1) / 답변1 첨부1
  + [3075] ntt=39028 (8474) [취득세] 주택을 교환취득할 때 주택세율 적용 관련 (1) / 답변1 첨부1
[page 320 완료] 누적 신규 3075건  (이 게시판 저장 총 9,575건)
  + [3076] ntt=39021 (8473) [재산세] 소액부징수에 대한 불복청구(이의신청) 기산일 .. (1) / 답변1 첨부1
  + [3077] ntt=39018 (8472) [취득세] 미등기물건, 재차상속 시 취득 관련 질의 (1) / 답변1 첨부1
  + [3078] ntt=39016 (8471) [기타] 회생채권의 신고누락으로 인한 면책 관련 질문입.. (1) / 답변1 첨부1
  + [3079] ntt=39015 (8470) [기타] 회생으로 등록되지 못한 채권에 대해 추가질문 .. (1) / 답변1 첨부1
  + [3080] ntt=39014 (8469) [재산세] 신탁재산의 환급 (1) / 답변1 첨부1
  + [3081] ntt=39012 (8468) [취득세] 상속 취득세 문의 (1) / 답변1 첨부1
  + [3082] ntt=39011 (8467) [취득세] 재개발 일반분양시 잔금의 10%는 준공이후 지.. (1) / 답변1 첨부1
  + [3083] ntt=39010 (8466) [취득세] 이동식쉘터 취득세 과세여부 (1) / 답변1 첨부1
  + [3084] ntt=39009 (8465) [자동차세] 자동차세 구조변경 시 자동차세 과세 (1) / 답변1 첨부1
  + [3085] ntt=39008 (8464) [지방세특례제한법] 산업단지 감면 가능여부 문의 (1) / 답변1 첨부1
  + [3086] ntt=39007 (8463) [재산세] 기산일이 모호함 (1) / 답변1 첨부1
  + [3087] ntt=39005 (8462) [취득세] 귀농인 감면 문의 (1) / 답변1 첨부1
  + [3088] ntt=38986 (8461) [취득세] 가설건축물 연장에 따른 취득세 재부과? (1) / 답변1 첨부1
  + [3089] ntt=38985 (8460) [기타] 회생채권으로 등록되지 못한 조세채권에 관한 질.. (1) / 답변1 첨부1
  + [3090] ntt=38984 (8459) [지방소득세] 2019년도귀속 이전 개인지방소득세에 대한 결.. (1) / 답변1 첨부1
  + [3091] ntt=38983 (8458) [취득세] 법인장부로 사실상 취득이 입증되는 경우 계약 .. (1) / 답변1 첨부1
  + [3092] ntt=38982 (8457) [취득세] 토지수용 대체취득 감면과 자경농민 감면이 동시.. (1) / 답변1 첨부1
  + [3093] ntt=38980 (8456) [재산세] 재개발지역 미철거된 주택을 주택분 재산세 과세 (1) / 답변1 첨부1
  + [3094] ntt=38976 (8455) [취득세] 기계장비를 폐기물처리업체로 소유권 이전 시 지.. (1) / 답변1 첨부1
    [retry 1/3] ReadTimeout
  + [3095] ntt=38973 (8454) [취득세] 취득세 과세 대상 여부 문의 (2) / 답변2 첨부1
  + [3096] ntt=38972 (8453) [취득세] 기부채납에대한 문의입니다. (1) / 답변1 첨부1
  + [3097] ntt=38971 (8452) [취득세] 농업법인 감면 추징에 따른 정당한 사유 (1) / 답변1 첨부1
  + [3098] ntt=38966 (8451) [재산세] 수시분 재산세가 과세예고통지 및 과세전적부심사.. (1) / 답변1 첨부1
  + [3099] ntt=38962 (8450) [취득세] 취득세 신고 후 지분비율을 변동하여 등기된 경.. (1) / 답변1 첨부1
  + [3100] ntt=38947 (8449) [주민세] 사회복지법인 관련 주민세 감면 (1) / 답변1 첨부1
  + [3101] ntt=38946 (8448) [취득세] 가스필터 등 생산설비로 보아 비과세로 판단해도.. (1) / 답변1 첨부1
  + [3102] ntt=38945 (8447) [재산세] 화해권고결정문에 따른 소유비율 정정 여부 (1) / 답변1 첨부1
  + [3103] ntt=38944 (8446) [취득세] 적격합병으로 보아 차량 취득세를 감면할 수 있.. (1) / 답변1 첨부1
  + [3104] ntt=38942 (8445) [등록면허세] 등록면허세(면허) 비과세 문의 (1) / 답변1 첨부1
  + [3105] ntt=38939 (8444) [지방세기본법] 정보공개 청구 공개 대상 과세자료 범위 질의 (1) / 답변1 첨부1
[page 321 완료] 누적 신규 3105건  (이 게시판 저장 총 9,605건)
  + [3106] ntt=38938 (8443) [지방소득세] 2019년도 이전 귀속 개인지방소득세에 대한 .. (1) / 답변1 첨부1
  + [3107] ntt=38933 (8442) [취득세] 농업법인 설립 현물출자시 취득세 감면가능 여부 (1) / 답변1 첨부1
  + [3108] ntt=38932 (8441) [취득세] 합병 감면 사업용재산 신탁이전시 추징해당 여부 (1) / 답변1 첨부1
  + [3109] ntt=38926 (8440) [재산세] 재산세 임대요건에 대한 문의 드립니다. (1) / 답변1 첨부1
  + [3110] ntt=38924 (8439) [취득세] 이혼판결 이전(이혼소송중)에 취득한 물건 환급.. (1) / 답변1 첨부1
  + [3111] ntt=38921 (8438) [취득세] 교환 보충금 지급 (2) / 답변2 첨부1
  + [3112] ntt=38919 (8437) [재산세] 분리과세 대상인지 확인 부탁드립니다. (1) / 답변1 첨부1
  + [3113] ntt=38914 (8436) [취득세] 지방세법시행령 제28조의5 제3항에 대한 재질.. (1) / 답변1 첨부1
  + [3114] ntt=38906 (8435) [취득세] 과점주주 집단 해소 후 새로운 과점주주 집단 .. (1) / 답변1 첨부1
  + [3115] ntt=38905 (8434) [재산세] [재산세] 상속개시재산 주된상속자 문의 (1) / 답변1 첨부1
  + [3116] ntt=38902 (8433) [취득세] 78조(산업단지 등에 대한 감면) 4항 관련 .. (1) / 답변1 첨부1
  + [3117] ntt=38897 (8432) [재산세] 판결문에 따른 재산세 납세의무자 문의드립니다. (1) / 답변1 첨부1
  + [3118] ntt=38895 (8431) [재산세] 지방세특례제한법 제31조의3 1항에 대한 문의.. (1) / 답변1 첨부1
  + [3119] ntt=38893 (8430) [취득세] 분양형 토지신탁계약에 의한 쟁점 부동산 신축 .. (1) / 답변1 첨부1
  + [3120] ntt=38889 (8429) [취득세] 화해권고 결정에 따른 분양대금 정정으로 환급 .. (1) / 답변1 첨부1
  + [3121] ntt=38888 (8428) [취득세] 종전 취득세 납세의무 여부 문의(현물출자 관련.. (1) / 답변1 첨부1
  + [3122] ntt=38887 (8427) [등록면허세] 대수선 관련 면허세 질의 (1) / 답변1 첨부1
  + [3123] ntt=38881 (8426) [등록면허세] 창업중소기업 감면문의입니다. (1) / 답변1 첨부1
  + [3124] ntt=38876 (8425) [취득세] 유류분반환청구권자의 상속인 취득시기 질의 (1) / 답변1 첨부1
  + [3125] ntt=38874 (8424) [취득세] 공유물 분할 및 초과지분 세율 (1) / 답변1 첨부1
  + [3126] ntt=38873 (8423) [취득세] 다주택자 주택의 부속토지 증여시 취득세 문의 (1) / 답변1
  + [3127] ntt=38872 (8422) [취득세] 상속 미신고에 따른 취득세 신고·납부 여부 (1) / 답변1 첨부1
  + [3128] ntt=38869 (8421) [취득세] 무단대수선 취득세율 문의 (1) / 답변1 첨부1
  + [3129] ntt=38861 (8420) [취득세] 지특법 78조(산업단지 등에 대한 감면) 4항.. (1) / 답변1 첨부1
  + [3130] ntt=38860 (8419) [취득세] 합의해제로 인한 취득세 추징 및 환급 문의 (1) / 답변1 첨부1
  + [3131] ntt=38858 (8418) [재산세] 철거 진행 중에 있는 주택 재산세 부과 여부 (1) / 답변1 첨부1
  + [3132] ntt=38853 (8417) [재산세] 소규모주택 정비에 따른 사업계획 승인 (1) / 답변1 첨부1
  + [3133] ntt=38849 (8416) [지방세징수법] 공동명의 자동차 공매 시 배분금액 배분방법 (1) / 답변1 첨부1
  + [3134] ntt=38846 (8415) [취득세] 해외체류신고 시 별도세대 인정 관련 문의 (1) / 답변1 첨부1
  + [3135] ntt=38843 (8414) [취득세] 종중 과점주주 간주취득세 납세의무 성립관련 (1) / 답변1 첨부1
[page 322 완료] 누적 신규 3135건  (이 게시판 저장 총 9,635건)
  + [3136] ntt=38842 (8413) [취득세] 중가산세 적용 질의 (1) / 답변1 첨부1
  + [3137] ntt=38841 (8412) [취득세] 회사 내부적인 업무협의 및 내부적인 사용계획등.. (1) / 답변1 첨부1
  + [3138] ntt=38838 (8411) [지방세징수법] 정보공개 청구 대상에 포함되는 지 여부 (1) / 답변1 첨부1
  + [3139] ntt=38837 (8410) [지방소득세] 양도소득세 이월과세 신청에 대하여 지방소득세 .. (1) / 답변1 첨부1
  + [3140] ntt=38836 (8409) [취득세] 조직변경으로 해산한 법인의 미신고 취득세 과세.. (1) / 답변1 첨부1
  + [3141] ntt=38834 (8408) [재산세] 읍면에 소재한 공장용 건축물의 부속토지 과세대.. (2) / 답변2 첨부1
  + [3142] ntt=38832 (8407) [재산세] 2020년 12월 산단감면 개정에 따른 산업단.. (1) / 답변1 첨부1
  + [3143] ntt=38828 (8406) [재산세] 지방세법 시행령 제101조 제1항 관련 질의 (1) / 답변1 첨부1
  + [3144] ntt=38825 (8405) [취득세] 토지 취득세 과세표준 산입 여부 등 (1) / 답변1 첨부1
  + [3145] ntt=38821 (8404) [재산세] 지방세특례제한법 제78조 제4항 관련 소급 적.. (1) / 답변1 첨부1
  + [3146] ntt=38814 (8403) [취득세] 대위등기에 취득세 가산세 문의드립니다. (1) / 답변1 첨부1
  + [3147] ntt=38812 (8402) [재산세] 학술단체 및 장학단체에 대한 감면에 대하여 질.. (1) / 답변1 첨부2
  + [3148] ntt=38804 (8401) [취득세] 잇닿아 있는 구ㆍ시ㆍ읍ㆍ면 지역 해석 문의(지.. (1) / 답변1 첨부1
  + [3149] ntt=38802 (8400) [지방세특례제한법] 지장물 과표산입여부 재질의 (1) / 답변1 첨부1
  + [3150] ntt=38800 (8399) [재산세] 렌터카 차고지 답변에 대한 재질의 (1) / 답변1 첨부1
  + [3151] ntt=38799 (8398) [취득세] 대체취득 관련 문의 드립니다. (1) / 답변1
  + [3152] ntt=38797 (8397) [취득세] 양도담보 조건 아파트 취득세 (1) / 답변1 첨부1
  + [3153] ntt=38796 (8396) [취득세] 소유권이전등기 판결에 따른 유증의 취득 시기 .. (1) / 답변1 첨부1
  + [3154] ntt=38795 (8395) [취득세] 취득세 감면 상담 신청 드립니다. (1) / 답변1 첨부1
  + [3155] ntt=38794 (8394) [취득세] 차량 명의이전 등록 후 취득신고 시 신고한 매.. (1) / 답변1 첨부1
  + [3156] ntt=38792 (8393) [지방소득세] 과세표준 조정에 따른 경정시 가산금, 중가산금.. (1) / 답변1 첨부1
  + [3157] ntt=38791 (8392) [재산세] 주택건설사업자가 주택을 건설하기 위해 취득한 .. (1) / 답변1 첨부1
  + [3158] ntt=38790 (8391) [지방소득세] 양도소득 합산신고에 대해서 (1) / 답변1 첨부1
  + [3159] ntt=38788 (8390) [취득세] 어린이집과 떨어진 임야를 자연학습체험으로 감면.. (1) / 답변1 첨부1
  + [3160] ntt=38785 (8389) [지방세징수법] 한정승인 공동지분 차량 공매처분 관련 질의 (1) / 답변1 첨부1
  + [3161] ntt=38784 (8388) [재산세] 납세의무자 변동신고 (1) / 답변1 첨부1
  + [3162] ntt=38776 (8387) [취득세] 주택조합 일반분양분 토지 취득세 납세의무 문의 (1) / 답변1 첨부1
  + [3163] ntt=38774 (8386) [자동차세] 자동차세 중 장애인이 대표소유자인 경우 세대분.. (1) / 답변1 첨부1
    [retry 1/3] ReadTimeout
  + [3164] ntt=38771 (8385) [재산세] 미등기상속의 대위등기 (1) / 답변1 첨부1
  + [3165] ntt=38769 (8384) [취득세] 차량취득세 국가유공자 구조변경 감면 (1) / 답변1 첨부1
[page 323 완료] 누적 신규 3165건  (이 게시판 저장 총 9,665건)
  + [3166] ntt=38768 (8383) [재산세] 물류단지(산업단지와 떨어진 별도의 장소에 조성.. (1) / 답변1 첨부1
  + [3167] ntt=38767 (8382) [취득세] 가압장 시설에 대한 취득세 (1) / 답변1 첨부1
  + [3168] ntt=38765 (8381) [재산세] 종교단체 묘지의 비과세 해당 여부 (1) / 답변1
  + [3169] ntt=38763 (8380) [등록면허세] 공유토지분할에 관한 특례법에 따른 공유물분할(.. (1) / 답변1 첨부1
  + [3170] ntt=38760 (8379) [취득세] 창업중소기업 감면(“사업자등록을 안한 종전의 .. (1) / 답변1 첨부1
  + [3171] ntt=38758 (8378) [취득세] 상속 1가구 1주택 감면에 대해서 문의드립니다.. (1) / 답변1 첨부1
  + [3172] ntt=38756 (8377) [재산세] 잔금지급의 의미에 대한 재질의 (1) / 답변1 첨부1
  + [3173] ntt=38755 (8376) [재산세] 재산세 과세대상(주택, 토지)와 토지세율 문의.. (1) / 답변1 첨부1
  + [3174] ntt=38750 (8375) [재산세] 개발제한구역 내 동식물관련시설의 부속토지 과세.. (1) / 답변1 첨부1
  + [3175] ntt=38745 (8374) [재산세] 렌터카 차고지 (1) / 답변1 첨부1
  + [3176] ntt=38744 (8373) [취득세] 창업중소기업 감면 관련 상담요청드립니다. (1) / 답변1 첨부1
    [retry 1/3] ReadTimeout
  + [3177] ntt=38742 (8372) [재산세] 산업단지조성공사 준공인가후 산업단지개발사업시행.. (1) / 답변1 첨부1
  + [3178] ntt=38741 (8371) [주민세] 주민세 사업소분 납세의무자 여부 질의합니다. (1) / 답변1 첨부1
  + [3179] ntt=38739 (8370) [재산세] 시가표준액 대형창고의 정의 (2) / 답변2 첨부1
  + [3180] ntt=38737 (8369) [취득세] 환지예정지 취득세 과세표준 질의 (1) / 답변1 첨부1
  + [3181] ntt=38736 (8368) [재산세] 재산세 과세대상(주택, 토지)와 토지세율 문의.. (1) / 답변1 첨부1
  + [3182] ntt=38732 (8367) [자동차세] 같은  주소상의 건물 안에서 층만다른 경우에 .. (1) / 답변1 첨부1
  + [3183] ntt=38728 (8366) [재산세] 레일이 깔려 있지 않은 조선대도 재산세 과세대.. (1) / 답변1 첨부1
  + [3184] ntt=38725 (8365) [취득세] 생애최초 주택구입 취득세 감면 대상이 될 수 .. (1) / 답변1 첨부1
  + [3185] ntt=38724 (8364) [취득세] 창업감면 해당여부 (1) / 답변1 첨부1
  + [3186] ntt=38722 (8363) [취득세] 상속 미신고 후 매도한 경우의 가산세 여부 (1) / 답변1 첨부1
  + [3187] ntt=38719 (8362) [지방소득세] 비영리내국법인의 토지수용에 따른 자산양도시 과.. (1) / 답변1 첨부1
  + [3188] ntt=38715 (8361) [취득세] 신탁재산의 증축 원시취득 시 취득세 감면 문의 (2) / 답변2 첨부1
  + [3189] ntt=38714 (8360) [지방세특례제한법] 창업중소기업감면의 '사업의 확장'에 대한 질의 (1) / 답변1 첨부1
  + [3190] ntt=38710 (8359) [취득세] 시설물 취득세 과세여부 문의 (1) / 답변1 첨부2
  + [3191] ntt=38708 (8358) [취득세] 생애최초 취득세 감면 추징 (1) / 답변1 첨부1
  + [3192] ntt=38707 (8357) [재산세] 공시송달 문의 (2) / 답변2
  + [3193] ntt=38705 (8356) [재산세] 분리과세 대상 여부 (1) / 답변1 첨부1
  + [3194] ntt=38704 (8355) [취득세] 지장물 보상금 과표산입 여부 (1) / 답변1 첨부1
  + [3195] ntt=38703 (8354) [지방세특례제한법] 부재부동산 소유자에 해당하는지 (1) / 답변1 첨부1
[page 324 완료] 누적 신규 3195건  (이 게시판 저장 총 9,695건)
  + [3196] ntt=38700 (8353) [세외수입] 공유수면점사용료 허가권 압류 (1) / 답변1 첨부1
  + [3197] ntt=38699 (8352) [취득세] 상속재산에 피보전권리 이혼에 따른 재산분할청구.. (1) / 답변1 첨부1
  + [3198] ntt=38692 (8351) [자동차세] 상속인에 대한 자동차세 (1) / 답변1 첨부1
  + [3199] ntt=38691 (8350) [재산세] 비닐하우스(구조:철파이프조, 용도:상점)에 대.. (1) / 답변1 첨부1
  + [3200] ntt=38689 (8349) [지방소득세] 법인지방소득세 경정청구 처리에 관한 질의 (1) / 답변1 첨부1
  + [3201] ntt=38688 (8348) [취득세] 증여계약 합의해제시 일시적2주택의 처분조건에 .. (1) / 답변1 첨부1
  + [3202] ntt=38687 (8347) [등록면허세] 선박에 대한 마력 변경이 등록면허세 비과세 대.. (1) / 답변1 첨부1
  + [3203] ntt=38686 (8346) [재산세] 종중 소유의 주택을 건축물 시가 표준액 지침서.. (1) / 답변1 첨부1
  + [3204] ntt=38678 (8345) [재산세] 공부상 주택이나 펜션 현황 과세 가능 여부 (1) / 답변1 첨부1
  + [3205] ntt=38676 (8344) [취득세] 경정청구 등 해당여부 (1) / 답변1 첨부1
  + [3206] ntt=38670 (8343) [재산세] 등록전환된 토지의 현황지목 여부 문의드립니다. (1) / 답변1
  + [3207] ntt=38669 (8342) [취득세] 건설자금이자 (1) / 답변1 첨부1
  + [3208] ntt=38668 (8341) [지방세특례제한법] 창업중소기업 감면 대상 업종인지 여부 (1) / 답변1 첨부1
  + [3209] ntt=38667 (8340) [재산세] 가설건축물 관련 재산세 납세자 (1) / 답변1 첨부1
  + [3210] ntt=38666 (8339) [재산세] 재산분할 취득신고 후 재산세 납세의무자 대해 .. (1) / 답변1 첨부1
  + [3211] ntt=38662 (8338) [취득세] 간접비용 취득세 과세표준 포함여부 및 방법 질.. (1) / 답변1 첨부1
  + [3212] ntt=38661 (8337) [재산세] 착오발견으로 인한 집합건물의 소유권대지권 말소.. (1) / 답변1 첨부1
  + [3213] ntt=38660 (8336) [취득세] [연번8293 추가상담] 상속 미협의 부동산 .. (1) / 답변1 첨부1
  + [3214] ntt=38656 (8335) [취득세] 수탁자 변경에 따른 신수탁자에게 신축 취득세 .. (1) / 답변1 첨부1
  + [3215] ntt=38654 (8334) [자동차세] 자동차세 장애인 감면 문의 (1) / 답변1 첨부1
  + [3216] ntt=38652 (8333) [재산세] 무허가 주택에 대한 재산세  납세의무자 (1) / 답변1 첨부1
  + [3217] ntt=38651 (8332) [취득세] 과밀억제권역 안 취득 중과 (1) / 답변1 첨부1
  + [3218] ntt=38647 (8331) [주민세] (재질의8279번)법인균등할 주민세 세율적용에.. (1) / 답변1 첨부1
  + [3219] ntt=38644 (8330) [취득세] 지역농업협동조합의 토지 취득과 관련하여 1년이.. (1) / 답변1 첨부1
  + [3220] ntt=38638 (8329) [지방세징수법] 미지급배당금에 관한 질의 (1) / 답변1 첨부1
  + [3221] ntt=38637 (8328) [재산세] 과세기준일 현재 상속등기가 되지 아니하여 직권.. (1) / 답변1 첨부1
  + [3222] ntt=38636 (8327) [취득세] 신탁을 통한 쟁점 부동산 신축비용에 대한 건설.. (1) / 답변1 첨부1
  + [3223] ntt=38631 (8326) [취득세] 일시적 2주택에 대해 문의 드립니다. (1) / 답변1 첨부1
  + [3224] ntt=38629 (8325) [재산세] 분양형 노인복지주택의 재산세(주택분) 부과 여.. (1) / 답변1 첨부1
  + [3225] ntt=38625 (8324) [자동차세] 자동차세 대체취득 (1) / 답변1 첨부1
[page 325 완료] 누적 신규 3225건  (이 게시판 저장 총 9,725건)
  + [3226] ntt=38616 (8323) [재산세] 무허가주택 부속토지 산정문의 (1) / 답변1 첨부1
  + [3227] ntt=38612 (8322) [취득세] 취득당시의 현황에 따른 부과 관련 문의 (1) / 답변1 첨부1
  + [3228] ntt=38611 (8321) [취득세] 조합원아파트 관련 취득세 문의 (1) / 답변1 첨부1
  + [3229] ntt=38610 (8320) [재산세] 상속인이 재산세 과세기준일 이후에 사망한 경우.. (1) / 답변1 첨부1
  + [3230] ntt=38607 (8319) [주민세] 지목변경 연면적 주민세 사업소분 포함 여부 (1) / 답변1 첨부1
  + [3231] ntt=38606 (8318) [지방세징수법] 연대납세의무자 보상금 추심 (1) / 답변1 첨부1
  + [3232] ntt=38604 (8317) [재산세] 세차시설로 사용 중인 토지의 지방세법 106조.. (1) / 답변1 첨부1
  + [3233] ntt=38603 (8316) [주민세] 주민세 사업소분 문의 (1) / 답변1 첨부1
  + [3234] ntt=38602 (8315) [취득세] 지방세법시행령 제28조의5 제3항 일시적2주택.. (1) / 답변1 첨부1
  + [3235] ntt=38601 (8314) [취득세] 일시적2주택 신규주택 합의해제로 소유권말소시 .. (1) / 답변1 첨부1
  + [3236] ntt=38595 (8313) [취득세] 추가상담(NO8243)-취득세 미과세대상이 포.. (1) / 답변1 첨부1
  + [3237] ntt=38590 (8312) [기타] 환급금 공탁 (1) / 답변1 첨부1
  + [3238] ntt=38584 (8311) [취득세] 지방세특례제한법 제58조의3 제2항 - (창업.. (1) / 답변1 첨부1
  + [3239] ntt=38577 (8310) [취득세] 증여 취득세 과세표준 문의 (1) / 답변1 첨부1
  + [3240] ntt=38574 (8309) [취득세] 과점주주 취득세 과세 여부(재질의) (1) / 답변1 첨부1
  + [3241] ntt=38572 (8308) [취득세] 교환거래로 주택 취득 시 취득세율 적용 문의 .. (1) / 답변1 첨부1
  + [3242] ntt=38560 (8307) [재산세] 재산세(토지), 지역자원시설세 중과 대상 여부 (1) / 답변1 첨부1
  + [3243] ntt=38558 (8306) [취득세] 건설자금이자의 담보물에 따라 과표 산입 여부가.. (1) / 답변1 첨부1
  + [3244] ntt=38555 (8305) [지방세기본법] 신탁회사에 물적납세의무 부과 (1) / 답변1 첨부1
  + [3245] ntt=38552 (8304) [등록면허세] 촉탁등기 등록세 부과 문의 (1) / 답변1 첨부1
  + [3246] ntt=38551 (8303) [지방세징수법] 직장급여 추심요청을 거부한 사업장 (1) / 답변1 첨부1
  + [3247] ntt=38549 (8302) [재산세] 재산세 부과취소(제척기간), 수시부과에 대해 .. (1) / 답변1 첨부1
  + [3248] ntt=38545 (8301) [취득세] 지특법11조2항의 부동산 범위 질의 (1) / 답변1 첨부1
  + [3249] ntt=38543 (8300) [취득세] 결혼예정 30세미만 취득세 중과세 문의입니다. (1) / 답변1 첨부1
  + [3250] ntt=38542 (8299) [재산세] 재산세 감액관련 문의드립니다. (1) / 답변1 첨부1
  + [3251] ntt=38541 (8298) [지방세특례제한법] 농업협동조합 감면 사후관리 (1) / 답변1 첨부1
  + [3252] ntt=38540 (8297) [재산세] 도시계획 일몰제 도래로 인한 공백시기 재산세 .. (1) / 답변1 첨부1
  + [3253] ntt=38538 (8296) [재산세] 1필지에 여러동의 건물(주택.주택외)이 있는경.. (1) / 답변1 첨부1
  + [3254] ntt=38536 (8295) [취득세] 지정지역과 일시적 2주택 문의 드립니다. (1) / 답변1 첨부1
  + [3255] ntt=38533 (8294) [취득세] 상속 미협의 부동산 점유시효 취득에 따른 취등.. (1) / 답변1 첨부1
[page 326 완료] 누적 신규 3255건  (이 게시판 저장 총 9,755건)
  + [3256] ntt=38532 (8293) [재산세] 실질 소유권 분쟁이 있는 토지에 대한 재산세 .. (1) / 답변1 첨부1
  + [3257] ntt=38528 (8292) [취득세] 산업단지(공장용 건축물 임대) 감면 해당 여부 (1) / 답변1 첨부1
  + [3258] ntt=38527 (8291) [취득세] 취득세 명의신탁 질의합니다. (1) / 답변1 첨부1
  + [3259] ntt=38524 (8290) [취득세] 법인의 인수합병시 취득세 감면 가능여부 (1) / 답변1 첨부1
  + [3260] ntt=38522 (8289) [취득세] 일시적2주택  1년 내 처분에 해당하는지 여부.. (1) / 답변1 첨부1
  + [3261] ntt=38521 (8288) [지방소득세] 2018년 귀속 개인지방소득세(종합소득) 부과.. (1) / 답변1 첨부1
  + [3262] ntt=38514 (8287) [취득세] 자경농민 감면 가능 여부 및 추징(직불제 확인.. (1) / 답변1 첨부1
  + [3263] ntt=38507 (8286) [취득세] 과점주주 취득세 과세 여부 (1) / 답변1 첨부1
  + [3264] ntt=38503 (8285) [취득세] 지방세특례제한법 시행령 제34조 문의(수용 시.. (1) / 답변1 첨부2
  + [3265] ntt=38501 (8284) [취득세] 무료노인복지시설 직접사용 조건 판단 문의 (1) / 답변1 첨부1
  + [3266] ntt=38498 (8283) [지방세특례제한법] 자경농민 감면 적용 가능 여부 (1) / 답변1 첨부1
  + [3267] ntt=38495 (8282) [재산세] 토지수용으로 인한 공탁 시 취득 시기 및 재산.. (1) / 답변1 첨부1
  + [3268] ntt=38493 (8281) [취득세] 귀농인 취득세 감면 농지의 추징 질의입니다. (1) / 답변1 첨부1
  + [3269] ntt=38489 (8280) [주민세] 주민세(법인균등분) 세율 적용에 관한 질의 (1) / 답변1 첨부1
  + [3270] ntt=38485 (8279) [취득세] 어린이집 직접사용 요건 충족 여부 판정 기준 .. (1) / 답변1 첨부1
  + [3271] ntt=38484 (8278) [취득세] 산업단지 감면 4항 2호가목(중소기업에 임대를.. (1) / 답변1 첨부1
  + [3272] ntt=38482 (8277) [재산세] 임차료를 받는 노외주차장에 대한 별도합산, 분.. (1) / 답변1 첨부1
  + [3273] ntt=38481 (8276) [취득세] 위반건축물 취득일을 사용승인 날짜로 할 수 있.. (1) / 답변1 첨부1
  + [3274] ntt=38478 (8275) [취득세] 공유지분 중 일부를 자경농민 취득세 감면을 받.. (1) / 답변1 첨부1
  + [3275] ntt=38476 (8274) [취득세] 농공단지 대체입주자에 대한 감면 문의 (1) / 답변1 첨부1
  + [3276] ntt=38474 (8273) [취득세] 개정 법령 적용 기준일 (1) / 답변1 첨부1
  + [3277] ntt=38473 (8272) [등록면허세] 등록면허세(등록) 환급문의 (1) / 답변1 첨부1
  + [3278] ntt=38466 (8271) [지방세특례제한법] 자경농민 인정 여부 (1) / 답변1 첨부1
  + [3279] ntt=38464 (8270) [지방세특례제한법] 부재부동산 소유자 해당 여부 (3) / 답변3 첨부1
  + [3280] ntt=38462 (8269) [취득세] 학교법인 부동산 취득세 감면 추징 관련, 정당.. (1) / 답변1 첨부2
  + [3281] ntt=38461 (8268) [취득세] 리스회사의 지분을 취득하여 과점주주가 된 경우.. (1) / 답변1 첨부1
  + [3282] ntt=38460 (8267) [지방세기본법] 조세심판 청구대상 질의 (1) / 답변1 첨부1
  + [3283] ntt=38454 (8266) [취득세] 가설건축물 취득세 관련 질의입니다. (1) / 답변1 첨부1
  + [3284] ntt=38450 (8265) [취득세] 창업벤처중소기업 감면 적용 문의 (1) / 답변1 첨부1
  + [3285] ntt=38449 (8264) [취득세] 현물출자시 사업용고정산으로 볼수 있는 지 여부.. (1) / 답변1 첨부1
[page 327 완료] 누적 신규 3285건  (이 게시판 저장 총 9,785건)
  + [3286] ntt=38443 (8263) [지방소득세] (연번 8244에 대한 추가질의)19년 이전 .. (1) / 답변1 첨부1
  + [3287] ntt=38441 (8262) [재산세] 지적재조사로 인하여 토지 면적 변경의 경우 재.. (1) / 답변1 첨부1
  + [3288] ntt=38436 (8261) [재산세] 재산세 도시지역분 세율 조례로 인한 인상 관련 (1) / 답변1 첨부1
  + [3289] ntt=38431 (8260) [등록면허세] (연번 8248 추가질의)경기도 고양시에서 서.. (1) / 답변1 첨부1
  + [3290] ntt=38426 (8259) [지방소득세] 지방소득세 납세지 적용 요령 문의드립니다. (1) / 답변1 첨부1
  + [3291] ntt=38424 (8258) [취득세] 취득세 감면 및 과소신고 추징 관련 상담 부탁.. (1) / 답변1 첨부1
  + [3292] ntt=38423 (8257) [재산세] 유언검인조서에 따른 재산세 납세의무 (1) / 답변1 첨부1
  + [3293] ntt=38420 (8256) [취득세] 종교단체가 정당한 사유 없이 그 취득일부터 3.. (1) / 답변1 첨부2
  + [3294] ntt=38419 (8255) [지방세기본법] 과세정보의 제공에 대하여 (1) / 답변1 첨부1
  + [3295] ntt=38418 (8254) [취득세] 산업단지 감면 토지(4항)3년이내 준공만 하였.. (1) / 답변1 첨부1
  + [3296] ntt=38417 (8253) [지방세기본법] 법인세 환급사유가 착오초과납부인 경우, 법인지.. (1) / 답변1 첨부1
  + [3297] ntt=38415 (8252) [취득세] 농업법인의 농지 지분 현물 출자 (1) / 답변1 첨부1
  + [3298] ntt=38412 (8251) [취득세] 단독주택으로 준공이 된 건축물에 대해 노인복지.. (1) / 답변1 첨부1
  + [3299] ntt=38402 (8250) [취득세] 취득세-주택가격산출방법에 대해 질의드립니다 (1) / 답변1 첨부1
  + [3300] ntt=38401 (8249) [등록면허세] 경기도 고양시에서 서울시 마포구 전입에 따른 .. (1) / 답변1 첨부2
  + [3301] ntt=38400 (8248) [지방세징수법] 예금 압류 관련 (1) / 답변1 첨부1
  + [3302] ntt=38398 (8247) [재산세] 재산세 납세의무자 문의 드립니다. (2) / 답변2 첨부1
  + [3303] ntt=38397 (8246) [취득세] 주택건설사업자 중과세 제외 (1) / 답변1 첨부1
  + [3304] ntt=38393 (8245) [지방소득세] 19년귀속 이전의 지방소득세(종합) 납세지 문.. (1) / 답변1 첨부1
  + [3305] ntt=38382 (8244) [취득세] 취득세 미과세대상이 포함되어 있으나 취득가액을.. (1) / 답변1 첨부1
  + [3306] ntt=38379 (8243) [재산세] 지방세 이의신청 접수 후 당초부과건에 대해서 .. (1) / 답변1 첨부1
  + [3307] ntt=38377 (8242) [등록면허세] 등록면허세(면허) 관련 질의 (1) / 답변1 첨부1
  + [3308] ntt=38373 (8241) [취득세] 매도인 사망일과 매수인 등기일이 같은 날인경우.. (1) / 답변1 첨부1
  + [3309] ntt=38371 (8240) [취득세] 전동지게차 감면 가능 여부 (1) / 답변1 첨부1
  + [3310] ntt=38370 (8239) [재산세] 산업단지 사업시행자가 직접사용하기 위한 목적으.. (1) / 답변1 첨부1
  + [3311] ntt=38369 (8238) [취득세] 한국토지주택공사 임대목적 부동산 취득세 감면 .. (1) / 답변1 첨부1
  + [3312] ntt=38367 (8237) [취득세] 수목원 지목변경 취득세 납세의무 관련 문의드립.. (1) / 답변1 첨부1
  + [3313] ntt=38365 (8236) [취득세] 후발적 사유에 의한 감액 경정 여부 (1) / 답변1 첨부1
  + [3314] ntt=38361 (8235) [주민세] 주민세 사업소분 질의 (1) / 답변1 첨부1
  + [3315] ntt=38358 (8234) [지방소득세] 개인지방소득세 과세 가능 여부 질의 (1) / 답변1 첨부1
[page 328 완료] 누적 신규 3315건  (이 게시판 저장 총 9,815건)
  + [3316] ntt=38353 (8233) [재산세] 일방 당사자의 주장만으로 납세의무자 변동신고를.. (1) / 답변1 첨부1
  + [3317] ntt=38351 (8232) [지방세특례제한법] 지특법 제58조의 3 창업감면 (2) / 답변2 첨부1
  + [3318] ntt=38346 (8231) [취득세] 가설건축물 명의변경 취득세 질의(신탁관련) (1) / 답변1 첨부1
    [retry 1/3] ReadTimeout
  + [3319] ntt=38331 (8230) [취득세] 법인차량 취득세 과세표준 문의입니다. (1) / 답변1 첨부1
  + [3320] ntt=38328 (8229) [취득세] 화재보험이 부동산 취득 과세표준에 포함될 수 .. (1) / 답변1 첨부1
  + [3321] ntt=38327 (8228) [재산세] 재산세 관련 소유 지분 계산 및 취득세 신고 .. (1) / 답변1 첨부2
  + [3322] ntt=38325 (8227) [취득세] 임대사업자 감면 추징 문의 (1) / 답변1 첨부1
  + [3323] ntt=38319 (8226) [재산세] 재산세 현황 과세 관련 질의 입니다. (1) / 답변1 첨부1
  + [3324] ntt=38310 (8225) [재산세] 잔금지급의 의마 (1) / 답변1 첨부1
  + [3325] ntt=38293 (8224) [지방소득세] 비영리법인의 원천징수세액 환급 가능 여부 (1) / 답변1 첨부1
  + [3326] ntt=38289 (8223) [취득세] 선박 총톤수 변경 취득세 문의 (1) / 답변1
  + [3327] ntt=38286 (8222) [취득세] 재외국민거주자 목사 사택 취득세 부과 여부 (1) / 답변1
  + [3328] ntt=38284 (8221) [지방세기본법] 부과결정일을 언제로 보아야 할지에 대한 문의 (1) / 답변1 첨부1
  + [3329] ntt=38282 (8220) [재산세] 재산세 직권과세 관련 재질의[8212번]입니다.. (2) / 답변2 첨부1
  + [3330] ntt=38277 (8219) [취득세] 생애최초 주택구입 취득세 감면 시 주택수 판단.. (1) / 답변1 첨부1
  + [3331] ntt=38274 (8218) [취득세] 부담부 증여 인정가능 여부 문의 (1) / 답변1 첨부1
  + [3332] ntt=38267 (8217) [취득세] 조정지역내 2주택자가 교환거래로 주택을 취득할.. (1) / 답변1 첨부1
  + [3333] ntt=38265 (8216) [취득세] 도시개발법상 환지예정지에 대한 무상증여시 시가.. (1) / 답변1
  + [3334] ntt=38264 (8215) [취득세] 수용개시일 이전 보상금을 지급한 공탁예정 토지.. (1) / 답변1 첨부1
  + [3335] ntt=38262 (8214) [지방세징수법] 자동차 압류의 해제 문의 (1) / 답변1
  + [3336] ntt=38261 (8213) [재산세] 직권과세된 재산세에 대한 납부 불만 (2) / 답변2 첨부1
  + [3337] ntt=38258 (8212) [지방소득세] 사망자의 지방소득세(종합소득) 환급금 발생 (1) / 답변1 첨부1
  + [3338] ntt=38256 (8211) [재산세] 재산세는 납부불성실가산세가 안붙는 이유 (1) / 답변1 첨부1
  + [3339] ntt=38252 (8210) [취득세] 지특법 제31조 임대주택 감면 (1) / 답변1 첨부1
  + [3340] ntt=38251 (8209) [취득세] 야구장 잔디공사 비용 취득세 신고대상 여부 질.. (1) / 답변1 첨부1
  + [3341] ntt=38250 (8208) [취득세] 휴양콘도미니엄을 별장으로 간주하여 취득세및 재.. (1) / 답변1 첨부1
  + [3342] ntt=38249 (8207) [재산세] 주차장 건축물의 시가표준액 무벽 감산율 적용 .. (1) / 답변1 첨부1
  + [3343] ntt=38242 (8206) [취득세] 자경농민 감면 추징 관련 문의 (다른용도 사용.. (1) / 답변1 첨부1
  + [3344] ntt=38239 (8205) [취득세] 산업건물 신축을 조건으로 감면받은 토지 추징에.. (1) / 답변1 첨부1
  + [3345] ntt=38238 (8204) [취득세] 폐수집수조의 지붕교체 공사가 시설의 개수에 해.. (1) / 답변1 첨부2
[page 329 완료] 누적 신규 3345건  (이 게시판 저장 총 9,845건)
  + [3346] ntt=38236 (8203) [취득세] 서민주택 감면 후 합의해제로 인한 감면분 추징.. (1) / 답변1 첨부1
  + [3347] ntt=38233 (8202) [취득세] 포괄유증 (1) / 답변1 첨부1
  + [3348] ntt=38226 (8201) [등록면허세] 등록면허세(면허분) 가설건축물축조연장신고 문의.. (2) / 답변2 첨부1
  + [3349] ntt=38225 (8200) [취득세] 창업중소기업 관련~ (1) / 답변1 첨부1
  + [3350] ntt=38223 (8199) [취득세] 친환경자동차 충전시설 이전시 취득세 과세? (1) / 답변1
  + [3351] ntt=38219 (8198) [취득세] 사찰 내 잔디밭인 경우 보아 취득세 추징 대상.. (1) / 답변1 첨부2
  + [3352] ntt=38217 (8197) [취득세] 렌탈(영업용) 전동 지게차(건설기계관리법상 등.. (2) / 답변2 첨부1
  + [3353] ntt=38211 (8196) [취득세] 직계존비속간 부동산 매매의 경우 대가지급사실 .. (1) / 답변1 첨부1
  + [3354] ntt=38207 (8195) [취득세] 주택건설사업자 중과 제외분 추징 (1) / 답변1 첨부1
  + [3355] ntt=38203 (8194) [지방세징수법] 신탁계약종료 이후에 신탁물건체납을 원인으로 수.. (1) / 답변1 첨부1
  + [3356] ntt=38201 (8193) [취득세] 직계존비속간 부동산 매매의 경우 대가지급사실 .. (1) / 답변1 첨부1
  + [3357] ntt=38196 (8192) [세외수입] 공탁금 회수와 관련된 질의 (1) / 답변1 첨부1
  + [3358] ntt=38195 (8191) [취득세] 가족관계등록부에 등재되지 않은 친자가 있는 경.. (1) / 답변1 첨부1
  + [3359] ntt=38194 (8190) [취득세] 전동 지게차(건설기계관리법상 등록의무가 없는 .. (1) / 답변1
  + [3360] ntt=38173 (8189) [취득세] 법인 자산을 개인이 취득시 계정별 원장의 유형.. (1) / 답변1 첨부1
  + [3361] ntt=38171 (8188) [취득세] 일시적 2주택 수정신고 납기 (1) / 답변1 첨부1
  + [3362] ntt=38166 (8187) [주민세] 주민세(종업원분) 신고납부 문의 (1) / 답변1 첨부1
  + [3363] ntt=38164 (8186) [자동차세] 자동차 멸실소멸차량 대상여부로 질문드립니다. (1) / 답변1 첨부1
  + [3364] ntt=38161 (8185) [지방세특례제한법] 산업단지 감면 관련 상담 (1) / 답변1 첨부1
  + [3365] ntt=38159 (8184) [취득세] 신축 건축물 취득세 신고시 타인 소유 농지전용.. (1) / 답변1 첨부1
  + [3366] ntt=38155 (8183) [취득세] 취득금액 안분문의 (1) / 답변1 첨부1
  + [3367] ntt=38149 (8182) [지방세특례제한법] 제57조의2 제3항 제5호 임대사업 중소기업 .. (1) / 답변1 첨부1
  + [3368] ntt=38147 (8181) [재산세] 재산세고지서 및 체납안내문 반송으로 송달불능된.. (1) / 답변1 첨부1
  + [3369] ntt=38146 (8180) [취득세] 자동차 추징  '등록일'의 기산일 (1) / 답변1 첨부1
  + [3370] ntt=38141 (8179) [등록면허세] 개발행위허가 기간변경에 따른 등록면허세(면허).. (1) / 답변1 첨부1
  + [3371] ntt=38140 (8178) [취득세] 조정을 갈음하는 결정에 따른 취득세의 부과방법.. (1) / 답변1 첨부1
  + [3372] ntt=38139 (8177) [취득세] 일시적2주택 신고후 추가로 신규주택 취득시, .. (1) / 답변1 첨부1
  + [3373] ntt=38138 (8176) [취득세] 도시개발사업 공사완료 공고 후 농지세율 적용요.. (1) / 답변1 첨부1
  + [3374] ntt=38136 (8175) [취득세] 연대납세의무 적용 대상자 문의 (1) / 답변1 첨부1
  + [3375] ntt=38135 (8174) [취득세] 법인장부상 가격 인정과 관련한 판례 요청 (1) / 답변1 첨부1
[page 330 완료] 누적 신규 3375건  (이 게시판 저장 총 9,875건)
  + [3376] ntt=38134 (8173) [취득세] 집합건물의 대지권 취득세 관련 (1) / 답변1 첨부1
  + [3377] ntt=38133 (8172) [취득세] 버섯재배사 지목변경 취득세 (1) / 답변1 첨부1
  + [3378] ntt=38132 (8171) [주민세] 주민세(종업원분) 가산세 면제 가능여부 질의 (1) / 답변1 첨부1
  + [3379] ntt=38129 (8170) [취득세] 농업회사법인 토지수용에 따른 3년이내 매각 (1) / 답변1 첨부1
  + [3380] ntt=38128 (8169) [취득세] 유동화전문회사가 취득한 부동산에 대한 과세표준.. (1) / 답변1 첨부1
    [retry 1/3] ReadTimeout
  + [3381] ntt=38122 (8168) [취득세] 부동산 검인 신고 하지 않은 증여계약서, 증여.. (1) / 답변1 첨부1
  + [3382] ntt=38117 (8167) [취득세] 산업단지 감면(제78조 제4항/제5항) '정당.. (3) / 답변3 첨부1
  + [3383] ntt=38116 (8166) [취득세] 수전설비 등(구축물) 과세대상 여부 (1) / 답변1 첨부1
  + [3384] ntt=38114 (8165) [주민세] 주민세 중소기업 고용 공제 문의 (1) / 답변1 첨부1
  + [3385] ntt=38111 (8164) [주민세] 주민세 사업소분 연면적 관련 질의 (1) / 답변1 첨부1
  + [3386] ntt=38106 (8163) [주민세] 분할법인(기존법인) 주민세 종업원분 과표산정 .. (1) / 답변1 첨부1
  + [3387] ntt=38104 (8162) [취득세] 지방세법 시행령 제28조의2, 취득세 추징 관.. (1) / 답변1 첨부1
  + [3388] ntt=38103 (8161) [지방세기본법] 준등기제도의 송달효력 문의 (1) / 답변1 첨부1
  + [3389] ntt=38102 (8160) [취득세] 법인이 신축 후 공동주택 부속토지를 취득하는 .. (1) / 답변1 첨부1
  + [3390] ntt=38099 (8159) [취득세] 신탁보수 지연이자가 취득가격에 포함되는지 (1) / 답변1 첨부1
  + [3391] ntt=38097 (8158) [취득세] 구)지특법 제78조 제4항 산업단지내에서 산업.. (1) / 답변1 첨부1
  + [3392] ntt=38095 (8157) [재산세] 재산세고지서 및 체납안내문 반송으로 송달불능된.. (2) / 답변2 첨부1
  + [3393] ntt=38094 (8156) [지방소득세] 부동산매매업자의 토지등매매차익 납부지연가산세 .. (1) / 답변1 첨부1
  + [3394] ntt=38093 (8155) [재산세] 주택재개발시행자가 사업계획승인을 받고 주택건설.. (1) / 답변1 첨부1
  + [3395] ntt=38090 (8154) [취득세] 취득세 증여세율 적용인지 등록면허세 변경 적용.. (1) / 답변1 첨부1
  + [3396] ntt=38087 (8153) [취득세] 신축 공동주택 증여 시 과세표준액 문의 (1) / 답변1 첨부1
  + [3397] ntt=38085 (8152) [재산세] 축사 부속토지의 과세대상 구분처리 문의드립니다.. (1) / 답변1 첨부1
  + [3398] ntt=38079 (8151) [지방세기본법] 세무공무원의 질문검사권 질의입니다 (1) / 답변1 첨부1
  + [3399] ntt=38076 (8150) [취득세] 창업감면 추징 여부 (1) / 답변1 첨부1
  + [3400] ntt=38075 (8149) [취득세] 시유지 매입 시 특약사항 이행을 위한 지출 비.. (1) / 답변1 첨부1
  + [3401] ntt=38073 (8148) [취득세] 별장으로 볼 수 있는지 여부 (1) / 답변1 첨부1
  + [3402] ntt=38071 (8147) [취득세] 국가유공자 대체취득 관련 상담요청 드립니다 (1) / 답변1 첨부1
  + [3403] ntt=38066 (8146) [주민세] 주민세(종업원분) 환급 문의 (1) / 답변1 첨부1
  + [3404] ntt=38063 (8145) [취득세] 판결에 의한 소유권확인 세율, 취득원인, 취득.. (1) / 답변1 첨부1
  + [3405] ntt=38057 (8144) [주민세] 주민세(사업소분) 부과 기준인 "사업소"  개.. (1) / 답변1 첨부1
[page 331 완료] 누적 신규 3405건  (이 게시판 저장 총 9,905건)
  + [3406] ntt=38052 (8143) [취득세] 미등록 차량 취득세 납세지 문의 (1) / 답변1 첨부1
  + [3407] ntt=38048 (8142) [취득세] 물적분할 과세표준 적용관련 (1) / 답변1 첨부1
  + [3408] ntt=38047 (8141) [기타] 시가표준액 정정(현년도 및 과년도)에 관하여 .. (1) / 답변1 첨부1
  + [3409] ntt=38042 (8140) [자동차세] 현물출자한 자동차의 자동차세 납세자 (1) / 답변1 첨부1
  + [3410] ntt=38040 (8139) [취득세] 취득세 과세대상 잔교에 해당하는 여부 (1) / 답변1 첨부2
  + [3411] ntt=38039 (8138) [지방세징수법] 압류한 채권이 소멸되어 압류 해제 하는 경우, (1) / 답변1 첨부1
  + [3412] ntt=38038 (8137) [주민세] 중소기업 고용지원 공제 문의 (1) / 답변1 첨부1
  + [3413] ntt=38036 (8136) [기타] 산업단지 감면을 받은 재산에 대해서 분할존속법.. (1) / 답변1 첨부1
  + [3414] ntt=38034 (8135) [자동차세] 과세기준일 이후 상속이전된 자동차의 자동차세 .. (1) / 답변1 첨부1
  + [3415] ntt=38033 (8134) [재산세] 종교시설 재산세 과세여부 (1) / 답변1 첨부1
  + [3416] ntt=38020 (8133) [취득세] 조세심판결정으로 취득세 환급가산금 기산일 및 .. (1) / 답변1 첨부1
  + [3417] ntt=38018 (8132) [취득세] 녹색건축 인증 건축물에 대해 문의 드립니다. (1) / 답변1 첨부1
  + [3418] ntt=38015 (8131) [취득세] 위법건축물 납세의무자 문의 드립니다. (1) / 답변1 첨부1
  + [3419] ntt=38010 (8130) [지방세징수법] 체납처분유예 (1) / 답변1
  + [3420] ntt=38009 (8129) [취득세] 직계존비속간 교환 문의 드립니다. (1) / 답변1 첨부1
  + [3421] ntt=38006 (8128) [기타] 지입차 압류해제관련 질의 (1) / 답변1 첨부1
  + [3422] ntt=38003 (8127) [취득세] 원시취득 시 감정평가액으로 취득가액 신고 가능.. (1) / 답변1 첨부1
  + [3423] ntt=38002 (8126) [취득세] 조합원으로부터 취득하는 “토지” 중 조합원에게.. (1) / 답변1 첨부1
  + [3424] ntt=37999 (8125) [지방세특례제한법] 지특법 제178조 적용범위(제180조의2에 대.. (1) / 답변1 첨부1
  + [3425] ntt=37997 (8124) [지방세징수법] 징수유예 취소 사유와 법인 회생절차 개시결정 (1) / 답변1 첨부1
  + [3426] ntt=37992 (8123) [취득세] 지특법 제78조 제5항 추징관련 정당한 사유~ (1) / 답변1 첨부1
  + [3427] ntt=37989 (8122) [취득세] (재질의)취득세 기한연장(게시판번호:8096) (1) / 답변1 첨부1
  + [3428] ntt=37986 (8121) [주민세] 주민세 사업소분 기본세율에 관한 질문(태양광발.. (1) / 답변1 첨부1
  + [3429] ntt=37978 (8120) [취득세] 구내의 변전, 배전시설의 의미 (1) / 답변1 첨부1
  + [3430] ntt=37976 (8119) [취득세] 조정조서에 따른 판결에 의한 취득세 납부 후 .. (1) / 답변1 첨부1
  + [3431] ntt=37974 (8118) [취득세] LH가 60㎡이하의 임대주택을 건축하기 위해 .. (1) / 답변1 첨부1
  + [3432] ntt=37971 (8117) [지방세징수법] 공탁금 압류 관련 (1) / 답변1 첨부1
  + [3433] ntt=37970 (8116) [취득세] 제19조(부동산등의 일괄취득) 증여,상속을 원.. (1) / 답변1 첨부1
  + [3434] ntt=37969 (8115) [취득세] 취득세 산업단지 감면후 산업단지관리기관 환매하.. (1) / 답변1 첨부1
  + [3435] ntt=37967 (8114) [취득세] 산업단지 미완성 토지 분양시 취득의 시기 (1) / 답변1 첨부1
[page 332 완료] 누적 신규 3435건  (이 게시판 저장 총 9,935건)
  + [3436] ntt=37965 (8113) [지방세징수법] 파산과 관련한 압류, 시효결손 판단 여부 (1) / 답변1 첨부1
  + [3437] ntt=37962 (8112) [취득세] 수용으로 인한 대체취득 감면 문의(도시재생법 .. (1) / 답변1 첨부2
  + [3438] ntt=37961 (8111) [재산세] 지목이 답인 농지이나, 현황이 저수지인 토지에.. (1) / 답변1 첨부1
  + [3439] ntt=37953 (8110) [자동차세] 명의도용 관련 자동차세 부과취소 가능 여부 질.. (1) / 답변1 첨부1
  + [3440] ntt=37951 (8109) [취득세] 개인 -> 단체로 차량 이전 시 취득세 과세 .. (1) / 답변1 첨부1
  + [3441] ntt=37950 (8108) [등록면허세] 법인이 분할되어 법인 번호, 대표자가 변경되어.. (1) / 답변1 첨부1
  + [3442] ntt=37949 (8107) [취득세] 주택+부속창고 면적에 따른 농특세 과세여부 (1) / 답변1 첨부1
  + [3443] ntt=37948 (8106) [취득세] 건축물 신축 시 발생한 민원처리비 과세표준 포.. (1) / 답변1 첨부1
  + [3444] ntt=37946 (8105) [취득세] 수용 관련 대체취득 부동산 감면 질의 (1) / 답변1 첨부1
  + [3445] ntt=37943 (8104) [취득세] 생애최초 감면 추징사유에 대한 질의입니다. (1) / 답변1 첨부1
  + [3446] ntt=37941 (8103) [지방세징수법] 체납자가 사망했을 경우, 재산 압류 가능 여부 (2) / 답변2 첨부1
  + [3447] ntt=37932 (8102) [취득세] 관광지내 전망대(전망타워)가 취득세 대상이 되.. (1) / 답변1 첨부1
  + [3448] ntt=37931 (8101) [지방세기본법] 심판청구와 행정소송을 동시에 신청한 경우 전심.. (1) / 답변1 첨부1
  + [3449] ntt=37925 (8100) [취득세] 합병 후 매각에 따른 추징시 중과세율 적용 문.. (1) / 답변1 첨부1
  + [3450] ntt=37913 (8099) [지방소득세] 지방소득세(양도소득분) 통보 후 고지가 늦었을.. (1) / 답변1 첨부1
  + [3451] ntt=37907 (8098) [취득세] 피상속인 사망 후 상속인 1인 사망시 취득세 (1) / 답변1 첨부1
  + [3452] ntt=37905 (8097) [취득세] 취득세 기한연장 문의 (1) / 답변1 첨부1
  + [3453] ntt=37902 (8096) [취득세] 취득세 감면 적용 문의 드립니다. (1) / 답변1 첨부1
  + [3454] ntt=37896 (8095) [지방소득세] 법인지방소득세 가산세 감면 여부 문의 (1) / 답변1 첨부1
  + [3455] ntt=37895 (8094) [취득세] 건축물에 부착설치된 오버헤드크레인(천정기중기).. (1) / 답변1 첨부1
  + [3456] ntt=37894 (8093) [취득세] 이주자택지를 공급받아 대체취득감면 후 건축물 .. (1) / 답변1 첨부1
  + [3457] ntt=37891 (8092) [재산세] 노인주거복지시설로 쓰기 위해 대수선중인 경우 .. (1) / 답변1 첨부1
  + [3458] ntt=37889 (8091) [재산세] 재건축 중인 아파트(멸실상태) 주택임대사업자 .. (1) / 답변1 첨부1
  + [3459] ntt=37882 (8090) [취득세] 과점주주 취득세 과표 문의 (1) / 답변1 첨부1
  + [3460] ntt=37870 (8089) [기타] 기초지차제 기 세무조사건을 광역에서 세무조사시.. (1) / 답변1 첨부1
  + [3461] ntt=37866 (8088) [취득세] 법원판결에 의한 상속 취득세 문의 드립니다. (1) / 답변1 첨부1
  + [3462] ntt=37860 (8087) [취득세] 노인복지시설 감면 관련,  취득일부터 1년 내.. (1) / 답변1 첨부1
  + [3463] ntt=37856 (8086) [자동차세] 말소(멸실)된 체납차량에 대한 상속인 지정 건 (1) / 답변1 첨부1
  + [3464] ntt=37855 (8085) [취득세] 건설자금이자 토지 취득가액 포함 여부 (1) / 답변1 첨부1
  + [3465] ntt=37846 (8084) [재산세] 종교단체 재산세 감면 직접사용 범위 (1) / 답변1 첨부1
[page 333 완료] 누적 신규 3465건  (이 게시판 저장 총 9,965건)
  + [3466] ntt=37842 (8083) [취득세] 동일주소지내에 가족이 별도세대를 구성한 경우 .. (1) / 답변1 첨부1
  + [3467] ntt=37837 (8082) [취득세] (번호8060 재질의)취득 후 변경계약에 따른.. (1) / 답변1 첨부1
  + [3468] ntt=37831 (8081) [취득세] 기업부설연구소 감면 추징관련 (1) / 답변1 첨부1
  + [3469] ntt=37821 (8080) [취득세] 공부상 주택을 사실상 여인숙으로 사용하는 경우 (1) / 답변1 첨부1
  + [3470] ntt=37820 (8079) [재산세] 재산세 1세대 1주택 특례세율 적용 관련 문의.. (1) / 답변1 첨부1
  + [3471] ntt=37819 (8078) [지방세징수법] 공매 부동산 매수인 제한 대상 해당여부 질의 (1) / 답변1 첨부1
  + [3472] ntt=37815 (8077) [취득세] 법인의 대도시 내 지점설치 중과세 관련 질의올.. (1) / 답변1 첨부1
  + [3473] ntt=37808 (8076) [지방소득세] 외국납부세액 환급관련 (1) / 답변1 첨부1
  + [3474] ntt=37806 (8075) [취득세] 창업중소기업 감면 해당여부 문의(공동사업자 추.. (1) / 답변1 첨부1
  + [3475] ntt=37803 (8074) [등록면허세] 건축허가신고 후 허가신고변경사항에서 기존 연면.. (1) / 답변1 첨부1
  + [3476] ntt=37802 (8073) [취득세] 지점 설치 및 종업원분의 인적요소 충족여부 (1) / 답변1 첨부1
  + [3477] ntt=37794 (8072) [취득세] 고급주택 기준 문의 (1) / 답변1 첨부1
  + [3478] ntt=37792 (8071) [취득세] (신탁관련) 산업단지 감면관련 문의 (1) / 답변1 첨부1
  + [3479] ntt=37790 (8070) [취득세] 자동차 제작증에 구조변경금액이 따로 기재되어 .. (1) / 답변1 첨부1
  + [3480] ntt=37788 (8069) [지방세기본법] 납세의무자 및 감액(환급) 기간에 대한 질의 (1) / 답변1 첨부1
  + [3481] ntt=37785 (8068) [자동차세] 상속이전을 하지 않은 차량의 자동차세 감면 (1) / 답변1 첨부1
  + [3482] ntt=37781 (8067) [취득세] 가설건축물 취득세 관련 질의입니다. (1) / 답변1
  + [3483] ntt=37778 (8066) [지방세특례제한법] 전산군경(유공자)본인외 2명과 공동등록후 1년.. (1) / 답변1 첨부1
  + [3484] ntt=37776 (8065) [취득세] 체비지 취득세 환급가능여부 (손해배상 판결문 .. (1) / 답변1 첨부1
  + [3485] ntt=37775 (8064) [지방세징수법] 신탁재산의 압류 (1) / 답변1 첨부1
  + [3486] ntt=37771 (8063) [지방세징수법] 명의신탁 해제 후 회복된 소유권을 제3자에게 .. (1) / 답변1 첨부1
  + [3487] ntt=37770 (8062) [취득세] 취득세 문의 (1) / 답변1 첨부1
  + [3488] ntt=37768 (8061) [취득세] 취득 후 변경계약에 따른 매매금액 변경시 과세.. (1) / 답변1 첨부1
  + [3489] ntt=37767 (8060) [재산세] 재산세 납세의무자 관련 추가 질문 (1) / 답변1 첨부1
  + [3490] ntt=37764 (8059) [재산세] 직장어린이집 위탁운영 하는 경우 재산세 감면에.. (1) / 답변1 첨부1
  + [3491] ntt=37762 (8058) [등록면허세] 법인 주소변경시 차량 및 기계장비  등록면허세.. (1) / 답변1 첨부1
  + [3492] ntt=37760 (8057) [지방세특례제한법] 서민주택 추징관련(2019.1.1.추징규정 신.. (1) / 답변1 첨부2
  + [3493] ntt=37759 (8056) [취득세] 창업중소기업 감면 해당 여부 (1) / 답변1 첨부1
  + [3494] ntt=37755 (8055) [취득세] 부부간 부담부증여시 유상세율 인정 범위 (1) / 답변1 첨부1
  + [3495] ntt=37749 (8054) [재산세] 건축물 부속토지 인정 범위 (1) / 답변1 첨부2
[page 334 완료] 누적 신규 3495건  (이 게시판 저장 총 9,995건)
  + [3496] ntt=37748 (8053) [재산세] 주택건설사업에 제공되고 있는 토지에 대한 분리.. (1) / 답변1 첨부1
  + [3497] ntt=37744 (8052) [등록면허세] 지하주차장 등록면허세 부과 여부 질의 (1) / 답변1 첨부1
  + [3498] ntt=37741 (8051) [취득세] 창업중소기업 감면 관련 추징에 대한 질문입니다.. (1) / 답변1 첨부1
  + [3499] ntt=37740 (8050) [재산세] 집합건물 1호의 토지와 건축물을 별개의 과세대.. (1) / 답변1 첨부1
  + [3500] ntt=37738 (8049) [등록면허세] 면허분 등록면허세 비과세 대상 여부 질의 [지.. (1) / 답변1 첨부1
  + [3501] ntt=37736 (8048) [취득세] 임대주택 등에 대한 감면과 경과 (1) / 답변1 첨부1
  + [3502] ntt=37734 (8047) [지방세징수법] 차량 공동명의자가 지방세징수법 제60조 상의 .. (1) / 답변1 첨부1
  + [3503] ntt=37731 (8046) [취득세] 합병 감면 추징관련 문의 (1) / 답변1 첨부1
  + [3504] ntt=37730 (8045) [지방소득세] 지방소득세 양도소득분 한 해에 물건지 두개 양.. (1) / 답변1 첨부1
  + [3505] ntt=37725 (8044) [재산세] 창업중소기업 감면 질의(직접 사용) (1) / 답변1 첨부1
  + [3506] ntt=37718 (8043) [취득세] 세율특례적용시 전기, 하이브리드 감면 가능한지.. (1) / 답변1 첨부1
  + [3507] ntt=37717 (8042) [지방소득세] 가산세 감면 적용 (1) / 답변1 첨부1
  + [3508] ntt=37708 (8041) [취득세] 직계존비속간 전세보증금 부담부증여 여부 질의 (1) / 답변1 첨부1
  + [3509] ntt=37707 (8040) [취득세] 창업중소기업 감면 추징관련 질의 (1) / 답변1 첨부1
  + [3510] ntt=37705 (8039) [취득세] 특수관계에 있는 두 법인간의 거래시 과세표준 .. (1) / 답변1 첨부1
  + [3511] ntt=37702 (8038) [취득세] 선박 고장에 따른 엔진 교체가 취득세 과세대상.. (1) / 답변1 첨부1
  + [3512] ntt=37698 (8037) [취득세] 미준공 건축물 소유권 이전 (1) / 답변1 첨부1
  + [3513] ntt=37697 (8036) [등록면허세] 신고불성실 및 납부불성실 가산세 관련 (1) / 답변1 첨부1
  + [3514] ntt=37688 (8035) [취득세] 연구기관이 그 고유업무에 직접사용하기 위하여 .. (1) / 답변1 첨부1
  + [3515] ntt=37684 (8034) [취득세] 노회유지재단 구외 아파트 구입 시 기관목사 사.. (1) / 답변1 첨부1
  + [3516] ntt=37681 (8033) [취득세] 납세자 신뢰보호를 위하여 착공 당시 지특법의 .. (1) / 답변1 첨부1
  + [3517] ntt=37677 (8032) [취득세] 일시적 2주택 수정신고 관련 취득세율 및 가산.. (1) / 답변1 첨부1
  + [3518] ntt=37674 (8031) [취득세] 중고자동차 매매용 차량 폐차말소한 경우 추징대.. (1) / 답변1 첨부1
  + [3519] ntt=37672 (8030) [취득세] 자경농민 감면 가능 여부 (1) / 답변1 첨부1
  + [3520] ntt=37669 (8029) [재산세] 유흥주점 중과세 질의입니다 (1) / 답변1 첨부1
  + [3521] ntt=37659 (8028) [지방소득세] 개인지방소득세 한정승인 관련 문의드립니다. (1) / 답변1 첨부1
  + [3522] ntt=37658 (8027) [자동차세] 대포차로 신고된 차량의 멸실인정여부 (1) / 답변1 첨부1
  + [3523] ntt=37654 (8026) [재산세] 재산세 납세의무자 문의합니다. (1) / 답변1 첨부1
  + [3524] ntt=37650 (8025) [취득세] 주택신축판매업자 소유 주택의 주택 수 산정 여.. (1) / 답변1 첨부1
  + [3525] ntt=37649 (8024) [취득세] 주택 지분 상속 후 추가 지분 매매 시 취득세.. (1) / 답변1 첨부1
[page 335 완료] 누적 신규 3525건  (이 게시판 저장 총 10,025건)
  + [3526] ntt=37648 (8023) [재산세] 재산세 납세의무자 (1) / 답변1 첨부1
  + [3527] ntt=37647 (8022) [재산세] 영유아어린이집 재산세 감면 규정 중 "그 운영.. (1) / 답변1 첨부1
  + [3528] ntt=37641 (8021) [지방소득세] 법인지방소득세 결손금 소급공제 환급금 지급 후.. (1) / 답변1 첨부1
  + [3529] ntt=37636 (8020) [취득세] 산업단지 감면 후 직접 사용 시점을 어느 시점.. (1) / 답변1 첨부1
  + [3530] ntt=37629 (8019) [재산세] 종교단체  감면(창고) 문의드립니다. (1) / 답변1 첨부1
  + [3531] ntt=37623 (8018) [기타] 주거지역이외 건축물연면적 500㎡이상 변전소 .. (1) / 답변1 첨부1
  + [3532] ntt=37618 (8017) [취득세] 토지의 지목변경에 대한 과세표준 (1) / 답변1 첨부1
  + [3533] ntt=37617 (8016) [취득세] 창업중소기업 감면 적용 후 추징시 가산금 및 .. (1) / 답변1 첨부1
  + [3534] ntt=37614 (8015) [취득세] 자경농민 가능여부 (1) / 답변1 첨부1
  + [3535] ntt=37613 (8014) [기타] 주거지역이외 건축물연면적 500㎡이상 변전소 .. (1) / 답변1 첨부1
  + [3536] ntt=37612 (8013) [취득세] 1+1입주권상태에서 신규주택 취득시 일시적 2.. (1) / 답변1 첨부1
  + [3537] ntt=37597 (8012) [지방세징수법] 자동차 공매 징수촉탁 수수료 지급 (1) / 답변1 첨부2
  + [3538] ntt=37595 (8011) [취득세] 생애최초 취득세 감면 추징 관련 문의 (1) / 답변1 첨부1
  + [3539] ntt=37590 (8010) [취득세] 주택준공 이후 주택분양권 전매시 주택분양권의 .. (1) / 답변1 첨부1
  + [3540] ntt=37588 (8009) [취득세] 차량 취득세 감면( 공동명의자가 국가유공자와 .. (1) / 답변1 첨부1
  + [3541] ntt=37587 (8008) [취득세] 노인회 명의의 마을회관 취득 [7992번 답변.. (1) / 답변1 첨부1
  + [3542] ntt=37585 (8007) [취득세] 주택조합과 조합원간의 신탁 등기 납세의무 (1) / 답변1 첨부1
  + [3543] ntt=37584 (8006) [취득세] 선박의 엔진교체가 취득세 과세대상인지 여부 (1) / 답변1 첨부1
  + [3544] ntt=37583 (8005) [취득세] 대체취득으로 다자녀 감면 시 종전 감면차량의 .. (1) / 답변1 첨부1
  + [3545] ntt=37579 (8004) [재산세] 교회의 조합원 아파트 분양권(담임목사 사택 사.. (1) / 답변1 첨부1
  + [3546] ntt=37577 (8003) [재산세] 재산세 납세의무자 (1) / 답변1 첨부1
  + [3547] ntt=37570 (8002) [취득세] 정당한 사유 관련 문의 (1) / 답변1 첨부1
  + [3548] ntt=37569 (8001) [주민세] 종업원분 과세여부 (1) / 답변1 첨부1
  + [3549] ntt=37565 (8000) [취득세] 개인(매수인) 법인(매도인)과의 거래시 과세표.. (1) / 답변1 첨부1
  + [3550] ntt=37564 (7999) [취득세] 자경농민 감면 상속 관련 문의 (1) / 답변1 첨부1
  + [3551] ntt=37561 (7998) [취득세] 상속 취득시기 문의 (1) / 답변1 첨부1
  + [3552] ntt=37558 (7997) [재산세] 학술연구단체에 대한 감면에 대하여 문의드립니다.. (1) / 답변1 첨부1
  + [3553] ntt=37555 (7996) [취득세] 농업, 수산업,산림조합 고유업무 부동산의 취득.. (1) / 답변1 첨부1
  + [3554] ntt=37554 (7995) [취득세] 종교단체 부동산 취득세 추징문의 (1) / 답변1 첨부1
  + [3555] ntt=37553 (7994) [취득세] 1+1입주권상태에서 신규주택 취득시 일시적 2.. (1) / 답변1 첨부1
[page 336 완료] 누적 신규 3555건  (이 게시판 저장 총 10,055건)
  + [3556] ntt=37545 (7993) [취득세] 노인회 명의의 1층 경로당/2층 마을회관 취득 (1) / 답변1 첨부1
  + [3557] ntt=37543 (7992) [취득세] 과점주주 특수관계인 판단 및 신고납부 기한 질.. (1) / 답변1 첨부1
  + [3558] ntt=37542 (7991) [지방소득세] 지방소득세(특별징수) 가산세 산정 기준일 관련.. (1) / 답변1 첨부1
  + [3559] ntt=37541 (7990) [지방세징수법] 사해행위 취소 판결에 따른 체납처분시 징수가능.. (1) / 답변1 첨부1
  + [3560] ntt=37538 (7989) [주민세] 주민세 과세방법 문의 (1) / 답변1 첨부1
  + [3561] ntt=37537 (7988) [취득세] 상속에 따른 세율의 특례 (1) / 답변1 첨부1
  + [3562] ntt=37530 (7987) [재산세] 상속포기한 재산의 납세의무자 문의 (1) / 답변1 첨부1
  + [3563] ntt=37510 (7986) [취득세] 2년 이상 영농에 종사한 사람의 판단 기준 (1) / 답변1 첨부1
  + [3564] ntt=37509 (7985) [재산세] 재산세 납세자 변경 관련 문의 (1) / 답변1 첨부1
  + [3565] ntt=37506 (7984) [등록면허세] 지하수 개발에 따른 등록면허세(면허) 부과 취.. (1) / 답변1 첨부1
  + [3566] ntt=37503 (7983) [재산세] 철거 예정 주택에 대한 재산세 과세대상 (1) / 답변1 첨부1
  + [3567] ntt=37500 (7982) [취득세] 체비지 취득 최소납부세제 관련 질의 (1) / 답변1 첨부1
  + [3568] ntt=37497 (7981) [취득세] 수소충전장(시설)의 세율 특례 적용 여부 (1) / 답변1 첨부1
  + [3569] ntt=37491 (7980) [취득세] 건축물 원시취득 과세표준 문의 (1) / 답변1 첨부1
  + [3570] ntt=37487 (7979) [재산세] 지역자원시설세 중과 관련 질문입니다! (1) / 답변1 첨부1
  + [3571] ntt=37476 (7978) [지방세징수법] 공시송달로 납기가 연장 된 경우 고지된 지방세.. (1) / 답변1 첨부1
  + [3572] ntt=37471 (7977) [주민세] 법인 균등분 학교 법인 감면 여부 문의드립니다 (1) / 답변1 첨부1
  + [3573] ntt=37470 (7976) [취득세] 과점주주 취득세 면세점 질의드립니다. (1) / 답변1 첨부1
  + [3574] ntt=37465 (7975) [취득세] 생애최초주택 감면 (1) / 답변1 첨부1
  + [3575] ntt=37462 (7974) [재산세] 명의신탁해지에 따른 명의신탁 판결문으로 종중 .. (1) / 답변1 첨부1
  + [3576] ntt=37460 (7973) [지방세징수법] 고액체납자 명단 공개 본점 지점 구분여부 (1) / 답변1
  + [3577] ntt=37455 (7972) [취득세] 다른 용도 사용 판단 및 가산세 관련 질의 (1) / 답변1 첨부1
  + [3578] ntt=37454 (7971) [지방세특례제한법] 해당법인이 창업중소기업 감면 대상 법인에 해당.. (1) / 답변1 첨부1
  + [3579] ntt=37453 (7970) [자동차세] 대체취득에 따른 자동차세 감면 문의사항 있습니.. (1) / 답변1 첨부1
  + [3580] ntt=37451 (7969) [자동차세] 과거 사실상 멸실차량 조건을 충족한 후 일부납.. (1) / 답변1 첨부1
  + [3581] ntt=37448 (7968) [취득세] 추징 면적 계산(감면토지 합병 분할)문의 (1) / 답변1 첨부1
  + [3582] ntt=37447 (7967) [취득세] 신축 취득세 과세표준액 관련 문의 (1) / 답변1 첨부1
  + [3583] ntt=37445 (7966) [등록면허세] 국적취득에 따른 성명 및 주민등록번호 변경시 .. (1) / 답변1
  + [3584] ntt=37444 (7965) [취득세] 경정청구, 수정신고 대상 자격(재질의) (1) / 답변1 첨부1
  + [3585] ntt=37436 (7964) [취득세] 농업법인 감면 문의 (1) / 답변1 첨부1
[page 337 완료] 누적 신규 3585건  (이 게시판 저장 총 10,085건)
  + [3586] ntt=37435 (7963) [재산세] 부당이득반환금 청구 소송관련 질의입니다. (1) / 답변1 첨부1
  + [3587] ntt=37434 (7962) [자동차세] 지방세 환급금 소멸시효 (1) / 답변1 첨부1
  + [3588] ntt=37433 (7961) [취득세] 전동지게차 상품용에 대한 취득세(기계장비) 감.. (2) / 답변2 첨부1
  + [3589] ntt=37429 (7960) [지방세징수법] 타 기관 회생 중인 체납자의 재산 압류 가능 .. (1) / 답변1 첨부1
  + [3590] ntt=37425 (7959) [취득세] 발전시설 과세 관련 문의 (1) / 답변1 첨부1
  + [3591] ntt=37422 (7958) [재산세] 세부담 상한 잘못 적용 시 추징(제척기간 관련.. (1) / 답변1 첨부1
  + [3592] ntt=37417 (7957) [취득세] 증여계약 해제(미등기)에 따른 취득세 납세의무.. (1) / 답변1 첨부1
  + [3593] ntt=37413 (7956) [취득세] 3자간 명의신탁(부동산실명법 위반) 취득세 과.. (1) / 답변1 첨부1
  + [3594] ntt=37410 (7955) [재산세] 원인무효 판결(소유권이전등기)의 지방세 환급 .. (1) / 답변1 첨부1
  + [3595] ntt=37405 (7954) [취득세] 부동산 취득 전에 발생한 인테리어 등 비용이 .. (1) / 답변1 첨부1
  + [3596] ntt=37404 (7953) [자동차세] 사실상 소멸 멸실 자동차 자동차세 부과취소 조.. (2) / 답변2 첨부1
  + [3597] ntt=37398 (7952) [취득세] 취득세 산업단지 감면 임대사무실 부분 추징여부 (1) / 답변1 첨부1
  + [3598] ntt=37395 (7951) [재산세] 부당이득금 반환 청구의 소 제기 가능 여부 (1) / 답변1
    [retry 1/3] ReadTimeout
  + [3599] ntt=37391 (7950) [등록면허세] 개발행위 조건부 허가 관련, 부과 대상을 알려.. (1) / 답변1
  + [3600] ntt=37390 (7949) [재산세] 재산세 장기일반 임대주택 임대사업자 감면 추징.. (1) / 답변1 첨부1
  + [3601] ntt=37388 (7948) [재산세] 도시계획선 변경으로 감면 배제시 세부담 상한 .. (1) / 답변1 첨부1
  + [3602] ntt=37383 (7947) [취득세] 과세표준 포함여부[지연배상금] (1) / 답변1 첨부1
  + [3603] ntt=37379 (7946) [지방세특례제한법] 산업단지(농공단지) 입주기업 신증축용 부속토지.. (1) / 답변1 첨부1
  + [3604] ntt=37374 (7945) [취득세] 국가등에 귀속 또는 기부채납을 조건으로 취득하.. (1) / 답변1 첨부1
  + [3605] ntt=37373 (7944) 가설건축물 축조 후 멸실(취득세) (1) / 답변1 첨부1
  + [3606] ntt=37369 (7943) 산업단지 내 무상귀속분 취득세 (1) / 답변1 첨부1
  + [3607] ntt=37364 (7942) [재산세] 종중토지의 재산세 분리과세 가능 여부 관련 (1) / 답변1 첨부1
  + [3608] ntt=37360 (7941) [재산세] 재개발 토지에 담임목사 사택을 건축중인 경우 .. (1) / 답변1 첨부1
  + [3609] ntt=37358 (7940) 산업용 건축물 승계취득 (1) / 답변1 첨부1
  + [3610] ntt=37356 (7939) 이의신청 관련입니다 (1) / 답변1 첨부1
  + [3611] ntt=37352 (7938) 주차장으로 사실상 지목 변경한 경우 취득세(법.. (1) / 답변1 첨부1
  + [3612] ntt=37344 (7937) 어업권 등 지방세 감면 문의 (1) / 답변1 첨부1
  + [3613] ntt=37343 (7936) 경정청구, 수정신고 대상 자격 (1) / 답변1 첨부1
  + [3614] ntt=37341 (7935) 장애인차량 자동차세 감면대상 환급금 소멸시효 (2) / 답변2 첨부1
  + [3615] ntt=37338 (7934) 주민세(재산분) 환급 문의 (1) / 답변1 첨부1
[page 338 완료] 누적 신규 3615건  (이 게시판 저장 총 10,115건)
  + [3616] ntt=37336 (7933) 납세자보호관의 업무·권한  등 문의합니다. (1) / 답변1 첨부1
  + [3617] ntt=37333 (7932) 공공기관 건축을 위해 인근토지를 공사용자재의 .. (1) / 답변1 첨부2
  + [3618] ntt=37325 (7931) 피공탁자가 공탁금 수령 하여 공탁자에게 반환하.. (2) / 답변2 첨부1
  + [3619] ntt=37321 (7930) 토지취득 후 건물을 신축하는 과정에서 발생한 .. (1) / 답변1 첨부1
  + [3620] ntt=37310 (7929) 재산세 임대감면 추가 문의 드립니다. (1) / 답변1 첨부1
  + [3621] ntt=37305 (7928) 수탁자의 재산세 납세의무 문의 (1) / 답변1 첨부1
  + [3622] ntt=37295 (7927) 기업부설연구소 소유와 토지소유가 다른 경우 (1) / 답변1 첨부1
  + [3623] ntt=37291 (7926) 지특법 제31조3 질의합니다. (1) / 답변1 첨부1
  + [3624] ntt=37286 (7925) 농업회사법인 주민세(사업소분-기본세액제외) 면.. (1) / 답변1 첨부1
  + [3625] ntt=37284 (7924) 창업중소기업 해당 여부 (1) / 답변1 첨부1
  + [3626] ntt=37278 (7923) 주민세 정기분 송달의 효력 (1) / 답변1 첨부1
  + [3627] ntt=37276 (7922) 장애인 자동차세 감면 (1) / 답변1 첨부1
  + [3628] ntt=37270 (7921) 법인지방소득세 결손금 소급공제 관련(안분율) (1) / 답변1 첨부1
  + [3629] ntt=37268 (7920) 불법건축물에 부과된 재산세 체납으로 인한 압류.. (1) / 답변1 첨부1
  + [3630] ntt=37262 (7919) 지특법 제31조제4항 관련 재산세 감면 문의입.. (1) / 답변1 첨부1
  + [3631] ntt=37260 (7918) 공동납세자 중 한명이 사망한 경우 등록면허세(.. (1) / 답변1 첨부1
  + [3632] ntt=37252 (7917) 상속재산 취득세의 가산세 (1) / 답변1 첨부1
  + [3633] ntt=37246 (7916) 관광진흥법 시행령 개정에 따른 여행업 등록면허.. (1) / 답변1 첨부2
  + [3634] ntt=37231 (7915) 산업단지 조성중인 토지 재산세 감면 (1) / 답변1 첨부1
  + [3635] ntt=37230 (7914) 시설물 취득세 과세대상 여부 (1) / 답변1 첨부1
  + [3636] ntt=37229 (7913) 도시개발사업 공사완료 공고가 나지 않은 시점에.. (1) / 답변1 첨부1
  + [3637] ntt=37228 (7912) 배당요구종기일 이후의 당해세라 하더라도 배당을.. (1) / 답변1 첨부1
  + [3638] ntt=37219 (7911) 지식산업센터 설립에 따른 취득세 감면질의 (1) / 답변1 첨부1
  + [3639] ntt=37215 (7910) 차량 혼인 직전 세대분리인 경우 부득이한 사유.. (1) / 답변1 첨부1
  + [3640] ntt=37209 (7909) 재산세 비과세인 유지 관련 문의 (1) / 답변1 첨부1
  + [3641] ntt=37208 (7908) 온라인 자동차 매매정보제공자 등록 관련 등록면.. (1) / 답변1 첨부1
  + [3642] ntt=37205 (7907) 법인지방소득세 기납부세액 처리문의 (1) / 답변1 첨부1
  + [3643] ntt=37198 (7906) 자동차세 장애인 감면  후 신규차량 취득세 착.. (1) / 답변1 첨부1
  + [3644] ntt=37195 (7905) 산업단지 배후단지에 대에 지특법 제78조제2항.. (1) / 답변1 첨부1
  + [3645] ntt=37194 (7904) 독립세 전환 전 사업년도에 대한 법인지방소득세.. (1) / 답변1 첨부1
[page 339 완료] 누적 신규 3645건  (이 게시판 저장 총 10,145건)
  + [3646] ntt=37189 (7903) 채권자대위에 의한 납부확인서 발급 또는 취득세.. (1) / 답변1 첨부1
  + [3647] ntt=37185 (7902) 약 20년 전 도난 신고한 차량에 대한 감액 .. (1) / 답변1 첨부1
  + [3648] ntt=37183 (7901) 재산세 임대감면 문의 드립니다. (1) / 답변1 첨부1
  + [3649] ntt=37182 (7900) 산업단지등에서 산업용지 토지를 취득후 해당용도.. (1) / 답변1 첨부1
  + [3650] ntt=37181 (7899) 상속등기 후 유증을 원인으로 한 소유권이전등기.. (1) / 답변1 첨부1
  + [3651] ntt=37177 (7898) 유흥주점 중과세 질의입니다 (1) / 답변1 첨부1
  + [3652] ntt=37173 (7897) 공공주택지구 내 학교용지 과세 질의 (1) / 답변1 첨부1
  + [3653] ntt=37170 (7896) A법인의 과점주주개인이  A법인에게 주식증여시.. (1) / 답변1 첨부1
  + [3654] ntt=37163 (7895) 신탁 부동산에 대한 체납처분 (1) / 답변1 첨부1
  + [3655] ntt=37161 (7894) 농업회사법인 감면 질의 (1) / 답변1 첨부2
  + [3656] ntt=37160 (7893) 무효소송중인 조정조서를 바탕으로 취득세신고서를.. (1) / 답변1 첨부1
  + [3657] ntt=37156 (7892) 소각 목적으로 취득한 골프회원권의 취득세 납세.. (1) / 답변1 첨부1
  + [3658] ntt=37152 (7891) 장애인 차량 취득세 감면 관련해서 문의드립니다.. (1) / 답변1 첨부1
  + [3659] ntt=37151 (7890) 법인과 개인 간 부동산 매매거래시 과세표준 질.. (1) / 답변1 첨부1
    [retry 1/3] ReadTimeout
  + [3660] ntt=37150 (7889) 소유권이전등기 후 계약 변경(매매금액 감소)에.. (1) / 답변1 첨부1
  + [3661] ntt=37148 (7888) 종중 소유 토지 분리과세 여부 (1) / 답변1 첨부1
  + [3662] ntt=37146 (7887) 적격합병으로 승계받아 취득한 부동산의 감면받은.. (1) / 답변1 첨부1
  + [3663] ntt=37138 (7886) 소유권이전등기 미 이행으로 인한 대위등기 취득.. (1) / 답변1 첨부1
  + [3664] ntt=37136 (7885) 불법체류자의 급여를 종업원분 과세대상으로 포함.. (1) / 답변1 첨부1
  + [3665] ntt=37135 (7884) 불법건축물 컨테이너의 취득세 납세의무자는? (1) / 답변1
  + [3666] ntt=37132 (7883) 30세 미만 세대분리된 자녀 소득 인정 여부 (1) / 답변1 첨부1
  + [3667] ntt=37129 (7882) 가동중인 공장의 지특법 산업단지 조성중인토지 .. (1) / 답변1 첨부1
  + [3668] ntt=37128 (7881) 취득 1년 후 감면조항 수정신고 가능 할까요? (1) / 답변1 첨부1
  + [3669] ntt=37122 (7880) 생애최초 주택 구입에 대한 감면 후 주민등록상.. (1) / 답변1 첨부1
  + [3670] ntt=37121 (7879) [긴급]지방공사가 취득한 기부채납 토지 관련 .. (1) / 답변1 첨부1
  + [3671] ntt=37119 (7878) 산업단지조성용 토지 재산세 감면 (1) / 답변1 첨부1
  + [3672] ntt=37115 (7877) 지특법 57조의2 제4항 사업용고정자산의 법위 (1) / 답변1 첨부1
  + [3673] ntt=37112 (7876) 다자녀 취득세 감면차량과 장애인 취득세 감면차.. (1) / 답변1 첨부1
  + [3674] ntt=37111 (7875) 건축물 신축후 취득일 이후 발생된 비용에 대한.. (1) / 답변1 첨부1
  + [3675] ntt=37110 (7874) 과점주주 간주취득세 과세대상 비율 산정 문의 (1) / 답변1 첨부1
[page 340 완료] 누적 신규 3675건  (이 게시판 저장 총 10,175건)
  + [3676] ntt=37107 (7873) 창업중소기업이 다른 장소에서 동종업종 영위시 .. (1) / 답변1 첨부1
  + [3677] ntt=37101 (7872) 대포차량 소유자의 자동차세 부과취소 및 실사용.. (1) / 답변1 첨부1
  + [3678] ntt=37100 (7871) 도시지역분 과세대상 여부 (1) / 답변1 첨부1
  + [3679] ntt=37098 (7870) 기 감면된 취득세 추징 시 가산세 적용 관련 .. (1) / 답변1 첨부1
  + [3680] ntt=37094 (7869) 도시개발사업의 시행자가 한국토지주택공사일 경우.. (1) / 답변1 첨부1
  + [3681] ntt=37093 (7868) 사회적 기업에 대한 감면 여부 (1) / 답변1 첨부1
  + [3682] ntt=37089 (7867) 불법건축물(파이프천막) 취득세 납세의무자는 누.. (1) / 답변1 첨부1
  + [3683] ntt=37087 (7866) 산업단지 분양계약 권리의무승계 취득세 납세의무 (1) / 답변1 첨부1
  + [3684] ntt=37084 (7865) 조합의 과점주주 취득세 납세의무 (1) / 답변1 첨부1
  + [3685] ntt=37080 (7864) 공동명의로 창업감면 받은 후 한사람만 사업을 .. (1) / 답변1 첨부1
  + [3686] ntt=37072 (7863) 고급주택 (1) / 답변1 첨부1
  + [3687] ntt=37070 (7862) 사망자에 대한 보상금 압류가능여부 (1) / 답변1 첨부1
  + [3688] ntt=37067 (7861) 취득세 주택수산정제외 대상포함여부 및 종전세율.. (1) / 답변1 첨부1
  + [3689] ntt=37064 (7860) 등록면허세(면허) 화물자동차운송사업 관련 문의 (1) / 답변1 첨부1
  + [3690] ntt=37063 (7859) 건축물 부속토지 문의합니다 (1) / 답변1 첨부1
  + [3691] ntt=37060 (7858) 상속지분 판결에 의한 주된상속자에게 부과된 재.. (1) / 답변1 첨부1
  + [3692] ntt=37059 (7857) 신탁 관련 재산세 납세의무자 (1) / 답변1 첨부1
  + [3693] ntt=37057 (7856) 장학법인이 직접사용하는 부동산에 해당하는지 여.. (1) / 답변1 첨부1
  + [3694] ntt=37056 (7855) 대수선 해당여부 문의 (1) / 답변1 첨부1
  + [3695] ntt=37050 (7854) 일시적2주택 환급가산금 기산일 질의 (1) / 답변1 첨부1
  + [3696] ntt=37048 (7853) 지방소득세 연말정산 환급 차감조정 (1) / 답변1 첨부1
  + [3697] ntt=37047 (7852) 어린이집 취득세 감면 추징 사유 문의(상속으로.. (1) / 답변1 첨부1
  + [3698] ntt=37031 (7851) 재산세 과세기준일 현재 "유치원"이 "리모델링.. (1) / 답변1 첨부1
  + [3699] ntt=37023 (7850) 직계존비속간의 차용증 등 유상 인정 여부 문의 (2) / 답변2 첨부1
  + [3700] ntt=37019 (7849) 음성변환 바코드에 대한 법적 효력 문의 (1) / 답변1 첨부1
  + [3701] ntt=37005 (7848) 연부취득 가산세 부과 질의 (1) / 답변1 첨부1
  + [3702] ntt=37004 (7847) 임대등록 주택 임대사업자 취득세 감면이 가능한.. (1) / 답변1 첨부1
  + [3703] ntt=37001 (7846) 지역자원시설세  발전용수  적용기준 (1) / 답변1 첨부1
  + [3704] ntt=36997 (7845) 산업단지 감면[집단에너지시설]후 정부 에너지정.. (1) / 답변1 첨부1
  + [3705] ntt=36988 (7844) 소사장제 개인사업자 영위중 폐업않고 법인 설립.. (1) / 답변1 첨부1
[page 341 완료] 누적 신규 3705건  (이 게시판 저장 총 10,205건)
  + [3706] ntt=36983 (7843) 일용근로소득자 비경상적 소득 여부 (1) / 답변1 첨부1
  + [3707] ntt=36981 (7842) 재신탁시 납세의무자 문의드립니다. (1) / 답변1 첨부1
  + [3708] ntt=36976 (7841) 명의신탁 마을회 관련 문의드립니다. (1) / 답변1 첨부1
  + [3709] ntt=36970 (7840) 멸실인정 차량 부과일 산정 (1) / 답변1 첨부1
  + [3710] ntt=36962 (7839) 연부 취득세 추징 및 환급 여부(취득후 매매) (1) / 답변1 첨부1
  + [3711] ntt=36954 (7838) 산업단지 예정지역(고시 승인) 내 보상이 이루.. (1) / 답변1 첨부1
  + [3712] ntt=36943 (7837) 신탁법에 의한 신탁에 따른 등록면허세 과세여부 (1) / 답변1 첨부1
  + [3713] ntt=36942 (7836) 감정평가액으로 신고 납부후 취득세 경정 가능 .. (1) / 답변1 첨부1
  + [3714] ntt=36940 (7835) 증여 후 미등기 상태에서 재차 증여가 이루어진.. (1) / 답변1 첨부1
  + [3715] ntt=36937 (7834) 재산세 과세대장 소급적용 가능 여부 (1) / 답변1 첨부1
  + [3716] ntt=36933 (7833) 용도폐지 되는 정비기반시설에 대한 무상양여  .. (1) / 답변1 첨부1
  + [3717] ntt=36930 (7832) 재산세 과세기준일 현재 호텔등급이 미결정 상태.. (1) / 답변1 첨부1
  + [3718] ntt=36927 (7831) 주택건설사업자 중과 제외 후 주택을 신축하여 .. (1) / 답변1
  + [3719] ntt=36923 (7830) 창업중소기업 판단 (1) / 답변1 첨부1
  + [3720] ntt=36917 (7829) 토지개발사업완료건 등록면허세(등록) 지상권설정.. (1) / 답변1 첨부1
  + [3721] ntt=36915 (7828) 일시적 2주택 적용 관련 질의 (1) / 답변1 첨부1
  + [3722] ntt=36913 (7827) 면적정산에 따른 환급시 환급금 납세의무자? (2) / 답변2
  + [3723] ntt=36905 (7826) 귀농 추징대상자 확인 (1) / 답변1 첨부1
  + [3724] ntt=36882 (7825) 자경농민 감면 후 농가창고를 신축함에 따라 지.. (1) / 답변1 첨부1
  + [3725] ntt=36881 (7824) 창업중소기업 감면시 해당되는 도로의 범위 질문 (1) / 답변1 첨부1
    [retry 1/3] ReadTimeout
  + [3726] ntt=36876 (7823) 부동산 특별조치법 소유권이전 시 등록세, 취득.. (1) / 답변1 첨부1
  + [3727] ntt=36875 (7822) 양도소득에 대한 개인지방소득세 과세이연 적용 .. (1) / 답변1 첨부1
  + [3728] ntt=36874 (7821) 가설건축물 기부채납 문의 (1) / 답변1 첨부1
  + [3729] ntt=36873 (7820) 신탁재산에 대한 기업합병 감면 적용 여부 (1) / 답변1 첨부1
  + [3730] ntt=36863 (7819) 1차 계약금 지급 후 분양계약서를 작성한 경우.. (1) / 답변1 첨부1
  + [3731] ntt=36859 (7818) 취득가액의 범위 관련 (1) / 답변1 첨부1
  + [3732] ntt=36858 (7817) 어업권 감면 적용 문의 (1) / 답변1 첨부1
  + [3733] ntt=36856 (7816) 수탁자 변경으로 인한 재계약의 경우 계약시기 .. (1) / 답변1 첨부1
  + [3734] ntt=36852 (7815) 처분신탁에 따른 부동산 취득에 대한 문의입니다.. (1) / 답변1 첨부1
  + [3735] ntt=36849 (7814) 외국법인의 부동산 취득세 관련 질의 (1) / 답변1 첨부1
[page 342 완료] 누적 신규 3735건  (이 게시판 저장 총 10,235건)
  + [3736] ntt=36848 (7813) 종교단체 면제 대상 여부 (1) / 답변1 첨부1
  + [3737] ntt=36846 (7812) 주민자치회에 대한 주민세 사업소분 과세 대상 .. (1) / 답변1 첨부1
  + [3738] ntt=36845 (7811) 법인의 지방이전 감면관련 문의 (1) / 답변1 첨부1
  + [3739] ntt=36842 (7810) 합병 취득세 감면분 추징관련 문의 (1) / 답변1 첨부1
  + [3740] ntt=36841 (7809) 명의신탁으로인한 차명부동산 상속시 상속에의한 .. (1) / 답변1 첨부1
  + [3741] ntt=36832 (7808) 법인지방소득세 간접외국납부세액 관련 (1) / 답변1 첨부1
  + [3742] ntt=36827 (7807) 자가용으로 등록한 차량의 위수탁 취득세 문의 (1) / 답변1 첨부1
  + [3743] ntt=36826 (7806) 지방세법시행령 제28조의2제8호나목6)주택신축.. (1) / 답변1 첨부1
  + [3744] ntt=36823 (7805) 주택개량 대상자의 취득세 감면의 취득세 과세표.. (1) / 답변1 첨부1
  + [3745] ntt=36820 (7804) 선박취득세 문의(세일링요트) (1) / 답변1 첨부1
  + [3746] ntt=36813 (7803) 지식산업센터 설립자 변경 토지 추징? (1) / 답변1
  + [3747] ntt=36811 (7802) 토지수용재결에 의한 금전 공탁 후 합의해제 가.. (1) / 답변1 첨부1
  + [3748] ntt=36809 (7801) 고속도로 통행료 징수시설은 주민세(사업소분)의.. (1) / 답변1 첨부1
  + [3749] ntt=36808 (7800) 임대사업자 추징관련 문의드립니다. (1) / 답변1 첨부2
  + [3750] ntt=36806 (7799) 재산세 산업단지 감면 법령 적용 시기 (1) / 답변1
  + [3751] ntt=36802 (7798) 관세사업에 대한 등록면허세(면허분) 문의드립니.. (2) / 답변2 첨부1
  + [3752] ntt=36800 (7797) 특수관계인 과점주주 제2차납세의무 지정시 지정.. (1) / 답변1 첨부1
  + [3753] ntt=36797 (7796) 과점주주 간주 취득세 신고 시 법인 유형자산 .. (1) / 답변1 첨부1
  + [3754] ntt=36788 (7795) 재산세 납세의무자 (1) / 답변1 첨부1
  + [3755] ntt=36785 (7794) 주택조합 토지취득관련 비용  과세표준 포함여부.. (2) / 답변2 첨부1
  + [3756] ntt=36782 (7793) 주택재개발정비사업조합이 취득하는 무상양여 국공.. (3) / 답변3 첨부1
  + [3757] ntt=36779 (7792) 세무서의 부당행위계산의 부인에 따른 취득세 과.. (1) / 답변1 첨부1
  + [3758] ntt=36778 (7791) 상속취득세  환급관련입니다. (1) / 답변1 첨부1
  + [3759] ntt=36774 (7790) 기계장비 지입 (1) / 답변1 첨부1
  + [3760] ntt=36772 (7789) 농업법인에 대한 감면 지특법 11조 2항 감면.. (1) / 답변1 첨부1
  + [3761] ntt=36768 (7788) 영농조합법인에서 농업회사법인으로 전환 시 취득.. (1) / 답변1 첨부1
  + [3762] ntt=36766 (7787) 위반 건축물 취득세 납세의무 성립 문의 드립니.. (1) / 답변1 첨부1
  + [3763] ntt=36765 (7786) 일반대지가 침범한 주택 때문에 주택부속토지로 .. (1) / 답변1 첨부1
  + [3764] ntt=36763 (7785) 직계존비속간 거래시 매매가액<주택공시가  일때.. (1) / 답변1 첨부1
  + [3765] ntt=36761 (7784) 완전모자회사간 합병의 경우 지방세특례제한법에 .. (1) / 답변1 첨부2
[page 343 완료] 누적 신규 3765건  (이 게시판 저장 총 10,265건)
  + [3766] ntt=36757 (7783) 집합건축물 부속 토지의 소유자간 필지 정리에 .. (1) / 답변1 첨부1
  + [3767] ntt=36756 (7782) 상속 취득세 납세의무자 문의 드립니다. (1) / 답변1 첨부1
  + [3768] ntt=36751 (7781) 무허가주택 주택 수 산정(증여 중과 관련) (1) / 답변1 첨부1
  + [3769] ntt=36750 (7780) 30세 미만 세대분리 문의 드립니다. (1) / 답변1 첨부1
  + [3770] ntt=36748 (7779) 기한 후 신고 후 미납시 가산세감면규정 적용여.. (1) / 답변1 첨부1
  + [3771] ntt=36747 (7778) 입목으로 보고 취득세 과세 가능한지 여부(입목.. (1) / 답변1 첨부1
  + [3772] ntt=36729 (7777) 지방세법 시행령 상, 등록면허세 비과세 기준 .. (1) / 답변1 첨부1
  + [3773] ntt=36726 (7776) 세외수입 부과 이의제기에 따른 효력 유무 (1) / 답변1 첨부1
  + [3774] ntt=36725 (7775) 대표자 명의 농지취득후 법인 재고자산 기장후 .. (1) / 답변1 첨부1
  + [3775] ntt=36724 (7774) 창업중소기업등에 대한 감면 가능 여부 (1) / 답변1 첨부1
  + [3776] ntt=36717 (7773) 취득시기까지 공사가 완료되지 아니한 인테리어 .. (1) / 답변1 첨부1
  + [3777] ntt=36711 (7772) 산단조성 이후 용도 폐지되는 구 도로등에 대한.. (1) / 답변1 첨부1
  + [3778] ntt=36709 (7771) 농업법인 취득세 75% 경감 가능 여부 (1) / 답변1 첨부1
  + [3779] ntt=36707 (7770) 과점주주 취득세 납세의무 성립 여부 (1) / 답변1 첨부1
  + [3780] ntt=36701 (7769) 부동산 압류해제가 가능할까요? (1) / 답변1 첨부1
  + [3781] ntt=36700 (7768) 자경농민 취득세 감면 가능한지요? (1) / 답변1 첨부1
  + [3782] ntt=36691 (7767) 대중제 골프장으로 용도지역이 개발제한구역인 도.. (1) / 답변1 첨부1
  + [3783] ntt=36683 (7766) 산업단지 지목변경 취득세 과세대상여부 및 임시.. (1) / 답변1 첨부1
  + [3784] ntt=36678 (7765) 부동산 압류해제 질의드립니다. (1) / 답변1 첨부1
  + [3785] ntt=36675 (7764) 과점주주 간주 취득세 관련 (1) / 답변1 첨부1
  + [3786] ntt=36673 (7763) 자동차세 납세자가 사망하여 상속인에게 부과하였.. (1) / 답변1 첨부1
  + [3787] ntt=36668 (7762) 후발적사유에 의한 취득세 세액경정청구 신청이 .. (1) / 답변1 첨부1
  + [3788] ntt=36666 (7761) [취득세] 만 30세 미만 자녀의 세대분리 인정 여부 (1) / 답변1 첨부1
  + [3789] ntt=36660 (7760) 국세청 법인세 조세심판결정에 의한 법인지방소득.. (2) / 답변2 첨부1
  + [3790] ntt=36654 (7759) 기 상담했던 내용중에 추가 내용이 있어 다시 .. (1) / 답변1 첨부1
  + [3791] ntt=36653 (7758) 무료노인복지시설 감면 사후관리관련 문의 (1) / 답변1 첨부1
  + [3792] ntt=36649 (7757) 공장용 건축물의 범위 (1) / 답변1 첨부1
  + [3793] ntt=36643 (7756) 지하수시설 감면 문의(어업용수도 농업용수감면을.. (1) / 답변1 첨부1
  + [3794] ntt=36641 (7755) 지특법 제31조의4 위탁관리 부동산투자회사 관.. (1) / 답변1 첨부1
  + [3795] ntt=36639 (7754) 독립세대 관련 1세대 1주택 주택 취득세율문의 (1) / 답변1 첨부1
[page 344 완료] 누적 신규 3795건  (이 게시판 저장 총 10,295건)
  + [3796] ntt=36638 (7753) 기 상담했던 내용중에 추가 내용이 있어 다시 .. (1) / 답변1 첨부1
  + [3797] ntt=36626 (7752) 지방세법시행령 제28조의2제8호나목6)주택신축.. (1) / 답변1 첨부1
  + [3798] ntt=36613 (7751) 법인 간 토지 교환 시 과세표준 및 취득시기 .. (1) / 답변1 첨부2
  + [3799] ntt=36608 (7750) 주택신축판매업자의 주택 중과 관련 질의 (1) / 답변1 첨부1
  + [3800] ntt=36607 (7749) 등기불가 건축물 취득세율 (1) / 답변1 첨부1
  + [3801] ntt=36604 (7748) 종중재산을 명의신탁으로 보는 판결문 (1) / 답변1 첨부1
  + [3802] ntt=36600 (7747) 재산세 임대사업자 감면 질의 (1) / 답변1 첨부1
  + [3803] ntt=36598 (7746) 문화재 보호구역 감면문의 (1) / 답변1 첨부1
  + [3804] ntt=36594 (7745) 지방세징수법 제25조(납기 시작 전의 징수유예.. (1) / 답변1 첨부1
  + [3805] ntt=36592 (7744) 산업단지 감면 추징 (1) / 답변1 첨부1
  + [3806] ntt=36590 (7743) 창업중소기업 추징에 관해 질문있습니다. (1) / 답변1 첨부1
  + [3807] ntt=36582 (7742) 지식산업센터 감면 가능여부 (1) / 답변1 첨부1
  + [3808] ntt=36581 (7741) 법령개정전 신탁회사 재산세 체납으로 진행한 부.. (1) / 답변1 첨부1
  + [3809] ntt=36577 (7740) 보상금 착오 납부 관련 (1) / 답변1 첨부1
  + [3810] ntt=36571 (7739) 감면 관련 문구 해석 및 중복 감면 여부 문의.. (1) / 답변1 첨부1
  + [3811] ntt=36569 (7738) 주차전용빌딩 신축후 본점이 이전한 경우 취득세.. (1) / 답변1 첨부1
  + [3812] ntt=36566 (7737) 폐업한 사립학교법인의 교지 및 건물에 대해서 .. (1) / 답변1 첨부1
  + [3813] ntt=36563 (7736) 침수주택 대체취득시 취득세 감면가능여부 (1) / 답변1 첨부1
  + [3814] ntt=36562 (7735) 호텔 위·수탁 운영자에 대한 사업소분 주민세 .. (1) / 답변1 첨부1
  + [3815] ntt=36555 (7734) 취득세 경정청구 (1) / 답변1 첨부1
  + [3816] ntt=36554 (7733) 신탁 비과세관련  문의 (1) / 답변1 첨부1
  + [3817] ntt=36549 (7732) 초과압류 금지 관련 (1) / 답변1 첨부1
  + [3818] ntt=36548 (7731) 노인장기요양보험법에 따른 재가장기요양기관이 노.. (1) / 답변1 첨부1
  + [3819] ntt=36546 (7730) 조합원의 아파트 승계취득 (1) / 답변1 첨부1
  + [3820] ntt=36544 (7729) 차량 및 이륜차 신차를 각각 취득한 후 취득세.. (1) / 답변1 첨부1
  + [3821] ntt=36541 (7728) 재산세 기부채납 관련 질문입니다. (1) / 답변1 첨부1
  + [3822] ntt=36538 (7727) 취득세를 감면받은 농업법인이 농지를 교환할 경.. (1) / 답변1 첨부1
  + [3823] ntt=36535 (7726) 상속이 개시된 부동산에 대해 제적등본 상 상속.. (1) / 답변1 첨부1
  + [3824] ntt=36523 (7725) 재가장기요양기관이 노인복지법에 따른 복지시설이.. (1) / 답변1 첨부1
  + [3825] ntt=36521 (7724) 도시계획시설(철도(지하철도 및 지하철역사))의.. (1) / 답변1 첨부1
[page 345 완료] 누적 신규 3825건  (이 게시판 저장 총 10,325건)
  + [3826] ntt=36520 (7723) 신축 법인 건축물 중과여부 (1) / 답변1 첨부1
  + [3827] ntt=36519 (7722) 아파트 지하주차장 화재로 인한 차량 대체취득 .. (1) / 답변1 첨부1
  + [3828] ntt=36517 (7721) 서울 외 농업법인의 서울 내 농지 취득 시 중.. (1) / 답변1 첨부1
  + [3829] ntt=36510 (7720) 중고 차량(상사매입차량 개인에게 이전) 취득세.. (1) / 답변1 첨부1
  + [3830] ntt=36501 (7719) 창업중소기업 감면에 해당되는지 궁금합니다. (1) / 답변1 첨부1
  + [3831] ntt=36496 (7718) 취득세 부과제척기간이 지난 등기에 대한 등록면.. (1) / 답변1 첨부1
  + [3832] ntt=36494 (7717) 정당한 사유의 해당여부 (1) / 답변1 첨부2
  + [3833] ntt=36491 (7716) 부동산 압류 이후 소유권이전말소 판결에 따른 .. (1) / 답변1 첨부1
  + [3834] ntt=36487 (7715) 사업계획승인전 신탁등기된 지역주택조합 토지의 .. (1) / 답변1 첨부1
  + [3835] ntt=36474 (7714) 주민세 사업소분 문의입니다. (1) / 답변1 첨부1
  + [3836] ntt=36469 (7713) 감면분 추징시 가산세 부과여부 (1) / 답변1 첨부1
  + [3837] ntt=36468 (7712) 무허가 건축물 납세의무자 문의 드립니다. (1) / 답변1 첨부1
  + [3838] ntt=36461 (7711) 민간개발 산업단지의 경우 국가나 자치단체로 무.. (1) / 답변1 첨부2
  + [3839] ntt=36460 (7710) 주민세 사업소분 제외 관련 질의 (1) / 답변1 첨부2
  + [3840] ntt=36456 (7709) 동지역의 농지에 용도지역 2개가 동시에 존재할.. (1) / 답변1 첨부1
  + [3841] ntt=36452 (7708) 취득세 관련 지방세 상담 신청입니다. (1) / 답변1 첨부1
  + [3842] ntt=36451 (7707) 소방서 신축 예정 토지를 공공용 재산으로 보아.. (1) / 답변1 첨부1
  + [3843] ntt=36450 (7706) 병원신축 목적 외 현재 주차장 사용(옆에 기존.. (1) / 답변1 첨부1
  + [3844] ntt=36446 (7705) 가설건축물(모델하우스) 취득후 리모델링공사 취.. (1) / 답변1 첨부1
  + [3845] ntt=36445 (7704) 선박에 주민세 사업소분 과세를 하는 것에 대하.. (1) / 답변1 첨부1
  + [3846] ntt=36442 (7703) 지방소득세 환급 기산일 문의 (1) / 답변1 첨부2
  + [3847] ntt=36440 (7702) 사업계획승인전  신탁등기된 지역주택조합 토지의.. (1) / 답변1 첨부1
  + [3848] ntt=36437 (7701) 매매거래로 취득세 신고납부 후 미등기 상태로 .. (1) / 답변1 첨부1
  + [3849] ntt=36431 (7700) 합유자 사망에 따른 취득시기와 신고기한 (1) / 답변1 첨부1
  + [3850] ntt=36418 (7699) 가설건축물 존치기간 연장신고에 따른 등록면허세.. (1) / 답변1 첨부1
  + [3851] ntt=36417 (7698) 경락공매 취득세 납세의무 성립전 신고납부에 의.. (1) / 답변1 첨부1
  + [3852] ntt=36415 (7697) 상수도관 매립지에 대한 재산세 감면 질의 (1) / 답변1 첨부1
  + [3853] ntt=36413 (7696) 상속이 완료되지 못해 처분 불가한 차량에 대한.. (1) / 답변1 첨부1
  + [3854] ntt=36412 (7695) 근저당권 설정 등기 시 등록면허세(등록) 과세.. (1) / 답변1 첨부1
  + [3855] ntt=36411 (7694) 회생개시결정이후 부과된 재산세체납액에 대한 압.. (1) / 답변1 첨부1
[page 346 완료] 누적 신규 3855건  (이 게시판 저장 총 10,355건)
  + [3856] ntt=36406 (7693) 이륜차 명의도용으로 부과된 자동차세 부과취소 .. (1) / 답변1 첨부1
  + [3857] ntt=36405 (7692) 위수탁계약을 체결한 지입차량의 체납액으로 인한.. (1) / 답변1 첨부1
  + [3858] ntt=36404 (7691) 산업단지 입주기업 추징 관련 (1) / 답변1 첨부1
  + [3859] ntt=36402 (7690) 재산세 추징 적법여부와 구제방법에 관한 문의 (1) / 답변1 첨부1
  + [3860] ntt=36398 (7689) 증여세율 문의 드립니다. (1) / 답변1 첨부1
  + [3861] ntt=36392 (7688) 재산세 1세대1주택 세율특례 적용여부 (1) / 답변1 첨부1
  + [3862] ntt=36388 (7687) 종교단체의 감면받은 부동산의 추징 여부에 대하.. (1) / 답변1 첨부2
  + [3863] ntt=36375 (7686) 기숙사관련 문의 드립니다. (1) / 답변1 첨부1
  + [3864] ntt=36374 (7685) 지방소득세 기한후신고 업무처리에 관한 건 (1) / 답변1 첨부1
  + [3865] ntt=36371 (7684) 유언공증 문의 드립니다. (1) / 답변1 첨부1
  + [3866] ntt=36369 (7683) 대위등기 완료 후 상속재분할 협의로 인한 취득.. (1) / 답변1 첨부1
  + [3867] ntt=36368 (7682) 법인이 현물출자한 부동산취득세 환부여부 (1) / 답변1 첨부1
  + [3868] ntt=36365 (7681) 기업부설연구소 추징 규정 문의 (1) / 답변1 첨부1
  + [3869] ntt=36360 (7680) 제소기간 등의 적정여부 (1) / 답변1 첨부1
  + [3870] ntt=36355 (7679) 주택 세부담 상한 적용 관련 문의 (1) / 답변1 첨부1
  + [3871] ntt=36354 (7678) 지방세특례제한법 제58조의3 7항 창업중소기업.. (1) / 답변1 첨부1
  + [3872] ntt=36348 (7677) 토지 수용에 따른 감면 적용여부 (1) / 답변1 첨부1
  + [3873] ntt=36344 (7676) 지특법 제90조 마을회가 취득하는 물건으로 볼.. (1) / 답변1 첨부1
  + [3874] ntt=36339 (7675) 창업중소기업 등에 대한 감면을 적용할 수 있는.. (1) / 답변1 첨부1
  + [3875] ntt=36338 (7674) 자경농민 판단(가족소유 임차 농지만 있는 경우.. (1) / 답변1 첨부1
  + [3876] ntt=36334 (7673) 산업단지 추징관련 재질의 (1) / 답변1 첨부1
  + [3877] ntt=36329 (7672) 폐지유형 임대주택 말소 후 매각에 대한 취득세.. (1) / 답변1 첨부1
  + [3878] ntt=36328 (7671) 취득세 시가표준액  조정관련 질의 (1) / 답변1 첨부1
  + [3879] ntt=36327 (7670) 일시적이주택 기간 계산 문의 (1) / 답변1 첨부1
  + [3880] ntt=36325 (7669) 공유물 분할 여부 (1) / 답변1
  + [3881] ntt=36324 (7668) 법인 취득세 질의 (1) / 답변1 첨부1
  + [3882] ntt=36323 (7667) 주민세 사업소분 관련 문의 (1) / 답변1 첨부1
  + [3883] ntt=36318 (7666) 농지세율적용 (1) / 답변1 첨부1
  + [3884] ntt=36313 (7665) 보상금 압류 관련 (1) / 답변1 첨부1
  + [3885] ntt=36311 (7664) 지역자원시설세 중과 문의입니다. (1) / 답변1 첨부1
[page 347 완료] 누적 신규 3885건  (이 게시판 저장 총 10,385건)
  + [3886] ntt=36308 (7663) 건축 중인 건축물 부속토지 별도합산 가능여부 .. (1) / 답변1 첨부1
  + [3887] ntt=36307 (7662) 자경농민 감면에 해당되는지 질의합니다.... (1) / 답변1 첨부1
  + [3888] ntt=36302 (7661) 산업단지 추징관련 (1) / 답변1 첨부1
  + [3889] ntt=36297 (7660) 공장용 건축물(기계장치 등) 부속토지 관련 문.. (1) / 답변1 첨부1
  + [3890] ntt=36295 (7659) 법인이 현물출자를 원인으로 취득세를 완납했을때.. (1) / 답변1 첨부1
  + [3891] ntt=36293 (7658) 이혼 시 다자녀 양육권자의 동의하에 양육권이 .. (1) / 답변1 첨부1
  + [3892] ntt=36284 (7657) 사업시행자가 신설 정비기반시설로 편입(기부채납.. (1) / 답변1 첨부1
  + [3893] ntt=36279 (7656) 상속세율특례 문의 드립니다. (1) / 답변1 첨부1
  + [3894] ntt=36276 (7655) 주민세 사업소분 신고 납부 제외에 해당하는지 .. (1) / 답변1 첨부1
  + [3895] ntt=36269 (7654) 재산세에 대한 상속포기 판결 적용 문의 (1) / 답변1 첨부1
  + [3896] ntt=36266 (7653) 흡수합병한 법인에 대한 산업단지 감면 문의드립.. (1) / 답변1 첨부1
  + [3897] ntt=36261 (7652) 취득세 신고납부후 선납할인금으로 인한 취득세 .. (1) / 답변1 첨부1
  + [3898] ntt=36260 (7651) 조세심판청구 중 지방소득세(종합소득분) 징수유.. (1) / 답변1 첨부1
  + [3899] ntt=36257 (7650) 지방세기본법 제54조 질의 (1) / 답변1 첨부1
  + [3900] ntt=36242 (7649) 취득세 세율 문의 드립니다. (1) / 답변1 첨부1
  + [3901] ntt=36240 (7648) 신탁계약에 의한 저당권 설정 등기시 적용 세율 (1) / 답변1 첨부1
  + [3902] ntt=36239 (7647) 존치기간 1년이하 가설건축물(견본주택) 유상승.. (2) / 답변2 첨부1
  + [3903] ntt=36226 (7646) 명의신탁 과점주주 해당 여부 문의 (1) / 답변1 첨부1
  + [3904] ntt=36222 (7645) 국가유공자 대체취득 감면 (1) / 답변1 첨부1
  + [3905] ntt=36218 (7644) 이혼후 단독 최초과점주주 성립여부 질의 (1) / 답변1 첨부1
  + [3906] ntt=36216 (7643) 자경농민이 직접 경작한 농지로 볼 수 있는지 (1) / 답변1 첨부1
  + [3907] ntt=36215 (7642) 유상승계취득에 따른 납세의무 질의 (1) / 답변1 첨부1
  + [3908] ntt=36209 (7641) 읍면지역의 레미콘제조업등 지역자원시설세 부과 .. (1) / 답변1 첨부1
  + [3909] ntt=36206 (7640) 주민세 납세의무자 문의 (1) / 답변1 첨부1
    [retry 1/3] ReadTimeout
  + [3910] ntt=36201 (7639) 주민세(사업소분) 문의 (1) / 답변1 첨부1
  + [3911] ntt=36198 (7638) 장기미집행 토지 재산세 감면 문의 (1) / 답변1 첨부1
  + [3912] ntt=36190 (7637) 국고보조금이 포함된 차량운반구에 대한 과점주주.. (1) / 답변1 첨부1
  + [3913] ntt=36189 (7636) 준공후 분양권 취득 잔금지급시 주택 중과 취득.. (1) / 답변1 첨부1
  + [3914] ntt=36186 (7635) 조정대상지역에서 취득한 주택 분양권에 대한 취.. (1) / 답변1 첨부1
  + [3915] ntt=36163 (7634) 부동산 취득가격 적용 방법 (1) / 답변1 첨부1
[page 348 완료] 누적 신규 3915건  (이 게시판 저장 총 10,415건)
  + [3916] ntt=36157 (7633) 주택건설사업자(사업시행자등)의 주택건설사업에 .. (1) / 답변1 첨부1
  + [3917] ntt=36140 (7632) 농업법인에 대한 감면 대상 여부 문의 (1) / 답변1 첨부1
  + [3918] ntt=36135 (7631) 주민세(사업소분) 과세대상 사업장 질문드립니다.. (1) / 답변1 첨부1
  + [3919] ntt=36131 (7630) 무단방치 차량 공매가능 여부 (1) / 답변1 첨부2
  + [3920] ntt=36128 (7629) 과점주주 과세표준 관련 질의 (1) / 답변1 첨부1
  + [3921] ntt=36126 (7628) 주택을 법인에게 현물출자할 경우등  적용 세율.. (1) / 답변1 첨부1
  + [3922] ntt=36123 (7627) 지방소득세(종합소득) 환급지 문의 (1) / 답변1 첨부1
  + [3923] ntt=36118 (7626) 법인 주택 취득 시 적용 세율 문의 (1) / 답변1 첨부1
  + [3924] ntt=36114 (7625) 소멸시효 완성 전 체납과태료의 일부를 납부한 .. (1) / 답변1 첨부1
  + [3925] ntt=36113 (7624) 지방세 환급 문의(취득세 제3자의 납부) (1) / 답변1 첨부1
  + [3926] ntt=36111 (7623) [질의 7574번 계속] 주택건설사업자의 취득.. (1) / 답변1 첨부1
  + [3927] ntt=36109 (7622) 직계존비속간 유상 거래 문의 드립니다. (1) / 답변1 첨부1
  + [3928] ntt=36101 (7621) 창업벤처중소기업 감면 재설계에 따른 재산세 감.. (1) / 답변1 첨부1
  + [3929] ntt=36100 (7620) 취득세 법인 중과 관련 사무소의 범위 (1) / 답변1 첨부2
  + [3930] ntt=36090 (7619) 마을회가 취득한 가설건축물 문의 (1) / 답변1 첨부1
  + [3931] ntt=36088 (7618) 한정상속에 따른 자동차세 부과 (1) / 답변1 첨부1
  + [3932] ntt=36087 (7617) 법인 지목변경 취득세 문의 (1) / 답변1 첨부1
  + [3933] ntt=36086 (7616) 일부토지 취득세 추징에 따른 산출세액 계산법 (1) / 답변1 첨부1
  + [3934] ntt=36080 (7615) 지방소득세(종합소득) 납세지 문의 (1) / 답변1 첨부1
  + [3935] ntt=36076 (7614) 가설건축물(견본주택)의 사실상 존치기간 판단 (1) / 답변1 첨부1
  + [3936] ntt=36062 (7613) 주택신축판매업자 (취득세 주택수 포함 제외) .. / 답변0 첨부1
  + [3937] ntt=36061 (7612) 차령초과 차량 폐차 시 상속 취득세 부과 여부.. (1) / 답변1 첨부1
  + [3938] ntt=36056 (7611) 명의신탁해지로 인한 취득세 납부후 미등기로 인.. (1) / 답변1 첨부1
  + [3939] ntt=36051 (7610) 취득금액보다 큰 대출금액 발생시 적합여부 질의 (1) / 답변1 첨부1
  + [3940] ntt=36049 (7609) 주민세(사업소분) 연면적에 대한 세액 중과세 .. (1) / 답변1 첨부1
  + [3941] ntt=36047 (7608) 취득세 주택 포함여부 문의 드립니다. (1) / 답변1 첨부1
  + [3942] ntt=36041 (7607) 산업단지 시행자 외의 자가 취득하는 부동산 감.. (1) / 답변1 첨부1
  + [3943] ntt=36038 (7606) 상속 미등기재산 직권등재 관련 문의입니다. (1) / 답변1 첨부1
  + [3944] ntt=36035 (7605) 농업회사법인이 추징유예기간 내에 일반회사로 조.. (1) / 답변1 첨부1
  + [3945] ntt=36034 (7604) 농업법인의 감면 범위 [ 관리사를 주택으로 사.. (1) / 답변1 첨부1
[page 349 완료] 누적 신규 3945건  (이 게시판 저장 총 10,445건)
  + [3946] ntt=36033 (7603) 10년간 방치된 의원 건물의 재산세 용도지수 .. (1) / 답변1 첨부1
  + [3947] ntt=36029 (7602) 전기차 장애인 감면 가능한지 (1) / 답변1 첨부1
  + [3948] ntt=36027 (7601) 농업회사법인의 주민세 (사업소분) 면제대상 여.. (1) / 답변1 첨부1
  + [3949] ntt=36021 (7600) 1층 상가, 2~5층 다세대 집합건물의 공용부.. (1) / 답변1 첨부1
  + [3950] ntt=36019 (7599) 자동차세 과세기준일 사망시 처리 방법 (1) / 답변1 첨부2
  + [3951] ntt=36018 (7598) 상속 미등기 토지의 취득세 납세의무 여부 (1) / 답변1 첨부1
  + [3952] ntt=36012 (7597) [주민세 사업소분]버스회사내 전기차충전시설 신.. (1) / 답변1 첨부1
  + [3953] ntt=36010 (7596) 사망자 재산에 대한 압류해제 (1) / 답변1 첨부1
  + [3954] ntt=35993 (7595) 「인허가보증보험증권」 압류 방법 및 효력 (1) / 답변1 첨부1
  + [3955] ntt=35991 (7594) 상속인 변동에 따른 증여계약 성립 여부 문의드.. (1) / 답변1 첨부1
  + [3956] ntt=35988 (7593) 납세의무 및 선납할인 적용 여부 (1) / 답변1 첨부2
  + [3957] ntt=35983 (7592) 지분 상속 미등기 후 상속인 사망시 취득세 과.. (1) / 답변1 첨부1
  + [3958] ntt=35981 (7591) 연부취득 기간중 잔금완납 후 토지 사용한 경우.. (1) / 답변1 첨부1
  + [3959] ntt=35979 (7590) 창업중소기업 감면관련 문의 (1) / 답변1 첨부1
  + [3960] ntt=35978 (7589) 선박 재산세 지자세소방 부과 문의 (1) / 답변1 첨부1
  + [3961] ntt=35966 (7588) 취득시기, 시가표준액 등 적용 관련 질의 (1) / 답변1 첨부1
  + [3962] ntt=35965 (7587) 최초 과점주주 판단여부 (1) / 답변1 첨부1
  + [3963] ntt=35960 (7586) 창업 판단 (1) / 답변1 첨부1
  + [3964] ntt=35959 (7585) 취득세 과세표준 포함여부 문의 (1) / 답변1 첨부2
  + [3965] ntt=35947 (7584) 부당이득금반환과 처분의 취소변경 관련 문의 (1) / 답변1 첨부1
  + [3966] ntt=35946 (7583) 재산세  납세의무자 재질의 드립니다[상담번호 .. (1) / 답변1 첨부1
  + [3967] ntt=35945 (7582) 공공기록정보등록 관련 문의입니다. (1) / 답변1 첨부1
  + [3968] ntt=35929 (7581) 임대주택 추징여부 문의 (1) / 답변1 첨부2
  + [3969] ntt=35922 (7580) 신탁자산의 체납된 재산세로 인한 수탁자 명의로.. (1) / 답변1 첨부1
  + [3970] ntt=35921 (7579) 지방세환급금 소멸시효 기산일 (1) / 답변1 첨부1
  + [3971] ntt=35918 (7578) 사업시행자 변경시 변경전 사업시행자의 기부채납.. (1) / 답변1 첨부1
  + [3972] ntt=35911 (7577) 회생채권의 징수유예를 신청할 수 있는 기준일 (1) / 답변1 첨부1
  + [3973] ntt=35900 (7576) 개인이 건축한 주택의 시가표준액 적용 방법 문.. (1) / 답변1 첨부1
  + [3974] ntt=35897 (7575) 주택건설사업 관련 질의 (1) / 답변1 첨부1
  + [3975] ntt=35894 (7574) 매매계약서 기재 특약 중대하자로 원인 무효 법.. (1) / 답변1 첨부1
[page 350 완료] 누적 신규 3975건  (이 게시판 저장 총 10,475건)
  + [3976] ntt=35892 (7573) 업단지 사업시행자인 A법인이 B법인과 합병하였.. (1) / 답변1 첨부1
  + [3977] ntt=35887 (7572) 국가유공자 차량 감면과 추징관련 문의 (2) / 답변2 첨부1
  + [3978] ntt=35886 (7571) 장애인감면차량 차종변경 문의 (1) / 답변1 첨부1
  + [3979] ntt=35884 (7570) 주민세 사업소분 감면 관련 문의 (1) / 답변1 첨부1
  + [3980] ntt=35877 (7569) 재산세 납세의무자을 누구로 해야하는지 질문드립.. (1) / 답변1 첨부1
  + [3981] ntt=35875 (7568) 주민세 사업소분(법인균등분) 납세의무 (1) / 답변1 첨부1
  + [3982] ntt=35873 (7567) 창업 감면 관련 문의드립니다~(수정게시) (1) / 답변1 첨부1
  + [3983] ntt=35868 (7566) 아파트 운영위원회의 마을회 해당여부 (1) / 답변1 첨부1
  + [3984] ntt=35866 (7565) 재산세 비과세 적용 여부 질의 (1) / 답변1 첨부1
  + [3985] ntt=35864 (7564) 1세대 1주택 재산세 세율 특례 대상인지 여부 (1) / 답변1 첨부1
  + [3986] ntt=35859 (7563) 창업중소기업 동종업 문의 (1) / 답변1 첨부1
  + [3987] ntt=35847 (7562) 농업법인의 "농지를 조성하기 위하여 취득한 임.. (1) / 답변1 첨부1
  + [3988] ntt=35843 (7561) 주민세 사업소분 과세대상 여부 질의합니다 (1) / 답변1 첨부1
  + [3989] ntt=35842 (7560) 세입수입 징수포상금에 대한 근거 규정 문의 (1) / 답변1 첨부1
  + [3990] ntt=35841 (7559) 학교를 경영하는 자가 사업에 직접 사용하는 건.. (1) / 답변1 첨부1
  + [3991] ntt=35832 (7558) <과세자료 제공> 관련 문의합니다. (1) / 답변1 첨부1
  + [3992] ntt=35831 (7557) 창업중소기업 추징 여부 (1) / 답변1 첨부1
  + [3993] ntt=35809 (7556) 65세 이상 동거봉양 별도세대 판단 (1) / 답변1 첨부1
  + [3994] ntt=35798 (7555) 지방세징수법 시행령 제31조의2제2항 적용 가.. (1) / 답변1 첨부1
  + [3995] ntt=35795 (7554) 재산세 납세의무자 문의드립니다. (1) / 답변1 첨부1
  + [3996] ntt=35793 (7553) 창업중소기업 감면 -사업확장 (1) / 답변1 첨부1
  + [3997] ntt=35792 (7552) 상속포기에 따른 처리방법 (1) / 답변1 첨부1
  + [3998] ntt=35788 (7551) 사회복지법인의 재산세 감면 (1) / 답변1 첨부1
  + [3999] ntt=35787 (7550) 지방세 체납자 보유 지역주택조합입주권 압류관련.. (1) / 답변1 첨부1
  + [4000] ntt=35785 (7549) 주민세 사업소분 신고납부대상 여부 (1) / 답변1 첨부1
  + [4001] ntt=35783 (7548) 10억 주택 지분 취득시 세율 질의 (1) / 답변1 첨부1
  + [4002] ntt=35782 (7547) 상속 취득세 납세의무자 문의 (1) / 답변1 첨부1
  + [4003] ntt=35780 (7546) 등록면허세 면허분 변경 허가시, 부과여부를 알.. (1) / 답변1 첨부1
  + [4004] ntt=35778 (7545) 가설건축물의 용도에 따른 사업소 판단여부 질의 (1) / 답변1 첨부1
  + [4005] ntt=35775 (7544) 차량 허위신고에 따른 취득세, 자동차세 부과 .. (1) / 답변1 첨부1
[page 351 완료] 누적 신규 4005건  (이 게시판 저장 총 10,505건)
  + [4006] ntt=35772 (7543) 주주간 특수관계 여부 (1) / 답변1 첨부1
  + [4007] ntt=35765 (7542) 법인의 취득세(지목변경) 신고납부시 법인장부 .. (1) / 답변1 첨부1
  + [4008] ntt=35754 (7541) 합유재산에 대한 재산세 부과 문의 (1) / 답변1 첨부1
  + [4009] ntt=35741 (7540) 특별징수분 주민세 신고지 여부와 따른 사업소분.. (1) / 답변1 첨부1
  + [4010] ntt=35714 (7539) 직계존비속간거래 시 유상거래 인정여부 (1) / 답변1 첨부1
  + [4011] ntt=35713 (7538) 징수유예관련 문의드립니다. (1) / 답변1 첨부1
  + [4012] ntt=35689 (7537) 판매시설로 지역자원시설세 중과가 가능한지 (1) / 답변1 첨부1
  + [4013] ntt=35683 (7536) 농업회사법인의 농장에 정화조 설치시 취득세 과.. (1) / 답변1 첨부1
  + [4014] ntt=35682 (7535) 공유물 분할 초과지분 관련 문의합니다. (1) / 답변1 첨부1
  + [4015] ntt=35681 (7534) LH소유의 공동주택 안의 영구임대 상가에 대한.. (1) / 답변1 첨부1
  + [4016] ntt=35678 (7533) 지방세특례제한법 제8조 개간농지에 대한 감면 .. (1) / 답변1 첨부2
  + [4017] ntt=35674 (7532) 등기원인 변경에 따른 취득세 가산세 적용 문의 (1) / 답변1 첨부1
  + [4018] ntt=35658 (7531) 공장 토지분 재산세 과세 문의 (1) / 답변1 첨부1
  + [4019] ntt=35651 (7530) 대체취득 감면에 대한 질의 (1) / 답변1 첨부1
  + [4020] ntt=35649 (7529) 리스차량 압류해제처분시 처분일자 관련 문의 (1) / 답변1 첨부1
  + [4021] ntt=35648 (7528) 등록면허세(면허) 주택임대사업자 자동말소 후 .. (1) / 답변1 첨부1
  + [4022] ntt=35646 (7527) 해체신고 (1) / 답변1 첨부1
  + [4023] ntt=35637 (7526) 굴삭기 기능 포함 기계 (투룩소) 도 기계장비.. (2) / 답변2 첨부1
  + [4024] ntt=35632 (7525) 승강기 취득세 과세표준액에 대한 질의드립니다. (1) / 답변1 첨부1
  + [4025] ntt=35627 (7524) 매수인을 추가하여 수정계약하는 경우 취득세 납.. (1) / 답변1 첨부1
  + [4026] ntt=35620 (7523) 주택신축업자가 소유한 미분양주택의 주택 수 포.. (1) / 답변1 첨부1
  + [4027] ntt=35619 (7522) 생애최초 감면신청후 추징세율 문의 (1) / 답변1 첨부1
  + [4028] ntt=35601 (7521) 법인회생관련입니다. (1) / 답변1 첨부1
  + [4029] ntt=35600 (7520) 부동산 신탁등기용 지방세 납세증명서 발급 시 .. (1) / 답변1 첨부1
  + [4030] ntt=35593 (7519) 토지 용도지역 변동이 있을경우 재산세 과세 문.. (1) / 답변1 첨부1
  + [4031] ntt=35588 (7518) 개인 신축 과소신고분 추징(1.개인간거래, 2.. (1) / 답변1 첨부1
  + [4032] ntt=35587 (7517) 재산서 고지서 발급의 의미 질문 (1) / 답변1 첨부1
  + [4033] ntt=35582 (7516) 자동차세 환급 (1) / 답변1 첨부1
  + [4034] ntt=35581 (7515) 법원 조정조서 조정사항 대금을 사실상의 취득가.. (1) / 답변1 첨부1
  + [4035] ntt=35579 (7514) 재산세 1세대 1주택 특례세율 적용 상속주택 .. (1) / 답변1 첨부1
[page 352 완료] 누적 신규 4035건  (이 게시판 저장 총 10,535건)
  + [4036] ntt=35569 (7513) 공장 등 특수건물 높이 가산 문의 (1) / 답변1 첨부1
  + [4037] ntt=35568 (7512) 채권압류 후 체납자에게 압류통지를 하지 않고 .. (1) / 답변1 첨부1
  + [4038] ntt=35560 (7511) 세무조사 결과통지서 송달 관련 (1) / 답변1 첨부1
  + [4039] ntt=35559 (7510) 게시번호 7429번(지특법 제31조 제4항 감.. (1) / 답변1 첨부1
  + [4040] ntt=35554 (7509) 주민세 사업소분 부과대상 문의드립니다. (2) / 답변2 첨부1
  + [4041] ntt=35553 (7508) 공장의 지방이전 감면 문의 (1) / 답변1 첨부1
  + [4042] ntt=35546 (7507) 경락 제시외 기계장치 취득시 과표 포함여부 (1) / 답변1 첨부1
  + [4043] ntt=35544 (7506) 취득세(차량) 경정청구 (1) / 답변1 첨부1
  + [4044] ntt=35536 (7505) 군 계획시설 사업시행인가 받은 사업자 취득하는.. (1) / 답변1 첨부1
  + [4045] ntt=35533 (7504) 해산된 지역주택조합의 조합원이 조합과 연대납세.. (1) / 답변1 첨부1
  + [4046] ntt=35525 (7503) 배당이의 (1) / 답변1 첨부1
  + [4047] ntt=35524 (7502) 영농조합법인 정당한 사유에 해당 여부 (1) / 답변1 첨부1
  + [4048] ntt=35506 (7501) 상속 취득세 가산세 관련 문의 (1) / 답변1 첨부1
  + [4049] ntt=35505 (7500) 재개발 구역내 자연붕괴 주택 재산세부과 타당 .. (1) / 답변1 첨부1
  + [4050] ntt=35502 (7499) 등록면허세(등록) 강제경매 또는 임의경매취소결.. (1) / 답변1 첨부1
  + [4051] ntt=35501 (7498) 위탁자가 신고한 재산세 변동 신고서(사무용 -.. (1) / 답변1 첨부1
  + [4052] ntt=35492 (7497) 미지급환급금 압류시 타지점에서 발생한 환급금을.. (1) / 답변1 첨부1
  + [4053] ntt=35480 (7496) 지방세특례제한법 22조의2(다자녀 취득세 감면.. (1) / 답변1 첨부1
  + [4054] ntt=35479 (7495) 연면적 3만제곱미터 이상의 복합건축물 지역자원.. (1) / 답변1 첨부1
  + [4055] ntt=35478 (7494) 법인의 회생절차 종료 시점에서 유상증자로 과점.. (1) / 답변1 첨부1
  + [4056] ntt=35475 (7493) 종교단체(유교)가 운영하는 학당에 대한 감면질.. (1) / 답변1 첨부1
  + [4057] ntt=35470 (7492) 예탁된 부동산 공매 미지급배분금 채권소멸시효완.. (1) / 답변1 첨부1
  + [4058] ntt=35469 (7491) 민간임대주택에 관한 특별법 개정 후 임대물건 .. (1) / 답변1 첨부1
  + [4059] ntt=35466 (7490) 재산세 주된상속인 부과 문의 드립니다. (1) / 답변1 첨부1
  + [4060] ntt=35465 (7489) 증여 계약 합의해제 등기 후 합의해제 취소 등.. (1) / 답변1 첨부1
  + [4061] ntt=35464 (7488) 법인지방소득세 제척기한 관련 문의 (1) / 답변1 첨부1
  + [4062] ntt=35456 (7487) 소유권말소등기 사건의 취득 무효 여부 (1) / 답변1 첨부1
  + [4063] ntt=35449 (7486) 정당한 사유로 인정 가능한지 문의 드립니다 (1) / 답변1 첨부1
  + [4064] ntt=35447 (7485) 주택 건물 소유자와 부속토지 소유자가 다를경우.. (1) / 답변1 첨부1
  + [4065] ntt=35446 (7484) 주공의 오피스텔 (1) / 답변1 첨부1
[page 353 완료] 누적 신규 4065건  (이 게시판 저장 총 10,565건)
  + [4066] ntt=35439 (7483) 지방세특례제한법 제 50조 6항 질의 (1) / 답변1 첨부1
  + [4067] ntt=35438 (7482) 지방세특례제한법 제 50조 3항 질의 (1) / 답변1 첨부1
  + [4068] ntt=35435 (7481) 택지개발용 공공시설용지에 대한 재산세 감면대상.. (1) / 답변1 첨부1
  + [4069] ntt=35434 (7480) 건축물 해체신고 (1) / 답변1 첨부1
  + [4070] ntt=35433 (7479) 법인합병으로 감면을 받은 부동산을 매매하였습니.. (1) / 답변1 첨부1
  + [4071] ntt=35427 (7478) 파산채권신고시 (1) / 답변1 첨부1
  + [4072] ntt=35425 (7477) 상속에 대한 취득세 납세의무가 발생함에도 차량.. (1) / 답변1 첨부1
  + [4073] ntt=35423 (7476) 자동차 압류해제 가능 여부 (1) / 답변1 첨부1
  + [4074] ntt=35418 (7475) 과세기준일부터 10일이 지난 후 납세의무자 변.. (1) / 답변1 첨부1
  + [4075] ntt=35414 (7474) 다자녀 감면 차량 추징 규정 문의 (1) / 답변1 첨부1
  + [4076] ntt=35413 (7473) 영유아보육법 감면 문의드립니다. (1) / 답변1 첨부1
  + [4077] ntt=35406 (7472) (재산세) 위탁자 지위이전 거부의 처분성 등 .. (1) / 답변1 첨부1
  + [4078] ntt=35402 (7471) 토지수용 대체취득 문의 드립니다. (1) / 답변1 첨부1
  + [4079] ntt=35400 (7470) 4층 이상 공장 기숙사 건물이 지역자원시설세 .. (1) / 답변1 첨부1
    [retry 1/3] ReadTimeout
  + [4080] ntt=35399 (7469) 무허가 주택의 등기되어 있는 부속토지가 생애최.. (1) / 답변1 첨부1
  + [4081] ntt=35395 (7468) 등록면허세 납세의무자 문의드립니다. (1) / 답변1 첨부1
  + [4082] ntt=35393 (7467) 기업부설연구소에서 인정 받은 면적 외의 연구소.. (1) / 답변1 첨부1
  + [4083] ntt=35390 (7466) 등록면허세(등록) 환급문의 (1) / 답변1 첨부1
  + [4084] ntt=35389 (7465) 외국인이 개명하여 자동차등록원부 변경등록시 비.. (1) / 답변1 첨부1
  + [4085] ntt=35384 (7464) 파산채권자의 파산채권을 압류할 수 있을까요? (1) / 답변1 첨부1
  + [4086] ntt=35378 (7463) 항만재개발구역 내 분양용 매립토지의 과세유형 (1) / 답변1 첨부1
  + [4087] ntt=35376 (7462) 지방세 부과처분에 대한 집행정지신청 인용된 경.. (1) / 답변1 첨부1
  + [4088] ntt=35365 (7461) 창업중소기업감면 관련 문의 (사업확장 등으로 .. (1) / 답변1 첨부1
  + [4089] ntt=35360 (7460) 등록면허세(면허) 환급문의 (1) / 답변1 첨부1
  + [4090] ntt=35354 (7459) 2021년 선박 시가표준액 적용요령 변경에 따.. (1) / 답변1 첨부1
  + [4091] ntt=35345 (7458) 행위허가 증축 취득세 (1) / 답변1 첨부1
  + [4092] ntt=35331 (7457) 허위계약(등기완료)으로 기납부한 증여 취득세 .. (1) / 답변1 첨부1
  + [4093] ntt=35329 (7456) 장애인용 자동차에 대한 감면에서 추징 요건 질.. (1) / 답변1 첨부1
  + [4094] ntt=35326 (7455) 파산선고 법인에 대한 법인지방소득세 환급 문의 (1) / 답변1 첨부1
  + [4095] ntt=35317 (7454) 지식산업 센터 최초분양에 해당되는지 여부 문의 (1) / 답변1 첨부1
[page 354 완료] 누적 신규 4095건  (이 게시판 저장 총 10,595건)
  + [4096] ntt=35315 (7453) 주민세 사업소분 질문입니다. (1) / 답변1 첨부1
  + [4097] ntt=35310 (7452) 다주택여부 판단시 사해행위취소로 판결난 주택을.. (1) / 답변1 첨부1
  + [4098] ntt=35307 (7451) 상속재산에 대한 파산선고 시 취득세(차량) 납.. (1) / 답변1 첨부1
  + [4099] ntt=35298 (7450) 경정청구 기한이 경과한 취득세의  환급 여부 (1) / 답변1 첨부1
  + [4100] ntt=35294 (7449) 건물시설 관리업체 주민세 사업소분 연면적세율에.. (1) / 답변1 첨부1
  + [4101] ntt=35293 (7448) 대수선 건축물에 대한 시가표준액 산출 관련 문.. (1) / 답변1 첨부1
  + [4102] ntt=35292 (7447) 에스컬레이터 취득 과표 관련하여 문의 드립니다.. (1) / 답변1 첨부1
  + [4103] ntt=35291 (7446) 이의재결에 따른 보상금 증액결정에 대한 취득세.. (1) / 답변1 첨부1
  + [4104] ntt=35289 (7445) 건설 현장사무소에 대한 사업소 판단 (1) / 답변1 첨부1
  + [4105] ntt=35286 (7444) 체비지에 대한 취득이 원시취득인지 승계취득인지.. (1) / 답변1 첨부1
  + [4106] ntt=35274 (7443) 취득시효완성을 원인으로 한 소유권이전등기시 적.. (1) / 답변1 첨부1
  + [4107] ntt=35272 (7442) 창업중소기업 감면 창업여부 및 추징여부 상담합.. (1) / 답변1 첨부1
  + [4108] ntt=35270 (7441) 창업중소기업 감면관련 창업 여부 문의 (3) / 답변3 첨부1
  + [4109] ntt=35263 (7440) 창업 질의합니다(2020대법원 판례 관련) (1) / 답변1 첨부1
  + [4110] ntt=35253 (7439) 하이브리드 차량 산자부 추가고시일 전에 취득한.. (1) / 답변1 첨부1
  + [4111] ntt=35249 (7438) 재산세(시설물) 과세대상인지 여부 (1) / 답변1 첨부1
  + [4112] ntt=35244 (7437) 법인지방소득세 납세지 문의 (1) / 답변1 첨부1
  + [4113] ntt=35242 (7436) 창업중소기업 추징관련 (1) / 답변1 첨부1
  + [4114] ntt=35239 (7435) 토지수용 대체취득 문의드립니다. (1) / 답변1 첨부1
  + [4115] ntt=35238 (7434) 소유권 말소등기 판결에 따른 취득세 환급여부 (1) / 답변1 첨부1
  + [4116] ntt=35233 (7433) 자경농민 증빙서류로서 개인RPC 도정이력 및 .. (1) / 답변1 첨부1
  + [4117] ntt=35229 (7432) 압류 가능한 채권인지 여부 (1) / 답변1 첨부1
  + [4118] ntt=35223 (7431) 카라반트레일러 재산세 및 취득세 과세대상 (1) / 답변1 첨부1
  + [4119] ntt=35216 (7430) 압류 범위 및 금액 관련 질의합니다. (1) / 답변1 첨부1
  + [4120] ntt=35213 (7429) 지특법 제31조 제4항 감면 적용 질의 (1) / 답변1 첨부1
  + [4121] ntt=35210 (7428) 이미 준공 중이던 건축물을 취득하는 경우 그 .. (1) / 답변1 첨부1
  + [4122] ntt=35204 (7427) 직계존비속간 매매거래로 인정가능한지 문의 (1) / 답변1 첨부1
  + [4123] ntt=35198 (7426) 체납 및 결손처분 자료 제공관련 (1) / 답변1 첨부1
  + [4124] ntt=35194 (7425) 산업단지 미조성 토지 재산세 경감액 추징후 조.. (1) / 답변1 첨부1
  + [4125] ntt=35193 (7424) 지특법 제21조, 제50조 감면에 대한 자료 (1) / 답변1 첨부1
[page 355 완료] 누적 신규 4125건  (이 게시판 저장 총 10,625건)
  + [4126] ntt=35190 (7423) 물건등록일이 취득일보다 앞선 임대물건의 감면 .. (1) / 답변1 첨부1
  + [4127] ntt=35180 (7422) 창업중소기업 감면 (1) / 답변1 첨부1
  + [4128] ntt=35176 (7421) 조합이 브릿지대출 이자 대납시 취득세 토지 과.. (2) / 답변2 첨부1
  + [4129] ntt=35173 (7420) 창업중소기업 감면 문의 (1) / 답변1 첨부1
  + [4130] ntt=35165 (7419) 분양권 상속 관련 취득세율 문의합니다. (1) / 답변1 첨부1
  + [4131] ntt=35161 (7418) 고지서 송달 (1) / 답변1 첨부1
  + [4132] ntt=35160 (7417) 상속 취득세 납부 후 상속인 사망, 상속인과 .. (1) / 답변1 첨부1
  + [4133] ntt=35159 (7416) 가지번 면적정산에 따른 취득세 추가세액 발생 .. (1) / 답변1 첨부1
  + [4134] ntt=35153 (7415) 증축과 승강기설치를 동시에 한 경우 세율문의 (1) / 답변1 첨부1
  + [4135] ntt=35152 (7414) 지특법 14조3항 고유업무 직접 사용 부동산 .. (1) / 답변1 첨부1
  + [4136] ntt=35147 (7413) 감면 추징 규정에서의 증여 (1) / 답변1 첨부1
  + [4137] ntt=35142 (7412) 지목변경 취득세 (1) / 답변1 첨부1
  + [4138] ntt=35121 (7411) 합의해제에 따른 소유권 이전등기 말소 종중 소.. (1) / 답변1 첨부1
  + [4139] ntt=35120 (7410) 법인의 지방이전시 법인의 본점 또는 주사무소의.. (1) / 답변1 첨부1
  + [4140] ntt=35112 (7409) 다자녀 이혼가정 가족관계증명서에 18세 미만 .. (1) / 답변1 첨부1
  + [4141] ntt=35111 (7408) 조세심판과 관련된 차량의 공매가능 여부 등 (1) / 답변1 첨부1
  + [4142] ntt=35110 (7407) 법인지방소득세 미환류소득 과소신고 가산세 관련 (1) / 답변1 첨부1
  + [4143] ntt=35109 (7406) 법인지방소득세 안분착오에 따른 수정·경정 신고.. (1) / 답변1 첨부1
  + [4144] ntt=35107 (7405) 용도변경에 따른 재산세 소급여부 (1) / 답변1 첨부1
  + [4145] ntt=35106 (7404) 장애인 감면 적용 가능 여부 문의드립니다. (1) / 답변1 첨부1
  + [4146] ntt=35102 (7403) 소유권이전없는 이륜자동차세 용도폐지 후 재등록 (1) / 답변1 첨부1
  + [4147] ntt=35095 (7402) 창업중소기업감면 (1) / 답변1 첨부1
  + [4148] ntt=35094 (7401) 부과의 제척기간(5년, 7년) (1) / 답변1 첨부1
  + [4149] ntt=35087 (7400) 해외체류자의 주민세 (1) / 답변1 첨부1
  + [4150] ntt=35080 (7399) 중과예외업종 직접 사용의 범위 (1) / 답변1 첨부1
  + [4151] ntt=35077 (7398) 창업중소기업 공동명의 사업자 등록시 감면 적용.. (1) / 답변1 첨부1
  + [4152] ntt=35072 (7397) 부동산임대업을 주로 하는 법인에 기업합병·분할.. (1) / 답변1 첨부1
  + [4153] ntt=35070 (7396) 취학으로 90일 이상 출국하는 경우 주택 수 .. (1) / 답변1 첨부1
  + [4154] ntt=35067 (7395) 담장,대문 등 토지수용에 따른 보상내역중 취득.. (1) / 답변1 첨부1
  + [4155] ntt=35066 (7394) 법인이 주택 취득시 중과의 예외 조항이 있는지.. (1) / 답변1 첨부1
[page 356 완료] 누적 신규 4155건  (이 게시판 저장 총 10,655건)
  + [4156] ntt=35064 (7393) 지방세 환급 문의드립니다. (1) / 답변1 첨부1
  + [4157] ntt=35062 (7392) 부과제척기간 경과한 차량에 대해 장애인 감면 .. (1) / 답변1 첨부1
  + [4158] ntt=35048 (7391) 지목(답) 개인소유농지 분리과세, 종합합산 여.. (1) / 답변1 첨부1
  + [4159] ntt=35046 (7390) 국립교통재활병원 주민세(종업원분,사업소분)비과.. (1) / 답변1 첨부1
  + [4160] ntt=35045 (7389) 창업일~4년 이내 취득 부동산 감면시 창업당시.. (1) / 답변1 첨부1
  + [4161] ntt=35026 (7388) 부동산거래신고소명서에 따른 취득세 수정신고 대.. (1) / 답변1 첨부1
  + [4162] ntt=35015 (7387) 김치제조업 농업회사법인의 지역자원시설세 추징가.. (1) / 답변1 첨부1
  + [4163] ntt=34999 (7386) 건축물 내부에 설치하 스프링클러 (1) / 답변1 첨부1
  + [4164] ntt=34996 (7385) 지특법 제31조 관련 건설임대사업자 임대 감면.. (1) / 답변1 첨부1
  + [4165] ntt=34990 (7384) 지방소득세 안분하여 제2차납세의무 지정가능 여.. (1) / 답변1 첨부1
  + [4166] ntt=34987 (7383) 주민세 30세 미만 납세의무자 제외 (1) / 답변1 첨부1
  + [4167] ntt=34985 (7382) 지방소득세(양도소득) 납세지 문의 (1) / 답변1 첨부1
  + [4168] ntt=34984 (7381) 환지처분되기 전 도시개발사업조합이 금전청산 종.. (1) / 답변1 첨부1
  + [4169] ntt=34982 (7380) 주민세 사업소분 과세기준일 상담요청합니다. (2) / 답변2 첨부1
  + [4170] ntt=34979 (7379) 시설물 지역자원시설세 관련 문의입니다. (1) / 답변1 첨부1
  + [4171] ntt=34977 (7378) 등산로 개설된 임야에 대한 재산세 비과세 여부 (1) / 답변1 첨부1
  + [4172] ntt=34972 (7377) 불이익 변경 관련 문의 (1) / 답변1 첨부1
  + [4173] ntt=34964 (7376) 산업단지 시행자가 다른 기업과의 합병으로 소멸.. (1) / 답변1 첨부1
  + [4174] ntt=34963 (7375) 산업단지 공작물 축조에 대한 토지 과세대상 구.. (1) / 답변1 첨부1
  + [4175] ntt=34943 (7374) 2011년 지방세기본법 이전에 납부한 세금에 .. (1) / 답변1 첨부1
  + [4176] ntt=34942 (7373) 가설건축물 이전설치 과세표준 문의 (1) / 답변1 첨부1
  + [4177] ntt=34941 (7372) (주민세) 입주자 대표회의와 작은도서관을 하나.. (1) / 답변1 첨부1
  + [4178] ntt=34937 (7371) 주택담보노후연금보증 대상 주택에 대한 감면 질.. (1) / 답변1 첨부1
  + [4179] ntt=34935 (7370) 화해권고결정에 의한 취득의 원인 및 세율 (1) / 답변1 첨부1
  + [4180] ntt=34933 (7369) 상속 취득세 납세의무자 관련 타당성 여부 (1) / 답변1 첨부1
  + [4181] ntt=34932 (7368) 매매를 원인으로 냉동창고 취득시 별도 계약한 .. (1) / 답변1 첨부1
  + [4182] ntt=34929 (7367) 법인 사원 임대용 주택의 적용 범위 (1) / 답변1 첨부1
  + [4183] ntt=34922 (7366) 창업중소기업 창업여부 질의입니다 (1) / 답변1 첨부1
  + [4184] ntt=34920 (7365) 생애최초 감면관련 질의합니다. (1) / 답변1 첨부1
  + [4185] ntt=34919 (7364) 지방세시행령 제102조 제7항 7호상 󰡒"주.. (1) / 답변1 첨부1
[page 357 완료] 누적 신규 4185건  (이 게시판 저장 총 10,685건)
  + [4186] ntt=34910 (7363) 지식산업센터 최초분양 취득세 감면 가능 여부 (1) / 답변1 첨부1
  + [4187] ntt=34906 (7362) (7343번 재질의) 증축 건물의 재산세 시가.. (1) / 답변1 첨부1
  + [4188] ntt=34902 (7361) 지방세 압류 관련(교육용재산) (1) / 답변1 첨부1
  + [4189] ntt=34898 (7360) 도시개발사업의 지목변경 취득세 (1) / 답변1 첨부1
  + [4190] ntt=34894 (7359) 자경농민 농지 상속 취득 감면 문의 (1) / 답변1 첨부1
  + [4191] ntt=34890 (7358) 주민세 종업원분 관련 문의 (1) / 답변1 첨부1
  + [4192] ntt=34885 (7357) 경정청구 대상 및 지방세 환급 (1) / 답변1 첨부1
  + [4193] ntt=34884 (7356) 신탁회사로 보존등기 된 재산의 상속 취득세 납.. (1) / 답변1 첨부1
  + [4194] ntt=34880 (7355) 지방세특례제한법 81조 3항 이전공공기관 지방.. (1) / 답변1
  + [4195] ntt=34876 (7354) (7340 관련 재질의) 취득일로부터 60일이.. (1) / 답변1 첨부1
  + [4196] ntt=34873 (7353) 차입금 사용 용도에 따른 과세표준 산입여부 질.. (1) / 답변1 첨부1
  + [4197] ntt=34871 (7352) 신탁재산 소유권이전시 수탁자 소유권이전 금지 .. (1) / 답변1 첨부1
  + [4198] ntt=34868 (7351) 주택 상속 받은 후 같은 번지에 새로 주택 신.. (1) / 답변1 첨부1
  + [4199] ntt=34863 (7350) 청소년단체인 사단법인(YWCA) 무상취득 취득.. (1) / 답변1 첨부1
  + [4200] ntt=34859 (7349) 취득세 경정청구 관련 문의 (1) / 답변1 첨부1
  + [4201] ntt=34852 (7348) 취득세 임대주택 감면 추징 (1) / 답변1 첨부1
  + [4202] ntt=34848 (7347) 주민세 종업원분 면세기준 문의입니다. (1) / 답변1 첨부1
  + [4203] ntt=34845 (7346) 산업단지 내 하수처리시설 관련 (1) / 답변1 첨부1
  + [4204] ntt=34840 (7345) 지방세특례제한법 제58조 3항 창업중소기업감면 (1) / 답변1
  + [4205] ntt=34838 (7344) 증축 건축물의 재산세 시가표준액 적용 문의 (1) / 답변1 첨부1
  + [4206] ntt=34837 (7343) 주민세 사업소분 관련 유치원 비과세 감면대상 .. (1) / 답변1 첨부2
  + [4207] ntt=34833 (7342) 2차납세의무자 지정시 특수관계 해당여부 (1) / 답변1 첨부1
  + [4208] ntt=34828 (7341) 지특법 제31조에 따른 임대사업자가 취득세 등.. (1) / 답변1 첨부1
  + [4209] ntt=34821 (7340) 유원시설의 부속토지 (1) / 답변1 첨부1
  + [4210] ntt=34820 (7339) 신탁재산 재산세 감면 질의 (1) / 답변1 첨부1
  + [4211] ntt=34816 (7338) 지방소득세(종합소득) 납세지 관련 문의입니다. (1) / 답변1 첨부1
  + [4212] ntt=34814 (7337) 취득세 납세 질의 (1) / 답변1 첨부1
  + [4213] ntt=34812 (7336) 어선대체 등록면허세(면허) 부과여부 (1) / 답변1 첨부1
  + [4214] ntt=34810 (7335) 취득세 납세의무자 질의 (1) / 답변1 첨부1
  + [4215] ntt=34802 (7334) 부담부증여 후  납세자가 사망 시 양도소득세 .. (2) / 답변2 첨부1
[page 358 완료] 누적 신규 4215건  (이 게시판 저장 총 10,715건)
  + [4216] ntt=34801 (7333) 학교법인 임대(무상임대) 건축물 감면여부 질의 (1) / 답변1 첨부1
  + [4217] ntt=34800 (7332) 불교단체에서 소유한 임야 취득세 감면 문의 (1) / 답변1 첨부1
  + [4218] ntt=34798 (7331) 지방세법 연세액 개념 문의 (1) / 답변1 첨부1
  + [4219] ntt=34795 (7330) 주거지역 내 공장중과 (1) / 답변1 첨부1
  + [4220] ntt=34791 (7329) 어린이집 사업소세 기본세액 (구 균등분) 감면.. (1) / 답변1 첨부1
  + [4221] ntt=34790 (7328) 7216번 상담에 대한 보충 상담요청 드립니다.. (1) / 답변1 첨부1
  + [4222] ntt=34787 (7327) 특별징수 지방소득세 징수유예 (1) / 답변1 첨부1
  + [4223] ntt=34786 (7326) 동일면 내 같은 조합의 이름으로 된 각각의 사.. (1) / 답변1 첨부1
  + [4224] ntt=34782 (7325) 과세대상 여부 문의드립니다. (1) / 답변1 첨부1
  + [4225] ntt=34778 (7324) 사찰림의 범위 (1) / 답변1 첨부1
  + [4226] ntt=34774 (7323) 창업중소기업 감면 문의 드립니다. (1) / 답변1 첨부1
  + [4227] ntt=34773 (7322) 생애최초 감면 가능여부 (1) / 답변1 첨부1
  + [4228] ntt=34770 (7321) 추징시 무신고가산세 VS 과소신고가산세 어떤 .. (1) / 답변1 첨부1
  + [4229] ntt=34765 (7320) 지방세특례제한법 제50조(종교단체) 관련 질의.. (1) / 답변1 첨부1
  + [4230] ntt=34764 (7319) 지방세 납부기한 연장 사유에 해당되는지 문의드.. (1) / 답변1 첨부1
  + [4231] ntt=34760 (7318) 재산세 세율 특례 대상 1세대 1주택 여부 (1) / 답변1 첨부1
  + [4232] ntt=34758 (7317) 지식산업센터 재산세 감면관련(법인 합병) (1) / 답변1 첨부1
  + [4233] ntt=34757 (7316) 납부불성실가산세 부과 관련 질의 (1) / 답변1 첨부1
  + [4234] ntt=34756 (7315) 취득세 감면 문의 (1) / 답변1 첨부1
  + [4235] ntt=34750 (7314) 기 상담했던 내용중에 추가 내용이 있어 다시 .. (1) / 답변1 첨부1
  + [4236] ntt=34744 (7313) 파산법인 청구인 및 지방세특례제한법 중복감면 .. (1) / 답변1 첨부1
  + [4237] ntt=34737 (7312) 법인의 대표이사가 농지취득후 법인의 건설용지로.. (1) / 답변1 첨부1
  + [4238] ntt=34735 (7311) 창업중소기업 감면에 대해 문의드립니다. (1) / 답변1 첨부1
  + [4239] ntt=34734 (7310) 노인복지시설 감면 문의입니다. (1) / 답변1 첨부1
  + [4240] ntt=34733 (7309) 농업협동조합이 운영하는 문화센터의 경우 지방세.. (1) / 답변1 첨부1
  + [4241] ntt=34722 (7308) 전기자동차 리스 취득시 감면 적용 관련 질의 (1) / 답변1 첨부1
  + [4242] ntt=34716 (7307) 정당한 사유가 있어 해당용도(종교목적)로 사용.. (1) / 답변1 첨부1
  + [4243] ntt=34714 (7306) 근저당권 인수를 매매대금으로 갈음하는 대물변제.. (1) / 답변1 첨부1
  + [4244] ntt=34710 (7305) 농업법인 감면 가능여부와 중과여부 (1) / 답변1 첨부1
  + [4245] ntt=34709 (7304) 공동상속취득세 신고 후 체납된 건에 대해 화해.. (1) / 답변1 첨부1
[page 359 완료] 누적 신규 4245건  (이 게시판 저장 총 10,745건)
  + [4246] ntt=34705 (7303) 차량공매 미지급 배분금관련 환급 문의 드립니다.. (1) / 답변1 첨부1
  + [4247] ntt=34704 (7302) 안녕하세요. 대포차 관련 자동차세 문의드립니다.. (1) / 답변1 첨부1
  + [4248] ntt=34698 (7301) 가설(견본주택) 승계 시 취득가액 (1) / 답변1 첨부1
  + [4249] ntt=34697 (7300) 부과제척기간 (1) / 답변1 첨부1
  + [4250] ntt=34696 (7299) 기부채납에 따른 환급방법 및 적용 면적 문의 (1) / 답변1 첨부1
  + [4251] ntt=34688 (7298) 매매계약 정정으로 취득세 신고 관련 질의입니다.. (1) / 답변1 첨부1
  + [4252] ntt=34686 (7297) 파산/면책 결정을 원인으로 한 개발부담금 체납.. (1) / 답변1 첨부1
  + [4253] ntt=34683 (7296) 개인지방소득세(종합소득) 기납부(특별징수) 환.. (1) / 답변1 첨부1
  + [4254] ntt=34679 (7295) 개인 신축건물 취득세 신고시 꼭 도급계약서 등.. (1) / 답변1 첨부1
  + [4255] ntt=34669 (7294) 재산세 지역자원시설세 중과세 관련 문의입니다. (1) / 답변1 첨부1
  + [4256] ntt=34664 (7293) 소프트웨어사업 대도시 중과 제외 사업 질의 (1) / 답변1 첨부1
  + [4257] ntt=34662 (7292) 주차전용건축물 지역자원시설세 2배 중과 여부 .. (1) / 답변1 첨부1
  + [4258] ntt=34657 (7291) 자동차세  세대분리 간주 추징 관련 여부 (2) / 답변2 첨부1
  + [4259] ntt=34656 (7290) 세무조사 시 추인과표에 따른 본세가 감면대상일.. (1) / 답변1 첨부1
  + [4260] ntt=34648 (7289) 학교 등에 대한 감면 적용 관련 상담 (1) / 답변1 첨부1
  + [4261] ntt=34645 (7288) 조성공사가 시행되고 있는 토지 (1) / 답변1 첨부1
  + [4262] ntt=34642 (7287) 리스승계  계약의 취득세 착오납부시 환급가산금.. (1) / 답변1 첨부1
  + [4263] ntt=34641 (7286) 주택담보노후연금보증 주택 감면 질의 (1) / 답변1 첨부1
  + [4264] ntt=34640 (7285) 공동소유 차량에 대한 압류 시 압류해지조건 (1) / 답변1 첨부1
  + [4265] ntt=34638 (7284) 자경농민 감면 가능여부 문의(임야 취득) (1) / 답변1 첨부1
  + [4266] ntt=34636 (7283) 확정판결로 인한 상속 지분 변동 시 취득세 환.. (1) / 답변1 첨부1
  + [4267] ntt=34620 (7282) 지방세법 제13조제2항 중과규정 사후 재신고 .. (1) / 답변1 첨부1
  + [4268] ntt=34619 (7281) 대체취득 부동산 감면시 부재지주 판단 (1) / 답변1 첨부1
  + [4269] ntt=34617 (7280) 법원의 제출명령에 의한 과세자료 제출의 범위에.. (1) / 답변1 첨부1
  + [4270] ntt=34616 (7279) 매매계약합의해제에 따른 기납부 취득세 환급 가.. (1) / 답변1 첨부1
  + [4271] ntt=34604 (7278) 공장 내부에서만 사용하는 고소작업대, 청소차량.. (1) / 답변1 첨부2
  + [4272] ntt=34602 (7277) 연면적 3만제곱미터 이상 건축물 지역자원시설세.. (1) / 답변1 첨부2
  + [4273] ntt=34601 (7276) 주민세(종업원분) 과세표준 산정 문의 (1) / 답변1 첨부1
  + [4274] ntt=34600 (7275) 지방세기본법 제50조 경정청구의 법정신고기한 .. (1) / 답변1 첨부1
  + [4275] ntt=34599 (7274) 사실상 취득일자 (1) / 답변1 첨부1
[page 360 완료] 누적 신규 4275건  (이 게시판 저장 총 10,775건)
  + [4276] ntt=34598 (7273) 우편물 송달효력 및 과세에 미치는 영향 (1) / 답변1 첨부1
  + [4277] ntt=34590 (7272) 단체였던 지방체육회가 법조 신설로 법인화되면서.. (1) / 답변1 첨부1
  + [4278] ntt=34584 (7271) 취득일로부터 60일이 지나 계약 내용을 변경하.. (1) / 답변1 첨부1
  + [4279] ntt=34580 (7270) 번호-7256 상담관련 재질의 (1) / 답변1 첨부1
  + [4280] ntt=34570 (7269) 공유제 회원권 취득관련 지특법 41조 제1항 .. (1) / 답변1 첨부1
  + [4281] ntt=34566 (7268) 상속재산 취득세 소송시 신고 납부 연장 (1) / 답변1 첨부1
  + [4282] ntt=34565 (7267) 지방소득세(양도소득) 가산세 감면 문의 (1) / 답변1 첨부1
  + [4283] ntt=34556 (7266) 한전에 납입한 전기표준시설부담금의 취득가액 포.. (1) / 답변1 첨부1
  + [4284] ntt=34539 (7265) 매매계약 취소 판결에 따른 취득세 경정(환급).. (1) / 답변1 첨부1
  + [4285] ntt=34529 (7264) 의료법인에 대한 재산세 감면 문의입니다. (1) / 답변1 첨부1
  + [4286] ntt=34526 (7263) 법원경매배당수령후 매매계약해제로 배당금반환의 .. (1) / 답변1 첨부1
  + [4287] ntt=34524 (7262) 부동산 공매 매각결정 취소에 따른 공매보증금 .. (1) / 답변1 첨부1
  + [4288] ntt=34520 (7261) 합병 후 일부 임대시 추징 문의 (1) / 답변1 첨부1
  + [4289] ntt=34517 (7260) 지목변경 취득세 질의 (1) / 답변1 첨부1
  + [4290] ntt=34512 (7259) 생애최초 주택구입 취득세 감면 추징 관련 다른.. (1) / 답변1 첨부1
  + [4291] ntt=34510 (7258) 재가노인복지시설 재산세 감면 적용 여부 질의 (1) / 답변1 첨부1
  + [4292] ntt=34502 (7257) 산업단지 감면관련 질의 (1) / 답변1 첨부1
  + [4293] ntt=34499 (7256) 피상속인 생전 체결한 유증계약에 대한 말소등기.. (1) / 답변1 첨부1
  + [4294] ntt=34495 (7255) 단기임대사업자 취득세 신규 감면 가능여부 문의 (1) / 답변1 첨부1
  + [4295] ntt=34492 (7254) 사업소분 연면적에 대한 세율 신고납부 문의 (1) / 답변1 첨부1
  + [4296] ntt=34484 (7253) 위탁자 지위가 이전된 신탁재산의 납세의무자 (1) / 답변1 첨부1
  + [4297] ntt=34479 (7252) 주된 상속자 지정 관련 (1) / 답변1 첨부1
  + [4298] ntt=34476 (7251) 농업회사법인이 감면된 토지를 신탁회사에 이전하.. (1) / 답변1 첨부1
  + [4299] ntt=34473 (7250) 공매의뢰기관 공매낙찰 가능 여부(세부질의) (1) / 답변1 첨부1
  + [4300] ntt=34470 (7249) 임차등록 후 5년이 경과한 항공운송사업용 항공.. (2) / 답변2 첨부1
  + [4301] ntt=34469 (7248) 담임목사님 개인 명의 교회, 재산세 감면 문의.. (1) / 답변1 첨부1
  + [4302] ntt=34467 (7247) 종교용으로 취득한 공동주택이 해당 용도로 직접.. (1) / 답변1 첨부1
  + [4303] ntt=34466 (7246) 법원경매배당수령후 매매계약해제로 반환할수 있는.. (3) / 답변3 첨부1
  + [4304] ntt=34463 (7245) 당해기관 공매낙찰 가능여부 (1) / 답변1 첨부1
  + [4305] ntt=34462 (7244) 별도합산 토지 여부 문의(기간의 계산) (1) / 답변1 첨부1
[page 361 완료] 누적 신규 4305건  (이 게시판 저장 총 10,805건)
  + [4306] ntt=34460 (7243) 자율주택정비 사업 완료 후 토지 변동분에 대한.. (1) / 답변1 첨부1
  + [4307] ntt=34458 (7242) 건축중인 건축물 철거 후 토지과세형태에 대한 .. (1) / 답변1 첨부1
  + [4308] ntt=34457 (7241) 자경농민 감면 관련 질의입니다. (1) / 답변1 첨부1
  + [4309] ntt=34456 (7240) 자경농민 감면 관련 질의입니다. (1) / 답변1 첨부1
  + [4310] ntt=34455 (7239) 부가가치세 취득가액에서 제외 여부 (1) / 답변1 첨부1
  + [4311] ntt=34454 (7238) 법인의 지방이전 (1) / 답변1 첨부1
  + [4312] ntt=34452 (7237) 징수유예 후 재산세 분할납부 적용 가능 여부(.. (1) / 답변1 첨부1
  + [4313] ntt=34446 (7236) 고급주택 부속토지 중과여부 문의드립니다. (1) / 답변1 첨부1
  + [4314] ntt=34443 (7235) 국가 등이 1년 이상 공용 또는 공공용으로 사.. (1) / 답변1 첨부1
  + [4315] ntt=34440 (7234) 납세의무자 문의 드립니다 (1) / 답변1 첨부1
  + [4316] ntt=34437 (7233) 지목변경 임시지가산정시 몇년도 비준표를 적용해.. (1) / 답변1 첨부1
  + [4317] ntt=34432 (7232) 사업소의 범위에 대해 (1) / 답변1 첨부1
  + [4318] ntt=34430 (7231) 자동차세 공동명의로 등록되어있는 경우 세대분리.. (1) / 답변1 첨부1
  + [4319] ntt=34429 (7230) 지방세특례제한법 제57조의2 제1항 단서 추징.. (1) / 답변1 첨부1
  + [4320] ntt=34418 (7229) 항만시설 야적장 별도합산 관련 질문입니다 (1) / 답변1 첨부1
  + [4321] ntt=34417 (7228) 장애인자동차 취득세감면시 교육문제로 인한 1년.. (1) / 답변1 첨부3
  + [4322] ntt=34410 (7227) 법인설립등기 없는 부동산개발조합에 현물출자한 .. (1) / 답변1 첨부1
  + [4323] ntt=34405 (7226) 지방세특례제한법 제4조(조례에 따른 지방세 감.. (1) / 답변1 첨부1
  + [4324] ntt=34394 (7225) 흡수인적분할합병시 세율 및 감면적용 문의 (1) / 답변1 첨부1
  + [4325] ntt=34389 (7224) 분리과세 관련 질문 (1) / 답변1 첨부3
  + [4326] ntt=34386 (7223) 판결로 인한 소유권 회복(이전등기 말소)시 상.. (1) / 답변1 첨부1
  + [4327] ntt=34370 (7222) 납기전징수(파산선고)사유 해당 여부 (1) / 답변1 첨부1
  + [4328] ntt=34367 (7221) 수익권이 배제된 위탁자지위이전시 신탁재산의 납.. (1) / 답변1 첨부1
  + [4329] ntt=34364 (7220) 서민주택을 신축하는 경우 농어촌특별세 비과세 .. (1) / 답변1 첨부1
  + [4330] ntt=34360 (7219) 어린이집 취득세 감면 직접사용 관련 문의 (1) / 답변1 첨부1
  + [4331] ntt=34359 (7218) 해외출국 시 세대분리 가능 여부 (1) / 답변1 첨부1
  + [4332] ntt=34354 (7217) 지방세법 제7조제15항 위탁자의 지위 이전에 .. (2) / 답변2 첨부1
  + [4333] ntt=34352 (7216) 축사 신축시 토지 지목변경 취득세 부과 (1) / 답변1 첨부1
  + [4334] ntt=34349 (7215) 협동화실천계획의 승인을 받은 기업이 이미 해당.. (1) / 답변1 첨부1
  + [4335] ntt=34339 (7214) 중과 제외대상 주택에 포함되는지 여부(1억 이.. (1) / 답변1 첨부1
[page 362 완료] 누적 신규 4335건  (이 게시판 저장 총 10,835건)
  + [4336] ntt=34337 (7213) 어린이집의 운영자란 (1) / 답변1 첨부1
  + [4337] ntt=34336 (7212) 파산선고 결정 후에 취득한 재산에 대한 압류 .. (1) / 답변1 첨부1
  + [4338] ntt=34326 (7211) 기부채납 추징사유 문의 (1) / 답변1 첨부1
  + [4339] ntt=34325 (7210) 종교단체 취득세 감면 문의 (1) / 답변1 첨부1
  + [4340] ntt=34324 (7209) 공유수면 매립에 대한 취득일 및 취득가액 문의 (1) / 답변1 첨부1
  + [4341] ntt=34322 (7208) 위탁자 지위이전 신탁재산 납세의무자 (2) / 답변2 첨부1
  + [4342] ntt=34321 (7207) 징수유예 후 재산세 분할납부 적용 가능 여부 (1) / 답변1 첨부1
    [retry 1/3] ReadTimeout
  + [4343] ntt=34318 (7206) 진정명의회복을 원인으로 하는 소유권 이전등기 .. (1) / 답변1 첨부1
  + [4344] ntt=34316 (7205) 상속으로 취득한 분양권이 주택으로 되었을 때 .. (1) / 답변1 첨부1
  + [4345] ntt=34305 (7204) 법인지방소득세 외국납부세액 환급 관련해서 질문.. (1) / 답변1 첨부1
  + [4346] ntt=34298 (7203) 임대사업자 사망시 추징 여부(자진말소가 아닌 .. (1) / 답변1 첨부1
  + [4347] ntt=34289 (7202) 주민세(종업원분) 월 종업원 수 산정 문의입니.. (1) / 답변1 첨부1
  + [4348] ntt=34288 (7201) 지방세 상담 신청드립니다. (1) / 답변1 첨부1
  + [4349] ntt=34287 (7200) 유예기간 내 폐업 및 파산진행중 추징사유발생일.. (1) / 답변1 첨부1
  + [4350] ntt=34284 (7199) 창업중소기업 추징사유발생시 적용대상법령 (1) / 답변1 첨부1
  + [4351] ntt=34283 (7198) 생애최초 구입 주택 합의해제 및 추가로 다른 .. (1) / 답변1 첨부1
  + [4352] ntt=34277 (7197) (재산세) 신탁 위탁자 지위이전 관련 납세의무.. (1) / 답변1 첨부1
  + [4353] ntt=34276 (7196) 생애최초 취득세감면 추징 관련문의 (1) / 답변1 첨부1
  + [4354] ntt=34273 (7195) 종교단체의 임야 재산세 감면 문의 (1) / 답변1 첨부1
  + [4355] ntt=34249 (7194) 주민세(종업원분) 중소기업고용지원 질의 합니다 (1) / 답변1 첨부1
  + [4356] ntt=34243 (7193) 자경농민 관련하여 문의드립니다. (1) / 답변1 첨부1
  + [4357] ntt=34238 (7192) 대도시 중과예외업종 취득부동산에 대한 중과세 .. (1) / 답변1 첨부1
  + [4358] ntt=34237 (7191) 주택 멸실 후 지점 신축에 따른 당초 취득분 .. (1) / 답변1 첨부1
  + [4359] ntt=34236 (7190) 종교단체 감면 질문 드립니다. (1) / 답변1 첨부2
  + [4360] ntt=34230 (7189) 자동차세 장애인 감면후 세대분리에 대한 추징건.. (1) / 답변1 첨부1
  + [4361] ntt=34228 (7188) 비영리사단법인의 지방세법제84조의5(중소기업 .. (1) / 답변1 첨부2
  + [4362] ntt=34221 (7187) 차량공매 미지급 배분금 환급 문의 (1) / 답변1 첨부1
  + [4363] ntt=34213 (7186) 종교단체 감면 관련 질의 (1) / 답변1 첨부1
  + [4364] ntt=34203 (7185) 지목변경 과세표준 질의 (1) / 답변1 첨부1
  + [4365] ntt=34200 (7184) 반납말소등기 없이도 제작결함 교환차 감면 관련.. (1) / 답변1 첨부1
[page 363 완료] 누적 신규 4365건  (이 게시판 저장 총 10,865건)
  + [4366] ntt=34190 (7183) 직계존비속간의 매매거래시 취득 후 거래내역 인.. (1) / 답변1 첨부1
  + [4367] ntt=34189 (7182) 지방세특례제한법 제46조 관련입니다. (기업부.. (1) / 답변1 첨부1
  + [4368] ntt=34188 (7181) 신탁재산 위탁자 지위변경으로 인한 납세자 변경.. (1) / 답변1 첨부1
  + [4369] ntt=34184 (7180) [재질의]급여 압류 추심금에 대한 근로복지공단.. (1) / 답변1 첨부1
  + [4370] ntt=34178 (7179) 과점주주의 추가주식취득과 법인의 자기주식 취득.. (1) / 답변1 첨부1
  + [4371] ntt=34177 (7178) 초과 배당금 관련 문의 (1) / 답변1 첨부1
  + [4372] ntt=34175 (7177) 직장어린이집 취득세 감면 문의 (1) / 답변1 첨부1
  + [4373] ntt=34174 (7176) 등록면허세(등록) 재산에관한사항 세율문의 (1) / 답변1 첨부1
  + [4374] ntt=34169 (7175) 과밀억제권역 내 호텔 신축 후 지점설치에 따른.. (1) / 답변1 첨부1
  + [4375] ntt=34156 (7174) 농업법인이 취득하는 부동산의 감면 범위 (1) / 답변1 첨부1
  + [4376] ntt=34154 (7173) 창업중소기업 감면("사업자등록을 안한 종전의 .. (1) / 답변1 첨부1
  + [4377] ntt=34148 (7172) 주차전용빌딩 및 연면적 3만제곱미터 복합건축물.. (1) / 답변1 첨부1
  + [4378] ntt=34147 (7171) 취득세 환급 (1) / 답변1 첨부1
  + [4379] ntt=34144 (7170) 창업감면 여부 (1) / 답변1 첨부1
  + [4380] ntt=34138 (7169) 화해권고결정에 따른 취득세, 취득시기와 취득금.. (1) / 답변1 첨부1
  + [4381] ntt=34121 (7168) 주민세 사업소분 감면(지특법 제22조 관련) .. (2) / 답변2 첨부1
  + [4382] ntt=34119 (7167) 자경농민 농사용시설 취득 감면시 부속토지 감면.. (1) / 답변1 첨부1
  + [4383] ntt=34118 (7166) 지방세특례제한법 제78조 제4항 제2호 가목의.. (1) / 답변1 첨부1
  + [4384] ntt=34116 (7165) 징수유예 등에 대하여 문의드립니다. (1) / 답변1 첨부1
  + [4385] ntt=34106 (7164) 차량취득세 문의입니다. (1) / 답변1 첨부1
  + [4386] ntt=34101 (7163) 한국토지주택공사 소유의 공공비축용 토지 문의 (1) / 답변1 첨부1
  + [4387] ntt=34099 (7162) 하자이행보증증권 취득세 과표 산입여부 질의 (1) / 답변1 첨부1
  + [4388] ntt=34097 (7161) 농업법인 취득세 추징 문의 (1) / 답변1 첨부1
  + [4389] ntt=34084 (7160) 무허가 건물이 재산세 과세대상인 주택에 해당되.. (2) / 답변2 첨부1
  + [4390] ntt=34083 (7159) 지방공사 직접사용 부동산 토지형태 적용 문의 (1) / 답변1 첨부1
  + [4391] ntt=34082 (7158) 자경농민 시설 감면 문의 (1) / 답변1 첨부1
  + [4392] ntt=34078 (7157) 미등기 법인 취득세 환급 가능 여부 (1) / 답변1 첨부1
  + [4393] ntt=34074 (7156) 합유물건 구성원 사망시 취득세 부과방법에 대하.. (1) / 답변1 첨부1
  + [4394] ntt=34071 (7155) 안녕하세요 법인이 흡수합병이 된 경우 피합병법.. (1) / 답변1 첨부1
  + [4395] ntt=34049 (7154) (긴급)중과제외되는 공시가액1억원미만 주택판단.. (1) / 답변1 첨부1
[page 364 완료] 누적 신규 4395건  (이 게시판 저장 총 10,895건)
  + [4396] ntt=34045 (7153) 법인세법 제44조 2항 및 3항에 해당여부 문.. (1) / 답변1 첨부1
  + [4397] ntt=34035 (7152) 상속 취득세 추징대상 여부 (1) / 답변1 첨부1
  + [4398] ntt=34034 (7151) 적격합병 해당여부에 대해서 문의드립니다. (1) / 답변1 첨부1
  + [4399] ntt=34032 (7150) 산업단지 감면 문의 (1) / 답변1 첨부1
  + [4400] ntt=34028 (7149) 등록면허세 비과세 관련 (1) / 답변1 첨부1
    [retry 1/3] ReadTimeout
  + [4401] ntt=34022 (7148) 연부계약 권리의무승계에 따른 취득세 환급에 대.. (1) / 답변1 첨부1
  + [4402] ntt=34020 (7147) 단체에서 법인으로 전환이후 단체명의 소유부동산.. (1) / 답변1 첨부1
  + [4403] ntt=34019 (7146) 배분금전(채권압류·추심금)에 대한 권리신고 및.. (1) / 답변1 첨부1
  + [4404] ntt=34011 (7145) 창업감면에서 개인사업자 업종추가 해석 재질의 (1) / 답변1 첨부1
  + [4405] ntt=34010 (7144) 창업감면시 바닥면적 산정방법 문의 (1) / 답변1 첨부1
  + [4406] ntt=34009 (7143) 창업 감면 문의 (1) / 답변1 첨부1
  + [4407] ntt=33996 (7142) 번호-7109 관련 추가 질의(산업단지 사업시.. (1) / 답변1 첨부2
  + [4408] ntt=33993 (7141) 취득세 산업단지 감면 추징 문의(7136번 재.. (1) / 답변1 첨부2
  + [4409] ntt=33991 (7140) 주택신축판매업이 멸실목적으로 주택을 취득하는경.. (1) / 답변1 첨부1
  + [4410] ntt=33987 (7139) 타운하우스 주택 유상거래시 농어촌특별세 과세여.. (1) / 답변1 첨부1
  + [4411] ntt=33982 (7138) 부당수취 압류금 반환 청구(부당이득금 반환 청.. (3) / 답변3 첨부1
  + [4412] ntt=33973 (7137) 산업단지 감면 취득세 추징문의(취득일로부터 3.. (1) / 답변1 첨부2
  + [4413] ntt=33957 (7136) 법인합병감면 문의 (1) / 답변1 첨부1
  + [4414] ntt=33951 (7135) 급여압류 후속조치 관련 (1) / 답변1 첨부1
  + [4415] ntt=33946 (7134) 급여압류 후속조치 관련 (1) / 답변1 첨부1
  + [4416] ntt=33940 (7133) 임대사업자가 건축주로 최초 분양 받는 경우에 .. (1) / 답변1 첨부1
  + [4417] ntt=33933 (7132) 중과 제외 업종 관련 질의 (1) / 답변1 첨부1
  + [4418] ntt=33932 (7131) 중소기업간의 통합 취득세 감면 해석질의 (1) / 답변1 첨부1
  + [4419] ntt=33920 (7130) 건설자금이자의 취득세 과세표준 중 임대주택감면.. (1) / 답변1 첨부1
  + [4420] ntt=33918 (7129) 토지 취득 관련한 건설자금이자 처리 여부 질의.. (1) / 답변1 첨부1
  + [4421] ntt=33901 (7128) 재산세 납세의무자 변동신고 (1) / 답변1 첨부2
  + [4422] ntt=33898 (7127) 종교법인인 재단법인에 대한 취득세 감면 해당 .. (1) / 답변1 첨부1
  + [4423] ntt=33896 (7126) 주민세 종업원분 과세대상 사업소 해당 여부 질.. (1) / 답변1 첨부1
  + [4424] ntt=33894 (7125) 수탁자 명의로 등기된 신탁물건에 대해 위탁자의.. (1) / 답변1 첨부1
  + [4425] ntt=33892 (7124) 구조변경 취득세 문의드립니다. (1) / 답변1 첨부1
[page 365 완료] 누적 신규 4425건  (이 게시판 저장 총 10,925건)
  + [4426] ntt=33890 (7123) 대도시 본점 지방이전 감면 문의 (1) / 답변1 첨부1
  + [4427] ntt=33889 (7122) 구조변경 취득세 문의드립니다. (1) / 답변1 첨부1
  + [4428] ntt=33888 (7121) 종교단체 사업용 부동산 감면 문의 (1) / 답변1 첨부1
  + [4429] ntt=33887 (7120) 해당 생산설비가 취득세 과세대상인지 여부 (1) / 답변1 첨부1
  + [4430] ntt=33884 (7119) 자율주택정비사업 완료 후 토지 변동분에 대한 .. (1) / 답변1 첨부1
  + [4431] ntt=33883 (7118) 생애최초주택 감면 취득 후 거주기간 중 군입대.. (1) / 답변1 첨부1
  + [4432] ntt=33871 (7117) 지방세법 제13조 제1항 본점 신축 부동산에 .. (1) / 답변1 첨부1
  + [4433] ntt=33867 (7116) '주택건설사업 승인받은 토지' 과세유형 문의입.. (1) / 답변1 첨부1
  + [4434] ntt=33860 (7115) 창업감면 해당여부 질의 (1) / 답변1 첨부1
  + [4435] ntt=33854 (7114) 위탁자 지위의 이전에 따른 신탁재산 과세에 관.. (1) / 답변1 첨부1
  + [4436] ntt=33852 (7113) 주민세 사업소분 개정 질문입니다. (1) / 답변1 첨부1
  + [4437] ntt=33851 (7112) 미사용승인 건축물에 대한 유상취득 거래 가능 .. (1) / 답변1 첨부1
  + [4438] ntt=33846 (7111) 차량 취득세 경정청구 건에 대한 질의입니다. (1) / 답변1 첨부1
  + [4439] ntt=33845 (7110) 산업단지 감면관련 질의 (1) / 답변1 첨부2
  + [4440] ntt=33842 (7109) 천재지변 등으로 인한 대체취득에 대한 감면 추.. (1) / 답변1 첨부1
  + [4441] ntt=33840 (7108) 등록면허세(면허) 관련 질의드립니다. (1) / 답변1 첨부1
  + [4442] ntt=33837 (7107) 환지방식 도시개발사업 토지 준공 후 시행자(조.. (1) / 답변1 첨부1
  + [4443] ntt=33835 (7106) 창업중소기업감면 (1) / 답변1 첨부1
  + [4444] ntt=33827 (7105) 1종 주거지역 내 지목변경 취득세 부과 문의 (1) / 답변1 첨부1
  + [4445] ntt=33826 (7104) 위탁자 지위 이전 시 취득세 부과 여부 (1) / 답변1 첨부1
  + [4446] ntt=33823 (7103) 재산세 임대사업자 추징관련 질의 (3) / 답변3 첨부1
  + [4447] ntt=33814 (7102) 상속 수시부과건 감액이 가능한지 궁금합니다. (1) / 답변1
  + [4448] ntt=33805 (7101) 지방세법 시행령 제29조의 2 적용범위 관련입.. (1) / 답변1 첨부1
  + [4449] ntt=33797 (7100) 차량매매상(법인)의 지점에서 지점으로 명의이전.. (1) / 답변1 첨부1
  + [4450] ntt=33795 (7099) 지방세법 시행령 제26조 제1항 제3호 주택건.. (1) / 답변1 첨부1
  + [4451] ntt=33791 (7098) 지방세법시행령 제26조 1항 3호 규정의 주택.. (1) / 답변1 첨부1
  + [4452] ntt=33785 (7097) 일시적2주택 신고 후, 추가로 신규주택(3주택.. (1) / 답변1 첨부1
  + [4453] ntt=33784 (7096) 개인회생인가결정 후 차량공매 가능여부 (1) / 답변1 첨부1
  + [4454] ntt=33778 (7095) 주택 분양권 증여에 따른 중과세율 문의 (1) / 답변1 첨부1
  + [4455] ntt=33767 (7094) 임대사업자 취득세 감면 여부 (1) / 답변1 첨부1
[page 366 완료] 누적 신규 4455건  (이 게시판 저장 총 10,955건)
  + [4456] ntt=33765 (7093) 가산세 감면 가능 여부 (1) / 답변1 첨부1
  + [4457] ntt=33760 (7092) 연부계약 취득세 문의 (1) / 답변1 첨부1
  + [4458] ntt=33757 (7091) 지방세법 제7조제13항에 의거하여 재분할로 증.. (1) / 답변1 첨부1
  + [4459] ntt=33746 (7090) 환경개선부담금 (1) / 답변1 첨부1
  + [4460] ntt=33736 (7089) 주상용 무허가 건물의 주택의 부속토지 범위 산.. (1) / 답변1 첨부1
  + [4461] ntt=33725 (7088) 부동산 거래신고 없이 취득세 신고후 사실상 계.. (1) / 답변1 첨부1
  + [4462] ntt=33724 (7087) 공사 현장 사무실 용도 임대차 계약으로 인한 .. (1) / 답변1 첨부1
  + [4463] ntt=33723 (7086) 다운계약서 관련하여 수정신고에 대해서 질의 합.. (1) / 답변1 첨부1
  + [4464] ntt=33715 (7085) 산업단지 등에 대한 감면 (1) / 답변1 첨부2
  + [4465] ntt=33714 (7084) 합병 후 피합병법인의 사업 승계여부 (1) / 답변1 첨부1
  + [4466] ntt=33711 (7083) 토지 등 양도소득 부칙 문의 (1) / 답변1 첨부1
  + [4467] ntt=33705 (7082) 공공기록정보등록 자료 제공 관련 질의 (1) / 답변1 첨부1
  + [4468] ntt=33704 (7081) 관광농원 감면(지특법 제11조) (1) / 답변1 첨부1
  + [4469] ntt=33700 (7080) 연말정산 환급금 소멸시효 문의 (1) / 답변1 첨부1
  + [4470] ntt=33697 (7079) 농업법인의 농업경영체 등록 조건 감면 법규 적.. (1) / 답변1 첨부3
  + [4471] ntt=33692 (7078) 근로소득이 있는자가 농업을 주업으로하고 있는것.. (1) / 답변1 첨부1
  + [4472] ntt=33690 (7077) 불법건축물 과세대장 등재 여부 (1) / 답변1 첨부1
  + [4473] ntt=33689 (7076) 옥상테라스에 대규모 휴게음식점 신규 개업시 취.. (1) / 답변1 첨부1
  + [4474] ntt=33688 (7075) 무허가 건축물 멸실 후 재산세 부과 질의 (1) / 답변1 첨부1
  + [4475] ntt=33687 (7074) 종교단체 재산세 감면에 대한 질의 (1) / 답변1 첨부1
  + [4476] ntt=33680 (7073) 상속으로 인한 1가구 1주택 관련 주민등록상 .. (1) / 답변1 첨부1
  + [4477] ntt=33676 (7072) 정당한 사유에 해당하는지 여부. (1) / 답변1 첨부1
  + [4478] ntt=33674 (7071) 구조변경 취득세 문의 합니다 (1) / 답변1 첨부1
  + [4479] ntt=33668 (7070) 도시개발사업(지방세법시행령제102조제7항제4호.. (1) / 답변1 첨부1
  + [4480] ntt=33666 (7069) 기업부설연구소 일부면적 취득세 감면과 지식산업.. (1) / 답변1 첨부1
  + [4481] ntt=33655 (7068) 과점주주 (  ~자를 통하여) (1) / 답변1 첨부1
  + [4482] ntt=33652 (7067) 법인 회생결정 이후 연말정산 지방소득세 환급 .. (1) / 답변1 첨부1
  + [4483] ntt=33651 (7066) 법인의 고급주택에 대한 취득세율 적용 (1) / 답변1 첨부1
  + [4484] ntt=33649 (7065) 등기후 실거래 금액 수정으로 인한 경정청구 질.. (1) / 답변1 첨부1
  + [4485] ntt=33644 (7064) 명의신탁해지에 해당이 되어 취득세를 비과세하는.. (1) / 답변1 첨부1
[page 367 완료] 누적 신규 4485건  (이 게시판 저장 총 10,985건)
  + [4486] ntt=33642 (7063) 차량 등록면허세(등록) 문의합니다. (1) / 답변1 첨부1
  + [4487] ntt=33638 (7062) 임시사용승인 후 건축주 승계 시 취득세율 (1) / 답변1 첨부1
  + [4488] ntt=33633 (7061) 합유 관련 문의입니다. (1) / 답변1 첨부1
  + [4489] ntt=33632 (7060) 농공단지 대체취득 감면 후 임대로 인한 추징에.. (1) / 답변1 첨부1
  + [4490] ntt=33631 (7059) 지방세법 시행령 제121조(비과세)제2항제6호.. (1) / 답변1 첨부1
  + [4491] ntt=33626 (7058) 상속포기판결을 받은 경우 차량공매 가능여부 (1) / 답변1 첨부1
  + [4492] ntt=33614 (7057) 생애최초감면 - 한국인의 배우자(외국인) (1) / 답변1 첨부1
  + [4493] ntt=33613 (7056) 토지수용 부재부동산 판단 (1) / 답변1 첨부1
  + [4494] ntt=33612 (7055) 경정청구 대상자 자격 (1) / 답변1 첨부1
  + [4495] ntt=33611 (7054) 외국인 주민세 체납자에 대한 감액처리 가능 여.. (1) / 답변1 첨부1
  + [4496] ntt=33605 (7053) 산업단지 제공토지 중 제공의 의미 (1) / 답변1 첨부1
  + [4497] ntt=33603 (7052) 완료된 상속등기대로 과년도 재산세 대장의 납세.. (1) / 답변1 첨부1
  + [4498] ntt=33593 (7051) 한국지역난방공사가 부담하는 열수송관 시설투자비.. (1) / 답변1 첨부1
  + [4499] ntt=33587 (7050) 공장의 지방이전 감면 해당 여부 문의 (1) / 답변1 첨부1
  + [4500] ntt=33586 (7049) 주민세(종업원) 중소기업 고용지원 공제 (1) / 답변1 첨부1
  + [4501] ntt=33583 (7048) 현물출자 시 출자법인이 사업연도 종료일까지 출.. (1) / 답변1 첨부2
  + [4502] ntt=33576 (7047) 신용보증기금에서 과세정보제공 요청시 전국 과세.. (1) / 답변1 첨부1
  + [4503] ntt=33574 (7046) LNG기지 취득세 신고 시 생산시설 과세대상 .. (1) / 답변1 첨부1
  + [4504] ntt=33566 (7045) 지방세법제109조(바과세) 문의 대한 질문입니.. (1) / 답변1 첨부1
  + [4505] ntt=33565 (7044) 창업 감면 요건 해당 여부 질의 (1) / 답변1 첨부1
  + [4506] ntt=33554 (7043) 사용승인이 나지 않은 공동주택의 재산세 과세 (1) / 답변1 첨부1
  + [4507] ntt=33553 (7042) 무허가건물 적용과표 문의 (1) / 답변1 첨부1
  + [4508] ntt=33550 (7041) 법인의 지방이전 감면 정당한 사유 여부 질의 (1) / 답변1 첨부1
  + [4509] ntt=33535 (7040) 사회기반시설인 도로의 취득세 비과세 문의 (2) / 답변2 첨부1
  + [4510] ntt=33534 (7039) 토지보상금 지급 시점에 따른 재산세 납세의무 .. (1) / 답변1 첨부1
  + [4511] ntt=33529 (7038) 중고기계장비의 과세표준을 감정평가서의 감정가액.. (1) / 답변1 첨부1
  + [4512] ntt=33524 (7037) 차량 취득세 경정청구 건에 대하여 질의드리고자.. (1) / 답변1 첨부1
  + [4513] ntt=33523 (7036) 신축 과세표준 관련 질의 (1) / 답변1 첨부1
  + [4514] ntt=33515 (7035) 세대분리에 따른 자동차세 추징에 대한 기산일 .. (1) / 답변1 첨부1
  + [4515] ntt=33514 (7034) 차량 취득세 대체취득 감면 요건 (1) / 답변1 첨부1
[page 368 완료] 누적 신규 4515건  (이 게시판 저장 총 11,015건)
  + [4516] ntt=33513 (7033) 창업중소기업감면질의 (2) / 답변2 첨부1
  + [4517] ntt=33511 (7032) 가정용 LPG저장탱크가 취득세 과세대상인지 여.. (1) / 답변1 첨부1
  + [4518] ntt=33510 (7031) 어린이집 사용 종교단체 부동산의 감면 적용 질.. (1) / 답변1 첨부1
  + [4519] ntt=33509 (7030) 노인복지시설 감면 가능여부 (1) / 답변1 첨부1
  + [4520] ntt=33504 (7029) 관광농원 감면(지특법 제11조) (1) / 답변1 첨부1
  + [4521] ntt=33502 (7028) 종교단체의 범위 (1) / 답변1 첨부1
  + [4522] ntt=33501 (7027) 비영리법인의 자산 증가시 등록면허세 세율관련 .. (1) / 답변1 첨부1
  + [4523] ntt=33494 (7026) 공동사업자로 탈퇴한 것이 지특법 제58조의3 .. (1) / 답변1 첨부1
  + [4524] ntt=33492 (7025) 행정대집행비 결손처분 가능여부 (1) / 답변1 첨부1
  + [4525] ntt=33487 (7024) 재개발지역 내 비주택건물 재산세 과세방법 문의 (1) / 답변1 첨부1
  + [4526] ntt=33482 (7023) 종업원분 주민세 과표 - 연차수당의 산입 여부 (1) / 답변1 첨부1
  + [4527] ntt=33477 (7022) 위탁자 지위 이전 시 취득세 발생 여부 (1) / 답변1 첨부1
  + [4528] ntt=33473 (7021) 신탁등기로 수탁자에게 소유권이 이전된 경우 직.. (1) / 답변1 첨부1
  + [4529] ntt=33472 (7020) 창업중소기업 여부 확인 (1) / 답변1 첨부1
  + [4530] ntt=33470 (7019) 다가구 주택임대사업자 감면시 건물,토지 소유주.. (1) / 답변1 첨부1
  + [4531] ntt=33462 (7018) 건축물 지분 취득시 유흥주점 중과 관련 상담 .. (1) / 답변1 첨부1
  + [4532] ntt=33459 (7017) 21년 5월 전매로 분양권 취득 시, 21년 .. (1) / 답변1 첨부2
  + [4533] ntt=33455 (7016) 학교법인의 직접사용 부동산 (1) / 답변1 첨부1
  + [4534] ntt=33453 (7015) 가설건축물 취득세 납세의무자 문의 (1) / 답변1 첨부1
  + [4535] ntt=33449 (7014) [급]농공단지 대체입주자에 대한 감면 가능여부 (1) / 답변1 첨부1
  + [4536] ntt=33448 (7013) 산업단지 감면 법인의 용도 외 사용 판단 문제 (1) / 답변1 첨부1
  + [4537] ntt=33446 (7012) 급) 지목변경 납세의무자 및 과표 문의 (1) / 답변1 첨부1
  + [4538] ntt=33443 (7011) 창업중소기업 감면(업종추가) 문의 (1) / 답변1 첨부1
  + [4539] ntt=33435 (7010) 단위사업장 종업원이 주민세 종업원분 신고시 종.. (1) / 답변1 첨부1
  + [4540] ntt=33434 (7009) 그 이전에 과점주주가 된 당시의 주식등의 비율 (1) / 답변1 첨부1
  + [4541] ntt=33429 (7008) 지역자원시설세 납세의무가 있는지 여부 (1) / 답변1 첨부1
  + [4542] ntt=33420 (7007) 지역자원시설세 오물처리시설 등 과세방법 (1) / 답변1 첨부1
  + [4543] ntt=33415 (7006) 장기간 공실 상태인 경우 용도코드 변경 가능 .. (1) / 답변1 첨부1
  + [4544] ntt=33406 (7005) 분양권에 의한 주택 취득 주택수 산정 (1) / 답변1 첨부1
  + [4545] ntt=33404 (7004) 기부채납용 대상물의 무상사용에 따른 추징 여부 (1) / 답변1 첨부1
[page 369 완료] 누적 신규 4545건  (이 게시판 저장 총 11,045건)
  + [4546] ntt=33403 (7003) 30세 미만 자녀 외국소득만 있는 경우 (1) / 답변1 첨부1
  + [4547] ntt=33399 (7002) 지방세특례제한법 제57조의2 제1항 법인합병에.. (1) / 답변1 첨부1
  + [4548] ntt=33398 (7001) 2주택자 조정지역내 주택교환거래 취득세 적용세.. (1) / 답변1 첨부1
  + [4549] ntt=33397 (7000) 연부취득으로 신고납부 후 면적감소로 인한 취득.. (1) / 답변1 첨부1
  + [4550] ntt=33396 (6999) 30세 미만 자녀가 주택 취득시 부모와 별도 .. (1) / 답변1 첨부2
  + [4551] ntt=33395 (6998) 어린이집 취득세 감면후 ,1년내 미사용시 자진.. (1) / 답변1 첨부1
  + [4552] ntt=33394 (6997) 어린이집 취득세 감면 문의 (1) / 답변1 첨부1
  + [4553] ntt=33389 (6996) 창업중소기업 추징 관련 상담 요청드립니다~ (1) / 답변1 첨부1
  + [4554] ntt=33383 (6995) 장애인 차량 취득세 추징 후 재감면 질의 (1) / 답변1 첨부1
  + [4555] ntt=33380 (6994) 주거용오피스텔 과세 관련 질의 (1) / 답변1 첨부1
  + [4556] ntt=33378 (6993) 본점이전 중과세율 적용 문의 (1) / 답변1 첨부1
  + [4557] ntt=33377 (6992) 지방소득세 특별징수분 납세지 문의 (1) / 답변1 첨부1
  + [4558] ntt=33368 (6991) 귀농인 농업외의 산업종사 추징 적용 여부 확인 (1) / 답변1 첨부1
  + [4559] ntt=33366 (6990) 기한후신고 가산세 감면 적용 문의 (1) / 답변1 첨부1
  + [4560] ntt=33365 (6989) 농업협동조합 고유업무 직접사용 취득 부동산 감.. (1) / 답변1 첨부1
  + [4561] ntt=33364 (6988) 납세자가 납부한 세금의 세액도 과세정보기 때문.. (1) / 답변1
  + [4562] ntt=33360 (6987) 세대분리 취득세 추징 후 새로 취득하는 차량 .. (1) / 답변1 첨부1
  + [4563] ntt=33350 (6986) 미등록 전기승용자동차에 대한 취득세 세율 적용.. (1) / 답변1 첨부1
  + [4564] ntt=33348 (6985) 상속지분과 유상으로 취득한 지분을 보유하고 있.. (1) / 답변1 첨부1
  + [4565] ntt=33337 (6984) 재산세 사실상 납세의무자 및 지방세법 제109.. (1) / 답변1 첨부1
  + [4566] ntt=33334 (6983) 창업중소기업 감면 해당 여부 질의 (1) / 답변1 첨부1
  + [4567] ntt=33325 (6982) 한정승인자 사망에  따른 재산세 납세의무자 (1) / 답변1
  + [4568] ntt=33323 (6981) 그 특수관계인의 특수관계인 성립여부 (1) / 답변1 첨부1
  + [4569] ntt=33320 (6980) 상속에 대한 취득세 개별부과 및 등록면허세 환.. (1) / 답변1 첨부1
  + [4570] ntt=33316 (6979) 가족간 주택 매매 시 생애최초주택 취득세 감면.. (2) / 답변2 첨부2
  + [4571] ntt=33311 (6978) 사실상의 소유자를 알 수 없는때 사용자에게 재.. (1) / 답변1 첨부1
  + [4572] ntt=33308 (6977) 공유물분할 세율 문의 드립니다. (1) / 답변1 첨부1
  + [4573] ntt=33301 (6976) 부동산 공매 가능여부 (1) / 답변1 첨부1
  + [4574] ntt=33299 (6975) 사망자 비과세감면 추징분 부과 가능 여부 (1) / 답변1 첨부1
  + [4575] ntt=33296 (6974) 관허사업제한 가능 여부 (1) / 답변1 첨부1
[page 370 완료] 누적 신규 4575건  (이 게시판 저장 총 11,075건)
  + [4576] ntt=33293 (6973) 징수유예(분할고지) 취소에 따른 효과 (1) / 답변1 첨부1
  + [4577] ntt=33291 (6972) 재산세 납세의무자 지정 문의 (1) / 답변1 첨부1
  + [4578] ntt=33290 (6971) 신탁 관련 취득세 문의 (1) / 답변1 첨부1
  + [4579] ntt=33285 (6970) 공무원 착오에 따른 감면 후 추징시 가산세 부.. (1) / 답변1 첨부1
  + [4580] ntt=33283 (6969) 재산세 비영리사업자 분리과세 해당 여부 (1) / 답변1 첨부1
  + [4581] ntt=33282 (6968) 세무서 고지금액이 상속재산가액을 초과할경우 처.. (1) / 답변1 첨부1
  + [4582] ntt=33280 (6967) 특수관계인 해당 여부 질의 (1) / 답변1 첨부1
  + [4583] ntt=33274 (6966) 자동차세 상속포기서 제출시 소멸시효가 지난 세.. (1) / 답변1 첨부1
  + [4584] ntt=33269 (6965) 판결 소유권이전 등기의 말소등기 (2) / 답변2 첨부1
  + [4585] ntt=33261 (6964) 조합원입주권 중 "지역주택조합"은 주택수에 포.. (1) / 답변1 첨부1
  + [4586] ntt=33259 (6963) 아파트 명칭 등록면허세 (1) / 답변1 첨부1
  + [4587] ntt=33257 (6962) 창업중소기업 사업확장 관련 (3) / 답변3 첨부1
  + [4588] ntt=33255 (6961) 법인지방소득세 환급 여부 문의 (1) / 답변1 첨부1
  + [4589] ntt=33254 (6960) 사실상의 소유자를 알 수 없는때 사용자에게 재.. (1) / 답변1 첨부1
  + [4590] ntt=33253 (6959) 재산세 도시지역분 부과지역 고시 관련 의회동의.. (1) / 답변1 첨부1
  + [4591] ntt=33252 (6958) 등기 완료 후 분양대금 감액에 의한 취득세 환.. (1) / 답변1 첨부1
  + [4592] ntt=33251 (6957) 종교단체 감면 다가구주택-첨부파일 수정 (1) / 답변1 첨부1
  + [4593] ntt=33249 (6956) 체납차량 관련 공유물(자동차)의 지분을 포기한.. (1) / 답변1 첨부1
  + [4594] ntt=33244 (6955) 국유지도 고급주택 산정 시 포함하여 산정하는 .. (1) / 답변1 첨부1
  + [4595] ntt=33233 (6954) 산업단지 제공토지의 범위 (1) / 답변1 첨부1
  + [4596] ntt=33224 (6953) 지방의회에서 지방세관련 자료 요청시 제출가능여.. (1) / 답변1 첨부1
  + [4597] ntt=33221 (6952) 지방세특례제한법 73조에 따른 감면여부 (1) / 답변1 첨부1
  + [4598] ntt=33220 (6951) 부담부증여 - 전세보증금 채무 인정 여부 (1) / 답변1 첨부1
  + [4599] ntt=33205 (6950) 산업단지 감면(한 필지 내 일부 미사용 토지 .. (1) / 답변1 첨부1
  + [4600] ntt=33197 (6949) 생애최초 감면 및 추징규정 문의 (1) / 답변1 첨부1
  + [4601] ntt=33185 (6948) 창업감면 해당 여부 (1) / 답변1 첨부1
  + [4602] ntt=33175 (6947) 징수유예 취소 관련 질의 (1) / 답변1 첨부1
  + [4603] ntt=33168 (6946) 개인지방소득세로 착오신고한 종중의 양도소득을 .. (1) / 답변1
  + [4604] ntt=33167 (6945) 주택수 산정질의 (1) / 답변1 첨부1
  + [4605] ntt=33164 (6944) 창업중소기업 감면 해당여부 (1) / 답변1 첨부1
[page 371 완료] 누적 신규 4605건  (이 게시판 저장 총 11,105건)
  + [4606] ntt=33158 (6943) 창업의 범위에서 제외하는 경우에 해당하는지 여.. (1) / 답변1 첨부1
  + [4607] ntt=33157 (6942) 판결에 의한 환급 가능 여부 문의입니다 (1) / 답변1 첨부1
  + [4608] ntt=33156 (6941) 신탁재산 납세의무자 변경에 따라 지방세특례제한.. (1) / 답변1 첨부1
  + [4609] ntt=33154 (6940) 사회복지법인 등 의 범위(주민세 종업원분 20.. (1) / 답변1 첨부2
  + [4610] ntt=33151 (6939) 파산선고 받은 체납자의 개발부담금 면제 주장 (1) / 답변1 첨부1
  + [4611] ntt=33146 (6938) 한국토지주택공사의 빈집 매입 후 아동친화복합공.. (1) / 답변1 첨부1
  + [4612] ntt=33144 (6937) 대위등기로 상속 부동산 취득세 납부 후 미등기.. (1) / 답변1 첨부1
  + [4613] ntt=33141 (6936) (재질의)산업단지 입주기업 감면 문의 (1) / 답변1 첨부1
  + [4614] ntt=33139 (6935) 평생교육시설 감면 관련 질의 (1) / 답변1 첨부1
  + [4615] ntt=33138 (6934) 공유물 분할 (1) / 답변1 첨부1
  + [4616] ntt=33137 (6933) 관허사업 제한 철회시 징수금 범위 (1) / 답변1 첨부1
  + [4617] ntt=33130 (6932) 주민세(종업원분) 중소기업 고용지원 관련 (1) / 답변1 첨부1
  + [4618] ntt=33127 (6931) 학교법인 전환 등록면허세, 취득세 문의 (1) / 답변1 첨부1
  + [4619] ntt=33119 (6930) 종교사용 목적 해당 여부 (1) / 답변1 첨부1
  + [4620] ntt=33116 (6929) 유흥주점 재산세 중과시 영업장면적과 객실면적 .. (1) / 답변1 첨부1
  + [4621] ntt=33115 (6928) 측정대행업 면허 관련 문의 (1) / 답변1 첨부1
  + [4622] ntt=33100 (6927) 지방세특례제한법 제78조제5항제2호 환매 해당.. (1) / 답변1 첨부1
  + [4623] ntt=33099 (6926) 주차전용 건축물과 관련한 재산세 문의드립니다. (1) / 답변1 첨부1
  + [4624] ntt=33098 (6925) [재산세 유흥주점 중과대상] 폐쇄객실을 유흥주.. (1) / 답변1 첨부1
  + [4625] ntt=33097 (6924) 공공지원민간임대주택 취득세 세율적용 및 추징시.. (1) / 답변1 첨부2
  + [4626] ntt=33089 (6923) 창업중소기업감면 해당 여부(주업종이 바뀐 경우.. (1) / 답변1 첨부1
  + [4627] ntt=33087 (6922) 부담부증여 인정 가능여부 질의 (1) / 답변1 첨부1
  + [4628] ntt=33084 (6921) 중과예외업종과 중과업종 겸업 시 취득세 중과방.. (1) / 답변1 첨부1
  + [4629] ntt=33080 (6920) 법인 회생절차 종결시 징수유예 취소 문의 등 (1) / 답변1 첨부1
  + [4630] ntt=33078 (6919) 창업중소기업(기존 도소매업 영위하던 개인이 추.. (1) / 답변1 첨부1
  + [4631] ntt=33063 (6918) 법인의 지방이전 추징 사유 질의 (1) / 답변1 첨부1
  + [4632] ntt=33060 (6917) 산업단지 입주기업 감면 가능여부 질의 (1) / 답변1 첨부1
  + [4633] ntt=33056 (6916) 미등기 건물을 상속으로 소유권보존등기 관련 상.. (1) / 답변1 첨부1
  + [4634] ntt=33052 (6915) 주민세(종업원분) 중소기업 고용지원에 대한 감.. (1) / 답변1 첨부1
  + [4635] ntt=33051 (6914) 재산세 납세의무자 질의 (1) / 답변1 첨부1
[page 372 완료] 누적 신규 4635건  (이 게시판 저장 총 11,135건)
  + [4636] ntt=33045 (6913) 공유물분할 후 분할등기가 이행되지 않았을 때,.. (1) / 답변1 첨부1
  + [4637] ntt=33044 (6912) 공매예고의 송달대상 (1) / 답변1 첨부1
  + [4638] ntt=33042 (6911) 신탁재산 납세의무자 문의 (1) / 답변1 첨부1
  + [4639] ntt=33039 (6910) 법인지방소득세 안분 문의 (1) / 답변1 첨부1
  + [4640] ntt=33029 (6909) 과점주주 외의자의 개념에 대해 여쭙니다. (1) / 답변1 첨부1
  + [4641] ntt=33028 (6908) 어린이집 취득세 감면 문의 (1) / 답변1 첨부1
  + [4642] ntt=33025 (6907) 자경농민 감면 토지에 대하여 추징 가능 여부 (1) / 답변1 첨부1
  + [4643] ntt=33015 (6906) 비영리내국법인의 법인지방소득세 양도소득 예정신.. (1) / 답변1 첨부1
  + [4644] ntt=33014 (6905) 토지 공유하는 무허가건물 보유 후 새로 취득하.. (1) / 답변1 첨부1
  + [4645] ntt=33011 (6904) 공매예고의 송달 대상자 (1) / 답변1 첨부1
  + [4646] ntt=33004 (6903) 동일 주소 세대분리 시 자동차세 추징 (1) / 답변1 첨부1
  + [4647] ntt=33002 (6902) 신축 후 본점 및 지점 사용에 따른 중과 세율.. (1) / 답변1 첨부1
  + [4648] ntt=32996 (6901) 관허사업 제한 철회시 징수금 범위 (1) / 답변1 첨부1
  + [4649] ntt=32993 (6900) 산림조합의 고유목적 사업 판단 및 농지 (1) / 답변1 첨부1
  + [4650] ntt=32991 (6899) 차량 취득세 감면 추징관련 문의 (1) / 답변1 첨부1
  + [4651] ntt=32978 (6898) 지특법 제50조(종교단체 또는 항교에 대한 면.. (1) / 답변1 첨부1
  + [4652] ntt=32976 (6897) 가산세 관련 문의 (1) / 답변1 첨부1
  + [4653] ntt=32973 (6896) 주민세 종업원분 과세표준 산정문의 (1) / 답변1 첨부1
  + [4654] ntt=32969 (6895) 창업 감면 문의 (1) / 답변1 첨부1
  + [4655] ntt=32968 (6894) 양도소득분 지방소득세 합산하여 결정시 과소신고.. (1) / 답변1 첨부1
  + [4656] ntt=32966 (6893) 상속협의 후 취득세 신고 납부 후, 미등기한 .. (1) / 답변1 첨부1
  + [4657] ntt=32965 (6892) 만 30세 미만 취득자의 소득 산정 기간 관련 (1) / 답변1 첨부2
  + [4658] ntt=32959 (6891) 흡수합병되어 해산된 법인의 환급 문의 (1) / 답변1 첨부1
  + [4659] ntt=32955 (6890) 직계존비속 부담부증여(부담부-직계존비속 전세계.. (1) / 답변1 첨부1
  + [4660] ntt=32952 (6889) 법인의 지방이전감면 문의 (1) / 답변1 첨부1
  + [4661] ntt=32949 (6888) 시효소멸 완성된 체납자의 기압류 내역 확인시 .. (1) / 답변1 첨부1
  + [4662] ntt=32943 (6887) 지방세특례제한법 부칙에 대하여(법률 제1686.. (1) / 답변1 첨부2
  + [4663] ntt=32942 (6886) 임대사업자 감면 괸련 최초분양에 해당하는지 여.. (1) / 답변1 첨부1
  + [4664] ntt=32934 (6885) 판결상 사실관계 인정여부와 재산세 정정 가능여.. (1) / 답변1 첨부1
  + [4665] ntt=32925 (6884) 사업양수인의 2차납세의무 지정 가능 여부 문의 (1) / 답변1 첨부1
[page 373 완료] 누적 신규 4665건  (이 게시판 저장 총 11,165건)
  + [4666] ntt=32924 (6883) 생애최초 주택구입에 대한 감면 이후 추징관련 .. (1) / 답변1 첨부1
  + [4667] ntt=32923 (6882) 일반 숙박시설 회원권 판매에 따른 취득세 납세.. (1) / 답변1 첨부1
  + [4668] ntt=32922 (6881) 기존 무허가건물 보유 후 새로운 주택 취득세 .. (3) / 답변3 첨부1
  + [4669] ntt=32918 (6880) 상속대위등기비용(취득세)의 체납처분비 포함 여.. (1) / 답변1 첨부1
  + [4670] ntt=32913 (6879) 생애최초감면 후 주택 상속 취득 문의 (1) / 답변1 첨부1
  + [4671] ntt=32910 (6878) 감면 대상 토지의 범위 (1) / 답변1 첨부1
  + [4672] ntt=32900 (6877) 물류단지 등에 대한 감면(지특법 제71조) (1) / 답변1 첨부1
  + [4673] ntt=32899 (6876) 한 필지상에 2동의 주택 존재시 주택수 산정 .. (1) / 답변1 첨부1
  + [4674] ntt=32894 (6875) 취득세 재신고 후 환급 문의 (1) / 답변1 첨부1
  + [4675] ntt=32892 (6874) 동일주소 내 세대분리(세대주상이) (1) / 답변1 첨부1
  + [4676] ntt=32886 (6873) 법인의 지방이전 시가표준액 계산 방법 문의(2.. (1) / 답변1 첨부1
  + [4677] ntt=32869 (6872) 생애최초감면 후 주택 상속 취득 (1) / 답변1 첨부1
  + [4678] ntt=32865 (6871) 농지 구입 후 지목변경 없이 건물 신축관련 부.. (1) / 답변1 첨부1
  + [4679] ntt=32864 (6870) 개인의 주식 양도에 대한 지방소득세 납세지가 .. (1) / 답변1 첨부1
  + [4680] ntt=32858 (6869) 중과세 대상 배제 법인의 적용에 관한 질의입니.. (1) / 답변1 첨부1
  + [4681] ntt=32857 (6868) 건물 사용승인 신청 후 사용승인 전 매도시 납.. (2) / 답변2 첨부1
  + [4682] ntt=32856 (6867) 창업중소기업 감면(법인의 대표자가 기존 법인 .. (1) / 답변1 첨부1
  + [4683] ntt=32854 (6866) 대도시 전입에 따른 부동산 취득 중과세율 적용.. (1) / 답변1 첨부1
  + [4684] ntt=32853 (6865) 지방세 기본법 제 60조 제5항 "납세자"의 .. (1) / 답변1 첨부1
  + [4685] ntt=32848 (6864) 아파트를 비주거용으로 과세가능 여부 질의 (1) / 답변1 첨부1
  + [4686] ntt=32844 (6863) 총포 관련 등록면허세 부과 질의 (1) / 답변1 첨부1
  + [4687] ntt=32843 (6862) 개인명의(사내이사)로 개발행위 등을 이행한후 .. (1) / 답변1 첨부2
  + [4688] ntt=32841 (6861) (취득세) 분양권으로 인한 주택취득 이전에 일.. (1) / 답변1 첨부1
  + [4689] ntt=32833 (6860) 주택법에 따른 주택건설사업계획 승인에 대한 추.. (1) / 답변1 첨부1
  + [4690] ntt=32832 (6859) 가설건축물 사실상 존치기간 및 임대 등 과세표.. (1) / 답변1 첨부1
  + [4691] ntt=32831 (6858) 산업단지 내 재산세 감면 추징 시 과세대상 구.. (1) / 답변1 첨부1
  + [4692] ntt=32829 (6857) 지특법 제180조의 중복감면의 적용 여부 (1) / 답변1 첨부1
  + [4693] ntt=32825 (6856) 지역주택조합 승계조합원의 계약 해제에 따른 토.. (1) / 답변1 첨부1
  + [4694] ntt=32822 (6855) 주택건설사업에 제공되는 토지에 대하여 질의드립.. (1) / 답변1 첨부1
  + [4695] ntt=32820 (6854) 지방자치단체의 징수금의 끝수 계산 (1) / 답변1 첨부1
[page 374 완료] 누적 신규 4695건  (이 게시판 저장 총 11,195건)
  + [4696] ntt=32814 (6853) 증명서류는 무얼 말하는지요? (1) / 답변1 첨부1
  + [4697] ntt=32806 (6852) 재산세 환급 재질의 (1) / 답변1 첨부1
  + [4698] ntt=32801 (6851) 농업법인 감면시 농기계보관창고 신축시 감면 여.. (1) / 답변1 첨부1
  + [4699] ntt=32797 (6850) 법인의 지방이전시 과밀억제권역 사업장 시가계산.. (1) / 답변1 첨부1
  + [4700] ntt=32796 (6849) 생애최초 추징관련 문의 (1) / 답변1 첨부1
  + [4701] ntt=32795 (6848) (취득세) 분양권과 주택 수 계산 (1) / 답변1 첨부1
  + [4702] ntt=32793 (6847) 건설자금이자 문의 (1) / 답변1 첨부1
  + [4703] ntt=32790 (6846) 공장의 지방 이전에 따른 감면 질의 (1) / 답변1 첨부1
  + [4704] ntt=32789 (6845) 지방소득세(양도소득분) 가산세 기준금액 산정 .. (1) / 답변1 첨부1
  + [4705] ntt=32788 (6844) 공장의 신축 시 냉동실, 건조실, 제조실의 냉.. (1) / 답변1 첨부1
  + [4706] ntt=32781 (6843) 자동차세 비과세 여부 문의 (1) / 답변1 첨부1
  + [4707] ntt=32777 (6842) 법인 합병관련 문의(소비성서비스업 관련) (1) / 답변1 첨부1
  + [4708] ntt=32774 (6841) 2019년 귀속 법인지방소득세 외납세액관련 환.. (1) / 답변1 첨부2
  + [4709] ntt=32768 (6840) 산업단지 내 공장 부속토지에 해당하는지 여부 (1) / 답변1 첨부1
  + [4710] ntt=32764 (6839) 명의신탁 과점주주 해당 여부 문의 (1) / 답변1 첨부1
  + [4711] ntt=32758 (6838) 산업용 건축물 등 해당여부(재질의) (1) / 답변1 첨부1
  + [4712] ntt=32750 (6837) 의료법인 일몰 도래에 따른 감면 적용 요령 (1) / 답변1 첨부1
  + [4713] ntt=32743 (6836) 지역자원시설세 중과대상인 창고 질의 (1) / 답변1 첨부1
  + [4714] ntt=32742 (6835) 임대주택사업자 등록말소 추징여부 문의 (1) / 답변1 첨부1
  + [4715] ntt=32729 (6834) 부동산 거래신고 등에 관한 법률 통보 취득세 .. (1) / 답변1 첨부1
  + [4716] ntt=32728 (6833) 영농목적으로 취득한 농지 및 임야 추징 (1) / 답변1 첨부1
  + [4717] ntt=32726 (6832) 주택건설사업자에 대한 분리과세 대상 문의 (1) / 답변1 첨부1
  + [4718] ntt=32724 (6831) 재산세 환급 문의 (1) / 답변1 첨부1
  + [4719] ntt=32711 (6830) 원시취득에 해당이 되는지? (1) / 답변1 첨부1
  + [4720] ntt=32706 (6829) 임대의무기간 내 양도에 대한 재산세 추징 관련.. (1) / 답변1 첨부1
  + [4721] ntt=32702 (6828) 고급주택여부 판단 질의 (1) / 답변1 첨부1
  + [4722] ntt=32700 (6827) 사회복지 법인 감면 추징(자진납부) 후 경정청.. (1) / 답변1 첨부1
  + [4723] ntt=32697 (6826) 법인소유의 비영업용 차량을 영업용으로 용도변경.. (1) / 답변1 첨부1
  + [4724] ntt=32695 (6825) 재건축 주택 주택수 포함여부 (1) / 답변1 첨부1
  + [4725] ntt=32693 (6824) 공장의 신축 시 냉동실, 건조실, 제조실의 냉.. (1) / 답변1 첨부1
[page 375 완료] 누적 신규 4725건  (이 게시판 저장 총 11,225건)
  + [4726] ntt=32688 (6823) 세 부담 상한 관련 질문 (1) / 답변1 첨부1
  + [4727] ntt=32682 (6822) 부담부증여 소득을 대체할 수 있는 소득 범위 (1) / 답변1 첨부1
  + [4728] ntt=32680 (6821) 무허가 주택에 대한 재산세 주택분 정정 질의 (1) / 답변1 첨부1
  + [4729] ntt=32674 (6820) 종교행위용 감면 추징 문의 (1) / 답변1 첨부1
  + [4730] ntt=32668 (6819) 재산세 과세내역 발급 여부 (1) / 답변1 첨부1
  + [4731] ntt=32663 (6818) 납세의무한도(받은 상속재산가액)에 따른 지방소.. (1) / 답변1 첨부1
  + [4732] ntt=32662 (6817) 참전고엽제 자동차세 감면 관련 문의드립니다. (1) / 답변1
  + [4733] ntt=32659 (6816) 일시적 2주택에서 종전주택 처분에 관한 질의 (1) / 답변1 첨부1
  + [4734] ntt=32650 (6815) 과점주주 특수관계인 여부 판단 (1) / 답변1 첨부1
  + [4735] ntt=32649 (6814) 주민세 균등분 감면 (1) / 답변1 첨부1
  + [4736] ntt=32648 (6813) 주택 멸실 후 본점 신축에 따른 부속토지 중과.. (1) / 답변1 첨부1
  + [4737] ntt=32646 (6812) 장애인 차량 감면 추징사유(잠깐 세대분리 후 .. (1) / 답변1 첨부1
  + [4738] ntt=32640 (6811) 판결에 따른 취득세, 재산세 납세의무 변동여부.. (1) / 답변1 첨부1
  + [4739] ntt=32627 (6810) 미등기상속에 대한 질의 (1) / 답변1 첨부1
  + [4740] ntt=32620 (6809) 「지방세특례제한법」 제58조의3(창업중소기업 .. (1) / 답변1
  + [4741] ntt=32610 (6808) 말소등기이행판결에 따라 대위말소등기한 경우 재.. (1) / 답변1 첨부1
  + [4742] ntt=32608 (6807) 지방소득세 소멸시효 관련 (1) / 답변1 첨부1
  + [4743] ntt=32607 (6806) 소규모 액화석유가스(소형 LPG저장탱크) 시설.. (1) / 답변1 첨부2
  + [4744] ntt=32598 (6805) 사회복지를 위한 주민세 감면 규정 관련 질의 (1) / 답변1 첨부1
  + [4745] ntt=32593 (6804) 농수산물도매시장 시가표준액 산출 시 용도지수 .. (1) / 답변1 첨부1
  + [4746] ntt=32587 (6803) 산업용 건축물 등 해당여부 (1) / 답변1 첨부1
  + [4747] ntt=32580 (6802) 법인 주택취득 시 중과여부 (1) / 답변1 첨부1
  + [4748] ntt=32578 (6801) 창업중소기업 재산세 감면 후 임대분 추징 관련.. (1) / 답변1 첨부1
  + [4749] ntt=32577 (6800) 수상레저기구 취득세 문의 (1) / 답변1 첨부1
    [retry 1/3] ReadTimeout
  + [4750] ntt=32570 (6799) 상속 재산 취득세 연대납세의무 부과 후 유언공.. (1) / 답변1 첨부1
  + [4751] ntt=32567 (6798) 곧 철거예정인 집합건물(대지권 포함) 압류시 .. (1) / 답변1 첨부1
  + [4752] ntt=32565 (6797) 지하수 관정 압류에 따른 사용 제한 가능 여부 (1) / 답변1 첨부1
  + [4753] ntt=32560 (6796) 냉동시설 일부 교체공사가 취득세 부과대상에 해.. (1) / 답변1 첨부1
  + [4754] ntt=32556 (6795) 장애인 대체취득 감면 여부 (1) / 답변1 첨부1
  + [4755] ntt=32550 (6794) 지방소득세(양도소득) 납세지 문의(2차) (1) / 답변1 첨부2
[page 376 완료] 누적 신규 4755건  (이 게시판 저장 총 11,255건)
  + [4756] ntt=32549 (6793) 주민세 (종업원분) 중소기업 공제 관련 문의 (1) / 답변1 첨부1
  + [4757] ntt=32538 (6792) 무상승계취득시 지방세법시행령 제19조 제2항 .. (1) / 답변1 첨부1
  + [4758] ntt=32531 (6791) 귀농인 감면 적용(농업외의 산업 종사자 적용 .. (2) / 답변2 첨부1
  + [4759] ntt=32526 (6790) 법인 조직변경에 따른 부동산 압류등기 의무자 (1) / 답변1 첨부1
  + [4760] ntt=32523 (6789) 복합건축물 주택의 엘리베이터 설치시 고급주택 .. (1) / 답변1 첨부1
  + [4761] ntt=32519 (6788) 지방소득세 납세지 및 환급지 문의 (1) / 답변1 첨부1
  + [4762] ntt=32516 (6787) 징수유예관련 (1) / 답변1 첨부1
  + [4763] ntt=32514 (6786) 지특법 제180조 중복감면 배제관련 문의 (1) / 답변1 첨부1
  + [4764] ntt=32508 (6785) 지방세법 제109조 국가등이 공용으로 사용하는.. (1) / 답변1 첨부1
  + [4765] ntt=32504 (6784) 개인간의 부동산 거래계약 해지 관련 (1) / 답변1 첨부1
  + [4766] ntt=32502 (6783) 부동산 공매 낙찰 후 미지급 배분금 인계 후 .. (1) / 답변1 첨부1
  + [4767] ntt=32500 (6782) 법인지방소득세 안분방법 (1) / 답변1 첨부1
  + [4768] ntt=32479 (6781) 산업단지내 가구전시장 부속토지 (1) / 답변1 첨부1
  + [4769] ntt=32456 (6780) 법인지방 소득세 안분 기준 (1) / 답변1 첨부1
  + [4770] ntt=32448 (6779) 임대주택감면 임대의무기간 기준일 (1) / 답변1 첨부1
  + [4771] ntt=32446 (6778) 취득세 신고납부 대상(인텔리전트빌딩시스템) (1) / 답변1 첨부1
  + [4772] ntt=32444 (6777) 분양권에 의한 주택 취득 시, 1세대 기준 시.. (1) / 답변1 첨부1
  + [4773] ntt=32443 (6776) 별장 과세 (1) / 답변1 첨부1
  + [4774] ntt=32442 (6775) 과오납환급 기산일 (1) / 답변1 첨부1
  + [4775] ntt=32441 (6774) 상속 재산 취득세 연대납세의무 부과 후 유언공.. (1) / 답변1 첨부1
  + [4776] ntt=32439 (6773) 파산선고 후 부과된 재단채권관련 재산세의 납부.. (1) / 답변1 첨부1
  + [4777] ntt=32435 (6772) 주택조합이 주택법 시행령 제22조 제1항 제1.. (1) / 답변1 첨부1
  + [4778] ntt=32434 (6771) 국가유공자 부득이한 사유 (1) / 답변1 첨부1
  + [4779] ntt=32424 (6770) 승차정원 11인 승합 => 4인 승용으로 구조.. (1) / 답변1 첨부1
  + [4780] ntt=32416 (6769) 동일한 차량에 대해 다자녀 감면과 장애인 감면.. (1) / 답변1 첨부1
  + [4781] ntt=32415 (6768) 부당행위계산 판단 관련 질의 (1) / 답변1 첨부1
  + [4782] ntt=32412 (6767) 이혼에 따른 일시적2주택 관련 (1) / 답변1 첨부1
  + [4783] ntt=32410 (6766) 친생자로 인정받기 위해 소송 중인 경우 상속 .. (1) / 답변1 첨부1
  + [4784] ntt=32409 (6765) 생애최초 감면 소득금액 적용 문의 (1) / 답변1 첨부1
  + [4785] ntt=32408 (6764) 과점주주 특수관계 성립 여부 문의 (1) / 답변1 첨부1
[page 377 완료] 누적 신규 4785건  (이 게시판 저장 총 11,285건)
  + [4786] ntt=32407 (6763) 농어촌민박사업으로 현황상 이용중인 주택에 대해.. (1) / 답변1
  + [4787] ntt=32406 (6762) 일시적2주택 관련 문의 (1) / 답변1 첨부1
  + [4788] ntt=32405 (6761) 공동명의 장애인 감면 차량의 공동명의자 비장애.. (1) / 답변1 첨부1
  + [4789] ntt=32404 (6760) 어린이집 취득세 감면 여부 문의 (1) / 답변1 첨부1
  + [4790] ntt=32402 (6759) 자경농민 상속 농지 취득세 감면 여부(배우자간.. (1) / 답변1 첨부1
  + [4791] ntt=32400 (6758) 도시개발사업지구 내 준주거용지에 건축물이 있을.. (1) / 답변1 첨부1
  + [4792] ntt=32399 (6757) 직권감면 후  추징사유 발생시 가산세 감면 여.. (1) / 답변1 첨부1
  + [4793] ntt=32393 (6756) 지방소득세(양도소득)  납세지 문의 (1) / 답변1 첨부1
  + [4794] ntt=32389 (6755) 지방세 체납이 있는 경우 지방세환급금 미충당하.. (1) / 답변1 첨부1
  + [4795] ntt=32386 (6754) 임대사업자 건축임대 감면 연부취득 토지 취득분 (1) / 답변1 첨부1
  + [4796] ntt=32376 (6753) 재개발사업 임대주택에 대하여 사업의 포괄적 양.. (1) / 답변1 첨부1
  + [4797] ntt=32374 (6752) 폐지유형 임대주택 자진말소 전 먼저 매각이 이.. (1) / 답변1 첨부1
  + [4798] ntt=32372 (6751) 재산세 납세의무자 문의 (1) / 답변1 첨부1
  + [4799] ntt=32370 (6750) 종업원분 사업장 판단 질의 (1) / 답변1 첨부1
  + [4800] ntt=32369 (6749) 기한후신고시의 납기설정 (1) / 답변1 첨부1
  + [4801] ntt=32367 (6748) 소유권 이전등기 청구권 압류 가능 여부 문의 (1) / 답변1 첨부1
  + [4802] ntt=32363 (6747) 상가의 지역자원시설세 중과 여부 (1) / 답변1 첨부1
  + [4803] ntt=32362 (6746) 매매용 자동차 추징 사유 해당 여부 문의 (1) / 답변1 첨부1
  + [4804] ntt=32358 (6745) 가설건축물(견본주택) 공사중일 경우 과세 유형.. (1) / 답변1 첨부1
  + [4805] ntt=32357 (6744) 주거용 오피스텔 주택수 산정(2020. 8. .. (1) / 답변1 첨부1
  + [4806] ntt=32356 (6743) 환급가산금  기산일 착오로 인한 과다 환급 가.. (2) / 답변2 첨부1
  + [4807] ntt=32339 (6742) 배우자 자경농민 소득요건 판단관련 문의 (1) / 답변1 첨부1
  + [4808] ntt=32336 (6741) “한미조세조약” 제19조에 따라 근로소득에 대.. (1) / 답변1 첨부1
  + [4809] ntt=32333 (6740) 개인사업을 창업후 사업을 하는 배우자를 공동사.. (1) / 답변1 첨부1
  + [4810] ntt=32325 (6739) 분합협의 전 공동상속인의 사망이후 대습상속인이.. (1) / 답변1 첨부1
  + [4811] ntt=32320 (6738) 징수유예 (1) / 답변1 첨부1
  + [4812] ntt=32319 (6737) 지식산업센터 감면관련 문의 (1) / 답변1 첨부1
  + [4813] ntt=32311 (6736) 소유권 분쟁중 재산세 부과 (1) / 답변1 첨부1
  + [4814] ntt=32306 (6735) 세무조사 추징시 취득가격의 범위에 취득세 포함.. (1) / 답변1 첨부1
  + [4815] ntt=32305 (6734) 자동차세 과세기준일 이후 사망하였는데 상속인에.. (1) / 답변1 첨부1
[page 378 완료] 누적 신규 4815건  (이 게시판 저장 총 11,315건)
  + [4816] ntt=32304 (6733) 6717번에 대한 추가 질의 사항입니다. (1) / 답변1 첨부1
  + [4817] ntt=32299 (6732) 상속으로 인한 1가구1주택 취득세 감면 관련 .. (1) / 답변1 첨부1
  + [4818] ntt=32292 (6731) 개인지방소득세(양도소득) 신고기한 및 가산세 .. (1) / 답변1 첨부2
  + [4819] ntt=32289 (6730) 국유지 상 무허가건축물 재산세 납세의무자 판단 (1) / 답변1 첨부1
  + [4820] ntt=32287 (6729) 대수선 취득세 시가표준액 관련 질문 (1) / 답변1 첨부1
  + [4821] ntt=32286 (6728) 도난신고 후 멸실차량 자동차세 감액 여부 문의 (1) / 답변1 첨부1
  + [4822] ntt=32281 (6727) 주택 신축후 부속토지 취득시 적용 세율 (1) / 답변1 첨부1
  + [4823] ntt=32275 (6726) 공공기관 이전 취득세 감면 문의드립니다. (1) / 답변1 첨부1
  + [4824] ntt=32265 (6725) 농업용 저온저장고 취득세 과표 (1) / 답변1 첨부2
  + [4825] ntt=32260 (6724) [취득세] 가설건축물 존치기간 종료 이후 재신.. (1) / 답변1 첨부1
  + [4826] ntt=32251 (6723) 1세대 주택 수 판단을 위한 취득일의 기준 시.. (1) / 답변1 첨부1
  + [4827] ntt=32248 (6722) 법인 주택 판결문으로 소유권이전등기시, 계약일.. (1) / 답변1 첨부1
  + [4828] ntt=32245 (6721) 농업회사법인이 제3자에게 위탁관리 맡길 경우 .. (1) / 답변1 첨부1
  + [4829] ntt=32242 (6720) 지방세법 제109조 제2항의 재산세 비과세 대.. (1) / 답변1 첨부1
  + [4830] ntt=32235 (6719) 등록면허세(면허) 상담신청드립니다. (1) / 답변1 첨부1
  + [4831] ntt=32230 (6718) 창업중소기업 감면을 받은 부동산에 추징 사유 .. (1) / 답변1 첨부1
  + [4832] ntt=32228 (6717) 법인의 과점주주 간주취득세 과세대상 지분율 문.. (1) / 답변1 첨부1
  + [4833] ntt=32225 (6716) 번호6669에 대한 재질의 (1) / 답변1 첨부1
  + [4834] ntt=32212 (6715) 경찰청 수사협조의뢰로 과세증명서 요청시 제공여.. (1) / 답변1 첨부1
  + [4835] ntt=32205 (6714) 대물변제 취득세 과세표준 및 세율 (1) / 답변1 첨부1
  + [4836] ntt=32203 (6713) 만 30세 미만 국외소득 인정 여부 (1) / 답변1 첨부1
  + [4837] ntt=32200 (6712) 기부채납의 반대급부 관련 질의 (1) / 답변1 첨부1
  + [4838] ntt=32197 (6711) 구제역으로 살처분으로 1년간 양돈을 못했을 경.. (2) / 답변2 첨부1
  + [4839] ntt=32195 (6710) 학교법인 감면분 추징관련 부과제척기간 기산점 .. (1) / 답변1 첨부1
  + [4840] ntt=32194 (6709) 위탁영농 회사는 농업회사법인 취득세·재산세 감.. (1) / 답변1 첨부1
  + [4841] ntt=32193 (6708) 지방소득세 특별징수분 부도 폐업기업 근로자 연.. (1) / 답변1 첨부1
  + [4842] ntt=32192 (6707) 화물자동차터미널 운영업 창업중소기업 감면 가능.. (1) / 답변1 첨부1
  + [4843] ntt=32191 (6706) 체납자명단 공개관련 (1) / 답변1 첨부1
  + [4844] ntt=32190 (6705) 예금 압류의 효력 범위 및 압류해제 일자 확인 (1) / 답변1 첨부1
  + [4845] ntt=32187 (6704) 기업도시개발구역 내 사업장 신설하여 해당 사업.. (1) / 답변1 첨부1
[page 379 완료] 누적 신규 4845건  (이 게시판 저장 총 11,345건)
  + [4846] ntt=32184 (6703) 건축물대장상 부속지번이 아닌 인접토지를 해당 .. (1) / 답변1 첨부1
  + [4847] ntt=32182 (6702) 농업법인 감면 부동산 지목 관련 문의 (1) / 답변1 첨부1
  + [4848] ntt=32181 (6701) 취득세 환급 가능 여부 (1) / 답변1 첨부1
  + [4849] ntt=32171 (6700) 차량 공매 배분 순위 문의 (1) / 답변1 첨부1
  + [4850] ntt=32158 (6699) 창업중소기업감면 (1) / 답변1 첨부1
  + [4851] ntt=32156 (6698) 화해권고결정(약정해제로 인한 소유권이전등기) .. (1) / 답변1 첨부1
  + [4852] ntt=32155 (6697) 명의신탁(부동산실명법위반) 취득세 납부의무자 .. (1) / 답변1 첨부1
  + [4853] ntt=32147 (6696) 신탁원부 변경에 따른 납세의무자 변경 여부 (1) / 답변1 첨부1
  + [4854] ntt=32146 (6695) 주민세(재산분)문의 (1) / 답변1 첨부1
  + [4855] ntt=32145 (6694) 종합소득(국세)의 소멸 시효로 그에 따른 지방.. (1) / 답변1 첨부1
  + [4856] ntt=32144 (6693) 부과취소로 인한 환급 (1) / 답변1 첨부1
  + [4857] ntt=32142 (6692) 농업회사법인 추징관련 문의 (1) / 답변1 첨부1
  + [4858] ntt=32139 (6691) 지식산업센터 최초분양(신탁등기 해제) 취득세 .. (1) / 답변1 첨부1
  + [4859] ntt=32128 (6690) 건축면적(처마, 차양 등) 증축 재산세 과세 .. (1) / 답변1 첨부1
  + [4860] ntt=32125 (6689) 분양권에 의하여 취득하는 주택의 주택 수 산정.. (1) / 답변1 첨부1
  + [4861] ntt=32124 (6688) [6291번 추가질의] 합유물 분할 시 초과지.. (1) / 답변1 첨부1
  + [4862] ntt=32123 (6687) 법인 취득전 용도변경 비용 취득세 과표 포함여.. (1) / 답변1 첨부1
  + [4863] ntt=32116 (6686) 포상금 소득세 비과세판결에 의한 지방소득세 환.. (1) / 답변1 첨부1
  + [4864] ntt=32115 (6685) 취득세 주택 수 산정 문의(상속주택) (1) / 답변1 첨부1
  + [4865] ntt=32113 (6684) 조합원 입주권 취득시 취득 세율 문의 (1) / 답변1 첨부1
  + [4866] ntt=32112 (6683) 서울교통공사 취득 부동산에 대한 감면 여부 (1) / 답변1 첨부1
  + [4867] ntt=32109 (6682) 재산세 직권등재관련 문의입니다. (1) / 답변1 첨부1
  + [4868] ntt=32106 (6681) 창업중소기업감면을 받은 부동산의 증축부분을 추.. (1) / 답변1 첨부1
  + [4869] ntt=32102 (6680) 자동차 공동소유자 모두에게 압류통지서를 보내야.. (1) / 답변1 첨부1
  + [4870] ntt=32100 (6679) 건축중인 건축물 부속토지 관련 문의 (1) / 답변1 첨부1
  + [4871] ntt=32095 (6678) 대도시 법인 중과 제외 업종인 첨단기술산업에 .. (1) / 답변1 첨부1
  + [4872] ntt=32093 (6677) 중소기업 간 통합 취득세 감면 관련 질의 (1) / 답변1 첨부1
  + [4873] ntt=32091 (6676) 지방소득세(종합소득) 환급지 관련 질의 (1) / 답변1 첨부1
  + [4874] ntt=32089 (6675) 중고차량 매매 법인의 과점주주 성립 여부 (1) / 답변1 첨부1
  + [4875] ntt=32087 (6674) 저장탱크 관련 과표산입 여부 (1) / 답변1 첨부1
[page 380 완료] 누적 신규 4875건  (이 게시판 저장 총 11,375건)
  + [4876] ntt=32085 (6673) 수증자 외국발생 소득 인정 여부 문의 (1) / 답변1 첨부1
  + [4877] ntt=32083 (6672) 임대주택 감면에 따른 최소납부세제 적용 관련 .. (1) / 답변1 첨부1
  + [4878] ntt=32079 (6671) 과점주주 간주취득세 과세표준 관련 질의 (1) / 답변1 첨부1
  + [4879] ntt=32074 (6670) 공장의 지방 이전에 따른 감면 (1) / 답변1 첨부1
  + [4880] ntt=32073 (6669) 같은날 취득하는 주택 일시적이주택 적용가능 여.. (1) / 답변1 첨부1
  + [4881] ntt=32071 (6668) 지방세법 시행령 제28조의3 제2항 제3호 해.. (1) / 답변1 첨부1
  + [4882] ntt=32065 (6667) 압류해제 문의 (1) / 답변1 첨부1
  + [4883] ntt=32062 (6666) 허가사항인데 인허가 부서 착오로 허가가 안난경.. (1) / 답변1 첨부1
  + [4884] ntt=32041 (6665) 법원 판결로 인한 상속 지분 변동에 관한 질의 (1) / 답변1 첨부1
  + [4885] ntt=32036 (6664) 토지거래허가구역에서 토지매매 후 계약해제시 기.. (1) / 답변1 첨부1
  + [4886] ntt=32035 (6663) 2000년 귀속 지방소득세(종합소득) 부과 취.. (1) / 답변1 첨부1
  + [4887] ntt=32031 (6662) 창업중소기업 감면 관련 질의 (1) / 답변1 첨부1
  + [4888] ntt=32028 (6661) 연부계약 지방세환급가산금 문의 (1) / 답변1 첨부1
  + [4889] ntt=32019 (6660) 건축물 용도변경시 취득세 문의 (1) / 답변1 첨부1
  + [4890] ntt=32015 (6659) 임대주택 등에 대한 감면 (1) / 답변1
  + [4891] ntt=32013 (6658) 학술단체감면(지방세특례제한법 제45조 해석과 .. (1) / 답변1 첨부1
  + [4892] ntt=32008 (6657) 체인사업을 중과제외업종에 해당하는 유통산업으로.. (1) / 답변1 첨부1
  + [4893] ntt=31985 (6656) 지방세 상담 신청 드립니다. (1) / 답변1 첨부1
  + [4894] ntt=31984 (6655) 지방자치단체 무상귀속분 취득세 환급 문의 (1) / 답변1 첨부1
  + [4895] ntt=31972 (6654) 일부수납 후 A차량의 압류를 B차량으로 대체압.. (1) / 답변1 첨부1
  + [4896] ntt=31968 (6653) 대위등기 환급 (1) / 답변1 첨부1
  + [4897] ntt=31961 (6652) 건설공제조합 출자 예치금 압류 효력 및 예치금.. (1) / 답변1 첨부1
  + [4898] ntt=31959 (6651) 자동차세 부과제외가 가능한지?(자동차등록원부에.. (1) / 답변1 첨부1
  + [4899] ntt=31956 (6650) 도시가스 사업양수도에 따른 감면검토 (1) / 답변1 첨부1
  + [4900] ntt=31955 (6649) 법인 중과세율 적용 문의 (1) / 답변1 첨부1
  + [4901] ntt=31952 (6648) 생애최초 주택구입 추징 사유 문의 (1) / 답변1 첨부1
  + [4902] ntt=31951 (6647) 지방소득세(양도소득) 가산세 문의 (1) / 답변1 첨부2
  + [4903] ntt=31950 (6646) 취득세의 취득일(입주금 잔금지급일, 융자금상환.. (1) / 답변1 첨부1
  + [4904] ntt=31946 (6645) 미상속 수시부과분(착오부과분) 환급 가능여부 .. (1) / 답변1 첨부1
  + [4905] ntt=31945 (6644) 반송으로 인한 고지 효력 (1) / 답변1 첨부1
[page 381 완료] 누적 신규 4905건  (이 게시판 저장 총 11,405건)
  + [4906] ntt=31930 (6643) 일시적이주택 처분 조건 해당여부 문의 (1) / 답변1 첨부1
  + [4907] ntt=31928 (6642) 지방소득세(종합소득분) 환급지 관련 질의 (1) / 답변1 첨부2
  + [4908] ntt=31925 (6641) 부동산 특별조치법으로 인한 소유권 이전시 취득.. (1) / 답변1 첨부1
  + [4909] ntt=31924 (6640) 지방세 증명서 발급문의(신탁재산) (1) / 답변1 첨부1
  + [4910] ntt=31922 (6639) 가압류 등기의 촉탁으로 인하여 소유권보존등기 (1) / 답변1
  + [4911] ntt=31920 (6638) 부동산 특별조치법으로 인한 소유권 이전시 취득.. (1) / 답변1 첨부1
  + [4912] ntt=31912 (6637) 매매계약 해제(사실상 미 취득)로 인한 취득세.. (1) / 답변1 첨부1
  + [4913] ntt=31901 (6636) 사후관리 필요 여부 질의 (1) / 답변1 첨부1
  + [4914] ntt=31896 (6635) 개인지방소득세 과세 관련 문의 (1) / 답변1 첨부1
  + [4915] ntt=31893 (6634) 법원의 원천징수세액 부당이득 반환 화해결정에 .. (1) / 답변1 첨부1
  + [4916] ntt=31885 (6633) 창업벤처중소기업 감면에 해당되는지 여부 (1) / 답변1 첨부2
  + [4917] ntt=31882 (6632) 유흥주점 취득세 중과세부분 환급문의 (1) / 답변1 첨부1
  + [4918] ntt=31871 (6631) 판결에 의한 자동차 강제이전시 취득시기 여부. (1) / 답변1 첨부1
  + [4919] ntt=31870 (6630) 산업단지의 재산세 토지 감면관련 (1) / 답변1 첨부1
  + [4920] ntt=31869 (6629) 지방세특례제한법 제17조1항의 먼저 감면을 신.. (1) / 답변1 첨부1
  + [4921] ntt=31857 (6628) 합유로 일괄취득하는 주택들에 대한 취득세율 적.. (1) / 답변1 첨부1
  + [4922] ntt=31854 (6627) 경로당 재산세 면제 문의 (1) / 답변1 첨부1
  + [4923] ntt=31853 (6626) 종중소유토지 분리과세 적용 가능 여부 (1) / 답변1 첨부1
  + [4924] ntt=31852 (6625) 창업중소기업 감면 해당 여부 문의 (1) / 답변1 첨부1
  + [4925] ntt=31841 (6624) 개인지방소득세(종합소득) 납세지 문의 (1) / 답변1 첨부1
  + [4926] ntt=31839 (6623) 분양권 증여관련 주택 취득세 중과 여부 문의 (1) / 답변1 첨부1
  + [4927] ntt=31838 (6622) 자경농민 감면 소득금액 확인 문의 (1) / 답변1 첨부1
  + [4928] ntt=31827 (6621) 납세증명서 발급관련 문의(추가문의) (1) / 답변1 첨부1
  + [4929] ntt=31825 (6620) 토지수용 등으로 대체취득하는 부동산 취득세 감.. (1) / 답변1 첨부1
  + [4930] ntt=31815 (6619) 부동산담보신탁약정에 따른 수탁자 공개매각 부동.. (1) / 답변1 첨부1
  + [4931] ntt=31807 (6618) 임대사업자 관련 (1) / 답변1 첨부1
  + [4932] ntt=31806 (6617) 취득세 납부기한 연장 문의 (1) / 답변1 첨부1
  + [4933] ntt=31805 (6616) 지목변경의 과세표준 (1) / 답변1 첨부1
  + [4934] ntt=31804 (6615) 창업중소기업 감면 대상 여부 질의 (1) / 답변1 첨부1
  + [4935] ntt=31803 (6614) 멸실전 재개발 아파트 일시적이주택 처분 조건 .. (2) / 답변2 첨부1
[page 382 완료] 누적 신규 4935건  (이 게시판 저장 총 11,435건)
  + [4936] ntt=31796 (6613) 도로, 공원등 기반시설 조성비용의 신축과표 포.. (1) / 답변1 첨부1
  + [4937] ntt=31787 (6612) 법인의 지방이전 감면 관련 문의 (1) / 답변1 첨부1
  + [4938] ntt=31777 (6611) 도난신고 후 말소차량 자동차세 환급 여부 문의 (1) / 답변1 첨부1
  + [4939] ntt=31774 (6610) 입목 취득세 환급 가능 여부(추가 질의) (1) / 답변1 첨부1
  + [4940] ntt=31773 (6609) 지방세 기본법 시행령 제6조 2에 허용범위 관.. (1) / 답변1
  + [4941] ntt=31769 (6608) 과점주주 간주취득세 납세의무 성립여부 질의 (1) / 답변1 첨부1
  + [4942] ntt=31759 (6607) 납세증명서 발급관련 문의 (1) / 답변1 첨부1
  + [4943] ntt=31752 (6606) 종합체육시설 이용회원권 취득세 관련 (1) / 답변1 첨부1
  + [4944] ntt=31743 (6605) 공매행정비 미납에 따른 부동산 압류 (1) / 답변1 첨부1
  + [4945] ntt=31741 (6604) 겸용 건축물의 지역자원시설세 중과 (1) / 답변1 첨부1
  + [4946] ntt=31738 (6603) 취득세(상속) 환급 가능여부 문의합니다. (1) / 답변1 첨부1
  + [4947] ntt=31732 (6602) 지목변경 취득세 납세의무자,과표문의 (1) / 답변1 첨부1
  + [4948] ntt=31729 (6601) 저장시설 과세대상 여부 (1) / 답변1 첨부1
  + [4949] ntt=31722 (6600) 소방지휘차의 자동차세 비과세 여부 상담드립니다 (1) / 답변1 첨부1
  + [4950] ntt=31715 (6599) 생애최초 감면받은자가 3년이내 사망시 추징여부 (1) / 답변1 첨부1
  + [4951] ntt=31704 (6598) 일시적2주택적용여부 (1) / 답변1 첨부1
  + [4952] ntt=31703 (6597) 재개발조합의 비조합원용 토지 취득세 부과 관련.. (1) / 답변1 첨부1
  + [4953] ntt=31702 (6596) 일시적 2주택 적용 가능 여부 (1) / 답변1 첨부1
  + [4954] ntt=31697 (6595) 상속 취득세 신고 의무 지분율 (1) / 답변1 첨부1
  + [4955] ntt=31682 (6594) 송달불능에 따른 부과철회관련 문의 (1) / 답변1 첨부1
  + [4956] ntt=31679 (6593) 국가유공자 부동산 취득세 감면 가능여부(부동산.. (1) / 답변1 첨부1
  + [4957] ntt=31671 (6592) 지방세특례제한법 제78조 제4항 사업시행자외의.. (1) / 답변1 첨부1
  + [4958] ntt=31668 (6591) 자경농민 감면 적용과련 (2) / 답변2 첨부1
  + [4959] ntt=31667 (6590) 자동차 압류에 대한 효력이  압류통지서의 송달.. (1) / 답변1 첨부1
  + [4960] ntt=31666 (6589) 합병감면 사업용재산에 골프회원권 포함여부 (1) / 답변1 첨부1
  + [4961] ntt=31653 (6588) 미준공 주택 매매 후 취득세  신고 문의 (1) / 답변1 첨부1
  + [4962] ntt=31649 (6587) 미준공 주택 매수시 과세표준 문의 (1) / 답변1 첨부1
  + [4963] ntt=31647 (6586) 벤처기업 감면 규정과 관련한 부칙 적용 요령 .. (1) / 답변1 첨부2
  + [4964] ntt=31644 (6585) 대도시 본점이전(지특법 79조) 감면 관련 문.. (1) / 답변1 첨부1
  + [4965] ntt=31634 (6584) [내용 수정 및 재질의] 경영지배관계에 따른 .. (1) / 답변1 첨부1
[page 383 완료] 누적 신규 4965건  (이 게시판 저장 총 11,465건)
  + [4966] ntt=31625 (6583) 조합의 토지수용 이의재결 보상금 증액분 취득세.. (1) / 답변1 첨부1
  + [4967] ntt=31621 (6582) 등록면허세 비과세 규정 문의 (1) / 답변1 첨부1
  + [4968] ntt=31617 (6581) 1세대 2주택자 관련 문의 (1) / 답변1 첨부1
  + [4969] ntt=31612 (6580) 부과제척기간 경과된 입목 취득세 환급 가능 여.. (1) / 답변1 첨부1
  + [4970] ntt=31611 (6579) 신탁재산 귀속에 따른 취득세 비과세 적용여부 .. (1) / 답변1 첨부1
  + [4971] ntt=31610 (6578) 취득세 미신고 신축건물 과세표준관련 문의드립니.. (1) / 답변1 첨부1
  + [4972] ntt=31608 (6577) 무상귀속 지목변경 관련 질의 드립니다. (1) / 답변1 첨부1
  + [4973] ntt=31607 (6576) 재산세 납세의무자 주된 상속자 관련 문의 (1) / 답변1 첨부1
  + [4974] ntt=31606 (6575) 과점주주 과세 대상에 해당하는지 여부가 궁금합.. (1) / 답변1 첨부1
  + [4975] ntt=31602 (6574) 창업중소기업 등에 대한 감면 질의(지특법58조.. (1) / 답변1 첨부1
  + [4976] ntt=31601 (6573) 법인 등록면허세 중과 관련 문의합니다. (1) / 답변1 첨부1
  + [4977] ntt=31600 (6572) 폐가수준의 건물의 주택세율 적용 가능여부 문의.. (1) / 답변1 첨부1
  + [4978] ntt=31595 (6571) 사용승인이 안난 건물에 대한 원시취득 (1) / 답변1
  + [4979] ntt=31592 (6570) 생애최초 주택구입감면(일부 매매, 일부 증여) (1) / 답변1 첨부1
  + [4980] ntt=31585 (6569) 직계존비속 유상거래 (1) / 답변1 첨부1
  + [4981] ntt=31573 (6568) 지방세 관계법 운영예규 법60-17 해석관련 (1) / 답변1 첨부1
  + [4982] ntt=31567 (6567) 한정상속으로 소극재산이 많은 경우 피상속인 명.. (1) / 답변1 첨부1
  + [4983] ntt=31561 (6566) 지방세 상담 신청 드립니다. (1) / 답변1 첨부1
  + [4984] ntt=31553 (6565) 토지대장 면적이 정정되어 감소되었을 경우, 기.. (1) / 답변1 첨부1
  + [4985] ntt=31552 (6564) 미확정 공사금액 관련 (1) / 답변1 첨부1
  + [4986] ntt=31541 (6563) 승강기 교체( 개수) 에 따른 일부층 감면해당.. (1) / 답변1 첨부1
  + [4987] ntt=31534 (6562) 벌을 키우기 위한 양봉통을 설치한 토지 (1) / 답변1 첨부1
  + [4988] ntt=31528 (6561) 일시적이주택 처분조건에 증여 포함? (1) / 답변1 첨부1
  + [4989] ntt=31524 (6560) 과점주주의 법인합병 시 (1) / 답변1 첨부1
  + [4990] ntt=31520 (6559) 상속 등기 이행 불능시 원인무효 사유로 볼수 .. (1) / 답변1 첨부1
  + [4991] ntt=31516 (6558) 템플스테이 목적으로 취득한 건축물에 대한 종교.. (1) / 답변1 첨부1
  + [4992] ntt=31510 (6557) 소규모임대주택을 4년이내 미착공하였으나 정부정.. (1) / 답변1 첨부1
  + [4993] ntt=31508 (6556) 산업단지 편입 예정인 농지 취득시 적용세율 (1) / 답변1 첨부1
  + [4994] ntt=31507 (6555) 결손처분의 절차상 하자와 중가산금의 조정 가능.. (1) / 답변1 첨부1
  + [4995] ntt=31506 (6554) 취득세 납세의무 성립 관련 문의 드립니다. (.. (1) / 답변1 첨부1
[page 384 완료] 누적 신규 4995건  (이 게시판 저장 총 11,495건)
  + [4996] ntt=31502 (6553) 창업중소기업 관련 질의입니다. (1) / 답변1 첨부1
  + [4997] ntt=31498 (6552) 창업중소기업감면 추가질의 (1) / 답변1 첨부1
  + [4998] ntt=31494 (6551) 개인지방소득세 납세지 문의 (1) / 답변1 첨부1
  + [4999] ntt=31493 (6550) 평생교육시설 취득세 감면 질의 (1) / 답변1 첨부1
  + [5000] ntt=31488 (6549) 과점주주의 사실상 혼인관계 입증 방법 (3) / 답변3 첨부1
  + [5001] ntt=31483 (6548) 지목변경 취득세 질의 (1) / 답변1 첨부1
  + [5002] ntt=31481 (6547) 취득세 신고 시 주택 수 포함 여부 질의(문화.. (1) / 답변1 첨부1
  + [5003] ntt=31477 (6546) 미준공 분양권 관련 일시적 2주택 문의 (3) / 답변3 첨부1
  + [5004] ntt=31469 (6545) 장애 공동명의자에게 1% 지분 이전 후 1년이.. (1) / 답변1 첨부1
  + [5005] ntt=31467 (6544) 회원제골프장내 골프연습장 (1) / 답변1 첨부1
  + [5006] ntt=31461 (6543) 미준공 분양권 관련 일시적 2주택 문의 (1) / 답변1
  + [5007] ntt=31454 (6542) (주민세재산분) 태양전지판의 기계장치 포함 여.. (1) / 답변1 첨부1
  + [5008] ntt=31453 (6541) 귀농인감면 추징사항 문의드립니다. (1) / 답변1 첨부1
  + [5009] ntt=31451 (6540) 지방세환급가산금 기산일 질의드립니다. (1) / 답변1 첨부1
  + [5010] ntt=31450 (6539) 대물변제로 취득하는 경우 취득세율이 궁금합니다.. (1) / 답변1 첨부1
  + [5011] ntt=31449 (6538) 지특법시행령 제35조의2  상시근로자 수 요건.. (1) / 답변1 첨부1
  + [5012] ntt=31440 (6537) 압류 후순위채권자(자치단체)의 공매처분 (1) / 답변1 첨부1
  + [5013] ntt=31439 (6536) 자경농민의 농지 취득 감면 재문의 드립니다. (1) / 답변1 첨부1
  + [5014] ntt=31433 (6535) 특별징수분 환급지 (1) / 답변1 첨부1
  + [5015] ntt=31428 (6534) 기숙사 공동취사시설의 용도구분 관련 질의 (1) / 답변1 첨부1
  + [5016] ntt=31427 (6533) 국토계획법 제65조 공공시설 무상양여 무상귀속.. (1) / 답변1 첨부1
  + [5017] ntt=31425 (6532) 자경농민 감면요건 문의 (1) / 답변1 첨부1
  + [5018] ntt=31423 (6531) 지방세법 시행령 제28조의2와 관련하여 질문합.. (1) / 답변1 첨부1
  + [5019] ntt=31417 (6530) 철거 멸실된 날로부터  6개월이 지나지 아니한.. (1) / 답변1 첨부1
  + [5020] ntt=31399 (6529) 공동주택(기숙사) 지특법31조2항적용 임대사업.. (1) / 답변1 첨부1
  + [5021] ntt=31393 (6528) 재개발조합의 취득세 납부 관련 문의 (2) / 답변2 첨부1
  + [5022] ntt=31383 (6527) 법인 설립등기 시 자본금의 총액이 무효가 되었.. (1) / 답변1 첨부1
  + [5023] ntt=31379 (6526) 자경농민의 농지 취득 감면 문의드립니다. (1) / 답변1 첨부1
  + [5024] ntt=31373 (6525) 분양권관련 증여 시 프리미엄 관련 (1) / 답변1 첨부1
  + [5025] ntt=31367 (6524) (긴급)일시적2주택에서 '처분'의 범위 (1) / 답변1 첨부1
[page 385 완료] 누적 신규 5025건  (이 게시판 저장 총 11,525건)
  + [5026] ntt=31363 (6523) 비거주자(이민자)의  양도소득 납세지 문의 (1) / 답변1
  + [5027] ntt=31361 (6522) 분양권 무상취득 반환(취소)시 주택수 계산 적.. (1) / 답변1 첨부1
  + [5028] ntt=31360 (6521) 공매를 수의계약으로 진행하는 경우에 공고를 하.. (1) / 답변1 첨부1
  + [5029] ntt=31358 (6520) 기 취득세 감면분을 합의해제로 인한 소유권이전.. (1) / 답변1 첨부1
  + [5030] ntt=31355 (6519) 회생 신청 후 압류(체납처분) (1) / 답변1 첨부1
  + [5031] ntt=31351 (6518) 파산선고 후 성립된 지방세의 납세의무자는? (1) / 답변1 첨부1
  + [5032] ntt=31349 (6517) 매매계약일에 매도인 사망시 매도인의 상속인들에.. (1) / 답변1 첨부1
  + [5033] ntt=31347 (6516) 생애최초 주택구입에 대한 감면 이후 추징관련 .. (1) / 답변1 첨부1
  + [5034] ntt=31345 (6515) 구 등록세 자경농민 상속 및 1가구1주택 감면.. (1) / 답변1 첨부1
  + [5035] ntt=31337 (6514) 대체취득 부동산등의 범위 (1) / 답변1 첨부1
  + [5036] ntt=31299 (6513) 창업중소기업 감면 (1) / 답변1 첨부1
  + [5037] ntt=31296 (6512) 노인복지시설이 소급환급이 적용되는지 질의 드립.. (1) / 답변1 첨부1
  + [5038] ntt=31289 (6511) 토지수용 등으로 인한 대체취득 감면 문의 드립.. (1) / 답변1 첨부1
  + [5039] ntt=31288 (6510) 분양권증여에 따른 주택 취득 시, 주택 수 산.. (2) / 답변2 첨부1
  + [5040] ntt=31283 (6509) 지방세법 시행령 제28조의3 30세미만 독립세.. (1) / 답변1 첨부1
  + [5041] ntt=31281 (6508) 지방세 상담 신청 드립니다. (1) / 답변1 첨부1
  + [5042] ntt=31280 (6507) 주민세 종업원분 납세지 판단 질의 (1) / 답변1 첨부1
  + [5043] ntt=31276 (6506) 분할(물적분할)로 신설되는 법인의 등록면허세 .. (1) / 답변1 첨부1
  + [5044] ntt=31270 (6505) 분양권 증여계약 후 증여계약해제에 따른 원소유.. (1) / 답변1 첨부1
  + [5045] ntt=31268 (6504) 지특법 14조3항 고유업무 직접 사용 부동산 .. (1) / 답변1 첨부1
  + [5046] ntt=31263 (6503) 창업중소기업 감면 문의 드립니다. (1) / 답변1 첨부1
  + [5047] ntt=31262 (6502) 종교단체의 종교행위·제사목적 토지 해당여부 질.. (1) / 답변1 첨부1
  + [5048] ntt=31260 (6501) 공인회계사회에 공인회계사의 등록 관련 자료 요.. (1) / 답변1 첨부1
  + [5049] ntt=31259 (6500) 자경농민 감면 관련 질의(지방세특례제한법 시행.. (1) / 답변1 첨부1
  + [5050] ntt=31257 (6499) 과점주주 취득에 있어 경영지배관계에  따른 특.. (1) / 답변1 첨부1
  + [5051] ntt=31254 (6498) 지특법 31조6항 감면 질의 (1) / 답변1 첨부1
  + [5052] ntt=31253 (6497) 상속 등기 후 경정등기에 따른 취득세 납세의무 (1) / 답변1 첨부1
  + [5053] ntt=31252 (6496) 휴면법인 인수 (1) / 답변1 첨부1
  + [5054] ntt=31243 (6495) 창업중소기업 등에 대한 감면 (1) / 답변1 첨부1
  + [5055] ntt=31238 (6494) 제2차 납세의무 지정 여부 문의 (1) / 답변1 첨부1
[page 386 완료] 누적 신규 5055건  (이 게시판 저장 총 11,555건)
  + [5056] ntt=31227 (6493) 취득세 신고납부 후 과세표준 증액 관련 (1) / 답변1 첨부1
  + [5057] ntt=31225 (6492) 취득세 법정신고기한 (1) / 답변1 첨부1
  + [5058] ntt=31224 (6491) 종교단체 목사가 무상임대계약을 맺고 수익사업을.. (1) / 답변1 첨부1
  + [5059] ntt=31220 (6490) 고급주택 입주자들이 토지를 취득한 경우 중과 .. (2) / 답변2 첨부1
  + [5060] ntt=31216 (6489) 법인의 대도시 외 이전 과세표준 계산 문의 (1) / 답변1 첨부1
  + [5061] ntt=31212 (6488) 재산세 및 도시지역분 부과 여부 (1) / 답변1 첨부1
  + [5062] ntt=31208 (6487) 조정조서로 인한 취득세 환급 질의 (1) / 답변1 첨부1
  + [5063] ntt=31204 (6486) 생애최초주택취득, 일시적2주택 추징 시 가산세.. (1) / 답변1 첨부1
  + [5064] ntt=31200 (6485) 지방세기본법 제50조 경정 등의 청구 관련 질.. (1) / 답변1 첨부1
  + [5065] ntt=31199 (6484) 1세대 관련 문의드립니다. (1) / 답변1 첨부1
  + [5066] ntt=31193 (6483) 법인 본점의 대도시 외 지역 이전 부분 감면 .. (1) / 답변1 첨부1
  + [5067] ntt=31178 (6482) 주민세 (종업원분) 면세점 판단 기준 질의 (1) / 답변1 첨부1
  + [5068] ntt=31157 (6481) 재산세납세의무자인 주된 상속자 부과분 관련 (1) / 답변1 첨부1
  + [5069] ntt=31151 (6480) [재질의]지방세특례제한법 제4조제2항제1호 관.. (2) / 답변2 첨부1
  + [5070] ntt=31145 (6479) 공기업 인재개발원 내 기숙사 주민세(재산분) .. (1) / 답변1 첨부1
  + [5071] ntt=31137 (6478) 근린생활시설에서 주택으로 용도변경한 경우 경정.. (1) / 답변1 첨부1
  + [5072] ntt=31130 (6477) 기업도시개발사업 부지조성 준공에 따른 공유물분.. (1) / 답변1 첨부1
  + [5073] ntt=31129 (6476) 지특법 제6조 제1항(자경농민의 농지 등에 대.. (1) / 답변1 첨부1
  + [5074] ntt=31127 (6475) 단기 주택임대사업자 감면 환급관련 문의 (1) / 답변1 첨부1
  + [5075] ntt=31125 (6474) [긴급]지방세특례제한법 제4조제2항제1호 관련.. (2) / 답변2 첨부1
  + [5076] ntt=31112 (6473) 종교단체 감면 추징규정 해당여부 질의 (2) / 답변2 첨부1
  + [5077] ntt=31111 (6472) 장애인 차량취득세 감면 가능 여부 (1) / 답변1 첨부1
  + [5078] ntt=31109 (6471) 임대사업자관련 문의 (1) / 답변1 첨부1
  + [5079] ntt=31101 (6470) 경락시 제시외 물건 과세표준 포함여부 (1) / 답변1 첨부1
  + [5080] ntt=31096 (6469) 지방세특례제한법제33조제1항 관련 조세심판원 .. (1) / 답변1 첨부1
  + [5081] ntt=31095 (6468) 지특법 제78조 제4항 사업시행자외의 자가 신.. (1) / 답변1 첨부1
  + [5082] ntt=31094 (6467) 파산법인 지방소득세(법인소득 및 특별징수분) .. (1) / 답변1 첨부1
  + [5083] ntt=31090 (6466) 과점주주 인별 과세 (1) / 답변1 첨부1
  + [5084] ntt=31083 (6465) 특별징수의 납세지 판단 (1) / 답변1 첨부1
  + [5085] ntt=31071 (6464) 과점주주 판정 대상 여부 (1) / 답변1 첨부1
[page 387 완료] 누적 신규 5085건  (이 게시판 저장 총 11,585건)
  + [5086] ntt=31070 (6463) 지방세기본법 제57조2항4호 적용문의 (1) / 답변1 첨부1
  + [5087] ntt=31068 (6462) 지목변경 과세표준 상담 요청입니다. (1) / 답변1 첨부1
  + [5088] ntt=31064 (6461) 지방소득세(퇴직소득) 환급지 관련 문의 (1) / 답변1 첨부1
  + [5089] ntt=31060 (6460) 자경농민이 취득하는 양어장 감면여부 (1) / 답변1 첨부1
  + [5090] ntt=31058 (6459) 법인지방소득세 안분대상 사업장 해당여부 문의 (1) / 답변1 첨부1
  + [5091] ntt=31056 (6458) 체육시설용 토지의 재산세 별도합산과세대상 여부 (1) / 답변1 첨부1
  + [5092] ntt=31052 (6457) 일시적 2주택 추징 규정에 관한 질의 (1) / 답변1 첨부1
  + [5093] ntt=31047 (6456) 토지거래계약 불허가처분 근거로 취득세 환급 가.. (1) / 답변1 첨부1
  + [5094] ntt=31043 (6455) 농업회사법인 감면  1년 경과 미사용으로 인한.. (1) / 답변1 첨부1
  + [5095] ntt=31038 (6454) 과점주주 조사 후 (재조사로) 결과통지 번복 .. (1) / 답변1 첨부1
  + [5096] ntt=31034 (6453) 개인지방소득세 법령 적용 문의 (1) / 답변1 첨부1
  + [5097] ntt=31032 (6452) 지방세 상담 신청 (1) / 답변1 첨부1
  + [5098] ntt=31023 (6451) 환급가산금 기산일 및 적용이자율 문의 (1) / 답변1 첨부1
  + [5099] ntt=31021 (6450) 지목변경 취득세 질의 (1) / 답변1 첨부2
  + [5100] ntt=31020 (6449) 사업양도 양수 관련 취득세 감면 문의 (1) / 답변1 첨부1
  + [5101] ntt=31016 (6448) 곤충사육사 분리과세 여부 문의 (1) / 답변1 첨부1
  + [5102] ntt=31014 (6447) 과점주주 임원과 그밖의 사용인 관련 (1) / 답변1 첨부1
  + [5103] ntt=31013 (6446) 총포관련 등록면허세(면허) 질의 (1) / 답변1 첨부1
  + [5104] ntt=31003 (6445) 체납자 사망 이후 재건축조합의 체납세 납부 범.. (1) / 답변1 첨부1
    [retry 1/3] ReadTimeout
  + [5105] ntt=31001 (6444) 조세심판 결정통지에 따른 환급가산금  기산일 .. (1) / 답변1 첨부1
  + [5106] ntt=30976 (6443) 불합리한 시가표준액 변경 결정 관련 질의 (1) / 답변1 첨부1
  + [5107] ntt=30975 (6442) 지방소득세(종합소득분) 무관할신고로 인한 세입.. (1) / 답변1 첨부1
  + [5108] ntt=30971 (6441) 과점주주 간주취득세 관련 (1) / 답변1 첨부1
  + [5109] ntt=30959 (6440) 주택건설사업자 중과제외규정[재질의] [대도시내.. (1) / 답변1 첨부1
  + [5110] ntt=30957 (6439) 법인지방소득세 가산세 적용 문의 (1) / 답변1 첨부1
  + [5111] ntt=30944 (6438) 형식적 세대분리의 경우에도 별도의 세대로 볼 .. (1) / 답변1 첨부1
  + [5112] ntt=30942 (6437) [재산세]존치기한 만료된 가설건축물의 부속토지.. (1) / 답변1 첨부1
  + [5113] ntt=30941 (6436) 주택건설사업자 중과제외규정 [대도시내 5년 이.. (1) / 답변1 첨부1
  + [5114] ntt=30933 (6435) 생애최초 감면 관련 문의 드립니다. (1) / 답변1 첨부1
  + [5115] ntt=30932 (6434) 정당한 사유에 대한 질의 (1) / 답변1 첨부1
[page 388 완료] 누적 신규 5115건  (이 게시판 저장 총 11,615건)
  + [5116] ntt=30931 (6433) 지방세 상담 신청 드립니다. (1) / 답변1 첨부1
  + [5117] ntt=30924 (6432) 아무 관계없는 제3자에 의한 부동산 공매 요청 (1) / 답변1 첨부1
  + [5118] ntt=30919 (6431) 농지인 잔디로 볼 수 있는 경우 (1) / 답변1 첨부1
  + [5119] ntt=30906 (6430) 과점주주 특수관계인 관련 (1) / 답변1 첨부1
  + [5120] ntt=30897 (6429) 부재부동산 소유자 판단 (1) / 답변1 첨부1
  + [5121] ntt=30884 (6428) 연번 97번 답변에 대한 재질의(철거예정 건축.. (1) / 답변1 첨부1
  + [5122] ntt=30883 (6427) 생애최초 주택 감면시 해외 직장에서 근무시 상.. (1) / 답변1 첨부1
  + [5123] ntt=30875 (6426) 기술혁신형 중소기업으로 선정된 기업이 경영하는.. (1) / 답변1 첨부1
  + [5124] ntt=30871 (6425) 과점주주 특수관계인 관련 질의 (1) / 답변1 첨부1
  + [5125] ntt=30864 (6424) 임대주택 감면 취득세 추징 관련입니다. (1) / 답변1 첨부1
  + [5126] ntt=30863 (6423) 지방세 상담 요청드립니다 (1) / 답변1 첨부1
  + [5127] ntt=30851 (6422) 코로나19가 지방세기본법 제94조(청구기한의 .. (1) / 답변1 첨부1
  + [5128] ntt=30850 (6421) 사회복지법인에 대하여 문의 드립니다. (1) / 답변1 첨부1
  + [5129] ntt=30849 (6420) 3자간 명의신탁(부동산실명법위반) 취득세 납세.. (1) / 답변1 첨부1
  + [5130] ntt=30838 (6419) 산업단지 토지 환매 진행중일 경우 3년 미사용.. (1) / 답변1 첨부1
  + [5131] ntt=30834 (6418) 압류된 토지 매매로 인한 체납 승계 (1) / 답변1 첨부1
    [retry 1/3] ReadTimeout
  + [5132] ntt=30832 (6417) 공동건축주(법인)의 원시취득을 원인으로 한 취.. (1) / 답변1 첨부1
  + [5133] ntt=30831 (6416) 직접사용 해석에 관한 문의 (감면부동산 철거하.. (1) / 답변1 첨부1
  + [5134] ntt=30827 (6415) 공유물분할도 부동산 취득으로 보아 기업도시개발.. (1) / 답변1 첨부1
  + [5135] ntt=30826 (6414) 수의계약자에 대한 채권압류 및 추심 (1) / 답변1 첨부1
  + [5136] ntt=30825 (6413) 창업중소기업 등록면허세 감면 (1) / 답변1 첨부1
  + [5137] ntt=30822 (6412) 상속 취득세 납세의무 질의 (1) / 답변1 첨부1
  + [5138] ntt=30815 (6411) 하나의 장소에 2개의 사업장을 운영하는 경우 .. (1) / 답변1 첨부1
  + [5139] ntt=30813 (6410) 생애최초 주택 감면 관련 질의드립니다. (1) / 답변1 첨부2
  + [5140] ntt=30811 (6409) 생애최초 주택 감면 질의 (1) / 답변1 첨부2
    [retry 1/3] ReadTimeout
  + [5141] ntt=30810 (6408) 혼인전 생애최초 배우자의 주택 소유시 감면여부 (1) / 답변1 첨부1
  + [5142] ntt=30809 (6407) 과점주주 취득세 성립 여부 (1) / 답변1 첨부1
  + [5143] ntt=30807 (6406) 「지방세특례제한법」 제73조제3항 적용 문의 (1) / 답변1 첨부1
  + [5144] ntt=30804 (6405) 생애최초 주택 감면 관련 질의드립니다. (1) / 답변1 첨부2
  + [5145] ntt=30801 (6404) 지방세 상담 신청 드립니다. (1) / 답변1 첨부3
[page 389 완료] 누적 신규 5145건  (이 게시판 저장 총 11,645건)
  + [5146] ntt=30799 (6403) 주민세 문의 (1) / 답변1 첨부1
  + [5147] ntt=30798 (6402) 이행강제금 체납자가 압류 후 사망하였을 경우 .. (1) / 답변1 첨부1
  + [5148] ntt=30797 (6401) 취득세 감면 후 1년 내 직접사용을 하지 못한.. (1) / 답변1 첨부1
  + [5149] ntt=30796 (6400) 자경농민 감면 이후 추징관련 질의 (1) / 답변1 첨부1
  + [5150] ntt=30794 (6399) 직계존비속간 거래 매매인지, 증여인지 (1) / 답변1 첨부1
  + [5151] ntt=30786 (6398) 지방세 기본법 38조에 따른 부과제척기간이 지.. (1) / 답변1 첨부1
  + [5152] ntt=30784 (6397) 과점주주 성립여부 상담 신청합니다. (1) / 답변1 첨부1
  + [5153] ntt=30782 (6396) (전,답) 종중토지로 개인(종원) 명의신탁 후.. (1) / 답변1 첨부1
  + [5154] ntt=30777 (6395) 기존 감면에 대한 추징사유가 발생하였으나 다른.. (1) / 답변1 첨부1
  + [5155] ntt=30771 (6394) 장기임대사업자 감면 문의드립니다. (1) / 답변1 첨부1
  + [5156] ntt=30756 (6393) 유료노인복지시설(노인주거복지시설) 감면대상 및.. (1) / 답변1 첨부1
  + [5157] ntt=30751 (6392) 공동으로 소유하는 장기임대주택 감면 문의드립니.. (1) / 답변1 첨부1
  + [5158] ntt=30750 (6391) 대체취득 규정 해석 (1) / 답변1 첨부1
  + [5159] ntt=30747 (6390) 창업중소기업감면 문의 (1) / 답변1 첨부1
  + [5160] ntt=30746 (6389) 등록면허세(면허분) 허가증 미수령에 대한 환급.. (1) / 답변1 첨부1
  + [5161] ntt=30743 (6388) 증여계약이 당연무효 사유에 해당하는지 (1) / 답변1 첨부1
  + [5162] ntt=30739 (6387) 압류해제일 소급적용 여부 (1) / 답변1 첨부1
  + [5163] ntt=30731 (6386) 재산세납세의무와 분리과세적용여부 문의 (1) / 답변1 첨부1
  + [5164] ntt=30730 (6385) 적법히 납부된 지방소득세에 대하여 담당공무원의.. (1) / 답변1 첨부1
  + [5165] ntt=30729 (6384) 대체취득 차량 취득세 감면 (1) / 답변1
  + [5166] ntt=30728 (6383) 영어조합법인 감면 (1) / 답변1 첨부1
  + [5167] ntt=30723 (6382) 창업중소기업 감면 문의 (1) / 답변1 첨부1
  + [5168] ntt=30720 (6381) 수정신고 대상여부 (1) / 답변1 첨부1
  + [5169] ntt=30718 (6380) 청년창업 벤처기업 해당여부 (1) / 답변1 첨부1
  + [5170] ntt=30713 (6379) 임대주택 감면 추징 여부 (1) / 답변1 첨부1
  + [5171] ntt=30710 (6378) (급)  미준공 공동주택 건축물 이전에 따른 .. (1) / 답변1 첨부1
  + [5172] ntt=30709 (6377) 제2차납세의무자 (2) / 답변2 첨부1
  + [5173] ntt=30702 (6376) 주택재개발정비사업조합의 과세자료 요청에 대한 .. (1) / 답변1 첨부1
  + [5174] ntt=30695 (6375) 도세감면조례(지역특산품생산단지 등에 대한 감면.. (1) / 답변1 첨부1
  + [5175] ntt=30691 (6374) 자동차세 장애인감면의 감면적용 기산일 문의 (1) / 답변1 첨부1
[page 390 완료] 누적 신규 5175건  (이 게시판 저장 총 11,675건)
  + [5176] ntt=30679 (6373) 양도분 개인지방소득세 가산세 재질의(무신고 가.. (1) / 답변1 첨부1
    [retry 1/3] ReadTimeout
    [hard-timeout 2/3] 15s 초과 -> 재시도(스레드 포기)
    [retry 3/3] ConnectTimeout
  + [5177] ntt=30665 (6371) 지방세징수법14조 납부기한의 지정에 납부기한을.. (1) / 답변1 첨부1
  + [5178] ntt=30659 (6370) 지방세기본법 제42조 적용여부 (1) / 답변1 첨부1
  + [5179] ntt=30656 (6369) 사실상 취득 후 미등기 상태에서 경매 이전 된.. (1) / 답변1 첨부1
  + [5180] ntt=30655 (6368) 신탁회사가 받은 신탁보수 및 신탁대여이자를 신.. (1) / 답변1 첨부1
  + [5181] ntt=30653 (6367) 종교단체 감면 문의드립니다. (1) / 답변1 첨부1
  + [5182] ntt=30649 (6366) 종중이 소유하고 있는 농지의 분리과세대상 여부 (1) / 답변1 첨부1
  + [5183] ntt=30647 (6365) 지방세특례제한법 제78조제5항제2호 환매 해당.. (1) / 답변1 첨부1
  + [5184] ntt=30640 (6364) 사망자 제2차 납세의무자 지정 가능 여부 문의 (1) / 답변1 첨부1
  + [5185] ntt=30638 (6363) 대체취득 감면에서 지정지역 문의 (1) / 답변1 첨부1
  + [5186] ntt=30636 (6362) 행정대집행비의 체납처분 가능여부 (1) / 답변1 첨부2
  + [5187] ntt=30631 (6361) 주택건설사업자 중과제외규정 (1) / 답변1 첨부1
  + [5188] ntt=30627 (6360) 지방세법 시행령 제28조에 따른 농어촌주택 해.. (1) / 답변1 첨부1
  + [5189] ntt=30624 (6359) 등록면허세(면허분) 허가증 미수령에대한 환급 (1) / 답변1 첨부1
  + [5190] ntt=30619 (6358) 포괄유증여부 판단 및  취득세 적용세율 문의 (1) / 답변1 첨부2
  + [5191] ntt=30618 (6357) 1인 실수요자방식으로 산업단지를 조성한 경우 .. (1) / 답변1 첨부1
  + [5192] ntt=30614 (6356) 주택중과세 여부 (1) / 답변1 첨부1
  + [5193] ntt=30612 (6355) 다가구주택의 호별로 나누어지지 않은 경우 수기.. (1) / 답변1 첨부1
  + [5194] ntt=30607 (6354) 주민세(종업원분) 중소기업고용지원 (1) / 답변1 첨부1
  + [5195] ntt=30604 (6353) 창업중소기업 감면 적용 가능한지 질의 드립니다.. (2) / 답변2 첨부1
  + [5196] ntt=30601 (6352) 생애최초 주택구입 감면 대상 여부에 대하여 질.. (1) / 답변1 첨부1
  + [5197] ntt=30593 (6351) 미등기 상속인중 상속에서 증여로 재산세 납세의.. (1) / 답변1 첨부1
  + [5198] ntt=30590 (6350) 분할회사 소유 가설건축물 취득세 감면 신청시 .. (1) / 답변1 첨부1
  + [5199] ntt=30585 (6349) 농어촌주택개량  감면 중 단독주택 증축시 과세.. (1) / 답변1
  + [5200] ntt=30584 (6348) 진입로가 창업중소기업 감면 대상인지 여부 질의 (1) / 답변1 첨부1
  + [5201] ntt=30578 (6347) 등기부 소유자와 실사용자 재산세 과세 여부 (1) / 답변1 첨부1
  + [5202] ntt=30575 (6346) 양도신청한 지방세 환급금  타기관 추심의뢰에 .. (1) / 답변1 첨부1
  + [5203] ntt=30572 (6345) 주민세(종업원분) 면세점 판단 (1) / 답변1 첨부1
  + [5204] ntt=30569 (6344) 지특법 33조 1항 토지 지목변경 감면여부 (1) / 답변1 첨부1
[page 391 완료] 누적 신규 5204건  (이 게시판 저장 총 11,704건)
  + [5205] ntt=30567 (6343) 국가유공자 취득세 감면 후 지분 변경 (1) / 답변1 첨부1
  + [5206] ntt=30560 (6342) 지방세 중복감면 관련 문의 (1) / 답변1 첨부1
  + [5207] ntt=30559 (6341) 생애최초 감면시 주택 수 판단에 대하여 문의 .. (1) / 답변1 첨부1
  + [5208] ntt=30558 (6340) 이의신청 기간 경과 후 지방세 감면 신청 가능.. (1) / 답변1 첨부1
  + [5209] ntt=30551 (6339) 자동차세 감면문의 (1) / 답변1 첨부1
  + [5210] ntt=30546 (6338) 2019년 양도분 개인지방소득세 가산세 문의 (1) / 답변1 첨부1
  + [5211] ntt=30539 (6337) 연말정산 환급 관련 문의드립니다 (1) / 답변1
  + [5212] ntt=30538 (6336) 농업법인의 본점사무실 중과 여부 문의입니다. (1) / 답변1 첨부1
  + [5213] ntt=30533 (6335) 법인의 건축으로 개인토지와 법인토지의 지목이 .. (1) / 답변1 첨부1
  + [5214] ntt=30530 (6334) 명의신탁해지후 종중재산으로 확인된 경우 임야분.. (1) / 답변1 첨부1
  + [5215] ntt=30518 (6333) 주택임대사업자 변경신고에 따른 등록면허세 납세.. (1) / 답변1 첨부1
  + [5216] ntt=30516 (6332) 적격합병에 해당 여부 (1) / 답변1 첨부1
  + [5217] ntt=30514 (6331) 경매를 통한 공동명의 부동산의 취득시 취득세 .. (1) / 답변1 첨부1
  + [5218] ntt=30513 (6330) 압류승계 이전시, 체납자의 개인정보보호와 토지.. (1) / 답변1 첨부1
  + [5219] ntt=30511 (6329) 자동차세 감면에 대한 추가 문의 (1) / 답변1 첨부1
  + [5220] ntt=30506 (6328) 승마장으로 업종 등록 후 말사육에 사용하는 부.. (1) / 답변1 첨부1
  + [5221] ntt=30505 (6327) 지방소득세 가산세 문의 (1) / 답변1 첨부1
  + [5222] ntt=30503 (6326) 지방세상담-6321관련 추가 문의드립니다. (1) / 답변1 첨부1
  + [5223] ntt=30500 (6325) 부과제척기한 문의 (1) / 답변1 첨부1
  + [5224] ntt=30494 (6324) 지방세상담-6294관련 추가질의 드립니다. (1) / 답변1 첨부1
  + [5225] ntt=30493 (6323) 자동차세 부과 여부 (1) / 답변1 첨부1
  + [5226] ntt=30492 (6322) 신탁등기로 수탁자에게 소유권이 이전된 산업단지.. (1) / 답변1 첨부1
  + [5227] ntt=30491 (6321) 친환경 주택 감면여부 (1) / 답변1 첨부1
  + [5228] ntt=30489 (6320) 세외수입 체납처분 근거 법령 문의 (1) / 답변1 첨부1
  + [5229] ntt=30483 (6319) 자동차세 부과 여부 (2) / 답변2 첨부1
  + [5230] ntt=30478 (6318) 상속으로 인한 자경농민 감면 질의 (1) / 답변1 첨부1
  + [5231] ntt=30473 (6317) 창업감면 관련 문의드립니다.(아래 6312번 .. (1) / 답변1 첨부1
  + [5232] ntt=30471 (6316) 분양권에 따른 주택 취득 시, 주택 수 산정일.. (2) / 답변2 첨부1
  + [5233] ntt=30465 (6315) 트럭 캠퍼 관련하여 구조변경 취득세 과세 여부 (1) / 답변1 첨부1
  + [5234] ntt=30458 (6314) 적격합병 해당 여부 (1) / 답변1
[page 392 완료] 누적 신규 5234건  (이 게시판 저장 총 11,734건)
  + [5235] ntt=30456 (6313) 상속포기판결을 받은 경우 차량공매 가능여부 (3) / 답변3 첨부1
  + [5236] ntt=30453 (6312) 공장 사택 (1) / 답변1 첨부1
  + [5237] ntt=30449 (6311) 창업감면 관련 문의드립니다. (1) / 답변1 첨부1
  + [5238] ntt=30448 (6310) 국가유공자 감면 문의 (1) / 답변1 첨부1
  + [5239] ntt=30447 (6309) 재산세 중과세와 감면 중복 적용 여부 (1) / 답변1 첨부1
  + [5240] ntt=30446 (6308) 상속취득세 납세의무에 관한 질의 (1) / 답변1 첨부1
  + [5241] ntt=30441 (6307) 주민세 사업소세(법인-출자금 및 자본금) 문의 (1) / 답변1 첨부1
  + [5242] ntt=30440 (6306) 분양권 증여로 취득시 증여자의 프리미엄을 수증.. (1) / 답변1 첨부1
  + [5243] ntt=30434 (6305) 지방세 상담 신청 드립니다. (1) / 답변1 첨부1
  + [5244] ntt=30425 (6304) 종교 감면 부동산 취득세 문의 (1) / 답변1 첨부1
  + [5245] ntt=30424 (6303) 유흥주점 중과세 여부 (1) / 답변1 첨부1
  + [5246] ntt=30418 (6302) 과세자료 제공 가능 범위 (1) / 답변1 첨부1
  + [5247] ntt=30414 (6301) 지특법 제72조①에 따른 별정우체국 감면 판단.. (2) / 답변2 첨부1
  + [5248] ntt=30409 (6300) 종교단체 또는 향교에 대한 감면 관련 질의 (1) / 답변1 첨부2
  + [5249] ntt=30405 (6299) 자동차세 감면 문의 (1) / 답변1 첨부1
  + [5250] ntt=30404 (6298) 산업단지 내 사업시행자 외 의 자 로 감면 후.. (1) / 답변1 첨부1
  + [5251] ntt=30401 (6297) 국가유공자 자동차세 감면문의 (1) / 답변1 첨부1
  + [5252] ntt=30400 (6296) 사용 승인 전 사망한 건축주의 신축건축물 취득 (1) / 답변1 첨부1
  + [5253] ntt=30398 (6295) 임대사업자의  포괄적 양도.양수에 따른 취득세.. (1) / 답변1 첨부1
  + [5254] ntt=30395 (6294) 농업회사법인 합의해제 후 취득세 추징가능 여부.. (1) / 답변1 첨부1
  + [5255] ntt=30392 (6293) 임대사업자 감면 가능 여부 (1) / 답변1 첨부1
  + [5256] ntt=30390 (6292) 창업중소기업 업종 판단 문의 (1) / 답변1 첨부1
  + [5257] ntt=30389 (6291) 공유물분할 취득 시 자기소유지분 판단 (1) / 답변1 첨부1
  + [5258] ntt=30387 (6290) 법인 주택 취득 (1) / 답변1 첨부1
  + [5259] ntt=30385 (6289) 창업 관련 문의드립니다. (1) / 답변1
  + [5260] ntt=30380 (6288) [취득세] 부담부증여로 취득 시 채무인정 범위 (1) / 답변1 첨부1
  + [5261] ntt=30374 (6287) 세대의 범위 판단 시 동거인으로 등록된 형의 .. (1) / 답변1 첨부1
  + [5262] ntt=30370 (6286) 경매사건 배당요구종기일 성립여부 (1) / 답변1 첨부1
  + [5263] ntt=30365 (6285) 자경농민 경작면적 하한 존재여부 질의 드립니다.. (1) / 답변1 첨부1
  + [5264] ntt=30353 (6284) 지방세 상담드립니다. (1) / 답변1 첨부1
[page 393 완료] 누적 신규 5264건  (이 게시판 저장 총 11,764건)
  + [5265] ntt=30351 (6283) 공장입지기준면적의 추가 인정기준 관련 문의 (1) / 답변1 첨부1
  + [5266] ntt=30350 (6282) 원인무효 판결의 경우 취득세 및 재산세 과오납.. (1) / 답변1 첨부1
  + [5267] ntt=30341 (6281) 생애최초감면시 소득금액 판단 기준 (1) / 답변1 첨부1
  + [5268] ntt=30340 (6280) 원시(신축) 취득세 추징시 중가산세 적용여부 (1) / 답변1 첨부1
  + [5269] ntt=30338 (6279) 주민세(법인균등분) 부과 문의 (1) / 답변1 첨부1
  + [5270] ntt=30333 (6278) 상속한정승인 판결에 따른 지방세 체납 납부여부.. (1) / 답변1 첨부1
  + [5271] ntt=30323 (6277) 프리미엄을 주고 전매한 분양권을 증여 및 재증.. (1) / 답변1 첨부1
  + [5272] ntt=30320 (6276) 지특법제36조의3 생애최초주택 구입에 대한 취.. (1) / 답변1 첨부2
  + [5273] ntt=30319 (6275) 지역주택조합 조합원 승계 취득 시 과세여부 (1) / 답변1 첨부1
  + [5274] ntt=30316 (6274) 농업회사법인이 감면 받은 부동산이 해당용도로 .. (1) / 답변1 첨부1
  + [5275] ntt=30309 (6273) 시가표준액(주택가격)1억 이하 주택 관련 질문.. (1) / 답변1 첨부1
  + [5276] ntt=30306 (6272) 지특법 36조3항 생애최초 주택구입 관련입니다.. (1) / 답변1 첨부1
  + [5277] ntt=30304 (6271) 법인지방소득세 외국납부세액공제 경정청구 문의 (1) / 답변1 첨부1
  + [5278] ntt=30301 (6270) 도메인 압류처분 정당여부 (1) / 답변1 첨부1
  + [5279] ntt=30299 (6269) 협의취득에 대한 정의가 궁금합니다 (1) / 답변1 첨부1
  + [5280] ntt=30298 (6268) 공유물분할하라는 조정조서에 대한 취득세 문의 (1) / 답변1 첨부1
  + [5281] ntt=30297 (6267) 취득세 환급  대상 여부 (1) / 답변1 첨부1
  + [5282] ntt=30296 (6266) 지방세특례제한법 제33조 1항 관련 경정청구 (1) / 답변1 첨부1
  + [5283] ntt=30295 (6265) 출자자의 2차 납세의무 (1) / 답변1 첨부1
  + [5284] ntt=30294 (6264) 가산세 관련 문의 (1) / 답변1 첨부1
  + [5285] ntt=30293 (6263) 법인의 ESS실 신축시 건축물 취득세 과세표준.. (1) / 답변1 첨부1
  + [5286] ntt=30291 (6262) 과세예고통지관련 질의입니다. (1) / 답변1 첨부1
  + [5287] ntt=30288 (6261) 최소납부세제관련 문의드립니다. (1) / 답변1 첨부1
  + [5288] ntt=30287 (6260) 농업회사법인이 보조사업(조림사업)으로 묘목식재.. (1) / 답변1 첨부1
  + [5289] ntt=30283 (6259) 개인정보 관련 문의 드립니다. (1) / 답변1 첨부1
  + [5290] ntt=30281 (6258) 지목변경 취득세 감면여부 (1) / 답변1 첨부1
  + [5291] ntt=30278 (6257) 종교단체에 대한 감면 (1) / 답변1 첨부1
  + [5292] ntt=30276 (6256) 신탁회사의 과점주주 취득세[과점주주: 금융지주.. (1) / 답변1 첨부1
  + [5293] ntt=30269 (6255) 지시령제28조의2(주택 유상거래 취득 중과세의.. (1) / 답변1 첨부1
  + [5294] ntt=30264 (6254) 지방세 감면결정통지서 발송관련 문의 (1) / 답변1 첨부1
[page 394 완료] 누적 신규 5294건  (이 게시판 저장 총 11,794건)
  + [5295] ntt=30259 (6253) 지특법 180조의2 지방세 중과세율 적용 배제.. (1) / 답변1 첨부1
  + [5296] ntt=30258 (6252) 지방세법 제7조 11항의 직계존비속의 적용에 .. (1) / 답변1 첨부1
  + [5297] ntt=30247 (6251) 농업회사법인 설립등기일 90일 후 경영체 등록.. (1) / 답변1 첨부1
  + [5298] ntt=30241 (6250) 2019년 취득세 환급여부 문의드립니다. (1) / 답변1 첨부1
  + [5299] ntt=30240 (6249) 주민세(법인균등)분 부과대상여부 (1) / 답변1 첨부1
  + [5300] ntt=30234 (6248) 미등기 전매에 대한 취득세 과세 (1) / 답변1 첨부2
  + [5301] ntt=30232 (6247) 원시(신축) 취득세 납세의무자 판단 (1) / 답변1 첨부2
  + [5302] ntt=30226 (6246) 주택 부속토지 관련 질문입니다. (1) / 답변1 첨부1
  + [5303] ntt=30224 (6245) 국립대학치과병원 고유업무 직접 사용 부동산을 .. (1) / 답변1 첨부1
  + [5304] ntt=30217 (6244) 지방소득세(양도) 납세지 및 업무처리관련 문의 (1) / 답변1 첨부1
  + [5305] ntt=30215 (6243) 어린이집 재산세 감면 관련 문의입니다. (1) / 답변1 첨부1
  + [5306] ntt=30214 (6242) 공립학교의 지방소득세 특별징수분에 대한 가산세.. (1) / 답변1 첨부2
  + [5307] ntt=30212 (6241) 지방세 환급가산금 기산일 문의 (1) / 답변1 첨부1
  + [5308] ntt=30204 (6240) 국가 등과 맺은 외국인투자지역 용지매매계약  .. (1) / 답변1 첨부1
  + [5309] ntt=30201 (6239) 국외이주자 공탁금 추심 후 환급 (1) / 답변1 첨부1
  + [5310] ntt=30197 (6238) 농업회사법인 설립등기일 90일 후 경영체 등록.. (1) / 답변1 첨부1
  + [5311] ntt=30196 (6237) 농업회사법인 경영체 미등록(법인설립등기일로부터.. (1) / 답변1 첨부1
  + [5312] ntt=30192 (6236) 개인 부동산 취득 시 실거래 가격 인정받을 수.. (1) / 답변1 첨부1
  + [5313] ntt=30190 (6235) 생애최초 주택구입 대상여부 (1) / 답변1 첨부1
  + [5314] ntt=30179 (6234) 무허가주택 상속으로 납세의무자 변동신고 및 매.. (1) / 답변1 첨부1
  + [5315] ntt=30170 (6233) 분양면적 및 대금 변경에 따른 경정청구에 관한.. (1) / 답변1 첨부1
  + [5316] ntt=30166 (6232) 취득세 환급여부 문의드립니다. (1) / 답변1 첨부1
  + [5317] ntt=30165 (6231) 취득세 수시분(자납불이행) 경정청구에 관한 질.. (1) / 답변1 첨부1
  + [5318] ntt=30164 (6230) 시설물의 납세의무자 (1) / 답변1 첨부1
  + [5319] ntt=30159 (6229) 부담부증여시 해외소득 인정여부 (1) / 답변1 첨부1
  + [5320] ntt=30155 (6228) 등록면허세 상담신청드립니다. (1) / 답변1 첨부1
  + [5321] ntt=30153 (6227) 제조업소(2종근생)과 공장의 차이 (1) / 답변1 첨부1
  + [5322] ntt=30147 (6226) 보세화물운송주선업의 등록에 대한 등록면허세 질.. (1) / 답변1 첨부1
  + [5323] ntt=30144 (6225) 등록면허세(면허) 대기배출시설 과세 상담 (1) / 답변1 첨부1
  + [5324] ntt=30139 (6224) 주택재건축에 의한 일반분양자 취득시기 (1) / 답변1 첨부1
[page 395 완료] 누적 신규 5324건  (이 게시판 저장 총 11,824건)
  + [5325] ntt=30137 (6223) 자경농민 감면 대상 여부 (1) / 답변1 첨부1
  + [5326] ntt=30134 (6222) 확정되지 않은 공사비 관련 (1) / 답변1 첨부1
  + [5327] ntt=30133 (6221) 부동산 압류해제 재 질의합니다. (1) / 답변1 첨부1
  + [5328] ntt=30124 (6220) 지방세특례제한법 제 16조 농어촌 주택개량감면.. (1) / 답변1 첨부1
  + [5329] ntt=30120 (6219) 무허가 주택(상속) 납세자변동신고 후 명도소송.. (1) / 답변1 첨부1
  + [5330] ntt=30115 (6218) 근린생활시설에서 주택으로 용도변경한 경우 세율.. (1) / 답변1 첨부1
  + [5331] ntt=30112 (6217) 창업중소기업 감면 질의 (1) / 답변1 첨부1
  + [5332] ntt=30106 (6216) 지특법 제31조에 따른 "최초 분양"에 포함 .. (1) / 답변1 첨부1
  + [5333] ntt=30105 (6215) 사실상 종중재산의 공부상 소유자가 사망했을 경.. (1) / 답변1 첨부1
  + [5334] ntt=30103 (6214) 소하천정비사업에 편입된 토지가 지특법 제84조.. (1) / 답변1 첨부3
  + [5335] ntt=30098 (6213) 등기소 직권취소 취득세  납세여부 (1) / 답변1 첨부1
  + [5336] ntt=30090 (6212) 종교단체 감면 (1) / 답변1 첨부1
  + [5337] ntt=30088 (6211) 발전용토지 분리과세 질의합니다. (1) / 답변1 첨부1
  + [5338] ntt=30086 (6210) 무허가 건축물이 포함된 주택  취득세율 (1) / 답변1 첨부1
  + [5339] ntt=30083 (6209) 주거용오피스텔  취득세 감면 추징 관련 문의 .. (1) / 답변1 첨부1
  + [5340] ntt=30079 (6208) 장기미준공 사전 입주 후 공사 중 인 건물 공.. (1) / 답변1 첨부1
  + [5341] ntt=30078 (6207) 상속한정승인 관련 재산세 문의드립니다. (1) / 답변1 첨부1
  + [5342] ntt=30077 (6206) 기부채납 관련 사업 시행협약서에 유상 사용하도.. (2) / 답변2 첨부1
  + [5343] ntt=30073 (6205) 창업감면 업종추가 해당여부 질의 (1) / 답변1 첨부1
  + [5344] ntt=30071 (6204) 부동산임대사업자가 사업용 고정자산을 현물출자 .. (1) / 답변1 첨부1
  + [5345] ntt=30066 (6203) 압류해제 문의 (1) / 답변1 첨부1
  + [5346] ntt=30065 (6202) 지방세특례제한법 85조의 2 적용여부(멸실목적.. (1) / 답변1 첨부1
  + [5347] ntt=30060 (6201) 제2차납세의무자 명단공개에 대한 질의 (1) / 답변1 첨부1
  + [5348] ntt=30057 (6200) 재산세 과세대장상에 주택의 다락면적 처리방법 (1) / 답변1 첨부1
  + [5349] ntt=30055 (6199) 재산세 사실상 현황과세 (1) / 답변1 첨부1
  + [5350] ntt=30047 (6198) 무변론판결의 취득시기 및 취득가액 문의(가등기.. (1) / 답변1 첨부1
  + [5351] ntt=30036 (6197) 지식산업센터 건물에 대한 질문입니다 (1) / 답변1 첨부1
  + [5352] ntt=30035 (6196) [취득세] 유예기간 도래 전 타용도 사용 취득세 추징 가.. (1) / 답변1 첨부1
  + [5353] ntt=30032 (6195) [취득세] 상속 1가구1주택 감면 가능 여부 문의합니다. (1) / 답변1 첨부1
  + [5354] ntt=30030 (6194) [취득세] 본점 사업용 부속토지 중과세 (1) / 답변1 첨부1
[page 396 완료] 누적 신규 5354건  (이 게시판 저장 총 11,854건)
  + [5355] ntt=30028 (6193) 창업중소기업 감면 (1) / 답변1 첨부1
  + [5356] ntt=30027 (6192) 도시자연공원구역 조례를 통한 재산세 감면 가능.. (1) / 답변1 첨부2
  + [5357] ntt=30026 (6191) [취득세] 신탁회사 신탁수수료, 대출이자, 사업관리용역비.. (1) / 답변1 첨부1
  + [5358] ntt=30023 (6190) 상속재산파산 재판 중 자동차세 부과, 감액 적.. (1) / 답변1 첨부1
  + [5359] ntt=30015 (6189) [취득세] 만 30세 미만 자녀의 세대분리 인정 여부 (1) / 답변1 첨부1
  + [5360] ntt=30012 (6188) [취득세] 부담부증여 인정범위 (1) / 답변1 첨부1
  + [5361] ntt=29994 (6187) 외국민간원조단체에 대한 자동차세 비과세 관련 (1) / 답변1 첨부1
  + [5362] ntt=29991 (6186) 압류금지재산에 대한 압류의 시효 중단 효력 (1) / 답변1 첨부1
  + [5363] ntt=29987 (6185) 벤쳐창업감면 요건 해당 여부 (1) / 답변1 첨부1
  + [5364] ntt=29981 (6184) 재산세-무벽감산 여부 (1) / 답변1 첨부1
  + [5365] ntt=29972 (6183) 85m2 이하 면적의 주거용 오피스텔이 농어촌.. (1) / 답변1
  + [5366] ntt=29971 (6182) [취득세] 공공임대아파트 분양전환의 경우 취득의 시기를 .. (2) / 답변2 첨부1
  + [5367] ntt=29970 (6181) 재산세 도시지역분 관련입니다. (1) / 답변1 첨부1
  + [5368] ntt=29967 (6180) [취득세] 배우자 분양권 증여 관련 추가질의 (2) / 답변2 첨부1
  + [5369] ntt=29963 (6179) 지방세법 시행규칙 별지 64호 서식을 통한 변.. (1) / 답변1 첨부1
  + [5370] ntt=29959 (6178) [취득세] 배우자 증여 분양권관련 중과세율 질의 (1) / 답변1 첨부1
    [retry 1/3] ReadTimeout
  + [5371] ntt=29952 (6177) [취득세] 신축 후 지점 또는 판매영업장과 창고 부분 중.. (1) / 답변1 첨부1
  + [5372] ntt=29947 (6176) [취득세] 일시적 2주택 적용 여부 (1) / 답변1 첨부1
  + [5373] ntt=29945 (6175) [취득세] 법정지분 상속 등기 후 상속분할 판결로 지분이.. (1) / 답변1 첨부1
  + [5374] ntt=29944 (6174) [취득세] 건축물 취득시기 판단 (1) / 답변1 첨부1
  + [5375] ntt=29936 (6173) 주민세 종업원분 과세표준 대상 해당여부 (1) / 답변1 첨부1
  + [5376] ntt=29935 (6172) [취득세] 신탁중인 토지의 산업단지 준공시 지목변경 취득.. (1) / 답변1 첨부1
  + [5377] ntt=29930 (6171) [취득세] 공동주택 신축 시 신탁보수, 신탁계정대이자(신.. (1) / 답변1 첨부1
  + [5378] ntt=29922 (6170) 개인이 공장 건축중 법인 창업시 창업중소기업 .. (1) / 답변1 첨부1
  + [5379] ntt=29920 (6169) 창업감면 문의 드립니다. (1) / 답변1 첨부1
  + [5380] ntt=29918 (6168) [취득세] 매매계약서상 지번이 누락된 토지를 건물의 부속.. (1) / 답변1 첨부1
  + [5381] ntt=29916 (6167) 등록면허세 면허세 대수선허가 문의드립니다. (1) / 답변1 첨부1
  + [5382] ntt=29909 (6166) [취득세] 상속 취득세 완납 및 등기 후 상속재협의 감면.. (1) / 답변1 첨부1
  + [5383] ntt=29907 (6165) [취득세] 외국인투자기업 추징 관련 질의 (1) / 답변1 첨부1
  + [5384] ntt=29905 (6164) 법인지방소득세 결손금 소급공제 환급 문의드립니.. (1) / 답변1 첨부1
[page 397 완료] 누적 신규 5384건  (이 게시판 저장 총 11,884건)
  + [5385] ntt=29900 (6163) [취득세] 경매가 지방세법시행령[비과세] 제121조제2항.. (1) / 답변1 첨부1
  + [5386] ntt=29896 (6162) [취득세] 어린이집 취득세 및 재산세 감면 문의 (1) / 답변1 첨부1
  + [5387] ntt=29894 (6161) 주민세 균등분 부과대상 (1) / 답변1 첨부1
  + [5388] ntt=29890 (6160) [취득세] 건축물의 부속토지로 지목변경 취득세 가능여부 (1) / 답변1 첨부1
  + [5389] ntt=29886 (6159) 주민세(종업원분) 중소기업 공제 관련 사업소신.. (1) / 답변1 첨부1
  + [5390] ntt=29885 (6158) 회생 중인 법인에 대한 제2차 납세 의무자 지.. (1) / 답변1 첨부1
  + [5391] ntt=29884 (6157) 주거지역과 주거지역이 아닌지역이 겹치는 경우 .. (1) / 답변1 첨부1
  + [5392] ntt=29880 (6156) 납기연장 건에 대한 수정신고 (3) / 답변3 첨부1
  + [5393] ntt=29872 (6155) [취득세] 상속으로 인한 주택수 판단시 소유자 (1) / 답변1 첨부1
  + [5394] ntt=29865 (6154) [취득세] 매수자부담 분양권 계약 관련, 프리미엄 취득세.. (1) / 답변1 첨부1
  + [5395] ntt=29851 (6153) 지방소득세(특별징수) 관련 질문입니다. (1) / 답변1 첨부1
  + [5396] ntt=29849 (6152) [취득세] 공매로 인한 취득의 경우 그 취득세 과세표준 (1) / 답변1 첨부2
  + [5397] ntt=29848 (6151) [취득세] 직계존비속간 매매계약관련 (1) / 답변1 첨부1
  + [5398] ntt=29843 (6150) 건축물 원시취득에 따른 취득세 신고납부 후 추.. (1) / 답변1 첨부1
  + [5399] ntt=29839 (6149) 주택부속토지 주택중과세율 적용 여부 문의 (1) / 답변1 첨부2
  + [5400] ntt=29835 (6148) 소멸시효 중단 문의 (1) / 답변1
  + [5401] ntt=29833 (6147) 재산세 납세의무자 관련입니다. (1) / 답변1 첨부1
  + [5402] ntt=29829 (6146) 귀농인 감면 질문 드립니다 (1) / 답변1 첨부1
  + [5403] ntt=29821 (6145) 자동차 상속 이전절차 없이 폐차 할 경우 취득.. (1) / 답변1 첨부1
  + [5404] ntt=29818 (6144) 장애인 감면차량 취득세, 자동차세 감면 별도 .. (1) / 답변1 첨부1
  + [5405] ntt=29811 (6143) 박물관 등에 대한 감면 (1) / 답변1 첨부1
  + [5406] ntt=29806 (6142) 시장정비사업시행자(시장조합)에 대한 감면 질의 (1) / 답변1 첨부1
  + [5407] ntt=29803 (6141) 등록세 종교감면 문의 (1) / 답변1 첨부1
  + [5408] ntt=29801 (6140) 합유취득시 계약서상 지분을 인정하여 합유자 중.. (1) / 답변1 첨부1
  + [5409] ntt=29792 (6139) 생애최초 주택취득 감면 추징 관련 문의 (1) / 답변1 첨부1
  + [5410] ntt=29785 (6138) [긴급]소유권보존등기 토지 (1) / 답변1 첨부1
  + [5411] ntt=29780 (6137) 지방세법 제13조 제1항 본점 사업용 부동산 .. (1) / 답변1 첨부1
  + [5412] ntt=29778 (6136) [취득세]  지방세특례제한법제14조[농업협동조.. (1) / 답변1 첨부1
  + [5413] ntt=29774 (6135) 재산세 현황과세 관련 질의 입니다. (1) / 답변1 첨부1
  + [5414] ntt=29769 (6134) 조정대상지역 주택취득에 따른 1세대 2주택 중.. (1) / 답변1 첨부1
[page 398 완료] 누적 신규 5414건  (이 게시판 저장 총 11,914건)
  + [5415] ntt=29768 (6133) 조합원 입주권 중과세율 판단할때 원조합원과 승.. (1) / 답변1 첨부1
  + [5416] ntt=29765 (6132) 소유권이전청구가등기 가등기권자가 체납자일때 가.. (1) / 답변1 첨부1
  + [5417] ntt=29763 (6131) 장애인 차량 취득세 감면 후 부득이한 사유 해.. (1) / 답변1 첨부1
  + [5418] ntt=29760 (6130) 과점주주 차량이 과세대상인 경우 농특세 부과가.. (1) / 답변1 첨부1
  + [5419] ntt=29759 (6129) 농어촌민박의 숙박시설에 해당하는지 여부 (1) / 답변1 첨부1
  + [5420] ntt=29751 (6128) 취득세 등기등록 후 환급 가능여부 문의합니다. (1) / 답변1 첨부1
    [retry 1/3] ReadTimeout
  + [5421] ntt=29747 (6127) 등록면허세(면허) 부과 문의 (1) / 답변1 첨부1
  + [5422] ntt=29745 (6126) 주택시공자가 공사대금으로 받은 미분양주택 조건 (1) / 답변1 첨부1
  + [5423] ntt=29742 (6125) 지방세법 제109조 제2항 재산세 비과세 관련 (1) / 답변1 첨부1
  + [5424] ntt=29739 (6124) 농업법인 감면 가능여부(양조) (1) / 답변1 첨부1
  + [5425] ntt=29737 (6123) 상속포기자의 공탁금 추심 후 환급 (1) / 답변1 첨부1
  + [5426] ntt=29736 (6122) 재산세 과세질의 (1) / 답변1 첨부1
  + [5427] ntt=29735 (6121) 대위등기가 완료된 부동산에 대하여 상속재산분할.. (1) / 답변1 첨부1
  + [5428] ntt=29734 (6120) 재산세 상속포기관련 (1) / 답변1 첨부1
  + [5429] ntt=29731 (6119) 지방세특례제한법 제74조 종전 감면규정 관련 (1) / 답변1 첨부1
  + [5430] ntt=29726 (6118) 조정대상지역에서 비조정대상지역으로 변경되는 경.. (1) / 답변1 첨부1
  + [5431] ntt=29721 (6117) 조정결정 및 지급명령에 따른 재산세 납세의무자 (1) / 답변1 첨부1
  + [5432] ntt=29720 (6116) 가처분소송관련 질의 (1) / 답변1 첨부2
  + [5433] ntt=29714 (6115) 연부취득 잔금까지 납부후, 면적 정산등으로 인.. (1) / 답변1 첨부1
  + [5434] ntt=29713 (6114) 차량 체납처분 문의 (1) / 답변1 첨부1
  + [5435] ntt=29712 (6113) [재질의]분리과세 해당 여부 및 분리과세 가능.. (1) / 답변1 첨부2
  + [5436] ntt=29711 (6112) 취득세 경정청구에 따른 수정신고(경정결정)분 .. (1) / 답변1 첨부2
  + [5437] ntt=29708 (6111) 차량 체납처분 문의 (1) / 답변1 첨부1
  + [5438] ntt=29705 (6110) 압류해제없이 제3자에 소유권 이전된 부동산 공.. (1) / 답변1 첨부1
  + [5439] ntt=29702 (6109) 지방소득세 양도소득분 세율 질문입니다 (1) / 답변1 첨부1
  + [5440] ntt=29699 (6108) 사업시행자의 취득시기 (1) / 답변1 첨부1
  + [5441] ntt=29693 (6107) 공탁금의 압류금지재산 여부 (1) / 답변1 첨부1
  + [5442] ntt=29690 (6106) 영업용 번호판 매매에 따른 차량명의변경 사항에.. (1) / 답변1 첨부2
  + [5443] ntt=29689 (6105) 부재부동산 소유자 해당 여부 문의드립니다. (1) / 답변1 첨부1
  + [5444] ntt=29686 (6104) 상속세율특례 적용시 주민등록표등본상 외국인(며.. (1) / 답변1 첨부1
[page 399 완료] 누적 신규 5444건  (이 게시판 저장 총 11,944건)
  + [5445] ntt=29684 (6103) 차량공매시 당해세와 당해세를 제외한 지방세 배.. (1) / 답변1 첨부1
  + [5446] ntt=29681 (6102) 추가보상금 취득일 및 용역비 포함여부 (1) / 답변1 첨부1
  + [5447] ntt=29673 (6101) 건물 토지 구분등기가 실질적으로 불가능한 상태.. (1) / 답변1 첨부1
  + [5448] ntt=29664 (6100) 개인 신축 시 장부미제출가산세 과세 가능여부 (1) / 답변1 첨부1
  + [5449] ntt=29663 (6099) 장애인 차량 취득세 추징 문의 드립니다. (1) / 답변1 첨부1
  + [5450] ntt=29661 (6098) 「지방세법」 제13조의3 제3호에 따른 “주택.. (1) / 답변1 첨부1
  + [5451] ntt=29655 (6097) 직계존속간 유상거래시 전세계약서 유효한지 여부 (1) / 답변1 첨부1
  + [5452] ntt=29648 (6096) 미사용 건축물 재산세 과세 (1) / 답변1 첨부1
  + [5453] ntt=29644 (6095) 지방세법 제9조3항을 근거로 취득세 비과세 성.. (1) / 답변1 첨부1
  + [5454] ntt=29643 (6094) 법인이 분할하면서 같이 분할되는 회원권 (1) / 답변1 첨부1
  + [5455] ntt=29640 (6093) 유치원에 대한 감면 (1) / 답변1 첨부1
  + [5456] ntt=29633 (6092) 주주 양도 이후, 주식양도양수 해지시? (1) / 답변1 첨부1
  + [5457] ntt=29632 (6091) 주택부속토지에 대해 궁금합니다. (1) / 답변1 첨부1
  + [5458] ntt=29631 (6090) 사실상 현황을 근거로 사실상 용도대로 지난 재.. (1) / 답변1 첨부1
  + [5459] ntt=29630 (6089) 창업벤처중소기업 취득세 감면 여부 질의 드립니.. (1) / 답변1 첨부1
  + [5460] ntt=29629 (6088) 가스관 사이에 있는 열교환기를 교체한 경우 취.. (1) / 답변1 첨부1
  + [5461] ntt=29627 (6087) 차입형 신탁계약 (1) / 답변1 첨부1
  + [5462] ntt=29625 (6086) 주택건설사업에 제공되고 있는 토지란? (1) / 답변1 첨부1
  + [5463] ntt=29616 (6085) 사업시행자의 취득일 (2) / 답변2 첨부1
  + [5464] ntt=29614 (6084) 부동산 소유권이전등기 청구권 압류 거부 적법여.. (1) / 답변1 첨부1
  + [5465] ntt=29611 (6083) -긴급문의드립니다- 회원제골프장 건축물 증축 .. (1) / 답변1 첨부1
  + [5466] ntt=29610 (6082) 경제자유구역(산업단지) 사업시행자 미분양 토지.. (1) / 답변1 첨부1
  + [5467] ntt=29609 (6081) 부동산 다운계약서 관련 질의드립니다. (1) / 답변1 첨부1
  + [5468] ntt=29603 (6080) 6073번 생애최초 주택구입 질문관련입니다. (1) / 답변1 첨부1
  + [5469] ntt=29602 (6079) 토지수용 대체취득 부동산 취득세 감면관련 문의.. (1) / 답변1 첨부1
  + [5470] ntt=29600 (6078) 개인회생절차개시 전, 후 차량공매 가능여부 (1) / 답변1 첨부1
  + [5471] ntt=29599 (6077) 골프연습장 토지 과세 (1) / 답변1 첨부1
  + [5472] ntt=29595 (6076) 무허가 건축물 취득세 부과(긴급합니다) (1) / 답변1 첨부1
  + [5473] ntt=29591 (6075) 법인의 특수관계자가 개인사업장 창업후 법인과의.. (1) / 답변1 첨부1
  + [5474] ntt=29590 (6074) 자경농민 추징 관련 (1) / 답변1 첨부1
[page 400 완료] 누적 신규 5474건  (이 게시판 저장 총 11,974건)
  + [5475] ntt=29586 (6073) 증여로 취득세 신고납부 및 등기완료 후 지분 .. (1) / 답변1 첨부1
  + [5476] ntt=29583 (6072) 생애최초 주택구입 혼인전 공동명의 취득에 관한.. (2) / 답변2 첨부1
  + [5477] ntt=29581 (6071) 직장어린이집 재산세 감면 문의 (1) / 답변1 첨부1
  + [5478] ntt=29578 (6070) 경제자유구역 내  재산세(토지) 분리과세 가능.. (1) / 답변1 첨부2
  + [5479] ntt=29577 (6069) 산업단지 감면 토지 교환관련 질의입니다 (1) / 답변1 첨부1
  + [5480] ntt=29574 (6068) 지방세 감면 후 지방세특례제한법 사후관리 기간.. (1) / 답변1 첨부1
  + [5481] ntt=29571 (6067) 공유물 분할을 원인으로 하는 하는 경매에서 공.. (1) / 답변1
  + [5482] ntt=29567 (6066) 개인지방소득세(양도소득) 가산세문의 (첨부파일.. (1) / 답변1 첨부1
  + [5483] ntt=29566 (6065) 직계존비속간 유상거래시 부채승계에 대한 질의 (1) / 답변1 첨부1
  + [5484] ntt=29564 (6064) 상속으로 인한 1가구 1주택 취득세 감면 문의 (1) / 답변1 첨부1
  + [5485] ntt=29562 (6063) 세외수입과 채권 구분 (2) / 답변2 첨부1
  + [5486] ntt=29559 (6062) 주민세 개인균등분 세대분리 문의(법개정전후) (1) / 답변1 첨부1
  + [5487] ntt=29558 (6061) 무변론 판결에 따른 부담부증여 취득 시, 채무.. (1) / 답변1 첨부1
  + [5488] ntt=29557 (6060) 비영리법인의 자산재평가로 총액 증가시 법인등기.. (1) / 답변1 첨부1
  + [5489] ntt=29554 (6059) 법인지방소득세 결손금 소급공제 신청시 환급세액.. (1) / 답변1 첨부1
  + [5490] ntt=29553 (6058) 임대사업자 감면 취득세 추징 적용 기준 질의 (1) / 답변1 첨부1
  + [5491] ntt=29551 (6057) 제3자간 명의신탁시 재산세 납세의무자 (1) / 답변1 첨부1
  + [5492] ntt=29550 (6056) 농업회사법인의 가공목적 부동산 해당 여부 문의 (1) / 답변1 첨부1
  + [5493] ntt=29549 (6055) 장기임대사업자 재산세 추징여부 질의 (1) / 답변1 첨부1
  + [5494] ntt=29543 (6054) 분리과세 면적 계산시 비과세 면적 포함 여부 (1) / 답변1 첨부1
  + [5495] ntt=29542 (6053) 법인의 취득신고 관련 문의입니다. (1) / 답변1 첨부1
  + [5496] ntt=29540 (6052) 상속한정승인의 경우 상속인 고유재산 압류처분의.. (1) / 답변1 첨부1
  + [5497] ntt=29537 (6051) 실제건축주와 공부상건축주가 다른경우 (1) / 답변1 첨부1
  + [5498] ntt=29536 (6050) 가설건축물 용도 및 부속토지 토지형태(+농업회.. (1) / 답변1 첨부1
  + [5499] ntt=29533 (6049) 지방세특례제한법 시행령 제8조 제3호 “장애인.. (1) / 답변1 첨부1
  + [5500] ntt=29529 (6048) 증여계약 해제후 당초계약을 유효화한 경우 취득.. (1) / 답변1 첨부1
  + [5501] ntt=29527 (6047) 지방세특례제한법 문구해석 부탁드립니다. (2) / 답변2 첨부1
  + [5502] ntt=29521 (6046) 위법이나 무허가 공장건축물 (1) / 답변1 첨부1
  + [5503] ntt=29518 (6045) 주민세(종업원분) 중소기업 고용지원 재질의 (1) / 답변1 첨부1
  + [5504] ntt=29513 (6044) 주민세(종업원분) 과표 문의합니다! (2) / 답변2 첨부1
[page 401 완료] 누적 신규 5504건  (이 게시판 저장 총 12,004건)
  + [5505] ntt=29512 (6043) 과점주주 간주취득 문의(부동산 분양 법인의 분.. (2) / 답변2 첨부1
  + [5506] ntt=29508 (6042) 직계존비속 거래시 잔금지급일에 따른 세율적용 (1) / 답변1 첨부1
  + [5507] ntt=29504 (6041) 회원권 취득을 위해 일부 지분 취득한 다가구주.. (1) / 답변1 첨부1
  + [5508] ntt=29501 (6040) 신탁재산처분에 의한 신탁의 납세자 (1) / 답변1 첨부1
  + [5509] ntt=29489 (6039) 조합원 아파트 관련 문의드립니다. (1) / 답변1 첨부1
  + [5510] ntt=29487 (6038) 지방세특례제한법 제47조의2 3항 친환경주택에.. (1) / 답변1 첨부1
  + [5511] ntt=29485 (6037) 상담요청드립니다(회원제골프장 건축물 증축 중과.. (1) / 답변1 첨부2
  + [5512] ntt=29481 (6036) 이용자리스 계약이 중도해지된 경우 리스회사 및.. (1) / 답변1 첨부1
  + [5513] ntt=29480 (6035) 지특법 제 127조(영어조합법인의 조합원에 대.. (1) / 답변1 첨부1
  + [5514] ntt=29477 (6034) "아파트 브랜드명 구입비용" 취득과표에 산입여.. (1) / 답변1 첨부1
  + [5515] ntt=29476 (6033) 소유권이전등기말소로 기 추징된 세금 환급 가능.. (1) / 답변1 첨부1
  + [5516] ntt=29474 (6032) 주민세 재산분 관련 문의 드립니다. (1) / 답변1 첨부1
  + [5517] ntt=29471 (6031) 지방세법 시행령 102조 해석에 대한 상담 (1) / 답변1 첨부1
  + [5518] ntt=29467 (6030) 증여로 취득세 신고납부 및 등기완료 후 지분 .. (1) / 답변1
  + [5519] ntt=29465 (6029) 2006년도 지방세법 관련 문의입니다. (1) / 답변1 첨부1
  + [5520] ntt=29463 (6028) 세외수입의 지방세 체납처분 준용 범위 (1) / 답변1 첨부1
  + [5521] ntt=29461 (6027) 90.5.31이전 종중소유 토지로보아 분리과세.. (1) / 답변1 첨부1
  + [5522] ntt=29457 (6026) 근저당권 채권의 소멸시효 관련 상담요청 (1) / 답변1 첨부1
  + [5523] ntt=29456 (6025) 지특법 33조 주택건설사업자 공동주택 건축 감.. (1) / 답변1 첨부1
  + [5524] ntt=29455 (6024) 공장의 기준면적율 적용 (1) / 답변1 첨부1
  + [5525] ntt=29450 (6023) 주택을 기숙사로 볼수 있는지 여부 (1) / 답변1 첨부1
  + [5526] ntt=29444 (6022) 행정소송으로 추가 보상금 지급시 과표 산정 (1) / 답변1 첨부1
  + [5527] ntt=29439 (6021) 상속세율특례후 기한내 재분할 협의 유주택자 소.. (1) / 답변1 첨부1
  + [5528] ntt=29435 (6020) 종중토지의 재산세 과세 (1) / 답변1 첨부1
  + [5529] ntt=29434 (6019) 산업단지 입주기업이 승계취득하는 토지 및 건물.. (1) / 답변1 첨부2
  + [5530] ntt=29423 (6018) 종교시설에 작은도서관 설치시 감면된 취득세 과.. (1) / 답변1 첨부1
  + [5531] ntt=29420 (6017) 준공 후 미분양 아파트 조건부 분양시 취득세 .. (1) / 답변1 첨부1
  + [5532] ntt=29419 (6016) 주민세(종업원분) 중소기업 고용지원 (1) / 답변1 첨부1
  + [5533] ntt=29417 (6015) 분양권 증예계약 해제 시점의 기산일 확인 (1) / 답변1 첨부1
  + [5534] ntt=29413 (6014) 2019년 귀속 법인지방소득세 외국납부세액공제.. (1) / 답변1 첨부3
[page 402 완료] 누적 신규 5534건  (이 게시판 저장 총 12,034건)
  + [5535] ntt=29410 (6013) 법인 중과제외업종 관련 문의(지방세법시행령 제.. (1) / 답변1 첨부1
  + [5536] ntt=29408 (6012) 주민세(종업원분) 과표 (1) / 답변1 첨부1
  + [5537] ntt=29404 (6011) 신혼부부 감면 추징관련 추징발생일 문의 (1) / 답변1 첨부1
  + [5538] ntt=29401 (6010) 분양권만 2개인 경우 일시적이주택 세율 적용 .. (1) / 답변1 첨부1
  + [5539] ntt=29399 (6009) 공탁금출급청구권확인의 소 관련 질의(긴급) (1) / 답변1 첨부1
  + [5540] ntt=29395 (6008) 감면 취득세 목적외사용으로 신고납부시 납세자 .. (1) / 답변1 첨부1
  + [5541] ntt=29393 (6007) 법인지방소득세 감액경정 이후 증액재경정 된 경.. (1) / 답변1 첨부1
  + [5542] ntt=29392 (6006) 과점주주 명의도용자 대한 2차납세의무자 지정 (1) / 답변1 첨부1
  + [5543] ntt=29390 (6005) 항만시설 및 투기장 조성 취득세 과세 여부 (1) / 답변1 첨부1
  + [5544] ntt=29388 (6004) 세외수입 불납결손의 법적·논리적 근거 (1) / 답변1 첨부1
  + [5545] ntt=29387 (6003) 재개발 승계조합원의 입주시점에서 취득세 과세표.. (1) / 답변1 첨부2
  + [5546] ntt=29376 (6002) 신탁사에서 위탁법인에게 지급한 시행사운영비 중.. (1) / 답변1 첨부1
  + [5547] ntt=29374 (6001) 기간관련 문의 (1) / 답변1 첨부1
  + [5548] ntt=29373 (6000) 신탁재산에 대한 착한임대인 감면(재산세) (1) / 답변1 첨부1
  + [5549] ntt=29372 (5999) 수용재결 부동산 취득 후 행정소송으로 보상금 .. (1) / 답변1 첨부1
  + [5550] ntt=29371 (5998) 기숙사 농공단지 대체취득 감면 적용 가능 여부.. (1) / 답변1 첨부1
  + [5551] ntt=29365 (5997) 체납 또는 결손처분 자료의 제공(공공기록정보 .. (1) / 답변1 첨부1
  + [5552] ntt=29363 (5996) 재건축조합원의 토지취득에 대한 취득세 질의 (1) / 답변1 첨부1
  + [5553] ntt=29361 (5995) 수탁자에 대한 의료법인 감면 가능 여부 (1) / 답변1 첨부1
  + [5554] ntt=29359 (5994) 주택건설용 토지의 분리과세 여부 (1) / 답변1 첨부1
  + [5555] ntt=29358 (5993) 자경농민 감면요건 충족여부에 대해 (1) / 답변1 첨부1
  + [5556] ntt=29357 (5992) 직계존비속간 증여(조건부: 현금+증여) (1) / 답변1 첨부1
  + [5557] ntt=29356 (5991) 수분양자의 과세표준 문의(별도 계약한 시스템 .. (1) / 답변1 첨부1
  + [5558] ntt=29352 (5990) (취득세 차량)장애인과 공동명의로 취득세 감면.. (1) / 답변1 첨부1
  + [5559] ntt=29351 (5989) 주택건설사업계획 승인을 받은 상업용지의 주상복.. (1) / 답변1 첨부1
  + [5560] ntt=29345 (5988) 재개발 아파트 사용승인 후 토지지분 승계관련하.. (2) / 답변2 첨부1
  + [5561] ntt=29344 (5987) 재산세-현재 사용하지 않는 건축물 용도 (1) / 답변1 첨부1
  + [5562] ntt=29342 (5986) 인허가 면허에 대한 등록면허세(면허분) 납세의.. (1) / 답변1 첨부1
  + [5563] ntt=29341 (5985) 체납된 행정대집행비가 '채권' 인지 '세외수입.. (1) / 답변1 첨부3
  + [5564] ntt=29337 (5984) 자치단체와의 유상거래 후 해지지 취득세 환급가.. (1) / 답변1 첨부1
[page 403 완료] 누적 신규 5564건  (이 게시판 저장 총 12,064건)
  + [5565] ntt=29334 (5983) 징수유예 등에 관한 질의 (1) / 답변1 첨부1
  + [5566] ntt=29333 (5982) 취득세 추징규정만 있는 경우 재산세 추징가능 .. (1) / 답변1 첨부1
  + [5567] ntt=29332 (5981) 부설 주차장 관련 재질의 (1) / 답변1 첨부1
  + [5568] ntt=29331 (5980) 재개발 승계조합원의 원시취득시 과세표준에 포함.. (1) / 답변1 첨부1
  + [5569] ntt=29325 (5979) 조성공사가 시행중인 토지 (1) / 답변1 첨부1
  + [5570] ntt=29324 (5978) 제2차 납세의무법인 최고전 압류에 관하여 문의 (1) / 답변1 첨부1
  + [5571] ntt=29323 (5977) 냉온수기 열교환기 취득세 과세대상? (1) / 답변1 첨부1
  + [5572] ntt=29306 (5976) 전,답에 신축한 축사 부속토지의 지목변경취득세.. (1) / 답변1 첨부1
  + [5573] ntt=29305 (5975) 부동산 거래 해제에 따른 취득세 환급 요청관련.. (1) / 답변1 첨부1
  + [5574] ntt=29304 (5974) 개수에 따른 취득세 과세여부 문의 (1) / 답변1 첨부1
  + [5575] ntt=29301 (5973) 개발사업토지 중 용도폐지되는 기반시설  과세비.. (1) / 답변1 첨부1
  + [5576] ntt=29300 (5972) 지식산업센터 감면 추징 관련입니다. (1) / 답변1 첨부1
  + [5577] ntt=29295 (5971) 지방세 상담 5957번(지목변경 납세의무자 및.. (1) / 답변1 첨부1
  + [5578] ntt=29291 (5970) 적용 통일 과제5 (신탁수수료를 과표로 위탁자.. (1) / 답변1 첨부1
  + [5579] ntt=29290 (5969) 공공주택사업자의 임대주택 재산세 감면 적용방법.. (1) / 답변1 첨부1
  + [5580] ntt=29288 (5968) 개인사업자가 동일장소에 법인 설립한 경우 창업.. (1) / 답변1 첨부1
  + [5581] ntt=29287 (5967) 부동산 취득세 문의(법인의 주택 중과) (1) / 답변1 첨부1
  + [5582] ntt=29281 (5966) 지특법 7조 농기계류 등에 대한 감면 문의 (1) / 답변1 첨부1
  + [5583] ntt=29280 (5965) 폐업한 사업장에 대한 지방소득세(특별징수) 부.. (1) / 답변1 첨부1
  + [5584] ntt=29278 (5964) 산업단지조성공사 시행 중인 개인소유토지 재산세.. (1) / 답변1 첨부1
  + [5585] ntt=29277 (5963) 골프연습장 (1) / 답변1 첨부1
  + [5586] ntt=29274 (5962) (긴급)상속 등기 후 상속재산 재협의분할에 따.. (1) / 답변1 첨부1
  + [5587] ntt=29272 (5961) 법인지방소득세 결손금소급공제(해산 및 청산종결.. (1) / 답변1 첨부1
  + [5588] ntt=29270 (5960) 공사비 지연이자 과표 포함 문의드립니다. (1) / 답변1 첨부1
  + [5589] ntt=29264 (5959) 현물배당으로 취득한 부동산의 세율적용 (1) / 답변1 첨부1
  + [5590] ntt=29259 (5958) 학교법인의 토지 감면 적용 가능여부 (1) / 답변1 첨부1
  + [5591] ntt=29258 (5957) 지목변경 취득세 납세의무자 및 과세표준에 대하.. (1) / 답변1 첨부1
  + [5592] ntt=29257 (5956) 주택건설사업자의 취득세 및 재산세 질의 드립니.. (1) / 답변1 첨부1
  + [5593] ntt=29252 (5955) 지방세특례제한법 시행령 제8조의3 제1호 "운.. (1) / 답변1 첨부1
  + [5594] ntt=29247 (5954) 환지예정지 지정처분 취소 시(환지계획은 유효함.. (1) / 답변1 첨부1
[page 404 완료] 누적 신규 5594건  (이 게시판 저장 총 12,094건)
  + [5595] ntt=29246 (5953) 택지개발지구 내 권리의무승계계약에 따른 순차등.. (1) / 답변1 첨부1
  + [5596] ntt=29243 (5952) 재산세 현황부과에 대하여 상담요청 드립니다. (1) / 답변1 첨부1
  + [5597] ntt=29242 (5951) 지식산업센터내의 기업부설연구소의 건물용도 및 .. (1) / 답변1 첨부1
  + [5598] ntt=29240 (5950) 이재민 조립주택 공매후 건축물대장 생성 및 등.. (1) / 답변1 첨부1
  + [5599] ntt=29234 (5949) 사권제한토지 질문드립니다. (1) / 답변1 첨부1
  + [5600] ntt=29233 (5948) 미상속 건물에 30년정도 거주한 사람의 사실상.. (1) / 답변1 첨부1
  + [5601] ntt=29230 (5947) 생계형 체납자의 경제회생 지원을 위해 신용정보.. (1) / 답변1 첨부1
  + [5602] ntt=29228 (5946) 토지수용 등으로 인한 대체취득에 대한 감면 가.. (1) / 답변1 첨부1
  + [5603] ntt=29222 (5945) 양도분 납세지 (1) / 답변1 첨부1
  + [5604] ntt=29220 (5944) 호이스트가 과세대상에 해당되는지 여부? (1) / 답변1 첨부1
  + [5605] ntt=29218 (5943) 6월중에 상속협의서를 작성하고 취득세신고를 한.. (1) / 답변1 첨부1
  + [5606] ntt=29217 (5942) 과점주주 간주취득세 부과 (1) / 답변1 첨부1
  + [5607] ntt=29216 (5941) 실제 신축 건축비 부담자에 따른 취득세 추징 .. (1) / 답변1 첨부1
  + [5608] ntt=29215 (5940) 건축물 바닥면적 적용 문의입니다 (1) / 답변1 첨부1
  + [5609] ntt=29214 (5939) 자동차 폐차 관련 문의합니다. (1) / 답변1 첨부1
  + [5610] ntt=29211 (5938) 판결에 따라 부담하는 상대측 변호사 비용 질의.. (1) / 답변1 첨부1
  + [5611] ntt=29210 (5937) 상속인이 아닌자의 유증으로 인한 취득 (1) / 답변1 첨부1
  + [5612] ntt=29204 (5936) 생애최초 주택취득 감면 해당여부 (1) / 답변1 첨부1
  + [5613] ntt=29201 (5935) 본점 소재지와 지점설치 소재지가 동일한 등기소.. (1) / 답변1 첨부1
  + [5614] ntt=29199 (5934) 자경농민 감면 관련 질의 (1) / 답변1 첨부1
  + [5615] ntt=29198 (5933) 이의신청 결정(기각/인용) 관련 문의 (1) / 답변1 첨부1
  + [5616] ntt=29196 (5932) 체납액의 징수유예 가능 여부 (1) / 답변1 첨부1
  + [5617] ntt=29190 (5931) 건물천장에 고정되어 있는 오버헤드크레인을 건물.. (1) / 답변1 첨부1
  + [5618] ntt=29187 (5930) 현황과 공부가 용도가 다를때 취득세 적용세율 .. (1) / 답변1 첨부1
  + [5619] ntt=29186 (5929) 재산세(토지) 별도합산과세를 위한 용도지역배율.. (1) / 답변1 첨부1
  + [5620] ntt=29184 (5928) 지적불부합지 환급가능여부와 부설주차장 미등기 .. (1) / 답변1 첨부1
  + [5621] ntt=29183 (5927) 지역주택조합 신규아파트 임시사용승인 이후 조합.. (1) / 답변1 첨부1
  + [5622] ntt=29182 (5926) 법인의 허가 무허가 혼용 주택 취득 시 중과세.. (1) / 답변1 첨부1
  + [5623] ntt=29180 (5925) 외국법인의 국내원천소득 특별징수분에 대한 경정.. (1) / 답변1 첨부1
  + [5624] ntt=29179 (5924) 세목별로 감면 조항을 달리 적용할 수 있는지 .. (1) / 답변1 첨부1
[page 405 완료] 누적 신규 5624건  (이 게시판 저장 총 12,124건)
  + [5625] ntt=29178 (5923) 민박용 건물 주택수 포함여부 (1) / 답변1 첨부1
  + [5626] ntt=29177 (5922) 도시정비구역으로 지정 고시 예정인 1억원이하 .. (1) / 답변1 첨부1
  + [5627] ntt=29173 (5921) 자동차 제조회사가 제조회사 명의로 차량을 등록.. (1) / 답변1 첨부1
  + [5628] ntt=29170 (5920) 주민세(종업원분) 비과세 대상 문의 (1) / 답변1
  + [5629] ntt=29167 (5919) 부동산 거래신고 금액 허위신고 후 자진신고 하.. (1) / 답변1 첨부1
  + [5630] ntt=29166 (5918) 가설건축물(연동하우스) 원시취득 시 과세표준 .. (1) / 답변1 첨부1
  + [5631] ntt=29163 (5917) 유통자회사(농협하나로유통)의 재산세 감면에 따.. (1) / 답변1 첨부1
  + [5632] ntt=29162 (5916) 공부상 대지를 현황상 전으로 보아 과세할 수 .. (1) / 답변1 첨부1
  + [5633] ntt=29160 (5915) 납세자 변동신고서 (1) / 답변1 첨부1
  + [5634] ntt=29154 (5914) 건축물 바닥면적 적용 문의 (1) / 답변1 첨부1
  + [5635] ntt=29153 (5913) 법인 차량 할부구입 시 카드사 할부이자의 취득.. (2) / 답변2 첨부1
  + [5636] ntt=29152 (5912) 법인지방소득세의 납세지 규정과 관련한 문의 (1) / 답변1 첨부1
  + [5637] ntt=29151 (5911) 신탁회사의 신탁보수(관련이자포함) 및 부동산컨.. (1) / 답변1 첨부1
  + [5638] ntt=29141 (5910) 과점주주 명의신탁 간주 취득세 관련 문의 (1) / 답변1 첨부1
  + [5639] ntt=29136 (5909) 토석채취허가 (1) / 답변1 첨부1
  + [5640] ntt=29135 (5908) 장학법인 임대용 부동산 (1) / 답변1 첨부1
  + [5641] ntt=29133 (5907) 생애최초 주택구입 취득세 감면 취득 가격관련 .. (1) / 답변1 첨부1
  + [5642] ntt=29128 (5906) 현물출자 진행중에 대표자가 사망한 경우 현물출.. (1) / 답변1 첨부1
  + [5643] ntt=29127 (5905) 지역자원시설세 과세대상 질문 (1) / 답변1 첨부1
  + [5644] ntt=29110 (5904) 지역자원시설세 과세 사항 질의 (1) / 답변1 첨부1
  + [5645] ntt=29106 (5903) 지방세환급금 납세자 동의 없이 바로 충당 가능.. (1) / 답변1 첨부1
  + [5646] ntt=29103 (5902) 협의이혼으로 인한 재산분할 취득 후, 이를 다.. (1) / 답변1 첨부1
  + [5647] ntt=29102 (5901) 기업합병시 피합병법인의 신탁등기에 따른 취득일 (1) / 답변1 첨부1
  + [5648] ntt=29101 (5900) 귀농인의 판단기준 질의 (1) / 답변1 첨부1
  + [5649] ntt=29092 (5899) 대위등기 취득세 가능여부 (1) / 답변1 첨부1
  + [5650] ntt=29089 (5898) 국토부차종 승합특수중형자동차에 대한 자동차세 .. (1) / 답변1 첨부1
  + [5651] ntt=29088 (5897) 교환으로 취득한 부동산의 대체취득에 대한 비과.. (1) / 답변1 첨부1
  + [5652] ntt=29086 (5896) 크레인이 취득세(기계장비) 과세대상에 해당되는.. (1) / 답변1 첨부1
  + [5653] ntt=29084 (5895) 중소기업간 통합에 의한 법인전환 감면 적용시 .. (1) / 답변1 첨부1
  + [5654] ntt=29083 (5894) 지방세 환급금 충당시 기산일 (1) / 답변1 첨부1
[page 406 완료] 누적 신규 5654건  (이 게시판 저장 총 12,154건)
  + [5655] ntt=29080 (5893) 창업중소기업 감면 적용 여부 (1) / 답변1 첨부1
  + [5656] ntt=29078 (5892) 토지 등 매매차익 부과 (1) / 답변1 첨부2
  + [5657] ntt=29077 (5891) 주택부속토지 취득 후 , 본점사용 건물을 취득.. (1) / 답변1 첨부1
  + [5658] ntt=29075 (5890) 보일러 취득세  신고대상 판단 (1) / 답변1 첨부1
  + [5659] ntt=29071 (5889) 공장내 변전실의 변압기 및 변배전시설 교체시 .. (1) / 답변1 첨부1
  + [5660] ntt=29067 (5888) 장학법인 취득세 감면 경정청구 문의 (1) / 답변1 첨부1
  + [5661] ntt=29055 (5887) 국가 무상귀속 비과세 및 감면 문의(반대급부) (1) / 답변1 첨부1
  + [5662] ntt=29054 (5886) 자동차매매사업(중고차매매단지)의 토지과세대상 .. (1) / 답변1 첨부2
  + [5663] ntt=29050 (5885) 다주택자 취득세 중과 시 기존소유주택 계약 파.. (1) / 답변1 첨부1
  + [5664] ntt=29048 (5884) 공시지가 정정에 따른 재산세 환급 문의 (1) / 답변1 첨부1
  + [5665] ntt=29045 (5883) 열방합발전소 발전시설 재산세 과세 문의드립니다.. (1) / 답변1 첨부1
  + [5666] ntt=29039 (5882) 골프장 용도지수 (1) / 답변1 첨부1
  + [5667] ntt=29037 (5881) 건축물 바닥면적 적용 문의 (1) / 답변1 첨부1
  + [5668] ntt=29035 (5880) 영농조합법인 배당소득 원천징수세액에 따른 지방.. (1) / 답변1 첨부1
  + [5669] ntt=29034 (5879) 물류단지관련 재질의 (1) / 답변1 첨부1
  + [5670] ntt=29031 (5878) 주민세 재산분 과세대상 문의 (1) / 답변1 첨부1
  + [5671] ntt=29027 (5877) 의료재단법인이 부담부증여를 통한 출연으로 부동.. (1) / 답변1 첨부3
  + [5672] ntt=29025 (5876) 지역주택조합 최초조합원 변경시 취득세 과세대상.. (1) / 답변1 첨부1
  + [5673] ntt=29024 (5875) 주민세(재산분) 과세대상 관련 문의 (1) / 답변1 첨부1
  + [5674] ntt=29021 (5874) 임대주택 취득세 추징(임대의무기간 내 소유권 .. (1) / 답변1 첨부1
  + [5675] ntt=29018 (5873) 도시지역 1종 주거지역의 농지 취득시 농지세율.. (1) / 답변1 첨부1
  + [5676] ntt=29017 (5872) 산업단지 감면 추징 사유 해당여부 문의 (1) / 답변1 첨부1
  + [5677] ntt=29014 (5871) 물류단지 등에 대한 감면 질의 (1) / 답변1 첨부1
  + [5678] ntt=29012 (5870) 체납처분비에 대한 질의 (1) / 답변1 첨부1
  + [5679] ntt=29009 (5869) 영농조합법인 배당소득 원천징수에 따른 지방소득.. (1) / 답변1 첨부1
  + [5680] ntt=29007 (5868) 제약회사의 공조설비와 자동제어설비공사(BMS/.. (1) / 답변1 첨부1
  + [5681] ntt=29006 (5867) 법규해석 동일적용 과제 4. (기존 건축물을 .. (1) / 답변1 첨부1
  + [5682] ntt=29005 (5866) 감면분 추징에 대한 추징사유발생일 해석 관련 .. (1) / 답변1 첨부1
  + [5683] ntt=29001 (5865) 생애최초 주택 구입 감면 여부입니다. (1) / 답변1 첨부1
  + [5684] ntt=28994 (5864) 수용 등으로 보상금을 채권으로 지급받은 경우,.. (1) / 답변1 첨부1
[page 407 완료] 누적 신규 5684건  (이 게시판 저장 총 12,184건)
  + [5685] ntt=28989 (5863) 가처분(소유권이전등기청구권) 면적과 가처분 목.. (1) / 답변1 첨부1
  + [5686] ntt=28988 (5862) 등기부등본상 소유자에게 행한 압류처분이 무효인.. (1) / 답변1 첨부1
  + [5687] ntt=28983 (5861) 지방소득세(종합) 가산세 산출시 기준금액을 추.. (1) / 답변1 첨부2
  + [5688] ntt=28974 (5860) 취득세 중과예외업종, 임대 관련 정당한 사유없.. (1) / 답변1 첨부1
  + [5689] ntt=28970 (5859) 승강기 취득세 관련 문의드립니다. (1) / 답변1 첨부1
  + [5690] ntt=28969 (5858) 공사진행 중인 골프장의 소유권이 변경된 경우 .. (1) / 답변1 첨부1
  + [5691] ntt=28967 (5857) 판결에 의한 소유권 이전 등기를 이행하여 취득.. (1) / 답변1 첨부1
  + [5692] ntt=28959 (5856) 선행채권 과다 재산에 대한 차량 압류처분 효력.. (1) / 답변1 첨부1
  + [5693] ntt=28955 (5855) 신축시, 협의과정에따른 주변도로 확포장공사 부.. (1) / 답변1 첨부1
  + [5694] ntt=28953 (5854) 판결내용 중 매매대금 지급사실이 없다는 이유로.. (1) / 답변1
  + [5695] ntt=28950 (5853) 지방세기본법의 경정청구 처리가 민원사무처리에관.. (1) / 답변1 첨부1
  + [5696] ntt=28947 (5852) 요양병원에 거주하는 세대주가 코로나로 인해 출.. (1) / 답변1 첨부1
  + [5697] ntt=28944 (5851) 봉안당 신축 시 납골안치시설 취득세 문의 (1) / 답변1 첨부1
  + [5698] ntt=28942 (5850) 신탁회사의 체납액의 징수유예 요건(위탁자 담보.. (1) / 답변1 첨부1
  + [5699] ntt=28941 (5849) 골프장 용도지수 (1) / 답변1 첨부1
  + [5700] ntt=28940 (5848) 지방세법 제9조3항을 근거로 취득세 비과세 성.. (1) / 답변1 첨부1
  + [5701] ntt=28939 (5847) 지역자원시설세(지하수) 부과관련 질문 (1) / 답변1 첨부1
  + [5702] ntt=28938 (5846) 한국농어촌공사 화해권고 판결 취득시기 질의 (1) / 답변1 첨부1
  + [5703] ntt=28932 (5845) 취득세 창업중소기업 감면(“종전의 사업을 승계.. (1) / 답변1 첨부1
  + [5704] ntt=28929 (5844) 취득세 관련 만30세미만 취득자의 독립된 세대.. (1) / 답변1 첨부1
  + [5705] ntt=28926 (5843) 선수협약을 종료하고 정산계약 시 연부취득 조건.. (1) / 답변1 첨부1
  + [5706] ntt=28923 (5842) 재개발 사업부지 협의 취득 시 감정평가 수수료.. (1) / 답변1 첨부1
  + [5707] ntt=28921 (5841) 자경농민 감면 중 도시지역에 관한 문의 (1) / 답변1 첨부1
  + [5708] ntt=28920 (5840) 과밀억제권 역 내 신축 중과적용시, 주택 부속.. (1) / 답변1 첨부1
  + [5709] ntt=28915 (5839) 렌트카업과 중고차매매업을 같이 하고 있는 업체.. (1) / 답변1 첨부1
  + [5710] ntt=28911 (5838) 90년 이후 취득 축사의 도시지역분 (1) / 답변1 첨부1
  + [5711] ntt=28910 (5837) 1가구 1주택 상속 감면 질의 (1) / 답변1 첨부1
  + [5712] ntt=28901 (5836) 토지수용 대체취득 마지막 보상일로부터 2년 이.. (1) / 답변1 첨부1
  + [5713] ntt=28900 (5835) 지방소득세(종합소득) 가산세 산출방법 문의 (1) / 답변1 첨부1
  + [5714] ntt=28897 (5834) 채권자인 법인의 대표에게 공매배분금 지급이 가.. (1) / 답변1 첨부1
[page 408 완료] 누적 신규 5714건  (이 게시판 저장 총 12,214건)
  + [5715] ntt=28893 (5833) 리스로 항공기를 수입하는 경우 리스 종류(금융.. (1) / 답변1 첨부2
  + [5716] ntt=28891 (5832) 재산세 환급금 소멸시효 재질의(5816번) (1) / 답변1
  + [5717] ntt=28877 (5831) 리모델링조합(법인)이 리모델링 목적으로 주택을.. (1) / 답변1 첨부1
  + [5718] ntt=28876 (5830) 부담부증여 인정여부 (1) / 답변1 첨부1
  + [5719] ntt=28875 (5829) 법인합병으로 취득한 부동산에 대한 감면분 추징.. (2) / 답변2 첨부1
  + [5720] ntt=28869 (5828) 장애인감면차량(공동명의) 차량이 지입회사 명의.. (1) / 답변1 첨부1
  + [5721] ntt=28868 (5827) 장기미집행  및  기부채납 기반시설 재산세 감.. (1) / 답변1 첨부1
  + [5722] ntt=28867 (5826) 2년 전 진행한 차량 압류가 원부에 촉탁이 안.. (1) / 답변1 첨부1
  + [5723] ntt=28863 (5825) 농어촌주택개량대상자 추징 여부 문의 (1) / 답변1 첨부1
  + [5724] ntt=28858 (5824) 주택 수 산정 관련 질의 (1) / 답변1 첨부1
  + [5725] ntt=28857 (5823) 서민주택감면 상시 거주 요건 충족 여부 (1) / 답변1 첨부1
  + [5726] ntt=28855 (5822) 경매 취득시 취득세 과세대상이 아닌 기계장치 .. (1) / 답변1 첨부1
  + [5727] ntt=28854 (5821) 종교단체 감면 질의합니다. (1) / 답변1 첨부1
  + [5728] ntt=28850 (5820) 전기차 차량취득세 감면 (1) / 답변1 첨부1
  + [5729] ntt=28844 (5819) 축협 부동산 고유업무 감면 추징시 과표선정 질.. (1) / 답변1 첨부1
  + [5730] ntt=28841 (5818) 새마을금고가 위탁운영하는 커피숍의 고유목적사업.. (1) / 답변1 첨부1
  + [5731] ntt=28839 (5817) 감면후 유예기간 내 미사용 ⇒ 정당한 사유에 .. (1) / 답변1 첨부1
  + [5732] ntt=28838 (5816) 재산세 환급금 소멸시효 (1) / 답변1
  + [5733] ntt=28837 (5815) 자경농민 농지 취득 감면 문의입니다. (1) / 답변1 첨부1
  + [5734] ntt=28833 (5814) 주택개량관련 추가질의 (1) / 답변1 첨부1
  + [5735] ntt=28828 (5813) 담당 공무원의 잘못된 과세자료 해석으로 납세자.. (1) / 답변1 첨부1
  + [5736] ntt=28825 (5812) 임대사업자 감면 관련 질의드립니다. (1) / 답변1 첨부1
  + [5737] ntt=28821 (5811) 소유권이전등기말소 조정조서 (1) / 답변1 첨부1
  + [5738] ntt=28820 (5810) 직계존비속간의 주택거래 유상인가 증여인가, 차.. (1) / 답변1 첨부1
  + [5739] ntt=28814 (5809) 자동차세 부과 등록지 관련 문의입니다. (1) / 답변1 첨부1
  + [5740] ntt=28812 (5808) 도시형공장의 본점 사무실 중과 여부 문의 (1) / 답변1 첨부1
  + [5741] ntt=28811 (5807) 대물변제계약 변경에 따른 환급처리 절차 문의 (1) / 답변1 첨부1
  + [5742] ntt=28804 (5806) 자동차세 부과 등록지 관련 문의입니다. (1) / 답변1 첨부1
  + [5743] ntt=28800 (5805) 과점주주 취득세  문의 (1) / 답변1 첨부1
  + [5744] ntt=28799 (5804) 주택시공자가 공사대금으로 받은 미분양주택 (1) / 답변1 첨부1
[page 409 완료] 누적 신규 5744건  (이 게시판 저장 총 12,244건)
  + [5745] ntt=28798 (5803) 한국도로공사 지방세법 제9조 2항에 따른 취득.. (1) / 답변1 첨부1
  + [5746] ntt=28788 (5802) 개정된 지방세법 부칙 제6조(계약금 증빙) 관.. (2) / 답변2 첨부1
  + [5747] ntt=28787 (5801) 사업시행자가 기업도시에 대한 감면 후 신탁으로.. (1) / 답변1 첨부2
  + [5748] ntt=28785 (5800) 태양광의 사실상 취득일(지목변경) (1) / 답변1 첨부1
  + [5749] ntt=28779 (5799) 과점주주의 납세의무성립여부 (1) / 답변1 첨부1
  + [5750] ntt=28769 (5798) 직계존비속 간 매매 시, 차용증도 유상취득 세.. (1) / 답변1 첨부1
  + [5751] ntt=28760 (5797) 재개발구역내 건축물만 소유하던 조합원이 입주 .. (1) / 답변1 첨부2
  + [5752] ntt=28755 (5796) 자경농민 농지 취득 감면 문의입니다. (1) / 답변1 첨부1
  + [5753] ntt=28754 (5795) 대체취득감면 지역 적용여부 (1) / 답변1 첨부1
  + [5754] ntt=28742 (5794) 신고가액 없는 건물  원시취득에 대해 실질 취.. (1) / 답변1 첨부1
  + [5755] ntt=28740 (5793) 지방세법 제9조3항을 근거로 취득세 비과세 성.. (1) / 답변1 첨부1
  + [5756] ntt=28737 (5792) 경영지배관계에 따른 특수관계인 과점주주 취득세.. (1) / 답변1 첨부1
  + [5757] ntt=28736 (5791) 지방소득세(특별징수) 환급액에 대한 타 지방자.. (1) / 답변1 첨부1
  + [5758] ntt=28733 (5790) 주택(멸실예정 건축물)을 국가에 귀속시키는 부.. (1) / 답변1 첨부1
  + [5759] ntt=28732 (5789) 임대사업자 감면 받은 후 임대의무기간 내 사망.. (1) / 답변1 첨부1
  + [5760] ntt=28728 (5788) 제2차 납세의무자 소유재산 압류해제 거부 정당.. (1) / 답변1 첨부1
  + [5761] ntt=28727 (5787) 주상복합부동산의 채무상당액 적용방법 (1) / 답변1 첨부1
  + [5762] ntt=28726 (5786) 대수선공사에 대한 취득과표 범위에 대하여 질문.. (1) / 답변1 첨부1
  + [5763] ntt=28725 (5785) 지역자원시설세 중과관련 문의(동물화장시설) (1) / 답변1 첨부1
  + [5764] ntt=28720 (5784) 사실상 종중재산의 신고에 대한 질의 (1) / 답변1 첨부1
  + [5765] ntt=28718 (5783) 사업포괄양수 시 지역자원시설세 추징 부과 대상.. (1) / 답변1 첨부1
  + [5766] ntt=28716 (5782) 주민세 종업원분 출산휴가 및 질병휴직 비과세 .. (1) / 답변1 첨부1
  + [5767] ntt=28712 (5781) 기존 감면 차량 유지 중에도 신규차량 자동차세.. (1) / 답변1 첨부1
  + [5768] ntt=28706 (5780) 법무법인 조직변경 등록면허세 질의 드립니다. (1) / 답변1 첨부1
  + [5769] ntt=28705 (5779) 지방소득세 부과 제척기간에 대해 문의합니다. (1) / 답변1 첨부1
  + [5770] ntt=28703 (5778) 재개발조합원 지특법 건설임대 혹은 매입임대 감.. (1) / 답변1
  + [5771] ntt=28701 (5777) 100% 출자 법인의 과점주주 취득세 질의 드.. (1) / 답변1 첨부1
  + [5772] ntt=28698 (5776) 구외 상수도(원인자부담)관로 매설공사 급배수시.. (1) / 답변1 첨부1
  + [5773] ntt=28697 (5775) 2018년도 취득, 교직원 숙소가 장학단체의 .. (1) / 답변1 첨부1
  + [5774] ntt=28687 (5774) 취득세 과표(부가가치세 문의) (1) / 답변1 첨부1
[page 410 완료] 누적 신규 5774건  (이 게시판 저장 총 12,274건)
  + [5775] ntt=28686 (5773) 농업법인 추징사유 해당여부 질의(재질문, 단기.. (1) / 답변1 첨부1
  + [5776] ntt=28681 (5772) 의료법인의 중소기업 혜택 여부 (1) / 답변1 첨부1
  + [5777] ntt=28677 (5771) 사기피해자의 차량 과세여부... (1) / 답변1 첨부1
  + [5778] ntt=28670 (5770) 지방소득세(양도소득) 납세지 문의 (1) / 답변1 첨부1
  + [5779] ntt=28669 (5769) 지방세 감면신청 기간에 대한 문의입니다. (자.. (1) / 답변1 첨부1
  + [5780] ntt=28667 (5768) 창업중소기업감면 질의 (1) / 답변1 첨부1
  + [5781] ntt=28666 (5767) 양봉농가 등록면허세(면허분) 부과 (1) / 답변1 첨부1
  + [5782] ntt=28664 (5766) 무허가건물의 용도변경을 소급 적용 가능한지 여.. (1) / 답변1 첨부1
  + [5783] ntt=28661 (5765) 국가 등이 1년 이상 공공 또는 공공용으로 사.. (1) / 답변1 첨부1
  + [5784] ntt=28660 (5764) 주민세 종업원분 면세점 판단 여부 문의 (1) / 답변1 첨부1
  + [5785] ntt=28655 (5763) 환지처분공고 전 청산금수령한 경우 재산세납세의.. (1) / 답변1 첨부1
  + [5786] ntt=28653 (5762) 임시사용승인 후 사용승인 시 취득세 신고 관련 (1) / 답변1 첨부1
  + [5787] ntt=28647 (5761) 지식산업센터의 설립승인을 받은자의 토지의 분리.. (1) / 답변1 첨부1
  + [5788] ntt=28646 (5760) 지방세 환급금 충당시 지방세기본법 제60조제3.. (1) / 답변1 첨부1
  + [5789] ntt=28644 (5759) 개인사업자 세외수입체납시 체납처분 문의 (1) / 답변1 첨부1
  + [5790] ntt=28642 (5758) 과세예고통지가 처분에 해당하는지, 불법청구(조.. (1) / 답변1 첨부1
  + [5791] ntt=28640 (5757) 최소납부세제 적용 방법에 관한 문의입니다. (1) / 답변1 첨부2
  + [5792] ntt=28631 (5756) 다수에게 소유권이전등기를 이행하라는 판결 후 .. (1) / 답변1 첨부1
  + [5793] ntt=28627 (5755) 토지소유주의 토지를 10년간 사용하는 조건으로.. (1) / 답변1 첨부1
  + [5794] ntt=28626 (5754) 농어촌주택개량관련 취득세 감면분 추징여부? (1) / 답변1 첨부1
  + [5795] ntt=28622 (5753) 증축건축물에 대한 시가표준액 문의입니다. (1) / 답변1 첨부1
  + [5796] ntt=28619 (5752) 30세 미만 소득자 세대분리에서 장학금을 소득.. (1) / 답변1 첨부1
  + [5797] ntt=28595 (5751) 처분신탁에 따른 부동산 취득에 관한 질의 드립.. (1) / 답변1 첨부1
  + [5798] ntt=28594 (5750) 문화예술단체의 목적사업 추가에 따른 고유 업무.. (1) / 답변1 첨부1
  + [5799] ntt=28584 (5749) 주민세(종업원분) 사업자단위과세 사업장 신고여.. (1) / 답변1 첨부1
  + [5800] ntt=28582 (5748) 회생채권신고된 금액을  따로 자진납부하였는데 .. (1) / 답변1 첨부1
  + [5801] ntt=28579 (5747) 수탁물 세금 체납 시 신탁 환급 관련 문의 (1) / 답변1 첨부1
  + [5802] ntt=28575 (5746) 신탁재산의 재산세 납세의무자 관련 문의입니다. (1) / 답변1 첨부2
  + [5803] ntt=28574 (5745) 생애최초 주택취득 감면 문의입니다. (1) / 답변1 첨부1
  + [5804] ntt=28572 (5744) 택지지구내 공동주택 신축 시 미술장식품 설치비.. (1) / 답변1 첨부1
[page 411 완료] 누적 신규 5804건  (이 게시판 저장 총 12,304건)
  + [5805] ntt=28569 (5743) 관광농원사업을 영위하는 농업법인 취득세 추징요.. (1) / 답변1 첨부1
  + [5806] ntt=28566 (5742) 실제 잔금 지급하지 않았지만 60일 이내에 계.. (1) / 답변1 첨부1
  + [5807] ntt=28558 (5741) 항온항습기 설치 공사 비용을 시설물 중 에어컨.. (1) / 답변1 첨부1
  + [5808] ntt=28556 (5740) 시설자금 차입금관련 신용보증 수수료 취득세 과.. (1) / 답변1 첨부1
  + [5809] ntt=28551 (5739) 비밀유지 조항 위반 여부 (1) / 답변1 첨부1
  + [5810] ntt=28546 (5738) 2016년 지특법 제60조 제3항 제1의2 관.. (1) / 답변1 첨부1
  + [5811] ntt=28536 (5737) 종중이 소유하고 있는 임야 (1) / 답변1 첨부1
  + [5812] ntt=28534 (5736) 가설건축물(모델하우스) 축조신고에 따른 취득일.. (1) / 답변1 첨부1
  + [5813] ntt=28533 (5735) 주택개량관련 취득세 추징가능 여부 (1) / 답변1 첨부1
  + [5814] ntt=28527 (5734) 제척기간 만료후 등록세부과시 감면여부 (1) / 답변1 첨부1
  + [5815] ntt=28525 (5733) 농업법인 감면 추징 사유 해당 여부(2) (1) / 답변1 첨부1
  + [5816] ntt=28523 (5732) 연부취득하는 국적취득조건부나용선 재산세 부과 .. (1) / 답변1 첨부1
  + [5817] ntt=28516 (5731) 농업법인 가공감면 추징사유 해당여부 문의 (1) / 답변1 첨부1
  + [5818] ntt=28515 (5730) 농협중앙회와 농협경제지주의 현물출자 취득시 감.. (1) / 답변1 첨부2
  + [5819] ntt=28513 (5729) 학교법인 대학 캠퍼스의 지방세특례제한법 제41.. (1) / 답변1 첨부1
  + [5820] ntt=28512 (5728) 과점주주취득세 과세표준 (1) / 답변1 첨부1
  + [5821] ntt=28511 (5727) 차량공매 관련 선순위 저당권자에 대한 배분 여.. (2) / 답변2 첨부1
  + [5822] ntt=28509 (5726) 멸실인정 차량 문의 (1) / 답변1 첨부1
  + [5823] ntt=28507 (5725) 농가용 창고 건축시 관련 부지 취득세 감면 추.. (1) / 답변1 첨부1
  + [5824] ntt=28499 (5724) 사망자에 대한 부과처리 (1) / 답변1 첨부1
  + [5825] ntt=28495 (5723) 법인 대도시 중과세 규정 (1) / 답변1 첨부1
  + [5826] ntt=28494 (5722) 임대용 부동산 관련 (1) / 답변1 첨부1
  + [5827] ntt=28490 (5721) 재건축정비사업조합의 조합운영비 등 과세표준 범.. (1) / 답변1 첨부1
  + [5828] ntt=28489 (5720) 통상임금 판결에 따른 개인지방소득세 납세지 질.. (1) / 답변1 첨부1
  + [5829] ntt=28488 (5719) 공장용지 (1) / 답변1 첨부1
  + [5830] ntt=28486 (5718) 주민세(종업원분) 중소기업 고용지원 관련 (1) / 답변1 첨부1
  + [5831] ntt=28478 (5717) 연부취득 감면 질의 (1) / 답변1 첨부1
  + [5832] ntt=28465 (5716) 환매등기 후 등기부정리에 따른 취득세 추징 관.. (1) / 답변1 첨부1
  + [5833] ntt=28464 (5715) 산업단지 취득세 감면 추징사유에 해당하는지 여.. (1) / 답변1 첨부1
  + [5834] ntt=28454 (5714) 납세의무자 관련 질의 (1) / 답변1 첨부1
[page 412 완료] 누적 신규 5834건  (이 게시판 저장 총 12,334건)
  + [5835] ntt=28449 (5713) 취득세 환급후 추징시 가산세 기산일 문의 (1) / 답변1 첨부1
  + [5836] ntt=28446 (5712) 채권배당 적정여부 문의 (1) / 답변1 첨부1
  + [5837] ntt=28445 (5711) 지방소득세 납부기한 연장관련 납세담보 제공 문.. (2) / 답변2 첨부1
  + [5838] ntt=28443 (5710) 일시적2주택 여부 문의 (1) / 답변1 첨부1
  + [5839] ntt=28433 (5709) 재산세 납세의무자 (1) / 답변1 첨부1
  + [5840] ntt=28431 (5708) 계약금을 지급한 사실 등이 증빙서류에 의하여 .. (1) / 답변1 첨부1
  + [5841] ntt=28426 (5707) 중복등기 물건 거래 합의해제의 경우 취득세 환.. (1) / 답변1 첨부1
  + [5842] ntt=28423 (5706) 도시개발사업지구 내 금전청산대상지의 취득세 과.. (1) / 답변1 첨부1
  + [5843] ntt=28420 (5705) 입목으로 과세대상이 되는지 여부문의 (1) / 답변1 첨부1
  + [5844] ntt=28416 (5704) 건축물 높이증축(지붕증축)의 경우 시가표준액 .. (1) / 답변1 첨부1
  + [5845] ntt=28411 (5703) 임대주택 등에 대한 감면법인 추징건의 착공 기.. (1) / 답변1 첨부1
  + [5846] ntt=28406 (5702) 30세 미만 자녀 독립세대 여부 문의 (1) / 답변1 첨부1
  + [5847] ntt=28400 (5701) 세무조사 결과 미통지에 따른 과세요건 흠결 여.. (1) / 답변1 첨부1
  + [5848] ntt=28393 (5700) 가산세만 추징할 때 가산세에 가산세가 붙는게 .. (1) / 답변1 첨부1
  + [5849] ntt=28384 (5699) 취득세와 재산세 납세의무 문의드립니다. (1) / 답변1 첨부1
  + [5850] ntt=28383 (5698) 농업법인에 대한 감면 요건(농업경영정보 등록).. (1) / 답변1 첨부1
  + [5851] ntt=28373 (5697) [주민세(재산분)]같은운영주체, 사업자번호, .. (1) / 답변1 첨부1
  + [5852] ntt=28358 (5696) 계약해제 성립 여부 및 재산세 납세의무 (1) / 답변1 첨부1
  + [5853] ntt=28354 (5695) 농업법인회사 취득세 감면 후 추징건 문의 (1) / 답변1 첨부1
  + [5854] ntt=28352 (5694) 산업단지 관련 상담요청합니다. (1) / 답변1 첨부1
  + [5855] ntt=28350 (5693) 산업단지 감면 후 해당용도 미사용 여부 판단 (1) / 답변1 첨부1
  + [5856] ntt=28343 (5692) 지방소득세(종합소득) 환급지 문의 (1) / 답변1 첨부1
  + [5857] ntt=28341 (5691) 수출업자가 수출용으로 취득하는 신규자동차에 대.. (1) / 답변1
  + [5858] ntt=28340 (5690) 토지대체취득 가능지역 문의 (1) / 답변1 첨부1
  + [5859] ntt=28334 (5689) 무자력상태 여부 (1) / 답변1 첨부1
  + [5860] ntt=28332 (5688) 비과세 차량 압류해제 (1) / 답변1 첨부1
  + [5861] ntt=28331 (5687) 취득세  과세대상 여부 (1) / 답변1 첨부1
  + [5862] ntt=28324 (5686) 통상임금 소송 판결에 따른 주민세(종업원) 및.. (1) / 답변1 첨부1
  + [5863] ntt=28323 (5685) 자치단체의 공매물건 취득 가능 여부 (1) / 답변1 첨부1
  + [5864] ntt=28318 (5684) 종중이 지방세법 시행령 제22조 제1호에 해당.. (1) / 답변1 첨부1
[page 413 완료] 누적 신규 5864건  (이 게시판 저장 총 12,364건)
  + [5865] ntt=28316 (5683) 공유물 분할 궁금한점 남깁니다 (1) / 답변1 첨부1
  + [5866] ntt=28314 (5682) 취득신고 행위 거부 가능 여부 문의 (1) / 답변1 첨부1
  + [5867] ntt=28312 (5681) 부과제척기간(등록면허세-면허분) (1) / 답변1 첨부1
  + [5868] ntt=28311 (5680) 자동차세 과세후 사망 (1) / 답변1 첨부1
  + [5869] ntt=28297 (5679) 골프장 저류지 및 해저드를 취득세 과세대상 저.. (1) / 답변1 첨부1
  + [5870] ntt=28291 (5678) 취득세 과세대상에 해당하는 지 여부 (1) / 답변1 첨부1
  + [5871] ntt=28281 (5677) 특수관계인에 해당하는지 여부 (1) / 답변1 첨부1
  + [5872] ntt=28266 (5676) 사해행위 성립여부 (1) / 답변1 첨부1
  + [5873] ntt=28263 (5675) 공장입지 기준면적 별표 6 적용 (1) / 답변1 첨부1
  + [5874] ntt=28259 (5674) 교회 경내 부목사 사택에 대한 재산세 과세 여.. (1) / 답변1 첨부1
  + [5875] ntt=28238 (5673) 납세자의 사후감면신청에 따라 재산세 감면결정으.. (1) / 답변1 첨부1
  + [5876] ntt=28235 (5672) 법인균등분 주민세 납세의무 해당 여부 (1) / 답변1 첨부1
  + [5877] ntt=28231 (5671) 분양권 증여 시 취득세율.. (1) / 답변1 첨부1
  + [5878] ntt=28227 (5670) 창업중소기업 감면 (1) / 답변1 첨부1
  + [5879] ntt=28226 (5669) 제2차 납세의무자  해당여부 (1) / 답변1 첨부1
  + [5880] ntt=28224 (5668) 나대지상에 물품을 야적하는 경우 분리과세 적용.. (1) / 답변1 첨부1
  + [5881] ntt=28216 (5667) 코넥스에 상장한 법인이 지방세기본법제46조의 .. (1) / 답변1 첨부1
  + [5882] ntt=28215 (5666) 화력발전에 대한 지역자원시설세 납세의무자 여부.. (1) / 답변1 첨부1
  + [5883] ntt=28196 (5665) 상속재협의시 환급금 소멸시효 기산일 (1) / 답변1 첨부1
  + [5884] ntt=28185 (5664) 일시적 2주택 관련 문의 (1) / 답변1 첨부1
  + [5885] ntt=28181 (5663) 도시개발사업 체비지의 사업시행자 취득세 문의 (1) / 답변1 첨부1
  + [5886] ntt=28179 (5662) 학교법인이 취득한 부동산 유예기간 미사용시 정.. (1) / 답변1 첨부1
  + [5887] ntt=28177 (5661) 지특법 제79조 관련 추가질의드립니다. (1) / 답변1 첨부1
  + [5888] ntt=28160 (5660) 주택수에 따른 세율 산정문의 (1) / 답변1 첨부1
  + [5889] ntt=28157 (5659) 임대사업자 신탁물건의 재산세 감면 (1) / 답변1 첨부1
  + [5890] ntt=28154 (5658) 농식품기업운전자금도 지방세 특례제한법10조에 .. (1) / 답변1 첨부1
    [retry 1/3] ReadTimeout
  + [5891] ntt=28142 (5657) 건축물 사용승인 받은 후 건축주가 사망한 경우.. (1) / 답변1 첨부1
  + [5892] ntt=28141 (5656) 농업법인 1년경과시점 영농 미사용으로 추징시 .. (1) / 답변1 첨부1
  + [5893] ntt=28140 (5655) 기계장치의 투영면적을 건축물로 볼 수 있는지 (1) / 답변1 첨부1
  + [5894] ntt=28136 (5654) 사회적협동조합에 비영리법인 등기세율(2/100.. (1) / 답변1 첨부1
[page 414 완료] 누적 신규 5894건  (이 게시판 저장 총 12,394건)
  + [5895] ntt=28135 (5653) 취득세 과세대상 여부 문의 (1) / 답변1 첨부1
  + [5896] ntt=28131 (5652) 자동차세 (법인)사업자 번호 변경 부과가능여부.. (1) / 답변1 첨부1
  + [5897] ntt=28121 (5651) 국가 등 귀속 및 기부채납조건으로 취득하는 사.. (1) / 답변1 첨부3
  + [5898] ntt=28055 (5650) 이전공공기관 재산세  경감관련 (1) / 답변1 첨부1
  + [5899] ntt=28053 (5649) 취득세 수정신고 가능 여부 및 적정성 여부 판.. (1) / 답변1 첨부1
  + [5900] ntt=28034 (5648) 과거에 불법 건축한 농업용 시설을 적법화 한 .. (2) / 답변2 첨부1
  + [5901] ntt=28028 (5647) 주택 개량 추징(3개월이 지날 때까지 해당 주.. (1) / 답변1 첨부1
  + [5902] ntt=28018 (5646) 건축물 사용승인이 나지 않은 채 등기된 건축물.. (1) / 답변1 첨부1
  + [5903] ntt=28015 (5645) 법인지방소득세 안분가능문의 (1) / 답변1 첨부1
  + [5904] ntt=28013 (5644) 화력발전 지역자원시설세 납세의무자 여부 질의입.. (1) / 답변1 첨부1
  + [5905] ntt=28005 (5643) 건축물 사용승인 받은 후 건축주가 사망한 경우 (1) / 답변1 첨부1
  + [5906] ntt=28001 (5642) 부동산 거래신고 등에 관한 법률 통보 관련 취.. (1) / 답변1 첨부1
  + [5907] ntt=27999 (5641) 주택임대사업 관련 면허분 등록면허세 부과 질의 (1) / 답변1 첨부1
  + [5908] ntt=27993 (5640) 지특법 제80조 질의합니다. (1) / 답변1 첨부1
  + [5909] ntt=27988 (5639) 연부 취득에 대한 경정청구 관련입니다. (1) / 답변1 첨부1
  + [5910] ntt=27973 (5638) 지특법 제79조 관련 질문드립니다. (2) / 답변2 첨부1
  + [5911] ntt=27969 (5637) 장애인 감면차량 감면여부 문의 (1) / 답변1 첨부1
  + [5912] ntt=27959 (5636) 창업중소기업 감면 가능여부(인수한 공장 매도자.. (1) / 답변1 첨부1
  + [5913] ntt=27953 (5635) 감면취득세 유예기간 내 소유권이전시 추징 관련.. (1) / 답변1 첨부1
  + [5914] ntt=27943 (5634) 법규해석 동일적용 과제 3. (주민세 재산분 .. (1) / 답변1 첨부1
  + [5915] ntt=27941 (5633) 주택취득세 중과세 제외 등에 대하여 질의합니다.. (1) / 답변1 첨부1
  + [5916] ntt=27932 (5632) 창업중소기업의 사업용 부동산 취득세 감면 문의 (1) / 답변1 첨부1
  + [5917] ntt=27926 (5631) [재질의] 동산공매시 해당 지자체 입찰 및 낙.. (1) / 답변1 첨부2
  + [5918] ntt=27923 (5630) 임대사업자에 대한 취득세 추징 문의 (1) / 답변1 첨부1
  + [5919] ntt=27917 (5629) 공유물 분할을 위한 경매에서 공유자가 취득한 .. (1) / 답변1 첨부1
  + [5920] ntt=27916 (5628) 법인 주택 취득시, 대표이사(발기인)의 통장에.. (1) / 답변1 첨부1
  + [5921] ntt=27912 (5627) 상담번호 5620과 관련하여 재상담 요청 드립.. (1) / 답변1 첨부1
  + [5922] ntt=27901 (5626) 현행법상 과태료 체납처분의 적법성 (1) / 답변1 첨부1
  + [5923] ntt=27900 (5625) 직계존비속간 유상거래 인정여부 (1) / 답변1 첨부1
  + [5924] ntt=27897 (5624) 교회부설로 무료급식소를 운영중인 부분 추징여부 (1) / 답변1 첨부1
[page 415 완료] 누적 신규 5924건  (이 게시판 저장 총 12,424건)
  + [5925] ntt=27895 (5623) 산업단지 임대 추징관련 후속질문입니다. (1) / 답변1 첨부1
  + [5926] ntt=27892 (5622) 종전 지목이 대지인 토지에 지목변경 취득세를 .. (1) / 답변1 첨부1
  + [5927] ntt=27883 (5621) 산업단지 감면 추징 사유 해당 여부 및 추징 .. (1) / 답변1 첨부1
  + [5928] ntt=27880 (5620) 사회적기업 감면 적용 여부 (1) / 답변1 첨부1
  + [5929] ntt=27869 (5619) 분양권 증여 반환에 따른 취득세(계약일문의) (1) / 답변1 첨부1
  + [5930] ntt=27868 (5618) 자경농민 감면 추징요건 해석과 관련하여 질문 .. (1) / 답변1 첨부1
  + [5931] ntt=27867 (5617) 건물 옥상 위 비가림막 시설 취득세 문의 (1) / 답변1 첨부1
  + [5932] ntt=27853 (5616) 농협하나로유통주식회사의 대형마트 감면 여부 (1) / 답변1 첨부1
  + [5933] ntt=27845 (5615) 매매계약서와 취득세 신고내역이 다를 경우에 재.. (1) / 답변1 첨부1
  + [5934] ntt=27842 (5614) 명의도용 관련 자동차세 부과취소 가능 여부 질.. (1) / 답변1 첨부1
  + [5935] ntt=27834 (5613) 급여압류 추심시 지급기준 계산 문의합니다 (4.. (1) / 답변1 첨부1
  + [5936] ntt=27824 (5612) 재산세 분리과세대상인지 궁금합니다. (1) / 답변1 첨부1
  + [5937] ntt=27821 (5611) 등산로로 개방한 임야의 일부에 대한 재산세 비.. (1) / 답변1 첨부1
  + [5938] ntt=27803 (5610) 중소기업 고용지원 공제관련 (1) / 답변1 첨부1
  + [5939] ntt=27802 (5609) 덤프트럭(폐기물 사업관련) 취득세  과세의 적.. (1) / 답변1 첨부1
  + [5940] ntt=27798 (5608) 주민세(재산분) 과세대상 사업소 여부 질의 (1) / 답변1 첨부1
    [retry 1/3] ReadTimeout
  + [5941] ntt=27797 (5607) 종교단체(법인)가 유예기간 내 해당 용도로 직.. (1) / 답변1 첨부1
  + [5942] ntt=27795 (5606) 직계존비속 유상거래 시 계약일 이전의 금융거래.. (1) / 답변1 첨부1
  + [5943] ntt=27791 (5605) 시설대여회사의 리스차량에 대한 압류해제과정에서.. (1) / 답변1 첨부1
  + [5944] ntt=27788 (5604) 문화재가 아닌 보호수 (1) / 답변1 첨부1
  + [5945] ntt=27778 (5603) 산업단지 내 입주기업에 대한 취득세 환급 가능.. (1) / 답변1 첨부1
  + [5946] ntt=27760 (5602) 사망자의 지방소득세 부과문의 (1) / 답변1 첨부1
  + [5947] ntt=27759 (5601) 수사협조요청 시 회신근거 재상담 요청 (1) / 답변1 첨부1
  + [5948] ntt=27756 (5600) 재산세 환급 가능 여부 (1) / 답변1 첨부1
  + [5949] ntt=27754 (5599) 주택건설사업계획 승인 토지의 분리과세 적용 가.. (1) / 답변1 첨부1
  + [5950] ntt=27751 (5598) 최소납부제  적용  재산세 (1) / 답변1 첨부1
  + [5951] ntt=27745 (5597) 농업법인 유통.가공감면 직접사용에 해당하는지 .. (1) / 답변1 첨부1
  + [5952] ntt=27743 (5596) 2019년 귀속 법인지방소득세 외국납부세액공제.. (1) / 답변1 첨부3
  + [5953] ntt=27739 (5595) 지방세법시행령 제28조의2 5호에 따른 주택에.. (1) / 답변1 첨부1
  + [5954] ntt=27730 (5594) 토지분 재산세 세부담 상한 적용 여부 (1) / 답변1 첨부1
[page 416 완료] 누적 신규 5954건  (이 게시판 저장 총 12,454건)
  + [5955] ntt=27721 (5593) 주택부속토지 공유물 분할시 취득세율 문의 (1) / 답변1 첨부1
  + [5956] ntt=27719 (5592) 농업협동조합 감면(로컬푸드 복합센터) (1) / 답변1 첨부1
  + [5957] ntt=27718 (5591) 원인무효의 환급 (1) / 답변1 첨부1
  + [5958] ntt=27712 (5590) 지목변경 취득세 과세표준 적정여부 질의 (1) / 답변1 첨부1
  + [5959] ntt=27704 (5589) 노인복지시설에 대한 감면사항에 산책로 및 체육.. (1) / 답변1 첨부2
  + [5960] ntt=27702 (5588) 창업중소기업감면대상에 해당하는지 여부 (1) / 답변1 첨부1
  + [5961] ntt=27697 (5587) 종교단체가 타 종교단체에 무상으로 제공하는 부.. (1) / 답변1 첨부1
  + [5962] ntt=27695 (5586) 요양병원 주민세 재산분 관련 병상 문의 (1) / 답변1 첨부1
  + [5963] ntt=27690 (5585) 법인과 출자자의 특수관계가 성립여부 (1) / 답변1 첨부1
  + [5964] ntt=27679 (5584) 지특법 13조2항1의2관련 농어촌공사 소유의 .. (1) / 답변1 첨부1
  + [5965] ntt=27672 (5583) 경찰서 수사협조 요청 시 과세정보 회신의 근거 (1) / 답변1 첨부1
  + [5966] ntt=27667 (5582) 종중소유 토지(농지)분리과세 문의 (1) / 답변1 첨부1
  + [5967] ntt=27663 (5581) 공동명의 공매차량 배분관련 추가 문의 (1) / 답변1 첨부1
  + [5968] ntt=27657 (5580) 철거예정 건물 매수 시 법인 장부가액 인정여부 (1) / 답변1 첨부1
  + [5969] ntt=27656 (5579) 지방세 감면 배제 사유에 대한 질의 (1) / 답변1 첨부1
  + [5970] ntt=27655 (5578) 주민세(종업원분) 가산세 감면 문의 (1) / 답변1 첨부1
  + [5971] ntt=27653 (5577) 면허분 등록면허세에 대한 지방세 상담 (1) / 답변1 첨부1
  + [5972] ntt=27650 (5576) 창업중소기업 취득세 감면 (1) / 답변1 첨부1
  + [5973] ntt=27642 (5575) 지방세특례제한법 제4조(조례에 따른 지방세 감.. (1) / 답변1 첨부1
  + [5974] ntt=27641 (5574) 과점주주 취득세 관련 문의드립니다. (1) / 답변1 첨부1
  + [5975] ntt=27637 (5573) 취득신고 후 소유권이전 등기가 이루어지지 않은.. (1) / 답변1 첨부1
  + [5976] ntt=27619 (5572) 취득일 이후에 지급된 금융수수료 과표산입 여부 (2) / 답변2 첨부1
  + [5977] ntt=27604 (5571) 원인무효 판결 후 쟁점 부동산 재산세 환급 여.. (1) / 답변1 첨부1
  + [5978] ntt=27602 (5570) 상속재산의 판결(1심)이 재산세 납세의무자 지.. (1) / 답변1 첨부1
  + [5979] ntt=27597 (5569) 종업원분 주민세 면세점 판단기준 문의 (1) / 답변1 첨부1
  + [5980] ntt=27596 (5568) 지방세 조례 개정 (1) / 답변1 첨부1
  + [5981] ntt=27595 (5567) 이전공공기관 감면여부 질문드립니다. (1) / 답변1 첨부1
  + [5982] ntt=27590 (5566) 승강기 개수 납세의무자 (1) / 답변1 첨부1
  + [5983] ntt=27585 (5565) 종교단체가 증여로 종교단체 100% 감면받은 .. (1) / 답변1 첨부1
  + [5984] ntt=27570 (5564) 개발부담금 산출기초 비용을 지목변경 취득세의 .. (1) / 답변1 첨부1
[page 417 완료] 누적 신규 5984건  (이 게시판 저장 총 12,484건)
  + [5985] ntt=27569 (5563) 주민세(종업원분) 가산세 감면 문의 (2) / 답변2 첨부1
  + [5986] ntt=27563 (5562) 균등분 주민세 조례 개정 (1) / 답변1 첨부2
  + [5987] ntt=27557 (5561) 농지인 잔디 (1) / 답변1 첨부1
  + [5988] ntt=27544 (5560) 지역자원시설세(특정자원) 과세대상 여부 질의 (1) / 답변1 첨부1
  + [5989] ntt=27541 (5559) 지방세외수입 상담신청(법인의 범위 및 납세의무.. (1) / 답변1 첨부1
  + [5990] ntt=27523 (5558) 시설대여회사의 리스차량에 대한 압류해제과정에서.. (1) / 답변1 첨부1
  + [5991] ntt=27522 (5557) 개인지방소득세(종합소득분) 결손금 소급공제 (1) / 답변1 첨부1
  + [5992] ntt=27520 (5556) 안전진단 D등급 건축물의   재산세 (1) / 답변1 첨부1
  + [5993] ntt=27517 (5555) 건물 신축 토지의 추징여부 (1) / 답변1 첨부1
  + [5994] ntt=27506 (5554) [재질의]주택 유상거래관련 세율 적용 문의 (1) / 답변1 첨부1
  + [5995] ntt=27496 (5553) 연부취득 관련 문의입니다. (1) / 답변1 첨부1
  + [5996] ntt=27485 (5552) [5548]재질의 (1) / 답변1 첨부1
  + [5997] ntt=27484 (5551) 노후생활 안정자금 담보 농지 감면 문의 (1) / 답변1 첨부1
  + [5998] ntt=27483 (5550) 파산선고 후 부과된 자동차세의 체납으로 인한 .. (1) / 답변1 첨부1
  + [5999] ntt=27465 (5549) 법인의 준공전 건물 취득세 주택 중과세율 적용.. (1) / 답변1 첨부1
  + [6000] ntt=27451 (5548) 유흥주점의 재산세 중과세 (2) / 답변2 첨부2
  + [6001] ntt=27442 (5547) 경락물건  취득일 (1) / 답변1 첨부1
  + [6002] ntt=27441 (5546) 사망자 지방소득세 부과문의 (1) / 답변1 첨부1
  + [6003] ntt=27440 (5545) 공장의 지방이전 관련 재산세 문의 (1) / 답변1 첨부1
  + [6004] ntt=27439 (5544) 상속등기 후 유증으로 인한 상속신고 (1) / 답변1 첨부1
  + [6005] ntt=27429 (5543) 공동명의 차량 공매 배분 문의드립니다. (2) / 답변2 첨부1
  + [6006] ntt=27414 (5542) 산업단지감면 (1) / 답변1 첨부2
  + [6007] ntt=27405 (5541) 취득세 감면신청 반려 이후 과세전적부 및 불복.. (1) / 답변1 첨부1
  + [6008] ntt=27400 (5540) 자동차 정비업 창업중소기업 추징 여부 (1) / 답변1 첨부1
  + [6009] ntt=27399 (5539) 산업단지 감면 추징 사유에 해당하는지 여부 문.. (1) / 답변1 첨부1
  + [6010] ntt=27396 (5538) 지방세법 시행령 제28조의2 9호 해당 여부 (2) / 답변2 첨부1
  + [6011] ntt=27395 (5537) 법인지방소득세 외국납부공제 경정청구건 환급가산.. (1) / 답변1 첨부1
  + [6012] ntt=27390 (5536) 지방소득세(특별징수) 납세지 문의 (1) / 답변1 첨부1
  + [6013] ntt=27387 (5535) 지방세법 시행령 제28조의2 9호 해당 여부 (1) / 답변1 첨부1
  + [6014] ntt=27381 (5534) 지자체 무상임대한 농협 건축물에 대한 취득세 .. (1) / 답변1 첨부1
[page 418 완료] 누적 신규 6014건  (이 게시판 저장 총 12,514건)
  + [6015] ntt=27376 (5533) 산업단지 감면율 (1) / 답변1 첨부2
  + [6016] ntt=27361 (5532) 도시계획시설결정 및 지형도면 고시된 토지의 사.. (1) / 답변1 첨부2
  + [6017] ntt=27358 (5531) 재산세 과세기준일(6월 1일) 현재, 농업에 .. (1) / 답변1
  + [6018] ntt=27357 (5530) 생애최초주택구입후 3개월내 1주택추가매입후 3.. (1) / 답변1 첨부1
  + [6019] ntt=27355 (5529) 기납부한 배당금수령 ,배당금을 누구에게 돌려준.. (1) / 답변1 첨부1
  + [6020] ntt=27347 (5528) 주민세균등분(개인사업) 문의합니다. (1) / 답변1 첨부1
  + [6021] ntt=27343 (5527) 신탁수수료 취득세 과세표준 포함 문의 (1) / 답변1 첨부1
  + [6022] ntt=27341 (5526) 가설건축물 매매 시 취득세 과세 여부 (1) / 답변1 첨부1
  + [6023] ntt=27337 (5525) 취득세  불법원인급여으로 인한 환급 거부방법 .. (1) / 답변1 첨부2
  + [6024] ntt=27333 (5524) 이의신청 가능 기간 관련 문의 (1) / 답변1 첨부1
  + [6025] ntt=27327 (5523) 지방세법 109조 2항 비과세 조항에 대한 추.. (1) / 답변1 첨부1
  + [6026] ntt=27323 (5522) [취득세] 지식산업센터 토지 취득 감면 여부(.. (1) / 답변1 첨부1
  + [6027] ntt=27322 (5521) 농업법인 유통.가공 감면 추징 기산일 문의 (1) / 답변1 첨부1
  + [6028] ntt=27314 (5520) 농공단지 휴폐업 법인 대체취득 입주자 감면 가.. (1) / 답변1 첨부1
  + [6029] ntt=27312 (5519) 지방세 환급금의 소멸시효 관련 문의 (1) / 답변1 첨부1
  + [6030] ntt=27311 (5518) 대법원 사건검색 (1) / 답변1 첨부1
  + [6031] ntt=27307 (5517) 재산세 비과세도로 과세면적 문의(거주자우선주차.. (1) / 답변1 첨부1
  + [6032] ntt=27306 (5516) 지방세 환급금의 세외수입 충당 (1) / 답변1 첨부1
  + [6033] ntt=27305 (5515) 지방세법 시행령 제102조 제5항 제2호 관련 (1) / 답변1 첨부1
  + [6034] ntt=27301 (5514) 대표자 변경시 주민세 개인사업장분 납세의무 문.. (1) / 답변1 첨부1
  + [6035] ntt=27296 (5513) 사찰림 및 사찰 내 건축중인 토지 과세 관련 (1) / 답변1 첨부1
  + [6036] ntt=27287 (5512) 법인 현물출자로 농업법인 설립 이후 계약해지 .. (2) / 답변2 첨부1
  + [6037] ntt=27286 (5511) 5500번 추가 질의입니다. (1) / 답변1 첨부1
  + [6038] ntt=27285 (5510) 창업중소기업 감면(추징조항 선택) (1) / 답변1 첨부1
  + [6039] ntt=27281 (5509) 농지세율 적용여부 (1) / 답변1 첨부1
  + [6040] ntt=27276 (5508) 귀농인 감면 추징 사유 해당 여부 질의 (1) / 답변1 첨부1
  + [6041] ntt=27266 (5507) 매매계약서 없이 구두약정에 의한 취득세 재신고.. (1) / 답변1 첨부1
  + [6042] ntt=27263 (5506) 제2차 납세의무자 지정 문의 (1) / 답변1 첨부1
  + [6043] ntt=27261 (5505) 창업중소기업 감면 질의 (1) / 답변1 첨부1
  + [6044] ntt=27257 (5504) 시설물의 지역자원시설세 (1) / 답변1 첨부1
[page 419 완료] 누적 신규 6044건  (이 게시판 저장 총 12,544건)
  + [6045] ntt=27255 (5503) 법인 본점사업용 신축건물의 부속토지 중과 관련.. (1) / 답변1 첨부1
  + [6046] ntt=27248 (5502) 주택 유상거래관련 세율 적용 문의 (1) / 답변1 첨부1
  + [6047] ntt=27247 (5501) 건축중인 재개발 아파트 조합원 소유토지의 재산.. (1) / 답변1
  + [6048] ntt=27246 (5500) 재산세(토지) 세부담 상한 계산방법 (1) / 답변1 첨부1
  + [6049] ntt=27234 (5499) 건축 중 종교시설(목사 사택) 감면 여부 질의 (1) / 답변1 첨부1
  + [6050] ntt=27229 (5498) 무료 노인복지시설의 감면 문의 (1) / 답변1 첨부1
  + [6051] ntt=27228 (5497) 판결에 따른 취득세 취득시기 및 재산세 납세의.. (2) / 답변2 첨부1
  + [6052] ntt=27222 (5496) 형식적 대표이사의 과점주주 취득세 여부 질의 .. (2) / 답변2 첨부1
  + [6053] ntt=27206 (5495) 지방세법 시행령 103조 제1항 제3호 관련 .. (1) / 답변1 첨부1
  + [6054] ntt=27203 (5494) 청주시 시세감면조례 제5조에 따른 감면문의드립.. (1) / 답변1 첨부1
  + [6055] ntt=27196 (5493) 전기차충전소도 유통산업으로 보아 대도시중과 제.. (1) / 답변1 첨부1
  + [6056] ntt=27191 (5492) 현물출자로 법인전화시 취득하는 주택의 중과세울.. (1) / 답변1 첨부1
  + [6057] ntt=27185 (5491) 마을회 등 감면 후 유보기간 내 매도하여 추징.. (1) / 답변1 첨부1
  + [6058] ntt=27184 (5490) [5484] 재산세 납세의무자 재질의 (1) / 답변1 첨부1
  + [6059] ntt=27179 (5489) 등록된 드론연습장(교육원) 부지의 재산세 부과 (1) / 답변1 첨부1
  + [6060] ntt=27175 (5488) 건축물 준공자와 등기부등본 소유권 보존 등기자.. (1) / 답변1 첨부1
  + [6061] ntt=27168 (5487) 지목변경 공사 과표에 포함된 원가충당부채 산입.. (1) / 답변1 첨부2
  + [6062] ntt=27161 (5486) 태양광 작물재배사 부속토지 분리과세 적용 문의 (1) / 답변1 첨부1
  + [6063] ntt=27158 (5485) 소유권말소등기 등 조정조서 (1) / 답변1 첨부1
  + [6064] ntt=27153 (5484) 재산세 납세의무자 문의 (1) / 답변1 첨부1
  + [6065] ntt=27150 (5483) 법인장부 이전시 취득세 발생여부 (1) / 답변1 첨부1
  + [6066] ntt=27148 (5482) 사권 제한토지 등에 대한 감면(기반시설과 공공.. (1) / 답변1 첨부1
  + [6067] ntt=27146 (5481) 자동차세 과세제외대상 여부(담보대출용으로 제공.. (1) / 답변1 첨부1
  + [6068] ntt=27145 (5480) 회원제,대중제 병설골프장의 급배수시설 취득세 .. (1) / 답변1 첨부1
  + [6069] ntt=27141 (5479) 개발계획 및 실시계획 대로 공부면적을 정정하지.. (1) / 답변1 첨부1
  + [6070] ntt=27139 (5478) 이주자 택지 수용에 의한 대체취득시 취득가능일 (1) / 답변1 첨부1
  + [6071] ntt=27135 (5477) 평생교육시설 재산세 감면 관련 질의입니다. (1) / 답변1 첨부1
  + [6072] ntt=27120 (5476) 장애인 차량(승차정원 변경) 자동차세 감면대상.. (2) / 답변2 첨부1
  + [6073] ntt=27112 (5475) 제2차 납세의무자 근저당권 압류해제 여부 (1) / 답변1 첨부1
  + [6074] ntt=27109 (5474) 재산세 환급 기산일 문의 (1) / 답변1 첨부1
[page 420 완료] 누적 신규 6074건  (이 게시판 저장 총 12,574건)
    [retry 1/3] ReadTimeout
  + [6075] ntt=27096 (5473) 발전소와 떨어진 항만 부대시설 신축중인 토지에.. (1) / 답변1 첨부2
  + [6076] ntt=27068 (5472) 재산세 별도합산 여부 (1) / 답변1 첨부2
  + [6077] ntt=27063 (5471) 세 부담 상한 적용 문의 (1) / 답변1 첨부1
  + [6078] ntt=27062 (5470) 지방세법 시행령 제118조 제1호 라목 토지에.. (1) / 답변1 첨부1
  + [6079] ntt=27057 (5469) 창업중소기업 감면 여부 (1) / 답변1 첨부1
  + [6080] ntt=27053 (5468) 일몰된 감면규정에 대한 취득세 감면(환급) 가.. (1) / 답변1 첨부1
  + [6081] ntt=27049 (5467) 재산세 납세의무자 변동신고와 관련하여 질의 드.. (1) / 답변1 첨부1
    [retry 1/3] ReadTimeout
  + [6082] ntt=27012 (5466) 산림경영계획 인가된 토지가 분할된 경우 분할된.. (1) / 답변1 첨부1
  + [6083] ntt=27007 (5465) [급]신탁관련하여 문의 드립니다[개인명의(위탁.. (1) / 답변1 첨부1
  + [6084] ntt=27001 (5464) 해산법인 명의의 차량(멸실주장)에 대해 자동차.. (1) / 답변1 첨부1
  + [6085] ntt=26996 (5463) 생애최초 주택 취득 후 추징요건 해당여부 (1) / 답변1 첨부1
  + [6086] ntt=26988 (5462) 신축공사 관련하여 취득일 이후 변경계약이 체결.. (1) / 답변1 첨부1
  + [6087] ntt=26985 (5461) 매매예약 가등기 물건이 상속된 경우 상속취득세.. (1) / 답변1 첨부1
  + [6088] ntt=26970 (5460) 이전공공기관 취득세 감면 관련 질의 (1) / 답변1 첨부1
  + [6089] ntt=26966 (5459) 법원 무효 판결로 인한 차량 명의 이전(회복).. (1) / 답변1 첨부1
  + [6090] ntt=26960 (5458) 대체취득 감면대상 여부 (목록 5420번 재질.. (1) / 답변1 첨부1
  + [6091] ntt=26959 (5457) 개인사업과 동일업종인 법인 창업에 대한 감면 .. (1) / 답변1 첨부1
  + [6092] ntt=26940 (5456) 2020.08.12.개정된 지방세법 부칙 규정.. (1) / 답변1 첨부1
  + [6093] ntt=26939 (5455) 다주택자에게 분양권 수증(남편->배우자) 후 .. (1) / 답변1 첨부1
  + [6094] ntt=26938 (5454) 공익사업용 토지 감면 (1) / 답변1 첨부1
  + [6095] ntt=26937 (5453) 조직변경으로 해산된 농업법인의 감면된 취득세 .. (1) / 답변1 첨부1
  + [6096] ntt=26936 (5452) 07.10일 이전 계약인지의 여부 (1) / 답변1 첨부1
  + [6097] ntt=26931 (5451) 지식산업센터내 기숙사 재산세 관련 문의 (1) / 답변1 첨부1
  + [6098] ntt=26923 (5450) 자동차세 멸실확인 인정서와 자동차세 부과의 정.. (1) / 답변1 첨부1
  + [6099] ntt=26922 (5449) 소재지 변경에 따른 등록면허세 납부여부 질의 (1) / 답변1 첨부1
  + [6100] ntt=26920 (5448) 상속한정승인 관련 자동차세 부과 정당성 확인 (1) / 답변1 첨부1
  + [6101] ntt=26914 (5447) 현물출자 법인의 취득세 감면 적용 문제 (1) / 답변1 첨부1
  + [6102] ntt=26913 (5446) [긴급] 환지개발시 세부담 상한 적용 (1) / 답변1 첨부1
  + [6103] ntt=26908 (5445) 지점설치에 따른 문의 (1) / 답변1 첨부1
  + [6104] ntt=26903 (5444) 어린이집 취득세 감면 추징 관련 (1) / 답변1 첨부1
[page 421 완료] 누적 신규 6104건  (이 게시판 저장 총 12,604건)
  + [6105] ntt=26899 (5443) 부동산 취득세 증여 신고 후 미등기 된 상태에.. (1) / 답변1 첨부1
  + [6106] ntt=26896 (5442) 재산세 부과시 납세의무자 문의 (1) / 답변1 첨부1
  + [6107] ntt=26891 (5441) 지방세 체납금 분납(일부납부)을 소멸시효 중단.. (1) / 답변1 첨부1
  + [6108] ntt=26887 (5440) 마을회 등에 대한 감면 문의 (1) / 답변1 첨부1
  + [6109] ntt=26884 (5439) NO.5186 미신고상속 납세의무자 지정과 관.. (1) / 답변1 첨부1
  + [6110] ntt=26883 (5438) 소규모주택정비법에 따른 사업시행자가 중과세 제.. (1) / 답변1 첨부1
  + [6111] ntt=26875 (5437) 지주공동사업으로 시행하는 사업주체가 토지소유권.. (1) / 답변1 첨부1
  + [6112] ntt=26857 (5436) 중과제외 되는 시가표준액 1억원 이하 주택의 .. (1) / 답변1 첨부1
  + [6113] ntt=26856 (5435) 곶감 전용 탈삽 건조기에 대한 취득세 과세 여.. (1) / 답변1 첨부2
  + [6114] ntt=26854 (5434) 토지구획정리 사업에 제공하는 토지의 분리과세 .. (1) / 답변1 첨부1
  + [6115] ntt=26849 (5433) 취득세 추징시 가산세 문의드립니다. (1) / 답변1 첨부1
  + [6116] ntt=26848 (5432) 관리처분계획인가 후 취득한 멸실예정주택(조합원.. (5) / 답변5 첨부1
  + [6117] ntt=26844 (5431) 산림조합 주민세 종업원분 질의 (3) / 답변3 첨부1
  + [6118] ntt=26834 (5430) 부동산 취득시 계약금을 분할 입금 시,  8... (1) / 답변1 첨부1
  + [6119] ntt=26831 (5429) 퍼블릭 골프장 선불카드 관련 (1) / 답변1 첨부1
  + [6120] ntt=26830 (5428) 납부일이 5년이 지나지 않은 과·오납 물건의 .. (1) / 답변1 첨부1
  + [6121] ntt=26826 (5427) 독촉기한이 지난 후 발송하는 체납액 고지서는 .. (1) / 답변1 첨부1
  + [6122] ntt=26823 (5426) 생애최초 주택취득  감면여부 (1) / 답변1 첨부1
  + [6123] ntt=26821 (5425) 대체취득 장애인용 자동차 취득세 감면 여부 (1) / 답변1 첨부1
  + [6124] ntt=26817 (5424) 원인무효 판결시 취득세 등록허세 납세의무 관련.. (1) / 답변1 첨부1
  + [6125] ntt=26814 (5423) 불법건축물 대수선 과세면적 (1) / 답변1 첨부1
  + [6126] ntt=26813 (5422) 개인사업과 동일업종인 법인 창업에 대한 감면 .. (1) / 답변1 첨부1
  + [6127] ntt=26812 (5421) 외국인 투자기업 감면 관련 문의드립니다. (1) / 답변1 첨부1
  + [6128] ntt=26808 (5420) 토지수용 대체취득 감면 가능 여부 (1) / 답변1 첨부1
  + [6129] ntt=26804 (5419) 농업용 창고의 시가표준액 조정기준 적용 방법 .. (1) / 답변1 첨부1
  + [6130] ntt=26799 (5418) 원인무효 재산세에 대한 부과취소 (1) / 답변1 첨부1
  + [6131] ntt=26791 (5417) 자동차 인도명령 문의 (1) / 답변1 첨부1
  + [6132] ntt=26782 (5416) 신탁재산처분에 의한 신탁상 납세관리 지정 (1) / 답변1 첨부1
  + [6133] ntt=26779 (5415) 불법사용중인 공장이 산업단지 감면 추징 사유에.. (1) / 답변1 첨부1
  + [6134] ntt=26776 (5414) 주택조합과 조합원 간의 신탁관련 취득세 문의입.. (1) / 답변1 첨부1
[page 422 완료] 누적 신규 6134건  (이 게시판 저장 총 12,634건)
  + [6135] ntt=26775 (5413) 상속 1가구1주택 해당여부 확인 (1) / 답변1 첨부1
  + [6136] ntt=26774 (5412) 분양형 노인복지주택 유상 거래 시 중과세 대상.. (1) / 답변1 첨부1
  + [6137] ntt=26769 (5411) 사업 포괄양수도의 취득시기 (1) / 답변1 첨부1
  + [6138] ntt=26763 (5410) 가설건축물 취득세 과세표준 산정 (1) / 답변1 첨부1
  + [6139] ntt=26762 (5409) 토지조성공사준공에 따른 지목변경 과세표준과 가.. (2) / 답변2 첨부1
  + [6140] ntt=26761 (5408) 위수탁계약서 (1) / 답변1 첨부1
  + [6141] ntt=26756 (5407) 신탁재산처분에 의한 신탁 (1) / 답변1 첨부1
  + [6142] ntt=26752 (5406) 가설건축물 과세대상 여부 (1) / 답변1 첨부1
  + [6143] ntt=26750 (5405) 과세내역서 (1) / 답변1 첨부1
  + [6144] ntt=26727 (5404) 주민세 종업원분 면세점 기준 문의 (3) / 답변3 첨부1
  + [6145] ntt=26724 (5403) 산업단지 증축 관련 입니다. (1) / 답변1 첨부1
  + [6146] ntt=26721 (5402) 장애인용 자동차 취득세 감면관련입니다 (1) / 답변1 첨부1
  + [6147] ntt=26718 (5401) 잔금납부일을 언제로 볼 것인지 판단에 대한 질.. (1) / 답변1 첨부1
  + [6148] ntt=26717 (5400) 기부채납 예정 물건의 재산세 부과 (1) / 답변1 첨부1
  + [6149] ntt=26715 (5399) 개인간 유상거래 에서  대금지급사실이 없다면 .. (1) / 답변1 첨부1
  + [6150] ntt=26710 (5398) 취득세 과세표준 감액 및 사실상 취득가격 인정.. (1) / 답변1 첨부1
  + [6151] ntt=26695 (5397) 직계존비속 간의 부담부증여 시 1세대 4주택 .. (1) / 답변1 첨부1
  + [6152] ntt=26689 (5396) 다주택자의 계약금이 없는 주택 취득의 세율적용.. (1) / 답변1 첨부1
  + [6153] ntt=26678 (5395) 사회복지사업의 수익사업과 직접 사용의 범위 (1) / 답변1 첨부1
  + [6154] ntt=26677 (5394) 박물관 착공과 감면 관련 질의 드립니다. (2) / 답변2 첨부1
  + [6155] ntt=26673 (5393) 공공시설 무상귀속 관련 질의 드립니다. (2) / 답변2 첨부1
  + [6156] ntt=26672 (5392) 분양권 전매로 볼 수 있는지 여부 (1) / 답변1 첨부1
  + [6157] ntt=26661 (5391) 종교단체 증여 계약 후 미등기 (1) / 답변1 첨부1
  + [6158] ntt=26658 (5390) 재산세 납세의무자 (1) / 답변1 첨부1
  + [6159] ntt=26656 (5389) 외국인의 부담부증여 취득세 신고시 구비서류 (1) / 답변1 첨부1
  + [6160] ntt=26655 (5388) 창업중소기업 (종전사업에 사용되던 자산 인수에.. (1) / 답변1 첨부2
  + [6161] ntt=26654 (5387) 시가표준액 조정에 대하여 질의드립니다. (1) / 답변1 첨부1
  + [6162] ntt=26650 (5386) 지방세특례제한법 제51조(신문⋅통신사업 등에 .. (1) / 답변1 첨부1
  + [6163] ntt=26648 (5385) 골프카트 배터리 교체시 원동기변경에 해당하여 .. (1) / 답변1 첨부1
  + [6164] ntt=26638 (5384) 회생절차중 체납처분 취소결정 시 압류해제여부 (1) / 답변1 첨부1
[page 423 완료] 누적 신규 6164건  (이 게시판 저장 총 12,664건)
  + [6165] ntt=26637 (5383) 건축물 시가표준액 ‘건물신축가격기준액’ 관련 .. (1) / 답변1 첨부1
  + [6166] ntt=26627 (5382) 대도시 법인 중과예외업종-주택임대사업자등록 (1) / 답변1 첨부1
  + [6167] ntt=26626 (5381) 연부취득 및 과점주주 (1) / 답변1 첨부1
  + [6168] ntt=26622 (5380) 화재위험 건축물의 지역자원시설세 중과대상 문의 (1) / 답변1 첨부1
  + [6169] ntt=26618 (5379) 국가 지방자치단체 공공사용 비과세여부 (1) / 답변1 첨부1
  + [6170] ntt=26615 (5378) 기존 조경시설 철거 후 새로 설치한 조경시설에.. (1) / 답변1 첨부1
  + [6171] ntt=26611 (5377) 취득세(차량) 감면 문의 (1) / 답변1 첨부1
  + [6172] ntt=26610 (5376) 노인복지주택 시가표준액 산정 문의 (1) / 답변1 첨부1
  + [6173] ntt=26602 (5375) 무허가 건축물의 상속 (1) / 답변1 첨부1
  + [6174] ntt=26600 (5374) 직계존비속 간 거래에서 대물변제 인정 여부 (1) / 답변1 첨부1
  + [6175] ntt=26595 (5373) 산업단지 내의 공원에 대한 토지 과세형태 (1) / 답변1 첨부1
  + [6176] ntt=26593 (5372) 법인이 합병으로 취득하는 가설건축물 세율 감면.. (1) / 답변1 첨부1
  + [6177] ntt=26582 (5371) 재산세(주택)상속포기 및 상속한정승인 심판으로.. (1) / 답변1 첨부1
  + [6178] ntt=26581 (5370) 취득세 과세대상 여부(공기조화기) (1) / 답변1 첨부1
  + [6179] ntt=26573 (5369) 생애최초 감면 부동산 재건축시 추징 여부 (1) / 답변1 첨부1
  + [6180] ntt=26563 (5368) 법인세법 제44조제3항 적격합병에 따른 추징관.. (1) / 답변1 첨부1
  + [6181] ntt=26562 (5367) 1세대4주택 1세대 주택수 판단 (1) / 답변1 첨부1
  + [6182] ntt=26558 (5366) 법인 분할합병 취득세 감면에 대한 문의 (1) / 답변1 첨부1
  + [6183] ntt=26549 (5365) 재산세 부과대상 시설물 (1) / 답변1 첨부1
  + [6184] ntt=26548 (5364) 액비저장조가 취득세 과세대상 포함가능한지 여부.. (1) / 답변1 첨부1
  + [6185] ntt=26541 (5363) 지방세특례제한법 제31조제4항 중 ‘임대목적으.. (1) / 답변1 첨부1
  + [6186] ntt=26528 (5362) 연번5347(위수탁 판매계약으로 운영되는 매장.. (1) / 답변1 첨부1
  + [6187] ntt=26523 (5361) 과점주주 취득세 납세의무 성립 여부 및 비율은.. (1) / 답변1 첨부1
  + [6188] ntt=26513 (5360) 주택건설사업에 제공되고 있는 토지에 대한 판단 (1) / 답변1 첨부1
  + [6189] ntt=26511 (5359) 간주취득세 질의 (1) / 답변1 첨부1
  + [6190] ntt=26509 (5358) 비적격 물적분할법인의 취득세 과세표준 및 중과.. (1) / 답변1 첨부1
  + [6191] ntt=26498 (5357) 법인간거래 7월10일 이전 대물변제계약 및 임.. (1) / 답변1 첨부1
  + [6192] ntt=26467 (5356) 휴면법인이 회사계속등기하여 본 법인이 영업을 .. (1) / 답변1 첨부1
  + [6193] ntt=26466 (5355) 생애최초 주택구입 감면시 다가구주택 (1) / 답변1 첨부1
  + [6194] ntt=26464 (5354) 임대중인 철골주차장을 토지감면면적 계산시 건축.. (1) / 답변1 첨부1
[page 424 완료] 누적 신규 6194건  (이 게시판 저장 총 12,694건)
  + [6195] ntt=26463 (5353) 천재지변으로 피해를 본 경우 재산세 감면여부 (1) / 답변1 첨부1
  + [6196] ntt=26458 (5352) 장애등급 변경으로 인한 자동차세 감면의 기준일.. (1) / 답변1 첨부1
  + [6197] ntt=26454 (5351) 농업회사법인 취득세 감면 문의 (1) / 답변1 첨부1
  + [6198] ntt=26440 (5350) 리모델링으로 인한 급배수시설 교체시 취득세 과.. (1) / 답변1 첨부1
  + [6199] ntt=26429 (5349) 주택임대사업자 말소에 따른 중과 관련 질의드립.. (2) / 답변2 첨부1
  + [6200] ntt=26427 (5348) 펜션으로 사용하는 주택 (1) / 답변1 첨부1
  + [6201] ntt=26418 (5347) 위수탁 판매계약으로 운영되는 매장에 대한 주민.. (1) / 답변1 첨부1
  + [6202] ntt=26416 (5346) 재조사 결정에 따른 결정 관련 질의 드립니다. (2) / 답변2 첨부1
  + [6203] ntt=26414 (5345) 산업단지 자가물류센터 산업용 시설물 인정 여부.. (1) / 답변1 첨부1
  + [6204] ntt=26408 (5344) 부동산 계약 합의해제후 재계약시 취득세 세율 .. (1) / 답변1 첨부1
  + [6205] ntt=26404 (5343) 주택가격 산정과 재산세 현황과세 (1) / 답변1 첨부1
  + [6206] ntt=26401 (5342) 과점주주의 특수관계가 중복되는 경우 (1) / 답변1 첨부1
  + [6207] ntt=26398 (5341) 종합체육시설 회원권 취득세관련 (1) / 답변1 첨부1
  + [6208] ntt=26396 (5340) 보행식 전동 청소차량이 취득세 과세대상인지 여.. (1) / 답변1 첨부1
  + [6209] ntt=26392 (5339) 산업단지 사업시행자 재산세 감면 문의 (1) / 답변1 첨부1
  + [6210] ntt=26385 (5338) 과점주주 특수관계인 해당여부 (1) / 답변1 첨부1
  + [6211] ntt=26384 (5337) 지방소득세(특별징수) 납세지 관련 질의 (1) / 답변1 첨부1
  + [6212] ntt=26378 (5336) 개인이 법인에게 주택을 취득한 이후 계약해지할.. (2) / 답변2 첨부2
  + [6213] ntt=26373 (5335) 법인의 자본금이 순자산가액에 미달된 경우 현물.. (1) / 답변1 첨부1
  + [6214] ntt=26372 (5334) 다자녀 가구 감면 추징 질의 (1) / 답변1 첨부1
  + [6215] ntt=26370 (5333) 철탑 및 선로가 지나가는 지역 재산세 감면 문.. (1) / 답변1 첨부1
  + [6216] ntt=26369 (5332) 창업중소기업 등록면허세 감면 문의 (1) / 답변1 첨부1
  + [6217] ntt=26365 (5331) 회생채권 신고시 신탁한 부동산의 재산세 체납을.. (1) / 답변1 첨부1
  + [6218] ntt=26363 (5330) 1세대 4주택여부(현황 숙박업) (1) / 답변1 첨부1
  + [6219] ntt=26361 (5329) 주민세(법인균등)  과세 문의 (1) / 답변1 첨부1
  + [6220] ntt=26359 (5328) 산업단지 내 신탁 부동산에 대한 재산세 감면 .. (2) / 답변2 첨부1
  + [6221] ntt=26356 (5327) 법원의 “말소등기절차를 이행하라”는 판결문에 .. (1) / 답변1 첨부1
  + [6222] ntt=26351 (5326) 재산세 과표문의 (1) / 답변1 첨부1
  + [6223] ntt=26322 (5325) 주민세(법인 균등분) 과세 여부 - 납기가 얼.. (1) / 답변1 첨부1
  + [6224] ntt=26319 (5324) 하치장에 법인 직원은 아니고 운영관리용역계약체.. (1) / 답변1 첨부1
[page 425 완료] 누적 신규 6224건  (이 게시판 저장 총 12,724건)
  + [6225] ntt=26314 (5323) 차량취득세 다자녀 감면 추징(sofa차량) (1) / 답변1 첨부1
  + [6226] ntt=26298 (5322) 법규해석 동일적용 과제 2. (법인주택 취득세.. (1) / 답변1 첨부1
  + [6227] ntt=26288 (5321) 징수유예 관련 질의입니다. (1) / 답변1 첨부1
  + [6228] ntt=26283 (5320) 블록형 단독주택(타운하우스) 내 도로 재산세 .. (1) / 답변1 첨부1
  + [6229] ntt=26281 (5319) 창업중소기업 감면 문의 (1) / 답변1 첨부1
  + [6230] ntt=26276 (5318) 종교단체 감면(담임목사용 사택)관련 질의 (1) / 답변1 첨부1
  + [6231] ntt=26272 (5317) 개정된 취득세 중과규정 적용방법에 관하여 질문.. (1) / 답변1 첨부1
  + [6232] ntt=26267 (5316) 토지 취득후 2년이 지난 후 건물(공동주택)에.. (1) / 답변1 첨부2
  + [6233] ntt=26265 (5315) 귀농인이 사업자등록이 있는 사실 만으로 농업외.. (1) / 답변1 첨부1
  + [6234] ntt=26263 (5314) 산단감면 질의 (1) / 답변1 첨부1
  + [6235] ntt=26262 (5313) 연부계약으로 토지 취득시 차입금이자 과표산입 .. (1) / 답변1 첨부1
  + [6236] ntt=26257 (5312) 토지수용 등으로 인한 대체취득 감면 가능여부 (1) / 답변1 첨부1
  + [6237] ntt=26254 (5311) 법인 현물출자 취소에 따른 신고납부 관련 질의.. (2) / 답변2 첨부1
  + [6238] ntt=26253 (5310) 상속개시전 소유권확정판결에 의해서 상속인에게 .. (1) / 답변1 첨부1
  + [6239] ntt=26249 (5309) 가설건축물 존치기간 1년 초과에 따른 취득세 .. (1) / 답변1 첨부1
  + [6240] ntt=26246 (5308) 자경농민감면문의 (1) / 답변1 첨부1
  + [6241] ntt=26245 (5307) 법인의 대체취득에 따른 농특세 비과세 및 중과.. (2) / 답변2 첨부1
  + [6242] ntt=26235 (5306) 신탁재산 체납으로인한 지방세환급금 지급보류 (1) / 답변1 첨부1
  + [6243] ntt=26225 (5305) 지역주택조합의 조합원 지위 취득시(승계 아님).. (1) / 답변1 첨부1
  + [6244] ntt=26224 (5304) 대수선 취득세 신고시 감면 적용 여부 질의 (1) / 답변1 첨부1
  + [6245] ntt=26219 (5303) 대수선 취득세 신고시 감면 적용 여부 질의 (1) / 답변1
  + [6246] ntt=26218 (5302) 지방세 징수권의 시효중단 사유에서 ‘납세고지’.. (1) / 답변1 첨부1
  + [6247] ntt=26208 (5301) 임대사업자 감면 추징 관련 질의 (1) / 답변1 첨부1
  + [6248] ntt=26206 (5300) 법규해석 동일적용 과제 1. (지방세법 제7조.. (2) / 답변2 첨부1
  + [6249] ntt=26195 (5299) 생애최초 주택 취득시 2주택 취득하는 경우 취.. (1) / 답변1 첨부1
  + [6250] ntt=26193 (5298) 종교단체 감면토지 2년내 매각추징 적부 (1) / 답변1 첨부1
  + [6251] ntt=26191 (5297) 주민세 재산분 주차장 관련 과세 여부 (1) / 답변1 첨부1
  + [6252] ntt=26188 (5296) 상속재산 분할 및 기여분 결정 조정조서에 의해.. (1) / 답변1 첨부1
  + [6253] ntt=26180 (5295) 미사용승인 건축물의 법인지방소득세 안분대상 포.. (1) / 답변1 첨부1
  + [6254] ntt=26168 (5294) 소유권이전등기말소확정판결 (1) / 답변1 첨부1
[page 426 완료] 누적 신규 6254건  (이 게시판 저장 총 12,754건)
  + [6255] ntt=26163 (5293) 신탁재산에 대한 산업단지 시행자 감면 적용 여.. (1) / 답변1 첨부1
  + [6256] ntt=26158 (5292) 기계장비 취득세 관련하여 질의드립니다. (2) / 답변2
  + [6257] ntt=26156 (5291) 주민세(재산분) 독서실과 카페 운영 각각 사업.. (1) / 답변1 첨부1
  + [6258] ntt=26112 (5290) 지목변경을 수반하는 경우 담장 설치비용이 취득.. (1) / 답변1 첨부1
  + [6259] ntt=26108 (5289) 도시개발사업 실시계획인가 시 기존 국가 및 지.. (1) / 답변1 첨부2
  + [6260] ntt=26096 (5288) 가설(견본주택)멸실후 6개월이 지나지 아닌한 .. (1) / 답변1 첨부1
  + [6261] ntt=26093 (5287) 생애최초 주택구입 취득세 감면적용 여부 (1) / 답변1 첨부1
  + [6262] ntt=26091 (5286) 신고기일이 지난 어촌계 취득세 (등록세) 문의.. (1) / 답변1 첨부1
  + [6263] ntt=26088 (5285) LH에서 분양한 택지개발지구의 면적정산에 따른.. (1) / 답변1 첨부1
  + [6264] ntt=26083 (5284) 동일 건물 및 동일 구내에 위치한 사업소 관련.. (1) / 답변1 첨부1
  + [6265] ntt=26068 (5283) 지방소득세 특별징수분 환급관련해서 문의드립니다 (1) / 답변1 첨부1
  + [6266] ntt=26065 (5282) 공동명의로 부동산 취득시 산업단지 감면 가능여.. (1) / 답변1 첨부1
  + [6267] ntt=26053 (5281) 철거 예정인 건물의 취득가액을 0원으로 하여 .. (1) / 답변1 첨부1
  + [6268] ntt=26026 (5280) 산업단지감면 및 외국인투자기업감면 등관련 추징.. (1) / 답변1 첨부1
  + [6269] ntt=26019 (5279) 지특법 제22조에 따른 주민세 감면대상 해당여.. (1) / 답변1 첨부1
  + [6270] ntt=26017 (5278) 공탁금출급청구권확인의 소 <긴급> (1) / 답변1 첨부1
  + [6271] ntt=26008 (5277) 주민세 개인균등분 세대분리 질의드립니다. (1) / 답변1 첨부1
  + [6272] ntt=26007 (5276) 시가표준액 재산정 (1) / 답변1 첨부1
  + [6273] ntt=26005 (5275) 지방세법 제13조6항 적용 문의 (1) / 답변1 첨부1
  + [6274] ntt=26004 (5274) 주민세 30세미만 단독 세대주가 아닌 자에 대.. (1) / 답변1 첨부1
  + [6275] ntt=25996 (5273) 법인균등할 주민세 과세 (1) / 답변1 첨부1
  + [6276] ntt=25994 (5272) 노인복지시설 인가반려 후 교회로 사용시 당초 .. (1) / 답변1 첨부1
  + [6277] ntt=25993 (5271) 현물출자 관련 취득세 문의입니다 (1) / 답변1 첨부1
  + [6278] ntt=25992 (5270) 주택 취득세율 문의입니다. (2) / 답변2 첨부1
  + [6279] ntt=25983 (5269) 명의도용으로 인한 자동차세 등 부과처분 무효 .. (1) / 답변1 첨부1
  + [6280] ntt=25978 (5268) 자동차세 감면차량 관련 질의 (1) / 답변1 첨부1
  + [6281] ntt=25977 (5267) 원인자부담금 무효판결에 따른 취득세 환급가능 .. (1) / 답변1 첨부1
  + [6282] ntt=25969 (5266) 부동산투자회사가 소유하고 있는 토지에 대한 재.. (3) / 답변3 첨부1
  + [6283] ntt=25968 (5265) 가설건축물 법인균등분 질의드립니다. (1) / 답변1 첨부1
  + [6284] ntt=25960 (5264) 심판청구 기산일 (1) / 답변1 첨부1
[page 427 완료] 누적 신규 6284건  (이 게시판 저장 총 12,784건)
  + [6285] ntt=25939 (5263) 교환 취득세 신고 후 미등기된 물건으로 화해조.. (1) / 답변1 첨부1
  + [6286] ntt=25917 (5262) 충청남도개발공사의 지방세특례제한법 31조 3항.. (2) / 답변2 첨부1
  + [6287] ntt=25914 (5261) 주민세(재산분) 과세대상 관련 질의드립니다. (1) / 답변1 첨부1
  + [6288] ntt=25905 (5260) 자경농민 감면 가능여부 (가족간 임차 인정여부.. (1) / 답변1 첨부1
  + [6289] ntt=25902 (5259) 부담부증여시 채무액에 상당하는 부분 문의 (1) / 답변1 첨부1
  + [6290] ntt=25901 (5258) 공탁금출급청구권 확인관련 질문드립니다.<긴급> (1) / 답변1 첨부1
  + [6291] ntt=25898 (5257) 임대주택  감면 취득세 추징사유 관련 문의드립.. (1) / 답변1 첨부1
  + [6292] ntt=25884 (5256) 연부취득 이자비용 과표포함여부 (1) / 답변1 첨부1
  + [6293] ntt=25879 (5255) 취득세 도급금액 변경 경정청구 (1) / 답변1 첨부1
  + [6294] ntt=25854 (5254) 지역주택조합 공동주택 건축과 관련 소송비용 등.. (1) / 답변1 첨부1
  + [6295] ntt=25845 (5253) 주된 상속자로 과세후 다른 자녀로 등기난 경우.. (1) / 답변1 첨부1
  + [6296] ntt=25842 (5252) 법인 분할(인적) 감면건 취득세 추징여부 질의 (1) / 답변1 첨부1
  + [6297] ntt=25832 (5251) 산업단지 지특법 78조 5항 추징사유 (1) / 답변1 첨부1
  + [6298] ntt=25826 (5250) 취득세 납부 후 등기하지 아니한 토지 관련하여.. (1) / 답변1 첨부1
  + [6299] ntt=25824 (5249) 임대의무기간내 임대사업자간 임대주택승계시 취득.. (1) / 답변1 첨부2
  + [6300] ntt=25823 (5248) 임야 태양광발전부지 사실상 지목변경 취득세 부.. (1) / 답변1 첨부1
  + [6301] ntt=25822 (5247) 골프장 용도지수 (1) / 답변1 첨부1
  + [6302] ntt=25821 (5246) 부과제척기간 경과 후 기 납부세액의 감액결정 .. (1) / 답변1 첨부1
  + [6303] ntt=25810 (5245) 공유물분할 화해권고 결정에 따라 일부 번지만 .. (1) / 답변1 첨부1
  + [6304] ntt=25807 (5244) 농업법인 취득 부동산의 지목변경으로 인한 취득.. (1) / 답변1 첨부1
  + [6305] ntt=25795 (5243) 두 지자체에 걸쳐 있는 아파트의 지방세 세입경.. (1) / 답변1 첨부1
  + [6306] ntt=25783 (5242) 직전년도 상당세액 산출 기준 (1) / 답변1 첨부1
  + [6307] ntt=25777 (5241) 연구시설 내 실험실 (1) / 답변1 첨부1
  + [6308] ntt=25774 (5240) 주택임대사업자가 법인 전환 시 임대의무기간 내.. (1) / 답변1 첨부1
  + [6309] ntt=25752 (5239) 지목변경 취득세 자진신고 의무자에 대하여 문의.. (1) / 답변1 첨부1
  + [6310] ntt=25750 (5238) 다세대주택합병에 대한 취득세? (1) / 답변1 첨부1
  + [6311] ntt=25749 (5237) 자경농민 감면 해당 여부 (1) / 답변1 첨부1
  + [6312] ntt=25746 (5236) 회생개시 이후 수시부과된 지방소득세(특별징수).. (1) / 답변1 첨부1
  + [6313] ntt=25741 (5235) 선순위 압류금액이 공탁 잔액에 비해 과다해 압.. (1) / 답변1 첨부1
  + [6314] ntt=25732 (5234) 공시송달관련 문의 (1) / 답변1 첨부1
[page 428 완료] 누적 신규 6314건  (이 게시판 저장 총 12,814건)
  + [6315] ntt=25722 (5233) 대출후행조건으로 발생하는 비용의 경우 취득세 .. (1) / 답변1 첨부1
  + [6316] ntt=25720 (5232) 부동산 공매의뢰 대상 해당 여부 판단 (2) / 답변2 첨부1
  + [6317] ntt=25719 (5231) 시설 재산세 과세대상 범위 (1) / 답변1 첨부2
  + [6318] ntt=25702 (5230) 1세대4주택 판단(신탁 부동산 포함여부) (1) / 답변1 첨부1
  + [6319] ntt=25700 (5229) 재산세 임대주택 감면 관련 질의입니다. (1) / 답변1 첨부1
  + [6320] ntt=25698 (5228) 지특법 제84조 사권제한감면 중 "집행"의 의.. (1) / 답변1 첨부1
  + [6321] ntt=25694 (5227) 지방세법 제120조 및 지방세법 시행령 제11.. (1) / 답변1 첨부1
  + [6322] ntt=25690 (5226) 지목변경 취등록세(주차장,음식점 합동건물) (1) / 답변1 첨부1
  + [6323] ntt=25684 (5225) 산업단지의 재산세 추징 (1) / 답변1 첨부1
  + [6324] ntt=25680 (5224) 농어촌공사 재산세감면 문의 (1) / 답변1 첨부1
  + [6325] ntt=25670 (5223) 비과세 신고 이후 재신고하는 경우와 관련하여 .. (2) / 답변2 첨부1
  + [6326] ntt=25651 (5222) 산업단지 감면 (1) / 답변1 첨부1
  + [6327] ntt=25644 (5221) 재산세 납세의무자 중 주된 상속자관련 문의 (1) / 답변1 첨부1
  + [6328] ntt=25635 (5220) 주민세(종업원분) 국외근로자 문의 (1) / 답변1 첨부1
  + [6329] ntt=25634 (5219) 재산세 납세기준일 당시 이전에 작성된 유증서류.. (1) / 답변1 첨부1
  + [6330] ntt=25628 (5218) 유치원 감면 추징 관련 (1) / 답변1 첨부1
  + [6331] ntt=25625 (5217) 법인 지목변경 취득세 세율문의[개정부분 해석관.. (1) / 답변1 첨부1
  + [6332] ntt=25619 (5216) 대리인(법무사)이 감면 규정을 착오 신고시 가.. (1) / 답변1 첨부1
  + [6333] ntt=25617 (5215) 현물출자로 2개의 법인 설립시 취득세 감면 여.. (1) / 답변1 첨부1
  + [6334] ntt=25615 (5214) 선순위 압류금액이 공탁 잔액에 비해 과다해 압.. (1) / 답변1 첨부1
  + [6335] ntt=25605 (5213) 협약서에 따른 재산세 비과세 관련 질의 드립니.. (2) / 답변2 첨부1
  + [6336] ntt=25602 (5212) 공익사업에 의한 토지 수용 및 대체취득 관련 .. (2) / 답변2 첨부1
  + [6337] ntt=25597 (5211) 공장에 관한 재산세 질의입니다. (1) / 답변1 첨부1
  + [6338] ntt=25589 (5210) 공시송달관련 문의 (1) / 답변1 첨부1
  + [6339] ntt=25587 (5209) 자경농민 감면에 대한 문의 (1) / 답변1 첨부1
  + [6340] ntt=25584 (5208) 5187번 추가질의) 1세대4주택 적용시 '가.. (1) / 답변1 첨부1
  + [6341] ntt=25580 (5207) 토지 시가표준액 적용 문의 (1) / 답변1 첨부1
  + [6342] ntt=25578 (5206) 국공립어린이집 위탁(민간->국공립전환) 재산세.. (1) / 답변1 첨부1
  + [6343] ntt=25577 (5205) 환경친화적자동차충전시설 설치에 따른 취득세 과.. (1) / 답변1 첨부1
  + [6344] ntt=25571 (5204) 공유수면 점용·사용 실시계획 부분 준공검사확인.. (1) / 답변1 첨부1
[page 429 완료] 누적 신규 6344건  (이 게시판 저장 총 12,844건)
  + [6345] ntt=25566 (5203) 환지지역 재산세 납세의무자 (1) / 답변1 첨부1
  + [6346] ntt=25562 (5202) "체납액의 징수유예"와 "체납처분유예" 관련 .. (1) / 답변1 첨부1
  + [6347] ntt=25551 (5201) 과세자료의 범위 및 비공개 대상 유무에 관한 .. (1) / 답변1 첨부1
  + [6348] ntt=25550 (5200) 공시송달관련 문의 (1) / 답변1
  + [6349] ntt=25545 (5199) 환경친화적자동차충전시설 설치에 따른 취득세 과.. (1) / 답변1 첨부1
  + [6350] ntt=25542 (5198) 불복청구(이의신청,심판청구 등) 관련 문의 (1) / 답변1 첨부1
  + [6351] ntt=25539 (5197) 외국인 상속인의 1가구 1주택 세율의 특례 적.. (1) / 답변1 첨부1
  + [6352] ntt=25535 (5196) 소유권이전등기(공유물분할) 부동산에 대한 재산.. (1) / 답변1 첨부1
  + [6353] ntt=25532 (5195) 종교단체 개수(승강기 설치) 시 1층 임대부분.. (1) / 답변1 첨부1
  + [6354] ntt=25524 (5194) 법인의 물적분할시 과세표준 관련 (법인장부 상.. (1) / 답변1 첨부1
  + [6355] ntt=25521 (5193) 건물, 시설(물) 취득 관련 과세대상의 범위 (1) / 답변1 첨부1
  + [6356] ntt=25465 (5192) 농업회사법인 감면분 추징관련 문의드립니다. (1) / 답변1 첨부1
  + [6357] ntt=25455 (5191) 회생개시 이후 수시부과된 지방소득세(특별징수).. (1) / 답변1 첨부1
  + [6358] ntt=25446 (5190) 경기도시공사 행복주택단지 내 상가 재산세 감면.. (1) / 답변1 첨부1
  + [6359] ntt=25441 (5189) 농어촌 주택개량 재산세 감면 적용에 관한 질의 (1) / 답변1 첨부1
  + [6360] ntt=25434 (5188) 지목변경 관련한 간주취득일 문의 (1) / 답변1 첨부1
  + [6361] ntt=25433 (5187) 1세대 4주택  적용시  '가족'의 범위에 해.. (1) / 답변1 첨부1
  + [6362] ntt=25426 (5186) 미신고상속 납세의무자 지정과 관련하여 과년도분.. (1) / 답변1 첨부1
  + [6363] ntt=25419 (5185) 체납처분비 관련 문의 (1) / 답변1 첨부1
  + [6364] ntt=25410 (5184) 수중 태양광 발전설비 취득세 과세대상 문의 (1) / 답변1 첨부1
  + [6365] ntt=25409 (5183) 창업중소기업 관련 문의 (1) / 답변1 첨부1
  + [6366] ntt=25408 (5182) 장애인용 자동차로 취득세(차량) 면제 후 세대.. (1) / 답변1 첨부1
  + [6367] ntt=25404 (5181) 지역주택조합 취득세 관련 질의 (1) / 답변1 첨부1
  + [6368] ntt=25402 (5180) 수입차량의 이전등록시 차량연식 적용 기준 (1) / 답변1 첨부1
  + [6369] ntt=25401 (5179) 직전 연도의 해당 재산에 대한 재산세액 상당액 (1) / 답변1 첨부1
  + [6370] ntt=25399 (5178) 지방세기본법 제86조(비밀유지) (1) / 답변1 첨부1
  + [6371] ntt=25396 (5177) 포상금 지급 관련 취득세원 문의 (1) / 답변1 첨부1
  + [6372] ntt=25392 (5176) 취득과표 산입여부 질의 (1) / 답변1 첨부1
  + [6373] ntt=25388 (5175) 사기 피해 차량의 자동차세 비과세 대상 해당 .. (1) / 답변1 첨부1
  + [6374] ntt=25386 (5174) 임대사업자의 임대주택 의무보유기간내 매각시 폐.. (1) / 답변1 첨부2
[page 430 완료] 누적 신규 6374건  (이 게시판 저장 총 12,874건)
  + [6375] ntt=25384 (5173) 법인의 지방이전감면 관련(재산세) (1) / 답변1 첨부1
  + [6376] ntt=25382 (5172) 상속재산파산신청, 파산선고 후 부과된 재산세 .. (1) / 답변1 첨부1
  + [6377] ntt=25373 (5171) 자동차 멸실인정일 이전 감액 문의 (1) / 답변1 첨부1
  + [6378] ntt=25369 (5170) 재산세 분할납부 후 체납시 (1) / 답변1 첨부1
  + [6379] ntt=25358 (5169) 농협 마트 주차장부지 유료시설화 할 경우,  .. (1) / 답변1 첨부1
  + [6380] ntt=25357 (5168) 개별주택가격 관련 문의 (1) / 답변1 첨부1
  + [6381] ntt=25351 (5167) 구분소유적 공유관계에서 주택유상거래시 취득세율.. (1) / 답변1 첨부2
  + [6382] ntt=25349 (5166) 낚시터 좌대 (1) / 답변1 첨부1
  + [6383] ntt=25348 (5165) 무허가 주택이 올라가 있는 토지 거래시 주택세.. (1) / 답변1 첨부1
  + [6384] ntt=25342 (5164) 감면 종료 시 직전연도 재산세 상당세액의 산출 (1) / 답변1 첨부1
  + [6385] ntt=25341 (5163) 위탁관리부동산투자회사에 대한 재산세 감면 여부 (1) / 답변1 첨부1
  + [6386] ntt=25332 (5162) 지역자원시설세 개정문 문의드려요 (1) / 답변1 첨부1
  + [6387] ntt=25324 (5161) 개별공시지가 정정 시 건축물의 시가표준액 소급.. (1) / 답변1 첨부1
  + [6388] ntt=25320 (5160) 공장의 지방이전에 대한 감면 질의 (1) / 답변1 첨부1
  + [6389] ntt=25309 (5159) 지방세특례제한법제174조(재질의) (1) / 답변1 첨부2
  + [6390] ntt=25307 (5158) 임대사업자 감면 관련 질의합니다 (1) / 답변1 첨부1
  + [6391] ntt=25304 (5157) 양봉에 대한 농업생산시설(축사)에 해당 되는지.. (1) / 답변1 첨부1
  + [6392] ntt=25301 (5156) 재산세 환급 범위(기준일) 관련 문의드립니다. (1) / 답변1 첨부1
  + [6393] ntt=25300 (5155) 특정매입거래 계약 업체 주민세(재산분) 및 주.. (1) / 답변1 첨부1
  + [6394] ntt=25294 (5154) 뱃칭플랜트 취득세 과세가능여부 질의드립니다. (1) / 답변1 첨부1
  + [6395] ntt=25278 (5153) 국적상실자 압류해제 요구 (1) / 답변1 첨부1
  + [6396] ntt=25271 (5152) 차량 취득가액에 관련 문의드립니다. (1) / 답변1 첨부1
  + [6397] ntt=25269 (5151) 출자자의 2차 납세의무자 특수관계 확인 (1) / 답변1 첨부1
  + [6398] ntt=25265 (5150) 대체취득 감면 가능 여부 (1) / 답변1 첨부1
  + [6399] ntt=25259 (5149) 납기 전 징수 요청 후 감액 (1) / 답변1 첨부2
  + [6400] ntt=25256 (5148) 상속포기자 명의로 대위등기시 재산세 납세의무자 (1) / 답변1 첨부1
  + [6401] ntt=25254 (5147) 상속개시된 임대주택의 재산세 감면 문의 (1) / 답변1 첨부1
  + [6402] ntt=25253 (5146) 적격합병 여부 문의 (1) / 답변1 첨부1
  + [6403] ntt=25242 (5145) 곤충사육업(동애등에)을 영농으로 보아 농업법인.. (1) / 답변1 첨부1
  + [6404] ntt=25241 (5144) 법원의 조정조서로 미등기건물 재산세 납세의무자.. (1) / 답변1 첨부1
[page 431 완료] 누적 신규 6404건  (이 게시판 저장 총 12,904건)
  + [6405] ntt=25226 (5143) 한국토지주택공사 매입 공동주택 재산세 감면 적.. (1) / 답변1 첨부1
  + [6406] ntt=25222 (5142) 종교감면문의(사택) (1) / 답변1 첨부1
  + [6407] ntt=25221 (5141) 사용승인일 이후 실제 공사가 발생할 때 취득과.. (1) / 답변1 첨부1
  + [6408] ntt=25208 (5140) 환지예정지 재산세 분리과세 문의 (1) / 답변1 첨부1
  + [6409] ntt=25205 (5139) 임대주택등에 대한 취득세 감면 질의 (1) / 답변1 첨부1
  + [6410] ntt=25203 (5138) 상속개시 후 경매 이전된 부동산에 대한 상속인.. (1) / 답변1 첨부1
  + [6411] ntt=25198 (5137) 기업합병후 부동산 일부 매각 시 감면적용여부 (1) / 답변1 첨부1
  + [6412] ntt=25182 (5136) 한정상속 관련 재산세 부과 후 체납시 상속인 .. (1) / 답변1 첨부1
  + [6413] ntt=25174 (5135) 지방세특례제한법 제174조 (1) / 답변1 첨부1
  + [6414] ntt=25171 (5134) 자경농민의 감면분 취득세 추징여부에 대하여 문.. (1) / 답변1 첨부1
  + [6415] ntt=25167 (5133) 물적분할 감면 법인 폐업시 추징대상여부 문의드.. (1) / 답변1 첨부1
  + [6416] ntt=25164 (5132) 외국인투자기업에 대한 재산세 감면 문의드립니다.. (1) / 답변1 첨부1
  + [6417] ntt=25161 (5131) 차량공매시 징수촉탁 수수료 문의 (1) / 답변1 첨부1
  + [6418] ntt=25152 (5130) 임대사업자 재산세 감면 문의 (1) / 답변1 첨부1
  + [6419] ntt=25150 (5129) 가족호텔 및 휴양콘도미니엄의 지하 주차장 부분.. (1) / 답변1 첨부1
  + [6420] ntt=25143 (5128) 착공중인 토지 (1) / 답변1 첨부1
  + [6421] ntt=25129 (5127) 상속인의 사망으로 상속포기시 상속지분율 문의 (2) / 답변2 첨부1
  + [6422] ntt=25128 (5126) 한국농어촌공사 취득세 감면 추징 사유 해당 여.. (1) / 답변1 첨부1
  + [6423] ntt=25104 (5125) 창업중소기업 감면 질의 (1) / 답변1 첨부1
  + [6424] ntt=25099 (5124) 상속개시후 경매 이전된 부동산에 대한 상속인의.. (1) / 답변1 첨부1
  + [6425] ntt=25097 (5123) 경정청구 초과환급 관련 가산세 문의 (1) / 답변1 첨부1
  + [6426] ntt=25088 (5122) 환지 취득 시기 (1) / 답변1 첨부1
  + [6427] ntt=25087 (5121) 여러개의 건축물이 존재할 경우 오염물질 배출 .. (1) / 답변1 첨부1
  + [6428] ntt=25085 (5120) 차량공매시 추징보전압류의 배분순위  및 배분금.. (1) / 답변1 첨부2
  + [6429] ntt=25073 (5119) 창업중소기업 감면과 관련해서 문의드립니다.(지.. (1) / 답변1 첨부1
  + [6430] ntt=25072 (5118) 미환류법인세에 대한 법인지방소득세 가산세 감면.. (1) / 답변1 첨부1
  + [6431] ntt=25063 (5117) 시설물에 대한 지역자원시설세 중과 (1) / 답변1 첨부1
  + [6432] ntt=25062 (5116) 합의해제로 인한 납세의무자 관련 질의 (1) / 답변1 첨부1
  + [6433] ntt=25060 (5115) 주민세(재산분) 과세여부(재질의) (1) / 답변1 첨부1
  + [6434] ntt=25057 (5114) 상속으로 인한 취득세 신고 시 유증서류와 추가.. (1) / 답변1 첨부1
[page 432 완료] 누적 신규 6434건  (이 게시판 저장 총 12,934건)
  + [6435] ntt=25052 (5113) 장기보유 임대주택에 대한 재산세 감면 (1) / 답변1 첨부1
  + [6436] ntt=25051 (5112) 국공립어린이집 위탁(민간->국공립전환) 재산세.. (1) / 답변1
  + [6437] ntt=25048 (5111) 재산세(선박) 납세의무 성립시기 관련 질문 드.. (1) / 답변1 첨부1
  + [6438] ntt=25041 (5110) 재산관리인 취득세 부과 (1) / 답변1 첨부1
  + [6439] ntt=25039 (5109) 자경농민의 농지취득 감면 후 농업용창고 신축시.. (1) / 답변1 첨부1
  + [6440] ntt=25034 (5108) 취득세 추징 관련 문의 (1) / 답변1 첨부1
  + [6441] ntt=25030 (5107) 지특법 81조 공공기관 이전 임직원 1가구 1.. (1) / 답변1 첨부1
  + [6442] ntt=25028 (5106) 중복감면 적용 (1) / 답변1 첨부1
  + [6443] ntt=25015 (5105) 한국토지주택공사의 임대주택에 대한 재산세 감면.. (1) / 답변1 첨부1
  + [6444] ntt=25011 (5104) 지식산업센터 입주업체(근린생활시설에 입주)에 .. (1) / 답변1 첨부1
  + [6445] ntt=25007 (5103) 아파트내 가정용 어린이집 취득세 산정 시 주택.. (1) / 답변1 첨부1
  + [6446] ntt=25004 (5102) 종교법인 취득세 추징 대상 문의 (1) / 답변1 첨부1
  + [6447] ntt=25003 (5101) 미준공 골프장 재산세 세부담상한 적용 관련 (1) / 답변1 첨부1
  + [6448] ntt=24987 (5100) 자동차 도난신고 이후 부과된 자동차세의 비과세.. (1) / 답변1 첨부1
  + [6449] ntt=24984 (5099) 임시사용승인 이후 관리처분 변경에 따라 분양가.. (1) / 답변1 첨부1
  + [6450] ntt=24983 (5098) 병원 증축시 클린룸 공사 취득세 포함 여부 (1) / 답변1 첨부1
  + [6451] ntt=24980 (5097) 상속재산분할 재협의에 따른 취득세 (1) / 답변1 첨부1
  + [6452] ntt=24975 (5096) 현물출자 취득세 감면 추징여부 문의 (1) / 답변1 첨부1
  + [6453] ntt=24969 (5095) 입주자대표회의 명의 부동산 (1) / 답변1 첨부1
  + [6454] ntt=24965 (5094) 대도시 내 취득 물건의 임대부분을 지점으로 볼.. (1) / 답변1 첨부1
  + [6455] ntt=24963 (5093) 법인지방소득세 환급가산금 문의 (1) / 답변1 첨부1
  + [6456] ntt=24960 (5092) 취득세 세율 및 과표적용 문의 (1) / 답변1 첨부1
  + [6457] ntt=24951 (5091) 토지 수용 재결 결정에 따른 소유권 이전일 (1) / 답변1 첨부1
  + [6458] ntt=24949 (5090) 지식산업쎈터 법령해석(지특법 제58조의 2 ~.. (1) / 답변1 첨부1
  + [6459] ntt=24947 (5089) 공동주택에 설치되는 전기차 충전시설 면세점 적.. (1) / 답변1 첨부1
  + [6460] ntt=24946 (5088) 지방소득세(특별징수) 연말정산 환급관련 문의 (1) / 답변1 첨부2
  + [6461] ntt=24935 (5087) 지방자치단체 출자 기관의 재산세 감면 (1) / 답변1 첨부1
  + [6462] ntt=24915 (5086) 취득세 관련 문의입니다. (1) / 답변1 첨부1
  + [6463] ntt=24914 (5085) 골프장 골프관리장비가 취득세 과세대상이 되는지.. (1) / 답변1 첨부1
  + [6464] ntt=24909 (5084) 법인지방소득세 기한의 연장 가능여부(상담번호5.. (1) / 답변1 첨부2
[page 433 완료] 누적 신규 6464건  (이 게시판 저장 총 12,964건)
  + [6465] ntt=24906 (5083) 장애인 감면 취득세(차량) 추징여부 문의 (1) / 답변1 첨부1
  + [6466] ntt=24903 (5082) 국외유학자 주민세 과세 (3) / 답변3 첨부1
  + [6467] ntt=24896 (5081) 지식산업센터 설립자 추징여부 (1) / 답변1 첨부1
  + [6468] ntt=24882 (5080) 상속대위 등기 후 상속 포기 판결을 받을 경우.. (1) / 답변1 첨부1
  + [6469] ntt=24881 (5079) 이혼 재산분할 취득세 특례적용 여부 (1) / 답변1 첨부1
  + [6470] ntt=24880 (5078) 압류한 국세환급금이 추심이 이뤄지지 않았을 경.. (1) / 답변1 첨부1
  + [6471] ntt=24877 (5077) 취득세 매매용 감면차량 추징 관련 문의 (1) / 답변1 첨부1
  + [6472] ntt=24865 (5076) 납세의무자 판단 (1) / 답변1 첨부1
  + [6473] ntt=24856 (5075) 수상레저기구 →선박으로 선적항을 바꾸면서 용도.. (1) / 답변1 첨부1
  + [6474] ntt=24851 (5074) 아파트 단지 내 지하주차장 상부 조경시설 설치.. (1) / 답변1 첨부1
  + [6475] ntt=24845 (5073) 학교기업 주민세(재산분) 과세대상 여부 (1) / 답변1 첨부1
  + [6476] ntt=24838 (5072) 등록면허세 중과예외대상 판단 (1) / 답변1 첨부1
  + [6477] ntt=24836 (5071) 명의신탁해지로 인한 취득세납세의무 성립여부 및.. (1) / 답변1 첨부2
  + [6478] ntt=24832 (5070) 농업진흥구역내에서의 농지 공유물 분할시 감면 .. (2) / 답변2 첨부1
  + [6479] ntt=24826 (5069) 지하 저유조의 수평투영면적이 별도합산대상인지 (1) / 답변1 첨부1
  + [6480] ntt=24814 (5068) 체비지 취득시기에 대해 질의 드립니다. (1) / 답변1 첨부1
  + [6481] ntt=24813 (5067) 대출관련 수수료 및 이자 취득세 과표 적용 방.. (1) / 답변1 첨부1
  + [6482] ntt=24811 (5066) 산업단지 착공지연관련 특별한 사정에 해당 여부.. (1) / 답변1 첨부1
  + [6483] ntt=24807 (5065) 주민세 재산분 실제 사용 면적과 계약 상 면적.. (1) / 답변1 첨부1
  + [6484] ntt=24800 (5064) 재산세 분리과세 대상인 물류터미널용 토지 판단.. (3) / 답변3 첨부1
  + [6485] ntt=24799 (5063) 재산세 납세의무자 문의 (1) / 답변1 첨부1
  + [6486] ntt=24781 (5062) 지식산업센터관련 취득세 감면에 관한 질의입니다 (1) / 답변1 첨부1
  + [6487] ntt=24771 (5061) 코로나 선별진료소 가설건축물 취득세 부과 관련 (2) / 답변2
    [retry 1/3] ReadTimeout
  + [6488] ntt=24768 (5060) 특별징수분 환급시 환급가산금 적용여부 (1) / 답변1 첨부1
  + [6489] ntt=24765 (5059) 납세관리인 지정 (1) / 답변1 첨부1
  + [6490] ntt=24764 (5058) 장애인 차량 대체취득 감면 관련입니다. (1) / 답변1 첨부1
  + [6491] ntt=24763 (5057) 특수관계인 과점주주 비율 (1) / 답변1
  + [6492] ntt=24757 (5056) 무료노인복지시설 감면 문의(1% 소유권 이전-.. (1) / 답변1 첨부1
  + [6493] ntt=24753 (5055) 법인지방소득세 기한의 연장 가능여부 (1) / 답변1 첨부2
  + [6494] ntt=24751 (5054) 외국인투자기업 취득세 감면관련 추징, 감면분에.. (1) / 답변1 첨부1
[page 434 완료] 누적 신규 6494건  (이 게시판 저장 총 12,994건)
  + [6495] ntt=24749 (5053) 지목변경 납세자는? (1) / 답변1 첨부1
  + [6496] ntt=24734 (5052) 차량 원부상 멸실인정에 압류해제에 따른 소멸시.. (1) / 답변1 첨부1
  + [6497] ntt=24733 (5051) 재개발조합의 조합운영비가 취득세과세표준에 포함.. (1) / 답변1 첨부1
  + [6498] ntt=24724 (5050) 과세예고통지 이후 기한 후 신고에 대하여 질의.. (2) / 답변2 첨부1
  + [6499] ntt=24722 (5049) 차량 농특세 감면분 과세에 대한 문의 (1) / 답변1 첨부1
  + [6500] ntt=24716 (5048) 종교단체의 부설주차장 외에 추가설치하는 주차장.. (1) / 답변1 첨부1
  + [6501] ntt=24714 (5047) 과점주주 간주취득 성립여부 (1) / 답변1 첨부1
  + [6502] ntt=24708 (5046) 창업중소기업 감면 유예기간내 임대부동산에 대한.. (1) / 답변1 첨부1
  + [6503] ntt=24702 (5045) 지방소득세 처리방안 문의 (1) / 답변1 첨부1
  + [6504] ntt=24700 (5044) 대체취득시 보상금의 범위 문의 (1) / 답변1 첨부1
  + [6505] ntt=24699 (5043) 지특법 제81조(이전공공기관 등 지방이전에 대.. (1) / 답변1 첨부1
  + [6506] ntt=24694 (5042) 법인 지목변경 신고금액 적용 관련 문의드립니다.. (1) / 답변1 첨부1
  + [6507] ntt=24683 (5041) 산업단지 등에 대한 추징대상 여부 문의 (1) / 답변1 첨부1
  + [6508] ntt=24682 (5040) 폐교된 학교의 용도 질의 (1) / 답변1 첨부1
  + [6509] ntt=24672 (5039) 농업법인 취득세 감면 대상 문의 (1) / 답변1 첨부1
  + [6510] ntt=24670 (5038) 재산세 분할납부 문의 (1) / 답변1 첨부1
  + [6511] ntt=24658 (5037) 위탁자의 징수유예 사유로 수탁자의 징수유예 가.. (1) / 답변1 첨부1
  + [6512] ntt=24630 (5036) 압류 차량이 명의이전된 후 차령초과말소된 경우.. (1) / 답변1 첨부1
  + [6513] ntt=24623 (5035) 지점 취득세 중과 문의 (1) / 답변1 첨부1
  + [6514] ntt=24620 (5034) 이민 출국자도  재산세의 주된 상속대상자로 보.. (1) / 답변1 첨부1
  + [6515] ntt=24606 (5033) 장애인 공동명의 차량 취득세 감면 관련 질의 (1) / 답변1 첨부1
  + [6516] ntt=24605 (5032) 창업의 범위에 관한 질의 (1) / 답변1 첨부1
  + [6517] ntt=24604 (5031) 창업중소기업에 대한 감면 중  '사업의 확장'.. (1) / 답변1 첨부1
  + [6518] ntt=24602 (5030) 특수관계인 부당거래 해당여부 (A법인의 대표이.. (1) / 답변1 첨부1
  + [6519] ntt=24597 (5029) 계약 해제 후 다른 물건으로 재계약시 취득세 .. (1) / 답변1 첨부1
  + [6520] ntt=24551 (5028) 지방소득세(법인소득) 안분율 수정신고 가산세 .. (1) / 답변1 첨부1
  + [6521] ntt=24550 (5027) 가산세만 통보된 종합소득분 지방소득세의 과세가.. (1) / 답변1 첨부1
  + [6522] ntt=24539 (5026) 아파트에서 운영하는 어린이집의 과세유형 문의입.. (1) / 답변1 첨부1
  + [6523] ntt=24535 (5025) 추징규정 "직접사용 한 기간으로부터" "최초 .. (3) / 답변3 첨부1
  + [6524] ntt=24527 (5024) 산업단지개발사업의 시행자의 재산세 감면분 추징.. (1) / 답변1 첨부1
[page 435 완료] 누적 신규 6524건  (이 게시판 저장 총 13,024건)
  + [6525] ntt=24526 (5023) 공동주택의 부설주차장의 지역자원시설세 중과 대.. (1) / 답변1 첨부1
  + [6526] ntt=24511 (5022) 분할법인 추징대상 여부 질의 (1) / 답변1 첨부1
  + [6527] ntt=24508 (5021) 현물출자 법인의 추징여부 질의 (1) / 답변1 첨부1
  + [6528] ntt=24507 (5020) 임대사업자간 양도신고 후 계약해제에 따른 취득.. (1) / 답변1 첨부1
  + [6529] ntt=24506 (5019) 임대주택감면 지특법 31조1항 적용문의 (1) / 답변1 첨부1
  + [6530] ntt=24504 (5018) 중소기업협동조합이 조합원에게 임대한 부분에 대.. (1) / 답변1 첨부1
  + [6531] ntt=24497 (5017) 전기차 충전시설의 취득세 감면여부 질의 (1) / 답변1 첨부1
  + [6532] ntt=24494 (5016) 자동차세 감면 종료, 변경과 관련입니다. (1) / 답변1 첨부1
  + [6533] ntt=24485 (5015) 콘도 회원권 취득세 부과 대상 여부 질의 (1) / 답변1 첨부1
  + [6534] ntt=24480 (5014) 주민세 종업원분 월평균급여총액 산정기준 해석 .. (1) / 답변1 첨부1
  + [6535] ntt=24478 (5013) 기신고한 취득세 신고서 사본을 요청하는 경우 .. (2) / 답변2 첨부1
  + [6536] ntt=24466 (5012) 산업단지내 산업용토지 및 건축물등을 합병으로 .. (1) / 답변1 첨부1
  + [6537] ntt=24465 (5011) 용도변경에 따른 종교단체 감면 문의 (1) / 답변1 첨부1
  + [6538] ntt=24454 (5010) [긴급]의료법인 지방세특례제한법 제22조제5항.. (1) / 답변1 첨부1
  + [6539] ntt=24451 (5009) 부담부증여 인정 범위에 대한 질의 (1) / 답변1 첨부1
  + [6540] ntt=24449 (5008) 과점주주 납세의무 성립시기 (1) / 답변1 첨부1
  + [6541] ntt=24444 (5007) 중과문의(13조2항) 드립니다. (1) / 답변1 첨부1
  + [6542] ntt=24437 (5006) 임대주택 감면 관련입니다(지특법제31조1항) (2) / 답변2 첨부1
  + [6543] ntt=24433 (5005) 지점 이전 관련  세율 질의 (1) / 답변1 첨부1
  + [6544] ntt=24431 (5004) 차량취득세 추징면제사유에 포함되는지 질문입니다.. (1) / 답변1 첨부1
  + [6545] ntt=24430 (5003) 천재지변 감면처리시 소유자와 피해자가 다른 경.. (1) / 답변1 첨부1
  + [6546] ntt=24426 (5002) 조합원 임대사업등록 관련 (1) / 답변1 첨부1
  + [6547] ntt=24423 (5001) 부재부동산 소유자 해당 여부 (1) / 답변1 첨부1
    [retry 1/3] ReadTimeout
  + [6548] ntt=24421 (5000) 미 준공검사 건물에 대하여  취득세 부과가 가.. (1) / 답변1 첨부1
  + [6549] ntt=24419 (4999) 신탁부동산 지식산업센터 재산세 감면 여부 (1) / 답변1 첨부1
  + [6550] ntt=24417 (4998) 지방세법 제121조 비과세조항 관련입니다.. (1) / 답변1 첨부1
  + [6551] ntt=24405 (4997) 임대주택 감면 관련입니다(지특법제31조1항) (1) / 답변1 첨부1
  + [6552] ntt=24387 (4996) 금융자산 압류 해제 관련 (1) / 답변1
  + [6553] ntt=24386 (4995) 재개발조합 무상양여 토지가 대지조성용 부동산에.. (1) / 답변1 첨부1
  + [6554] ntt=24385 (4994) 기업도시 감면질의합니다. (1) / 답변1 첨부1
[page 436 완료] 누적 신규 6554건  (이 게시판 저장 총 13,054건)
  + [6555] ntt=24383 (4993) 공공주택사업자의 지특법 31조 3항의 재산세 .. (1) / 답변1 첨부1
  + [6556] ntt=24375 (4992) 과점주주 간주취득세 특수관계인  여부 (1) / 답변1 첨부1
  + [6557] ntt=24374 (4991) 재산세 세목은?건축물, 주택 (1) / 답변1 첨부1
  + [6558] ntt=24371 (4990) 회계기준 변경에 따른 과점주주 간주취득 과세 .. (1) / 답변1 첨부1
  + [6559] ntt=24369 (4989) "급" 과점주주 특수관계 해당여부 (1) / 답변1 첨부1
  + [6560] ntt=24367 (4988) 공공임대주택의 상가부분 재산세 감면 여부 (1) / 답변1 첨부1
  + [6561] ntt=24356 (4987) 종교단체 비사업용토지 유지재단간 증여에 따른 .. (1) / 답변1 첨부1
  + [6562] ntt=24343 (4986) 토지수용에서 대체취득 할 수 있는 부동산의 지.. (1) / 답변1 첨부1
  + [6563] ntt=24331 (4985) 재산세  부과제척기간 관련 문의 (1) / 답변1 첨부1
  + [6564] ntt=24327 (4984) 유언공증에 의한 상속관련 문의 (1) / 답변1 첨부1
  + [6565] ntt=24326 (4983) 지점 이전에 대한 등록면허세(등록) 중과여부 .. (1) / 답변1 첨부1
  + [6566] ntt=24320 (4982) 창업감면 문의 (1) / 답변1 첨부1
  + [6567] ntt=24319 (4981) 한국토지주택공사가 건설하는 토지에 대한 국민주.. (1) / 답변1 첨부1
  + [6568] ntt=24318 (4980) 주민세 개인균등분 과세적절 여부 (1) / 답변1 첨부1
  + [6569] ntt=24316 (4979) 운수사업자(택시)가 차고지에 본점을 신축한 경.. (1) / 답변1 첨부1
  + [6570] ntt=24314 (4978) 국립 자연휴양림 내 숲속의 집 등 에 대한 재.. (1) / 답변1
  + [6571] ntt=24313 (4977) 수정신고에 대한 관할 지자체 문의 (1) / 답변1 첨부1
  + [6572] ntt=24309 (4976) 법인 본점 이전 및 증자 관련 등록면허세 문의.. (1) / 답변1 첨부1
  + [6573] ntt=24303 (4975) 신탁종료 후 추징사유 발생 시 취득세 납세자 (1) / 답변1 첨부1
  + [6574] ntt=24301 (4974) 법인 중과 제외 문의(중과예외업종-유통산업,매.. (1) / 답변1 첨부1
  + [6575] ntt=24296 (4973) 조정조서 과세표준 질의합니다. (1) / 답변1 첨부1
  + [6576] ntt=24291 (4972) 농업회사법인 취득세 감면 추징 문의 (1) / 답변1 첨부1
  + [6577] ntt=24290 (4971) 사회복지법인 등 단체의 취득세 감면 문의드립니.. (1) / 답변1 첨부1
  + [6578] ntt=24281 (4970) 지역자원시설세 중과문의 (1) / 답변1 첨부1
  + [6579] ntt=24276 (4969) [재질의]  종교단체 감면부동산 해당 여부- .. (1) / 답변1 첨부1
  + [6580] ntt=24275 (4968) 주민세 재산분 오염물질 배출사업소 중과세 문의 (1) / 답변1 첨부1
  + [6581] ntt=24269 (4967) 부부 공동명의 노후연금보증담보 주택에 대한 감.. (1) / 답변1 첨부1
  + [6582] ntt=24264 (4966) 차량 결함으로 인한 반품 말소관련 자동차세 질.. (1) / 답변1 첨부1
  + [6583] ntt=24257 (4965) 소유권확인 민사판결로 인하여 소유권이 변경되었.. (1) / 답변1 첨부1
  + [6584] ntt=24256 (4964) 자필유언으로 인한 취득세 신고시,  법원검인 .. (1) / 답변1 첨부1
[page 437 완료] 누적 신규 6584건  (이 게시판 저장 총 13,084건)
  + [6585] ntt=24249 (4963) 상속 보존 취득세의 환급 가능 여부 (1) / 답변1 첨부1
  + [6586] ntt=24245 (4962) 창업중소기업 감면에 대한 취득세 유예기간 적용.. (1) / 답변1 첨부1
  + [6587] ntt=24243 (4961) 취득세 과세표준 관련 (토지임차료) (1) / 답변1 첨부1
  + [6588] ntt=24242 (4960) 멸실예정 주택 주택판단여부 (1) / 답변1
  + [6589] ntt=24238 (4959) 지특법 제19조의2 아동복지시설에 대한 감면 .. (1) / 답변1 첨부1
  + [6590] ntt=24233 (4958) 과점주주 특수관계인 해당여부 ? (1) / 답변1 첨부1
  + [6591] ntt=24225 (4957) 보험료환급청구권의 소멸시효가 완성된 보험의 추.. (1) / 답변1 첨부1
  + [6592] ntt=24221 (4956) 대도시 외의 지역으로 이전하는 공장의 범위에 .. (1) / 답변1 첨부1
  + [6593] ntt=24220 (4955) 건축물 임시사용승인 연장에 따른 면적 증가분 .. (1) / 답변1 첨부1
  + [6594] ntt=24219 (4954) 법인 폐업 후 발생한 환급금의 권리자 문의 (1) / 답변1 첨부1
  + [6595] ntt=24213 (4953) 1인 주주의 변경시 창업판단 시기 (1) / 답변1 첨부1
  + [6596] ntt=24209 (4952) 장애등급제폐지후 자동차세 장애인감면대상확인 (1) / 답변1 첨부1
  + [6597] ntt=24207 (4951) 종교단체 감면부동산 해당 여부 - 수련관 (1) / 답변1 첨부1
  + [6598] ntt=24199 (4950) 대도시 본점이전 본점사용분 중과 및 임대분 중.. (1) / 답변1 첨부1
  + [6599] ntt=24196 (4949) 자경농민의 소유농지 면적제한관련 질문입니다. (1) / 답변1 첨부1
  + [6600] ntt=24195 (4948) 지방세특례제한법 180조의 2의 부동산집합투자.. (2) / 답변2 첨부1
  + [6601] ntt=24180 (4947) 임대 관련 문의입니다. (1) / 답변1 첨부1
  + [6602] ntt=24172 (4946) 과세관청의 부동산 압류에 대한 효력 유무에 대.. (1) / 답변1 첨부1
  + [6603] ntt=24171 (4945) 자경농민 감면 중 감면되는 진흥구연 안밖의 면.. (1) / 답변1 첨부1
  + [6604] ntt=24170 (4944) 회생개시일 이후 수시부과된 특별징수분에 대하여 (1) / 답변1 첨부1
  + [6605] ntt=24165 (4943) 지식산업센터 감면 대상 여부 (1) / 답변1 첨부1
  + [6606] ntt=24155 (4942) 송전선로 공사내역에서 전선 관련 비용 과세 제.. (1) / 답변1 첨부1
  + [6607] ntt=24154 (4941) 건축물 신축시 옥내저장조 취득 (1) / 답변1 첨부1
  + [6608] ntt=24152 (4940) 산업단지 감면 후 자가 물류센터로 사용시 추징.. (1) / 답변1 첨부1
  + [6609] ntt=24148 (4939) 증환지 취득세율 (1) / 답변1 첨부1
  + [6610] ntt=24144 (4938) 산업단지 내 신탁토지 재산세 감면에 대한 추징.. (1) / 답변1 첨부1
  + [6611] ntt=24137 (4937) 임대사업자가 임대의무기간 내에 사망한 후 상속.. (1) / 답변1 첨부1
  + [6612] ntt=24131 (4936) 산업단지 입주기업에 대한 재산세 감면율 적용 .. (1) / 답변1 첨부1
  + [6613] ntt=24125 (4935) 포상금 지급 관련 은닉재산 적용 여부 질의 (1) / 답변1 첨부1
  + [6614] ntt=24121 (4934) 직계존비속간 임대보증금으로 유상거래 인정해줄 .. (1) / 답변1 첨부1
[page 438 완료] 누적 신규 6614건  (이 게시판 저장 총 13,114건)
  + [6615] ntt=24112 (4933) 사권제한 토지 등에 대한 감면여부 (2) / 답변2 첨부1
  + [6616] ntt=24100 (4932) 신탁재산 부동산 압류 (1) / 답변1 첨부1
  + [6617] ntt=24092 (4931) 건물 공유물분할 취득세 부과 (1) / 답변1 첨부1
  + [6618] ntt=24091 (4930) 창업중소기업 감면 해당여부 (1) / 답변1 첨부1
  + [6619] ntt=24089 (4929) 감사원심사청구 결정에 따른 환급가산금 기산일과.. (1) / 답변1 첨부1
  + [6620] ntt=24084 (4928) 지방세법시행령 제101조 제1항 제2호 “시설.. (1) / 답변1 첨부1
  + [6621] ntt=24082 (4927) 보험증권 압류 후 채권 소멸시효 기간 (1) / 답변1 첨부1
  + [6622] ntt=24076 (4926) 법인지방소득세 전자신고 관련 가산세 문의 (1) / 답변1 첨부1
  + [6623] ntt=24059 (4925) 재산분(주민세) 사업소 해당 여부 문의 (1) / 답변1 첨부1
  + [6624] ntt=24052 (4924) 자동차세 장애인  감면 차량 대상 여부 (1) / 답변1 첨부1
  + [6625] ntt=24035 (4923) 창업중소기업 감면 합의해제에 따른 추징 가능 (1) / 답변1 첨부1
  + [6626] ntt=24033 (4922) 지방세 기본법 127~129조 관련 문의드립니.. (1) / 답변1 첨부1
  + [6627] ntt=24029 (4921) 판결로 상속 보존 취득세를 신고 납부하였으나 .. (1) / 답변1 첨부1
  + [6628] ntt=24024 (4920) 농업회사법인의 합의해제로 인한 추징가능 여부 (1) / 답변1 첨부1
  + [6629] ntt=24019 (4919) 취득시기 및 등기이후 계약이 갱신되어 취득금액.. (1) / 답변1 첨부1
  + [6630] ntt=24015 (4918) 법인(인적)분할에 따른 취득세 신고납부후 과세.. (1) / 답변1 첨부1
  + [6631] ntt=24014 (4917) 농업법인 설립으로 등록면허세(등록)를 면제 받.. (1) / 답변1 첨부1
  + [6632] ntt=24011 (4916) 산업단지 감면 유예기간 내 건축물 증축 등 미.. (1) / 답변1 첨부1
  + [6633] ntt=24010 (4915) 주민세 개인 균등분 관련 질의 (1) / 답변1 첨부1
  + [6634] ntt=24007 (4914) 미등기 재차상속시 취득세 납세의무 성립 여부 (1) / 답변1 첨부2
  + [6635] ntt=24005 (4913) 세무조사 중 발견한 각종 자문용역의 취득세 과.. (1) / 답변1 첨부1
  + [6636] ntt=24002 (4912) 주택과 분양권 교환 (1) / 답변1 첨부1
  + [6637] ntt=23998 (4911) 건물신축 취득가액 포함 여부 (1) / 답변1 첨부1
  + [6638] ntt=23990 (4910) 산업단지개발사업의 시행자의 재산세 감면 (1) / 답변1 첨부1
  + [6639] ntt=23981 (4909) 학교 구외에 있는 간호과 학생의 기숙사에 대한.. (1) / 답변1 첨부1
  + [6640] ntt=23976 (4908) 노인복지시설에 대한 감면 질의 (1) / 답변1 첨부1
  + [6641] ntt=23969 (4907) 미완성 건물을 경매받을 시 취득세 납부 방법 .. (1) / 답변1 첨부1
  + [6642] ntt=23963 (4906) 취득세 자진신고 행정처분 해당여부 질의 (1) / 답변1 첨부2
  + [6643] ntt=23959 (4905) 지특법 제11조 제1항 영농목적 부동산이란?[.. (1) / 답변1 첨부1
  + [6644] ntt=23955 (4904) 회원제에서 대중제로 전환된 골프장 사모사채를 .. (1) / 답변1 첨부2
[page 439 완료] 누적 신규 6644건  (이 게시판 저장 총 13,144건)
  + [6645] ntt=23952 (4903) 주택건설사업계획 승인 토지 (1) / 답변1 첨부2
  + [6646] ntt=23951 (4902) 폐업법인 소유의 부동산을 사실상 사용자에게 과.. (1) / 답변1 첨부1
  + [6647] ntt=23947 (4901) 주민세 종업원분 하나의 사업장으로 봐야하는지 .. (1) / 답변1 첨부1
  + [6648] ntt=23943 (4900) 부담부증여 부동산 범위 적용 관련 (1) / 답변1 첨부1
  + [6649] ntt=23942 (4899) 공공주택지구 과세대상구분 및 감면 문의 (1) / 답변1 첨부2
  + [6650] ntt=23941 (4898) 제조업 해당여부 질의 (1) / 답변1 첨부1
  + [6651] ntt=23936 (4897) 연부계약 중 사망, 파산선고로 대물변제계약에 .. (1) / 답변1 첨부1
  + [6652] ntt=23934 (4896) 지특법 제85조의2제1항제3호에 의거 지방공사.. (1) / 답변1 첨부1
  + [6653] ntt=23930 (4895) 창업벤처중소기업 관련 재질의(5.26.) (1) / 답변1 첨부1
  + [6654] ntt=23929 (4894) 지방세법 제15조 제1항 제1호 환매취득 관련.. (2) / 답변2 첨부1
  + [6655] ntt=23926 (4893) 토지수용 등으로 인한 대체취득에 대한 감면 적.. (1) / 답변1 첨부1
  + [6656] ntt=23913 (4892) 임대주택 관련하여 최초 분양에 해당하는 지 여.. (1) / 답변1 첨부1
  + [6657] ntt=23891 (4891) 회생관련 과점주주 취득세 과세대상 여부 (1) / 답변1 첨부1
  + [6658] ntt=23890 (4890) 진입도로 및 기둥 설치 된 토지를 건축중인 토.. (1) / 답변1 첨부1
  + [6659] ntt=23872 (4889) 대물변제계약 합의해제를 하여 전소유자에게 환원.. (1) / 답변1 첨부1
  + [6660] ntt=23868 (4888) 산업단지내 산업용 건축물 신축 토지 감면 추징.. (1) / 답변1 첨부2
  + [6661] ntt=23867 (4887) 자경농민 감면 후 농지 교환시 추징 여부 (1) / 답변1 첨부1
  + [6662] ntt=23863 (4886) 창업중소기업 업종추가 문의 (1) / 답변1 첨부1
  + [6663] ntt=23862 (4885) 선박(수상레저기구) 모터보트 과표적용 (1) / 답변1 첨부1
  + [6664] ntt=23853 (4884) 집합건물 소유권 보존시 설정된 공동담보 저당권.. (1) / 답변1 첨부1
  + [6665] ntt=23851 (4883) 용도 문의드립니다. (1) / 답변1 첨부2
  + [6666] ntt=23846 (4882) 광업용 기계장비 납세의무자 및 샌드플랜트 관련.. (1) / 답변1 첨부1
  + [6667] ntt=23836 (4881) 실제 잔금 지급하지 않고 60일 이후 계약해제.. (1) / 답변1 첨부1
  + [6668] ntt=23833 (4880) (재질의)토지 취득가액 포함 여부 (1) / 답변1 첨부1
  + [6669] ntt=23832 (4879) 국세청 통보자료에 대한 지방소득세 특별징수분 .. (1) / 답변1 첨부1
  + [6670] ntt=23830 (4878) 자경농민감면 관련 문의 (1) / 답변1 첨부1
  + [6671] ntt=23826 (4877) 과세예고통지 관련 질의입니다. (1) / 답변1 첨부1
  + [6672] ntt=23819 (4876) 농업법인 영농.유통.가공 감면 추징 사유 해당.. (1) / 답변1 첨부1
  + [6673] ntt=23818 (4875) 현물출자로 취득한 임대용 건축물을 임대수입이 .. (1) / 답변1 첨부1
  + [6674] ntt=23816 (4874) 장애인차량 감면 관련 부탁드립니다. (1) / 답변1 첨부1
[page 440 완료] 누적 신규 6674건  (이 게시판 저장 총 13,174건)
  + [6675] ntt=23814 (4873) 감면조항 해석 (1) / 답변1 첨부1
  + [6676] ntt=23811 (4872) 군세 감면조례 관련 질문 (1) / 답변1 첨부1
  + [6677] ntt=23809 (4871) 법인 조직변경시 등록면허세 세율 문의 (1) / 답변1 첨부1
  + [6678] ntt=23807 (4870) 압류 해제  가능 여부 (1) / 답변1 첨부1
  + [6679] ntt=23803 (4869) 취득세 과세표준 질의 (1) / 답변1
  + [6680] ntt=23796 (4868) 무허가건축물 재산세과세대장 등재 (1) / 답변1 첨부1
  + [6681] ntt=23792 (4867) <과점주주>특수관계인간의 주식거래시 과점주주 .. (1) / 답변1 첨부1
  + [6682] ntt=23780 (4866) 재산세 납세의무(사용자 납부의무) (1) / 답변1 첨부1
  + [6683] ntt=23775 (4865) 4834번에 대한 추가 질의 (1) / 답변1 첨부1
  + [6684] ntt=23771 (4864) 대학부지내 일반법인 소유 토지의 감면 적용 여.. (1) / 답변1 첨부1
  + [6685] ntt=23764 (4863) 차종변경(화물->특수)로 인한 자동차세 감면여.. (1) / 답변1 첨부1
  + [6686] ntt=23761 (4862) 주택건설사업자 면허취소 시 취득세 중과 추징 .. (1) / 답변1 첨부1
  + [6687] ntt=23759 (4861) 상속주택 일부지분만 보유한 경우 상속미등기 주.. (1) / 답변1 첨부1
  + [6688] ntt=23751 (4860) 종교시설용 부동산 취득세 사후 감면(경정청구).. (1) / 답변1 첨부1
  + [6689] ntt=23748 (4859) 신탁에  따른 지식산업센터 취득세 감면 질의 (1) / 답변1 첨부1
  + [6690] ntt=23747 (4858) 과세예고통지 및 과세전적부심사대상인지 여부 문.. (1) / 답변1 첨부1
  + [6691] ntt=23744 (4857) 취득가액 포함 여부(신축시 토지 오염토 처리 .. (1) / 답변1 첨부1
  + [6692] ntt=23738 (4856) 지방보조사업비 회수에 관한 질의 (1) / 답변1
  + [6693] ntt=23729 (4855) 개정 전 지방세법 제109조(비과세) 제2항과.. (2) / 답변2 첨부1
  + [6694] ntt=23728 (4854) 대형화재위험건축물 지역자원시설세 3배 중과 관.. (1) / 답변1 첨부1
  + [6695] ntt=23725 (4853) 개인과 법인 거래시 취득과표 적용에 대한 문의 (2) / 답변2 첨부1
  + [6696] ntt=23719 (4852) 적격분할 관련 질의 (1) / 답변1 첨부2
  + [6697] ntt=23714 (4851) 귀농인 농업외 산업 종사 (목사) (1) / 답변1 첨부1
  + [6698] ntt=23709 (4850) 미완공 건물에 대한 보존등기 시 과세표준 산정.. (1) / 답변1 첨부1
  + [6699] ntt=23705 (4849) 사망전 거래 부동산에 대한 소송(조정)에 따라.. (1) / 답변1 첨부1
  + [6700] ntt=23696 (4848) 개인회생중인 체납자 소유차량 공매 가능 여부 (1) / 답변1 첨부1
  + [6701] ntt=23694 (4847) 토지교환에 따른 과세표준 문의 (1) / 답변1 첨부1
  + [6702] ntt=23690 (4846) 토지수용 대체취득 부동산 - 부재부동산 소유자.. (1) / 답변1 첨부1
  + [6703] ntt=23688 (4845) 현물출자 감면 관련입니다. (1) / 답변1 첨부1
  + [6704] ntt=23685 (4844) 체납처분(부동산 공매) 집행과 제3자의 소유권.. (1) / 답변1 첨부1
[page 441 완료] 누적 신규 6704건  (이 게시판 저장 총 13,204건)
  + [6705] ntt=23683 (4843) 신용협동조합 감면 관련 재질의 (1) / 답변1 첨부1
  + [6706] ntt=23680 (4842) 분양권 증여에 따른 1세대 4주택 적용 문의 (1) / 답변1 첨부1
  + [6707] ntt=23675 (4841) 현물출자 관련 (1) / 답변1 첨부1
  + [6708] ntt=23667 (4840) 직계존비속간의 부담부 증여 질의 (1) / 답변1 첨부1
  + [6709] ntt=23666 (4839) 말소된 가등기가 회복되어  본등기됨에 따라, .. (1) / 답변1 첨부1
  + [6710] ntt=23649 (4838) 산업단지 준공에 따른 과세표준액 산출 기준이 .. (1) / 답변1 첨부1
  + [6711] ntt=23648 (4837) 창업벤처중소기업 감면대상 판단 (1) / 답변1 첨부1
  + [6712] ntt=23643 (4836) 주민세(개인균등분) 질의 (1) / 답변1 첨부1
  + [6713] ntt=23641 (4835) 상속으로 인한 납세의무의 승계 (1) / 답변1 첨부1
  + [6714] ntt=23640 (4834) 기초생활수급자 보장비용 부정수급 환수 조치분 .. (1) / 답변1 첨부2
  + [6715] ntt=23639 (4833) 경매배당순위 (1) / 답변1 첨부1
  + [6716] ntt=23635 (4832) 자경농민 요건을 갖춘 배우자간 농업용 시설물 .. (1) / 답변1 첨부1
  + [6717] ntt=23634 (4831) 휴지신고한 어린이집에 대한 재산세 감면 여부 (1) / 답변1 첨부1
  + [6718] ntt=23632 (4830) 공공기관 임직원이 주택 취득일 이후 본사로 발.. (1) / 답변1 첨부1
  + [6719] ntt=23630 (4829) 고지유예기간의 시작일 및 납세의무확정 이후 고.. (1) / 답변1 첨부1
  + [6720] ntt=23610 (4828) 창업중소기업 감면 해당여부(사실상 법인전환 추.. (1) / 답변1 첨부1
  + [6721] ntt=23609 (4827) 서민주택 취득일로부터 2년이내 주소를 잠시 옮.. (2) / 답변2 첨부1
  + [6722] ntt=23592 (4826) 신혼부부감면  주택소유 판단 (1) / 답변1 첨부1
  + [6723] ntt=23589 (4825) 소유권이전등기 판결 이후 등기 이전을 안하는 .. (1) / 답변1 첨부1
  + [6724] ntt=23587 (4824) 산업단지 시행자의 국가소유 토지 취득시 매각제.. (1) / 답변1 첨부1
  + [6725] ntt=23585 (4823) 등기상 소유자가 1988년 사망자일 경우 주된.. (1) / 답변1 첨부1
  + [6726] ntt=23583 (4822) 1년 미만 휴지 신고한 어린이집에 대한 재산세.. (1) / 답변1 첨부1
  + [6727] ntt=23581 (4821) 과밀억제권역 내 본점 대도시 외 지역으로 이전.. (1) / 답변1 첨부1
  + [6728] ntt=23573 (4820) 주민세(종업원분)의 과세요건인 일용근로자 소속.. (1) / 답변1 첨부1
  + [6729] ntt=23572 (4819) 자동차세 한정승읜 질의 (1) / 답변1 첨부1
  + [6730] ntt=23568 (4818) 산업단지 실시계획 승인 된 토지 별도합산 적용.. (1) / 답변1 첨부1
  + [6731] ntt=23562 (4817) 임대사업자 추징 관련 (1) / 답변1 첨부1
  + [6732] ntt=23560 (4816) 부담부증여 관련 부채가 부동산 2개에 묶여 있.. (1) / 답변1 첨부1
  + [6733] ntt=23556 (4815) 부동산 공매 미지급 배분금 지급관련 (1) / 답변1
  + [6734] ntt=23552 (4814) 개발제한구역 내 동식물관련시설의 부속토지 과세.. (1) / 답변1 첨부1
[page 442 완료] 누적 신규 6734건  (이 게시판 저장 총 13,234건)
  + [6735] ntt=23547 (4813) 주민세(개인균등분) 제외건 관련 (1) / 답변1 첨부1
  + [6736] ntt=23542 (4812) 자경농민 감면 문의 (1) / 답변1 첨부1
  + [6737] ntt=23539 (4811) 백화점과 인접한 토지의 별도합산 적용 여부 (1) / 답변1 첨부1
  + [6738] ntt=23537 (4810) 간이수영장을 비이동식으로 설치한 경우 (1) / 답변1 첨부1
  + [6739] ntt=23533 (4809) 현물출자 취득세 과세표준 문의 (1) / 답변1 첨부1
  + [6740] ntt=23531 (4808) 사회복지법인 주민세재산분,종업원분 비과세 적용 (1) / 답변1 첨부1
  + [6741] ntt=23521 (4807) 옥외에 설치된 수영장 (1) / 답변1 첨부1
  + [6742] ntt=23518 (4806) 가설건축물 취득세 관련질의 (1) / 답변1 첨부1
  + [6743] ntt=23513 (4805) LH공사가가 택지조성(대지)에 따른 지목변경시.. (1) / 답변1 첨부1
  + [6744] ntt=23508 (4804) 현물출자취득세 감면 관련 질의드립니다. (1) / 답변1 첨부1
  + [6745] ntt=23507 (4803) 지방세환급기산일 문의 (1) / 답변1 첨부1
  + [6746] ntt=23498 (4802) 과점주주 취득세 관련 문의 (1) / 답변1 첨부1
  + [6747] ntt=23491 (4801) 등기 완료 후 개인착오로 합의해제시 취득세 환.. (1) / 답변1 첨부1
  + [6748] ntt=23486 (4800) 전환국립대학법인의 취득세 비과세 해당여부에 관.. (1) / 답변1 첨부1
  + [6749] ntt=23481 (4799) 주택개량주택의 증축으로 인한 재산세 질의 드립.. (1) / 답변1 첨부1
  + [6750] ntt=23479 (4798) 영농조합법인 재산세 감면 질의 드립니다. (1) / 답변1 첨부1
  + [6751] ntt=23467 (4797) 차량취득세 장애인감면  추징에서 정당한 사유에.. (1) / 답변1 첨부1
  + [6752] ntt=23462 (4796) 멸실 압류해제 요건 추가와 관련하여 질문드립니.. (1) / 답변1 첨부1
  + [6753] ntt=23451 (4795) 과점주주의 취득세 과세표준 적용 문의 (1) / 답변1 첨부1
  + [6754] ntt=23444 (4794) 산업단지 준공에 따른 지목변경 취득금액 문의 (1) / 답변1 첨부1
  + [6755] ntt=23442 (4793) 사업양수도 방법에 의한 법인전환 감면요건(사업.. (1) / 답변1 첨부1
  + [6756] ntt=23435 (4792) 산업단지 재생사업의 시행자에 대한 감면적용 문.. (1) / 답변1 첨부1
  + [6757] ntt=23432 (4791) 법인에 대한 제2차납세의무자 지정 부과제척기간.. (1) / 답변1 첨부1
  + [6758] ntt=23428 (4790) 상속인의 체납을 원인으로 피상속인의 재산을 체.. (1) / 답변1 첨부1
  + [6759] ntt=23423 (4789) 철거 대상인 건축물에 대한 취득세 부과 가능 .. (1) / 답변1 첨부1
  + [6760] ntt=23416 (4788) 과오납 환불 지급정지 문의 (1) / 답변1 첨부1
  + [6761] ntt=23412 (4787) 상속 취득세 추징관련 문의 (1) / 답변1 첨부1
  + [6762] ntt=23409 (4786) 공유물분할 후 미등기에 대한 재산세 납세의무자.. (1) / 답변1 첨부1
  + [6763] ntt=23407 (4785) 법인과의 매매계약 및 실제 잔금 지급 후 거래.. (1) / 답변1 첨부1
  + [6764] ntt=23404 (4784) 담배소비세 납세의무 성립시기에 대해 질의드립니.. (1) / 답변1 첨부1
[page 443 완료] 누적 신규 6764건  (이 게시판 저장 총 13,264건)
  + [6765] ntt=23394 (4783) 법인이 가산세 감면신청하는 경우  납세자 또는.. (1) / 답변1 첨부1
  + [6766] ntt=23393 (4782) 미신고 상속 재산세 납세의무자 지정 질의드립니.. (1) / 답변1 첨부1
  + [6767] ntt=23381 (4781) 산업단지 대수선 감면 (1) / 답변1 첨부1
  + [6768] ntt=23376 (4780) 건물 착공행위가 고유업무에 직접 사용하기 위하.. (1) / 답변1 첨부1
  + [6769] ntt=23363 (4779) 지역주택조합추진위원회(가칭) 관련 문의 (1) / 답변1 첨부1
  + [6770] ntt=23362 (4778) 아파트 신축시, 방음벽설치비용 취득가액 포함 .. (1) / 답변1 첨부1
  + [6771] ntt=23360 (4777) 산업단지내 공장용 건축물을 3년 직접 사용후 .. (1) / 답변1 첨부1
  + [6772] ntt=23357 (4776) 개발제한구역이면서 지형도면이 고시된 후 10년.. (1) / 답변1 첨부1
  + [6773] ntt=23353 (4775) 주택임대사업자 재산세 감면 문의 (1) / 답변1 첨부1
  + [6774] ntt=23350 (4774) 도시형공장 직접사용여부 (1) / 답변1 첨부1
  + [6775] ntt=23347 (4773) 상속취득세(부동산) 관련하여 문의드립니다. (1) / 답변1 첨부1
  + [6776] ntt=23339 (4772) 체납자 신용정보 등록 철회 가능 여부 관련 질.. (1) / 답변1 첨부1
  + [6777] ntt=23338 (4771) 토석채취 사업 종료에 따른 재산세 과세전환 질.. (1) / 답변1 첨부2
  + [6778] ntt=23312 (4770) 사업대상 부지 내의 무상귀속 토지 변경에 따른.. (1) / 답변1 첨부1
  + [6779] ntt=23309 (4769) 주거지역 내에 있는 지식산업센터 감면 여부 (1) / 답변1 첨부1
  + [6780] ntt=23293 (4768) 직권말소차량 공매 가능 여부 (1) / 답변1 첨부1
  + [6781] ntt=23291 (4767) 과세대장발급여부 질의드립니다. (1) / 답변1 첨부1
  + [6782] ntt=23279 (4766) 법인 흡수합병 후 지분증가 시 과점주주 취득세.. (1) / 답변1 첨부1
  + [6783] ntt=23258 (4765) 문화재보호구역 감면 문의 (1) / 답변1 첨부1
  + [6784] ntt=23257 (4764) 진정명의회복을 원인으로 한 소유권이전등기절차 (1) / 답변1 첨부1
  + [6785] ntt=23255 (4763) 교회와 유지재단 간 명의신탁 문의 (1) / 답변1 첨부1
  + [6786] ntt=23254 (4762) 번호-19605 상속 취득세관련 추가 문의 드.. (1) / 답변1 첨부1
  + [6787] ntt=23250 (4761) 창업중소기업 감면 요건 중 창업중소기업의 범위.. (1) / 답변1 첨부1
  + [6788] ntt=23246 (4760) 농업법인 영농감면 추징 기산일 문의의 건 (1) / 답변1 첨부1
  + [6789] ntt=23243 (4759) 지방세법시행령 제27조관련 법인 중과세율 문의 (1) / 답변1 첨부1
  + [6790] ntt=23241 (4758) 상속취득세 부과 관련 문의 드립니다. (1) / 답변1 첨부1
  + [6791] ntt=23240 (4757) 공장 및 광업재단 저당법에 따른 저당권 설정 .. (1) / 답변1 첨부1
  + [6792] ntt=23239 (4756) <과세예고> 납세고지하려는 세액의 30만원 이.. (1) / 답변1 첨부1
  + [6793] ntt=23234 (4755) 증여로 인한 취득신고 후 미등기상태에서 상속에.. (1) / 답변1 첨부1
  + [6794] ntt=23217 (4754) 국민주택규모 아파트 신축 후 토지 취득시 납부.. (1) / 답변1 첨부1
[page 444 완료] 누적 신규 6794건  (이 게시판 저장 총 13,294건)
  + [6795] ntt=23215 (4753) 상속 취득세 납부후 미등기물건에 대한 대위등기.. (1) / 답변1 첨부1
  + [6796] ntt=23195 (4752) 재산세  세부담 상한 계산방법 질의 (1) / 답변1 첨부1
  + [6797] ntt=23191 (4751) 경찰관서 차량 비과세 관련 문의 (1) / 답변1 첨부1
  + [6798] ntt=23190 (4750) 고급오락장 취득세 중과 관련 질의 (1) / 답변1 첨부1
  + [6799] ntt=23186 (4749) 분양의 경우 잔금 미납을 원인으로 기납부한 취.. (1) / 답변1 첨부1
  + [6800] ntt=23185 (4748) 재산세 과세전적부심사 가능여부 문의드립니다. (1) / 답변1 첨부1
  + [6801] ntt=23183 (4747) 산업단지 감면 토지에 3년 내 착공 미준공 추.. (2) / 답변2 첨부1
  + [6802] ntt=23171 (4746) 차량 수납지연 가산세 문의드립니다. (1) / 답변1 첨부1
  + [6803] ntt=23168 (4745) 지분취득 부담부증여 시 취득세 (1) / 답변1 첨부1
  + [6804] ntt=23165 (4744) 인적설비 판단(지점 취득세 중과 관련) (1) / 답변1 첨부1
  + [6805] ntt=23161 (4743) 1가구4주택 1%주택세율 적용 가능여부 문의합.. (1) / 답변1 첨부1
  + [6806] ntt=23158 (4742) 체납있는 경우 연말정산 환급 재질의 (1) / 답변1 첨부1
  + [6807] ntt=23156 (4741) 지특법 제12조 어업법인의 영농, 유통, 가공.. (1) / 답변1 첨부1
  + [6808] ntt=23152 (4740) 부담부증여 지분취득 시 유상세율 (1) / 답변1 첨부1
  + [6809] ntt=23149 (4739) 야영장업 관련 유원지부지에 대해 별도합산과세대.. (1) / 답변1 첨부1
  + [6810] ntt=23148 (4738) 호주 상속에 관한 질의 (2) / 답변2
  + [6811] ntt=23142 (4737) 주식소유지분이 40% 이더라도, 실질적으로 과.. (1) / 답변1 첨부1
  + [6812] ntt=23141 (4736) 창업중소기업 감면 질의 (1) / 답변1 첨부1
  + [6813] ntt=23136 (4735) 지방세법 15조에 의한 세율특례 규정을 적용할.. (1) / 답변1 첨부1
  + [6814] ntt=23130 (4734) 토지,주택 시가표준액 결정에 따른 지방세심의 .. (1) / 답변1 첨부1
  + [6815] ntt=23126 (4733) 경매낙찰시 말소 등록면허세(등록) 관련 질의 (1) / 답변1 첨부1
  + [6816] ntt=23124 (4732) 연대납세의무자 재산(차량) 압류 문의 (1) / 답변1 첨부1
  + [6817] ntt=23121 (4731) 법인 지방이전 감면 적용 여부 (1) / 답변1 첨부1
  + [6818] ntt=23118 (4730) 사업인정 고시일 전 대체취득 시 감면대상 여부 (1) / 답변1 첨부1
  + [6819] ntt=23115 (4729) 공익사업을 위한 토지 등의 취득 및 보상에 관.. (1) / 답변1 첨부1
  + [6820] ntt=23112 (4728) 사업자번호로 부과된 체납자료 법인번호로 정비 .. (1) / 답변1 첨부1
  + [6821] ntt=23099 (4727) 차량구조변경 관련 문의 (2) / 답변2 첨부1
  + [6822] ntt=23090 (4726) 여객운수사업법인이 물적분할 취득세 신고 납부 .. (1) / 답변1 첨부1
  + [6823] ntt=23084 (4725) 신탁회사 재산 압류 가능 여부 문의 (1) / 답변1 첨부2
  + [6824] ntt=23081 (4724) 대도시 중과배제업종인 "소프트웨어업"에 해당되.. (1) / 답변1 첨부1
[page 445 완료] 누적 신규 6824건  (이 게시판 저장 총 13,324건)
  + [6825] ntt=23071 (4723) "태양광발전시설"이 창업중소기업 감면대상인 ".. (1) / 답변1 첨부1
  + [6826] ntt=23067 (4722) 과점주주 간주취득세 과세대상 여부 문의 (1) / 답변1 첨부1
  + [6827] ntt=23058 (4721) 장애인 차량 감면 대상자 변경질문 (1) / 답변1 첨부1
  + [6828] ntt=23054 (4720) 주택유상거래 취득세율 적용시 주택수 산정 기준 (1) / 답변1 첨부1
  + [6829] ntt=23040 (4719) 자녀 유학으로 인한 세대원 편입으로 1세대 4.. (1) / 답변1 첨부1
  + [6830] ntt=23034 (4718) 농업협동조합 취득세 감면 문의입니다. (1) / 답변1 첨부1
  + [6831] ntt=23020 (4717) 유언공증 취득신고 후 미등기시 상속 취득세 납.. (1) / 답변1 첨부1
  + [6832] ntt=23019 (4716) 소유권이전등기 말소 확정판결 후 미 이행시 취.. (1) / 답변1 첨부1
  + [6833] ntt=23018 (4715) 연부 대체취득시 보상금을 받은날(취득이 가능한.. (1) / 답변1 첨부1
  + [6834] ntt=23017 (4714) 멸실인정 차량에 대한 차량압류 해제 여부 (1) / 답변1 첨부1
  + [6835] ntt=23010 (4713) 등록면허세(열기자재의검사관련) (1) / 답변1 첨부1
  + [6836] ntt=23009 (4712) 체납처분 중지 요구관련 추가질의 (1) / 답변1 첨부1
  + [6837] ntt=23008 (4711) 송달의 효력 문의 (1) / 답변1 첨부1
  + [6838] ntt=23003 (4710) 대수선 설계변경 관련 면허세 부과 여부 (1) / 답변1 첨부1
  + [6839] ntt=22998 (4709) 열병합 발전소의 지역자원시설세  중과세 관련 (1) / 답변1 첨부1
  + [6840] ntt=22991 (4708) 상속취득 감면시 1가구1주택 적용기준 문의 (1) / 답변1 첨부1
  + [6841] ntt=22982 (4707) 조합명의로 취득한 토지의  조합원 이전시 취득.. (1) / 답변1 첨부1
  + [6842] ntt=22972 (4706) 자동차야영장 시설 부속토지가   토지분 재산세.. (1) / 답변1 첨부1
  + [6843] ntt=22971 (4705) 기업도시감면 추징(재질의) (1) / 답변1 첨부1
  + [6844] ntt=22967 (4704) 지입차량 취득세 문의드립니다. (1) / 답변1 첨부1
  + [6845] ntt=22963 (4703) 상속 자경농민 감면후 감면조건 미이행에 따른 .. (1) / 답변1
  + [6846] ntt=22961 (4702) 지방소득세 종합소득분 납세지 문의합니다. (1) / 답변1 첨부1
  + [6847] ntt=22959 (4701) 지방소득세(특별징수) 체납 있는 경우 연말정산.. (1) / 답변1 첨부1
  + [6848] ntt=22958 (4700) 법인지방소득세 결손금 소급공제 신청 관련 (1) / 답변1 첨부1
  + [6849] ntt=22954 (4699) 임대주택 감면 가능여부 (1) / 답변1 첨부1
  + [6850] ntt=22949 (4698) 부동산압류 가능 여부 문의 (1) / 답변1 첨부1
  + [6851] ntt=22946 (4697) 지방세 징수법 제62조 2항 6호 신설조항의 .. (1) / 답변1
  + [6852] ntt=22944 (4696) 재산세의 납세의무자를 누구로 해야 하는지? (1) / 답변1 첨부1
  + [6853] ntt=22939 (4695) 원형지에 대하여 지방세특례제한법 제45조의2 .. (1) / 답변1 첨부1
  + [6854] ntt=22924 (4694) (4689) 추가질의 드립니다. (1) / 답변1 첨부1
[page 446 완료] 누적 신규 6854건  (이 게시판 저장 총 13,354건)
  + [6855] ntt=22923 (4693) (4691) 재질의 및 추가 질문입니다. (1) / 답변1 첨부2
  + [6856] ntt=22918 (4692) "연구용역컨설팅"이 창업중소기업 감면대상인 ".. (1) / 답변1 첨부1
  + [6857] ntt=22915 (4691) 지방세 상계 및 건설자금이자 관련 질문 (1) / 답변1 첨부1
  + [6858] ntt=22914 (4690) 장학재단 엘리베이터 개수 감면 적용 (1) / 답변1 첨부1
  + [6859] ntt=22907 (4689) 다가구주택(주상복합) 의 장기일반민안임대주택 .. (1) / 답변1 첨부1
  + [6860] ntt=22899 (4688) 신탁회사 재산세 추징 문의 (1) / 답변1 첨부1
  + [6861] ntt=22892 (4687) [재질의]납세의무성립일이 경과한 재산세의 경우.. (1) / 답변1 첨부1
  + [6862] ntt=22890 (4686) 산업단지 실시계획승인 된  토지 재산세 부과 (1) / 답변1 첨부1
  + [6863] ntt=22889 (4685) 자경농민에 해당하는지 여부 (1) / 답변1 첨부1
  + [6864] ntt=22882 (4684) 상속협의로 취득세 신고후, 8년후 등기시에는 .. (1) / 답변1 첨부1
  + [6865] ntt=22874 (4683) 창업중소기업감면 해당여부(가족기업) (1) / 답변1 첨부1
  + [6866] ntt=22869 (4682) 체납처분 중지 요구 관련질문입니다. (1) / 답변1 첨부1
  + [6867] ntt=22868 (4681) 합병으로  기존 주주간 특수관계 성립 여부 (1) / 답변1 첨부1
  + [6868] ntt=22863 (4680) 자원순환관련시설(폐기물재활용시설)의 지역자원시.. (1) / 답변1
  + [6869] ntt=22861 (4679) 농업회사법인  감면 후 소유권이전등기 후 합의.. (1) / 답변1 첨부1
  + [6870] ntt=22859 (4678) 대수선 과세표준 (1) / 답변1 첨부1
  + [6871] ntt=22857 (4677) 사실상의 취득 관련한 취득세 문의 (1) / 답변1 첨부1
  + [6872] ntt=22855 (4676) 상속 대위등기에 따른 납세의무자 지정 (1) / 답변1 첨부1
  + [6873] ntt=22847 (4675) 지식산업센터 감면주체 관련 (1) / 답변1 첨부1
  + [6874] ntt=22846 (4674) 택지개발이 완료된 지역의 농지 분리과세 적용여.. (1) / 답변1 첨부1
  + [6875] ntt=22842 (4673) 조직변경후 부동산을 취득할 경우 등록면허세(등.. (1) / 답변1 첨부1
  + [6876] ntt=22840 (4672) 버섯재배사 토지 질의 드립니다. (1) / 답변1 첨부1
  + [6877] ntt=22832 (4671) 장애인 공동명의 차량 대체취득 감면적용 가능 .. (1) / 답변1 첨부1
  + [6878] ntt=22828 (4670) 주택세율 적용시 주택수 산정 기준 궁금합니다. (1) / 답변1 첨부1
  + [6879] ntt=22827 (4669) 기업도시 감면 추징 질의합니다. (1) / 답변1 첨부1
  + [6880] ntt=22825 (4668) 인력기준과 설치기준을 충족한 사회복지시설에 해.. (1) / 답변1 첨부1
  + [6881] ntt=22821 (4667) 취득세는 실질과세주의를 따르는데 이미 등기가 .. (1) / 답변1 첨부1
  + [6882] ntt=22820 (4666) 고지유예에 대한 부과제척기간 (1) / 답변1 첨부1
  + [6883] ntt=22817 (4665) 창업중소기업 감면대상인 연구개발업에 해당되는지.. (1) / 답변1 첨부1
  + [6884] ntt=22813 (4664) 공동소유의 다가구 주택의 경우, 임차보증금을 .. (2) / 답변2 첨부1
[page 447 완료] 누적 신규 6884건  (이 게시판 저장 총 13,384건)
  + [6885] ntt=22799 (4663) 이자소득만 있는 비영리내국법인 신고 (1) / 답변1 첨부1
  + [6886] ntt=22796 (4662) 농협 고유업무 판단 시 정관 규정.. (1) / 답변1 첨부1
  + [6887] ntt=22795 (4661) 일반 건축물의 지하주차장 입력관련 질의 사항 .. (1) / 답변1
  + [6888] ntt=22781 (4660) 기부채납용 부동산 경정청구(환급) 가능 여부 (1) / 답변1 첨부1
  + [6889] ntt=22777 (4659) 농협이 고유업무에 직접사용하는 부동산에 해당하.. (1) / 답변1 첨부1
  + [6890] ntt=22774 (4658) 분양 취득신고.완납 이후 – 부과취소가 가능한.. (1) / 답변1 첨부1
  + [6891] ntt=22772 (4657) 종교단체 재산세 감면 문의 드립니다. (1) / 답변1 첨부1
  + [6892] ntt=22770 (4656) 징수유예등에 관한 문의 (1) / 답변1 첨부1
  + [6893] ntt=22768 (4655) 체납처분 유예 결정 시 결정 이후 발생 되는 .. (1) / 답변1 첨부1
  + [6894] ntt=22767 (4654) 종교단체 증여관련 문의 (1) / 답변1
  + [6895] ntt=22766 (4653) 지특법 제31조제1항 감면 질의 (1) / 답변1 첨부1
  + [6896] ntt=22764 (4652) 지역자원시설세(지하수) 과세 제외대상이 궁금합.. (1) / 답변1 첨부3
  + [6897] ntt=22762 (4651) 종교용으로 보아 재산세 감면 할 수 있을지 검.. (1) / 답변1 첨부1
  + [6898] ntt=22759 (4650) 재산세 납세의무자 누구에게 성립되는지 질의 드.. (1) / 답변1 첨부1
  + [6899] ntt=22754 (4649) 고급주택의 부속토지 (지목변경) (1) / 답변1 첨부1
  + [6900] ntt=22751 (4648) 공부상 현황상 지목이 모두 도로, 자치단체가 .. (1) / 답변1
  + [6901] ntt=22750 (4647) 체납처분중지 결정 시 재산압류해제일  적용일 (1) / 답변1 첨부1
  + [6902] ntt=22746 (4646) 대수선 시가표준 산출시 면적 산정방법 (1) / 답변1 첨부1
  + [6903] ntt=22745 (4645) 증축과 대수선 (건축물의 외벽에 사용하는 마감.. (1) / 답변1
  + [6904] ntt=22742 (4644) 파산법인의 경매 배당금 - 법원 경매계에서 직.. (1) / 답변1 첨부1
  + [6905] ntt=22736 (4643) 지방세법시행령 제28조 제5항 제4호 유흥주점.. (1) / 답변1
  + [6906] ntt=22723 (4642) 학교의 해당 사업에 직접 사용하기 위해 취득한.. (1) / 답변1
  + [6907] ntt=22687 (4641) 소유권이전 이행명령 판결에 의한 소유권 이전시.. (1) / 답변1
  + [6908] ntt=22680 (4640) 공동명의 자동차 공매시 서류의 송달 및 배분관.. (1) / 답변1 첨부1
  + [6909] ntt=22678 (4639) 농업법인 감면 추징관련 (1) / 답변1
  + [6910] ntt=22675 (4638) 1990.5.31.이후 명의신탁해지로 인한 소.. (1) / 답변1 첨부1
  + [6911] ntt=22667 (4637) 채권을 보전하거나 행사할 목적으로 취득하는 부.. (1) / 답변1 첨부1
  + [6912] ntt=22663 (4636) 등록면허세(면허분) 과세기간 질의 (1) / 답변1 첨부1
  + [6913] ntt=22661 (4635) 정도가 심한 장애인 명의의 대포차(운행정지명령.. (1) / 답변1 첨부1
  + [6914] ntt=22660 (4634) 지역자원시설세 중과(창고)관련 문의 (1) / 답변1 첨부2
[page 448 완료] 누적 신규 6914건  (이 게시판 저장 총 13,414건)
  + [6915] ntt=22653 (4633) 식물원의 야외 전시장용 토지 (1) / 답변1 첨부1
  + [6916] ntt=22651 (4632) 지분으로 부담부 증여시 승계채무액 비율 적용문.. (1) / 답변1 첨부1
  + [6917] ntt=22641 (4631) 미등기 토지 재산세 납세의무자 질의 (1) / 답변1 첨부1
  + [6918] ntt=22637 (4630) 일반법인의 농지 취득 관련 취득 시기 문의 (1) / 답변1 첨부2
  + [6919] ntt=22636 (4629) 골프장 코스내 도로에 열선공사시 취득세과세여부 (1) / 답변1 첨부2
  + [6920] ntt=22633 (4628) 현물출자 취득세 감면  관련 문의 (1) / 답변1 첨부1
  + [6921] ntt=22629 (4627) 조합원아파트 승계 취득세 관하여 (1) / 답변1 첨부1
  + [6922] ntt=22628 (4626) 가설건축물 취득세 납부후 다른곳으로 이동한경우.. (1) / 답변1 첨부1
  + [6923] ntt=22624 (4625) 사망자 소유 부동산 공매 관련 질의 (1) / 답변1 첨부1
  + [6924] ntt=22612 (4624) 지방세법 제13조1항 공장 신증설 구 취득세 .. (1) / 답변1 첨부1
  + [6925] ntt=22609 (4623) [재질의] 매수인과 매도인이 동일한 경우 취득.. (1) / 답변1 첨부2
  + [6926] ntt=22608 (4622) 법인이 자기주식 취득시 과점비율 관련 (1) / 답변1 첨부1
  + [6927] ntt=22602 (4621) 유상 취득한 주거용 건축물이 지특법제16조에 .. (2) / 답변2 첨부1
  + [6928] ntt=22599 (4620) 유흥주점 중과세 시 유흥접객원 고용 여부? (1) / 답변1 첨부1
  + [6929] ntt=22594 (4619) 지방세법 15조 1항 2호 상속으로 인한 취득 (1) / 답변1
  + [6930] ntt=22591 (4618) 미성년자 상속에 따른 취득세 신고납부 여부 문.. (1) / 답변1 첨부1
  + [6931] ntt=22590 (4617) 지특법 제50조 제2항관련 질의 (1) / 답변1
  + [6932] ntt=22586 (4616) 불법건축물, 불법산지전용 된 토지에대해 원상복.. (1) / 답변1 첨부1
  + [6933] ntt=22583 (4615) 송달사실 불입증으로 인한 부과취소 문의 (1) / 답변1 첨부1
  + [6934] ntt=22582 (4614) 체납처분유예 가능여부 문의 (1) / 답변1 첨부1
  + [6935] ntt=22581 (4613) 지방세기본법 제26조 및 시행령 제7조와 관련.. (1) / 답변1 첨부1
  + [6936] ntt=22578 (4612) 자경농민 감면 여부 (1) / 답변1 첨부1
  + [6937] ntt=22576 (4611) 취득세 신고납부후 부가가치세 수정신고 요청시 .. (1) / 답변1 첨부1
  + [6938] ntt=22575 (4610) 법인지방소득세 기계장치의 범위 (1) / 답변1 첨부1
  + [6939] ntt=22574 (4609) 4573답변관련 추가질의드립니다.(자치단체  .. (1) / 답변1
  + [6940] ntt=22563 (4608) 지방세 체납으로 인한 부동산공매 가능 여부 관.. (1) / 답변1 첨부1
  + [6941] ntt=22562 (4607) 부동산압류해지  대상 해당  여부 문의 (1) / 답변1 첨부1
  + [6942] ntt=22560 (4606) 음식점 부속주차장 별도합산 적용 가능 여부 (1) / 답변1 첨부2
  + [6943] ntt=22559 (4605) 대여금고 압류의 효력 (1) / 답변1 첨부1
  + [6944] ntt=22551 (4604) 직계존비속간 주택유상거래 인정여부 (1) / 답변1
[page 449 완료] 누적 신규 6944건  (이 게시판 저장 총 13,444건)
  + [6945] ntt=22549 (4603) 주택개량사업자 증축에 대한 감면여부 (1) / 답변1 첨부1
  + [6946] ntt=22547 (4602) 귀농인 귀농일 판단 기준으로 전입신고와 실제 .. (1) / 답변1 첨부1
  + [6947] ntt=22544 (4601) 도검 소지허가에 대한 등록면허세 부과여부 (1) / 답변1
  + [6948] ntt=22541 (4600) 토지수용 등으로 인한 대체취득에 대한 감면의 .. (1) / 답변1 첨부1
  + [6949] ntt=22540 (4599) 주민세 종업원분 (1) / 답변1 첨부1
  + [6950] ntt=22538 (4598) 공동명의 부동산 취득시 1세대 4주택 취득세율.. (1) / 답변1 첨부2
  + [6951] ntt=22537 (4597) 기업부설연구소감면 질의 (1) / 답변1 첨부1
  + [6952] ntt=22536 (4596) 상속관련 취득세 질의 (3) / 답변3 첨부1
  + [6953] ntt=22527 (4595) 지적부서에서 단순분할로 법원에 촉탁등기를 할 .. (1) / 답변1 첨부1
  + [6954] ntt=22523 (4594) 부담부증여 관련 문의 (1) / 답변1 첨부1
  + [6955] ntt=22516 (4593) 지방세징수법 개정 사항 소급 적용 문의 (1) / 답변1 첨부1
  + [6956] ntt=22514 (4592) 부동산 실거래가 위반 국세청 통보자료 취득세 .. (1) / 답변1 첨부1
  + [6957] ntt=22513 (4591) 재판으로 인하여 취득세를 신고기한 이후 신고할.. (1) / 답변1 첨부1
  + [6958] ntt=22502 (4590) 신탁부동산 재산세 소멸시효 문의 (1) / 답변1 첨부1
  + [6959] ntt=22500 (4589) 적법한 경정청구 인지 여부, 농산물 가공업에 .. (1) / 답변1 첨부2
  + [6960] ntt=22498 (4588) 주민세 종업원분 사업장 판단 (1) / 답변1 첨부1
  + [6961] ntt=22494 (4587) 창업중소기업 감면 차량 소실로 인한 2년내 폐.. (1) / 답변1 첨부2
  + [6962] ntt=22486 (4586) 가산세 감면 가능 여부 문의드립니다. (1) / 답변1 첨부1
  + [6963] ntt=22483 (4585) 재산세 현황과세 (1) / 답변1 첨부1
  + [6964] ntt=22482 (4584) 지방세 체납으로 인한 부동산 공매 가능 여부 .. (1) / 답변1 첨부1
  + [6965] ntt=22474 (4583) 자동차 압류 관련 질의 (1) / 답변1 첨부1
  + [6966] ntt=22471 (4582) 협의이혼에 의한 재산분할 취득시 세율특례 적용.. (1) / 답변1 첨부1
  + [6967] ntt=22466 (4581) 공탁 배분 (1) / 답변1 첨부1
  + [6968] ntt=22462 (4580) 미등록 차량 취득시 농특세~~ (1) / 답변1 첨부1
  + [6969] ntt=22461 (4579) 납기전 징수 및 교부청구(경매) (1) / 답변1 첨부1
  + [6970] ntt=22459 (4578) 법인 증자 등기시 중과제외 업종인 유통산업의 .. (1) / 답변1 첨부1
  + [6971] ntt=22447 (4577) 지방소득세(법인세) 관련 제2차 납세의무 등 (1) / 답변1 첨부1
  + [6972] ntt=22445 (4576) 지특법 제73조 대체취득 감면 시 보상금의 범.. (1) / 답변1 첨부1
  + [6973] ntt=22444 (4575) 등록면허세 환급관련 질의 (2) / 답변2 첨부1
  + [6974] ntt=22434 (4574) 창업중소기업 감면관련 (1) / 답변1 첨부1
[page 450 완료] 누적 신규 6974건  (이 게시판 저장 총 13,474건)
  + [6975] ntt=22433 (4573) 2개의 필지를 잘못 등기하여 서로 맞교환하였을.. (1) / 답변1 첨부1
  + [6976] ntt=22430 (4572) 자치단체 콜센터 상담 업무에 지방세 상담 포함.. (2) / 답변2 첨부1
  + [6977] ntt=22427 (4571) 사업 양도양수 관련 2차 납세의무자 지정 (1) / 답변1 첨부1
  + [6978] ntt=22423 (4570) 가처분 등록면허세 신청시 과세표준 적용 여부 (1) / 답변1 첨부1
  + [6979] ntt=22414 (4569) 종교감면 후 유예기간 내 교회주차장으로 사용하.. (2) / 답변2 첨부1
  + [6980] ntt=22413 (4568) 제90조[마을회 등에 대한 감면] 2년내 매각.. (1) / 답변1 첨부1
  + [6981] ntt=22411 (4567) 지역자원시설세 3배 중과 (1) / 답변1 첨부1
  + [6982] ntt=22395 (4566) 경매된 물건 관련 질문입니다. (1) / 답변1
  + [6983] ntt=22391 (4565) 지방소득세 종합소득 납세지 관련 문의(추가문의.. (1) / 답변1 첨부2
  + [6984] ntt=22380 (4564) 과점주주 간주취득세 과세표준 산정시 주식발행 .. (1) / 답변1 첨부1
  + [6985] ntt=22378 (4563) 건물, 토지 소유자가 다른 주상복합건물을 각각.. (1) / 답변1 첨부1
  + [6986] ntt=22373 (4562) 재개발사무소(가설건축물) 부속토지에 대한 재산.. (2) / 답변2
  + [6987] ntt=22365 (4561) 현물출자 시 감정평가서 대체 서류 (1) / 답변1 첨부1
  + [6988] ntt=22363 (4560) 한정승인 시 미신고한 조세채권은 징수 할 수 .. (1) / 답변1 첨부1
  + [6989] ntt=22361 (4559) 토지수용 대체취득 부동산 감면범위(대체취득 외.. (1) / 답변1 첨부1
  + [6990] ntt=22360 (4558) 창업중소기업에 해당하는지 여부 (1) / 답변1 첨부1
  + [6991] ntt=22358 (4557) [4526번 추가질의]지점여부 판단(인적설비) (1) / 답변1 첨부1
  + [6992] ntt=22355 (4556) 체납액의 징수유예 또는 체납처분의 유예로 지방.. (1) / 답변1 첨부1
  + [6993] ntt=22345 (4555) 종교단체가 교회 건축을 위한 등록면허세 감면 .. (1) / 답변1
  + [6994] ntt=22342 (4554) 농업회사 법인 취득세, 신고가액 없을때.. (1) / 답변1
  + [6995] ntt=22334 (4553) 다단계 판매회사의 교육장이 법인지방소득세 안분.. (1) / 답변1 첨부1
  + [6996] ntt=22325 (4552) 매수인과 매도인이 동일한 경우 취득세 부과 가.. (1) / 답변1 첨부1
  + [6997] ntt=22324 (4551) 개인균등분 주민세 과세여부 (1) / 답변1 첨부1
  + [6998] ntt=22309 (4550) 지방소득세 종합소득 납세지 관련 문의 (1) / 답변1 첨부1
  + [6999] ntt=22308 (4549) 질의번호4540)박물과 재산세 감면 문의<재질.. (2) / 답변2 첨부1
  + [7000] ntt=22295 (4548) 징수유예 횟수관련 문의 (1) / 답변1
  + [7001] ntt=22293 (4547) 주택건설사업에 제공되고 있는 토지의 범위 (1) / 답변1 첨부1
  + [7002] ntt=22292 (4546) 학교 내 산학협력관의 감면 및 과세판단 (1) / 답변1 첨부1
  + [7003] ntt=22290 (4545) 회원권 취득세 문의 (2) / 답변2
  + [7004] ntt=22288 (4544) 창업중소기업 취득세 감면 여부 질의합니다 (1) / 답변1 첨부2
[page 451 완료] 누적 신규 7004건  (이 게시판 저장 총 13,504건)
  + [7005] ntt=22286 (4543) 건설기계 대여회사변경 납세의무 (1) / 답변1 첨부1
  + [7006] ntt=22285 (4542) 대학병원 연수원 지특법 제37조 감면 (1) / 답변1
  + [7007] ntt=22284 (4541) 대도시내에서 조직변경으로 법인설립후 증자(현물.. (1) / 답변1 첨부1
  + [7008] ntt=22283 (4540) 주민세(재산분) 문의 (1) / 답변1
  + [7009] ntt=22282 (4539) 박물관 관련 감면 문의 (1) / 답변1 첨부1
  + [7010] ntt=22278 (4538) 주민세(재산분) 문의 (1) / 답변1
  + [7011] ntt=22277 (4537) 임대사업자 취득세 감면분 추징 가능여부 (1) / 답변1 첨부1
  + [7012] ntt=22276 (4536) 상속 대위등기 (1) / 답변1 첨부1
  + [7013] ntt=22273 (4535) 공유물분할 판결 미등기 부동산에 대한 재산세 .. (1) / 답변1 첨부1
  + [7014] ntt=22272 (4534) 고유업무여부 (1) / 답변1
  + [7015] ntt=22269 (4533) 주민세(종업원분) 경정청구- 5년치 환급요청 (1) / 답변1 첨부1
  + [7016] ntt=22268 (4532) 노인복지시설 부속토지에 대한 지목변경 취득세 .. (1) / 답변1 첨부1
  + [7017] ntt=22264 (4531) 사망자 자동차에 대한 대위 상속이전등록 및 한.. (1) / 답변1 첨부1
  + [7018] ntt=22253 (4530) 종교감면 문의- 임시주차장으로 사용하다가 3년.. (1) / 답변1 첨부1
  + [7019] ntt=22234 (4529) 자경농민의 감면분 취득세 추징여부에 대하여 문.. (1) / 답변1 첨부1
  + [7020] ntt=22229 (4528) 직계존비속 유상거래 인정 여부 (1) / 답변1
  + [7021] ntt=22226 (4527) 재외국민 상속관련 문의 (1) / 답변1 첨부1
  + [7022] ntt=22225 (4526) 재개발 조합의 정비기반시설 취득 관련 문의 (1) / 답변1 첨부1
  + [7023] ntt=22224 (4525) 지점 설치에 따른 부동산 취득세 중과적용 질의.. (1) / 답변1 첨부1
  + [7024] ntt=22218 (4524) 캠핑카 자동차세 관련 질의입니다. (1) / 답변1 첨부1
  + [7025] ntt=22216 (4523) 과점취득세  해당 여부 질의 (1) / 답변1 첨부1
  + [7026] ntt=22212 (4522) 학교법인의 후생복지시설에 대한 감면 문의 (1) / 답변1 첨부1
  + [7027] ntt=22211 (4521) 경정청구가능-법인장부가 인정 (1) / 답변1
  + [7028] ntt=22209 (4520) 부부간 근저당설정금액을 부담부증여로 볼수있는지.. (1) / 답변1 첨부1
  + [7029] ntt=22208 (4519) 舊지방세법에 의한 산업단지 감면의  등록세 적.. (1) / 답변1 첨부2
  + [7030] ntt=22204 (4518) 공공기록정보등록 관련. (1) / 답변1
  + [7031] ntt=22195 (4517) 임대사업자가 임대할 목적으로 건축주로부터 최초.. (1) / 답변1 첨부1
  + [7032] ntt=22192 (4516) 승강기 납세의무자 판단 (2) / 답변2 첨부1
  + [7033] ntt=22190 (4515) 시효의 중단 사유 중 '압류해제까지의 기간' (1) / 답변1 첨부1
  + [7034] ntt=22164 (4514) 법인흡수합병시 과점주주의 간주취득세 문제 질의 (1) / 답변1 첨부1
[page 452 완료] 누적 신규 7034건  (이 게시판 저장 총 13,534건)
  + [7035] ntt=22163 (4513) 매입하여 임대하는 주택 1년 이내 미사용 추징.. (1) / 답변1 첨부1
  + [7036] ntt=22161 (4512) 매매계약 해지에 따른 취득세 부과취소 가능여부 (1) / 답변1 첨부1
  + [7037] ntt=22160 (4511) 법인지방소득세 경정청구 (1) / 답변1
  + [7038] ntt=22151 (4510) 평생교육시설에 대한 감면 적용시 신탁재산도 가.. (1) / 답변1 첨부1
  + [7039] ntt=22149 (4509) 3월9일자  재개발 멸실예정구역  재산세 과세.. (2) / 답변2
  + [7040] ntt=22147 (4508) 근로자파견업(인력공급업) 주민세 종업원분 파견.. (1) / 답변1 첨부1
  + [7041] ntt=22144 (4507) 회원제 골프장 원형보전지 별도합산 과세 문의 (1) / 답변1 첨부2
  + [7042] ntt=22141 (4506) 2020.1.1.자 개정된 지특볍45조1항에의.. (1) / 답변1 첨부2
  + [7043] ntt=22139 (4505) 건축물 원시취득의 채권자 대위등기 신청에 따른.. (1) / 답변1 첨부1
  + [7044] ntt=22136 (4504) 압류해제 소급적용 시점에 대한 문의 (1) / 답변1 첨부1
  + [7045] ntt=22134 (4503) 연말정산 환급 (1) / 답변1 첨부1
  + [7046] ntt=22133 (4502) 건축관련 등록면허세 관련 변경 부과에 관한 질.. (1) / 답변1 첨부1
  + [7047] ntt=22128 (4501) 서민주택의 농어촌특별세  감면 여부 (1) / 답변1 첨부1
  + [7048] ntt=22127 (4500) 수탁자가 지목변경 납세의무자인지 및 임대주택 .. (1) / 답변1 첨부1
  + [7049] ntt=22126 (4499) 연부취득 환급 시 가산세 및 가산금 감액 여부 (1) / 답변1
  + [7050] ntt=22124 (4498) 법인 지점을 사실상 본점으로 보아 취득세 중과.. (1) / 답변1 첨부1
  + [7051] ntt=22119 (4497) 산단 감면을 받은 토지를 분할매각한 경우 취득.. (1) / 답변1 첨부1
  + [7052] ntt=22118 (4496) 내진성능 확보 건축물에 대한 감면문의 (1) / 답변1
  + [7053] ntt=22117 (4495) 지역거점형 공공직장어린이집 재산세 비과세 여부 (2) / 답변2 첨부1
  + [7054] ntt=22116 (4494) 주택수 산정 문의 (1) / 답변1
  + [7055] ntt=22111 (4493) 사정토지에 관한 납세의무자 (1) / 답변1 첨부1
  + [7056] ntt=22102 (4492) 직계존비속간 유상거래 인정여부 (1) / 답변1 첨부1
  + [7057] ntt=22095 (4491) 취득일 판단 부탁드립니다. (1) / 답변1
  + [7058] ntt=22081 (4490) 가설건축물 시가표준액 산정문의 (1) / 답변1 첨부1
  + [7059] ntt=22077 (4489) 등기접수한 부동산의 취득세 경정청구기한 (1) / 답변1 첨부1
  + [7060] ntt=22066 (4488) 자치단체 무상임대토지 재산세 비과세 해당여부 (1) / 답변1 첨부2
  + [7061] ntt=22065 (4487) 지방소득세(종합) 사망자의 상속인에게 부과후 .. (1) / 답변1
  + [7062] ntt=22064 (4486) 부동산투자회사가 신탁한 임대주택의 취득세 및 .. (1) / 답변1 첨부1
  + [7063] ntt=22063 (4485) 농업회사법인 설립등기 시 등록면허세 감면 여부.. (1) / 답변1 첨부1
  + [7064] ntt=22062 (4484) 서류송달에 대한 문의 (1) / 답변1 첨부1
[page 453 완료] 누적 신규 7064건  (이 게시판 저장 총 13,564건)
  + [7065] ntt=22061 (4483) 대도시내 법인 중과 제외 업종인 화물자동차운송.. (2) / 답변2 첨부1
  + [7066] ntt=22060 (4482) 사기로 인해 손해배상청구소송을 하여 매매대금의.. (1) / 답변1 첨부1
  + [7067] ntt=22059 (4481) 세금계산서를 발급할 수 없는 자로부터 매입하는.. (1) / 답변1 첨부1
  + [7068] ntt=22058 (4480) 산업단지 내 기업부설 연구소를 감면함에 있어 .. (1) / 답변1 첨부1
  + [7069] ntt=22052 (4479) 경정청구가능 여부-법인 장부가 인정 (1) / 답변1 첨부1
  + [7070] ntt=22037 (4478) 차량 공매 관련 문의 (1) / 답변1
  + [7071] ntt=22034 (4477) 지방세징수법 제63조1항 1호(압류해제)  '.. (2) / 답변2
  + [7072] ntt=22030 (4476) 복층등(위반건축물)으로 인한 면적증가 취득세 .. (1) / 답변1
  + [7073] ntt=22024 (4475) 법인지방소득세 문의 (1) / 답변1 첨부1
  + [7074] ntt=22023 (4474) 제척기간이 경과한 체납건을 부과취소가 가능한지.. (1) / 답변1 첨부1
  + [7075] ntt=22018 (4473) 체납처분 유예 (1) / 답변1 첨부1
  + [7076] ntt=22011 (4472) 대표납세자가 취득신고한 미등기 상속재산의 재산.. (1) / 답변1 첨부1
  + [7077] ntt=22006 (4471) 납부불성실 가산세 관련 상담 드립니다. (1) / 답변1 첨부1
  + [7078] ntt=22005 (4470) 선등기 후수납 관련 가산세 문의 (1) / 답변1 첨부1
  + [7079] ntt=22004 (4469) 자경농민감면 (부인을 농민으로 보아 소득금액 .. (1) / 답변1 첨부1
  + [7080] ntt=21998 (4468) 합유부동산의 재산세 과세 (1) / 답변1 첨부1
  + [7081] ntt=21991 (4467) 신혼부부 생애최초 감면시 4주택에 해당시 적용.. (1) / 답변1 첨부1
  + [7082] ntt=21987 (4466) 임대사업자 감면 질의 (1) / 답변1
  + [7083] ntt=21984 (4465) 부동산 처분금지 가처분 신청 및 사해행위 취소.. (1) / 답변1 첨부1
  + [7084] ntt=21983 (4464) 농업법인 (2) / 답변2 첨부1
  + [7085] ntt=21980 (4463) 물류단지 감면 추징여부 (1) / 답변1 첨부1
  + [7086] ntt=21976 (4462) 법인지방소득세 안분명세서 제출시 안분비율이 궁.. (1) / 답변1
  + [7087] ntt=21975 (4461) 교회 대표자 명의로 종교용 시설 취득시 감면 .. (1) / 답변1 첨부1
  + [7088] ntt=21972 (4460) 리스차량 보증금 (1) / 답변1
  + [7089] ntt=21971 (4459) 품목별로 받는 면허의 과세여부 (1) / 답변1 첨부1
  + [7090] ntt=21969 (4458) 부동산투자회사가 신탁한 임대주택의 취득세 및 .. (1) / 답변1 첨부1
  + [7091] ntt=21954 (4457) 창업중소기업 감면 배제 대응방안 (1) / 답변1 첨부1
  + [7092] ntt=21950 (4456) 착오부과로 환급된 세액 추징시 가산세 문의 (1) / 답변1
  + [7093] ntt=21947 (4455) 상속재산 협의분할 등기 후 유증에 의해 단독등.. (1) / 답변1 첨부1
  + [7094] ntt=21932 (4454) 국세청통보자료 환급처리 유형 (1) / 답변1 첨부1
[page 454 완료] 누적 신규 7094건  (이 게시판 저장 총 13,594건)
  + [7095] ntt=21918 (4453) 지식산업센터 감면업종여부 (세무사업) (1) / 답변1 첨부1
  + [7096] ntt=21915 (4452) 임대주택 감면 추징 여부 (1) / 답변1 첨부1
  + [7097] ntt=21905 (4451) 사회복지사업을 하는 비영리법인 본점 사용 범위 (1) / 답변1 첨부1
  + [7098] ntt=21904 (4450) 재개발 멸실예정주택 적용 기준 및 토지형태 문.. (2) / 답변2 첨부2
  + [7099] ntt=21901 (4449) 지방세징수법 63조 1항 1호 (압류해제 요건.. (3) / 답변3 첨부1
  + [7100] ntt=21900 (4448) 선순위 상속인의 특정재산포기각서로 후순위 상속.. (1) / 답변1 첨부1
  + [7101] ntt=21899 (4447) 상속 취득세 및 시효소멸 관련 질의 (3) / 답변3 첨부1
  + [7102] ntt=21891 (4446) 과세예고 관련 문의 (1) / 답변1 첨부1
  + [7103] ntt=21890 (4445) 산업단지 내 공장건물 신축 후 4년뒤  부속토.. (1) / 답변1
  + [7104] ntt=21885 (4444) 체납 또는 결손쳐분 자료의 제공 해제 요건 (1) / 답변1 첨부1
  + [7105] ntt=21881 (4443) 대법원에서 철거명령 내린 불법건축물(주택)의 .. (1) / 답변1 첨부1
  + [7106] ntt=21876 (4442) 개인지방소득세 양도소득분 초과환급세액 환수 (1) / 답변1 첨부1
  + [7107] ntt=21871 (4441) 공동명의자 사망 후 고지서 발송 및 압류 등에.. (1) / 답변1 첨부1
  + [7108] ntt=21865 (4440) 양도차손 신고분에 대한 통보자료 수시결정 문의 (1) / 답변1 첨부1
  + [7109] ntt=21864 (4439) 지방세기본법 제34조에 관한 문의 (1) / 답변1 첨부1
  + [7110] ntt=21859 (4438) 대법원 판례에 따른 재산세 분리과세 세율 적용 (1) / 답변1 첨부1
  + [7111] ntt=21853 (4437) 창업중소기업 취득세 감면분 추징세액 산정 방법.. (1) / 답변1 첨부2
  + [7112] ntt=21852 (4436) 근저당권 이전등록을 하지 않은 채권 양수인의 .. (1) / 답변1 첨부1
  + [7113] ntt=21851 (4435) 대중제 골프장용 토지 과세구분 (1) / 답변1 첨부1
  + [7114] ntt=21847 (4434) 축사의 관리사 주택여부 (1) / 답변1
  + [7115] ntt=21842 (4433) 주민세 종업원분 (1) / 답변1
  + [7116] ntt=21833 (4432) 과점주주가 법인인 경우 2차 납세의무자 지정 (1) / 답변1 첨부1
  + [7117] ntt=21829 (4431) 가산세 감면 가능여부 질의 (1) / 답변1 첨부1
  + [7118] ntt=21827 (4430) 공유지분자 중 상속포기한 납세자의 재산세 (1) / 답변1 첨부1
  + [7119] ntt=21825 (4429) 1세대4주택이상에서 1세대 포함 관련 (1) / 답변1 첨부1
  + [7120] ntt=21819 (4428) 지하철공사가 취득하는 부동산의 직접사용의 범위.. (1) / 답변1 첨부1
  + [7121] ntt=21818 (4427) 재산세 (시설물)부과대상인지 여부 (1) / 답변1 첨부1
  + [7122] ntt=21811 (4426) 보조사업을 위해 보조금을 받고 취득한 부동산의.. (1) / 답변1 첨부1
  + [7123] ntt=21808 (4425) 산업단지 시행자 감면 후 신탁으로 소유권 이전.. (1) / 답변1 첨부2
  + [7124] ntt=21807 (4424) 교부청구 후 체납처분에 관한 문의 (1) / 답변1 첨부1
[page 455 완료] 누적 신규 7124건  (이 게시판 저장 총 13,624건)
  + [7125] ntt=21804 (4423) 지방세 과세예고의 하자 존재 여부 (1) / 답변1 첨부1
  + [7126] ntt=21802 (4422) 대도시 내에서 대도시 외로 본점 이전시 등록면.. (1) / 답변1 첨부1
  + [7127] ntt=21799 (4421) 채권(경매배당금) 압류시 제3채무자 지정대상 .. (1) / 답변1 첨부1
  + [7128] ntt=21793 (4420) 지방소득세(양도소득) 납부불성실 가산세 문의입.. (1) / 답변1 첨부1
  + [7129] ntt=21788 (4419) 주민세 종업원분 파견 직원 포함 여부 관련 질.. (1) / 답변1 첨부1
  + [7130] ntt=21786 (4418) 개인지방소득세 종합소득분 납세지 문의 (1) / 답변1 첨부1
  + [7131] ntt=21784 (4417) 일반적 경과조치 적용 가능 여부 (1) / 답변1 첨부1
  + [7132] ntt=21780 (4416) 지방세외수입(가로수손괴자부담금) 강제징수 규정.. (1) / 답변1 첨부1
  + [7133] ntt=21769 (4415) 유흥주점의 요건 중 객실의 면적이 영업장 전용.. (1) / 답변1 첨부1
  + [7134] ntt=21767 (4414) 대수선허가에 따른 취득세 과세대상 면적(시가표.. (1) / 답변1 첨부1
  + [7135] ntt=21760 (4413) 자경농민 감면 후 취득세 추징 여부 문의합니다.. (1) / 답변1 첨부1
  + [7136] ntt=21759 (4412) 지특법 제90조1항 마을회등에 대한 감면 토지.. (1) / 답변1 첨부1
  + [7137] ntt=21744 (4411) 등록면허세 감면 가능여부 (1) / 답변1 첨부1
  + [7138] ntt=21737 (4410) 토지수용 대체취득 부재소유자 판단시 주소 (1) / 답변1
  + [7139] ntt=21725 (4409) 휴면법인 인수(사업실적 여부) 판단에 대한 질.. (1) / 답변1 첨부1
  + [7140] ntt=21724 (4408) 기부채납 비과세 문의 (1) / 답변1 첨부1
  + [7141] ntt=21723 (4407) 청년임대 공동주택 신축을 위한 부지 취득시 토.. (1) / 답변1 첨부1
  + [7142] ntt=21721 (4406) 공유토지분할에 관한 특례법에 따른 공유물분할 .. (1) / 답변1 첨부1
  + [7143] ntt=21709 (4405) 재산세 과세대상 제외 (1) / 답변1
  + [7144] ntt=21707 (4404) 자경농민 농지감면 추징 사유 농지교환도 매각 .. (1) / 답변1 첨부1
  + [7145] ntt=21697 (4403) 상속 재협의로 인한 등록면허세 환급관련입니다. (1) / 답변1 첨부1
  + [7146] ntt=21696 (4402) 과점주주 과세대상 여부 문의 (1) / 답변1
  + [7147] ntt=21693 (4401) 개인지방소득세 납세지 문의입니다. (1) / 답변1 첨부1
  + [7148] ntt=21680 (4400) (재질의) 창업 여부 (1) / 답변1 첨부1
  + [7149] ntt=21675 (4399) 산업단지 취득일 (1) / 답변1 첨부1
  + [7150] ntt=21673 (4398) 급여 압류 추심에 불응하는 사업장에 대한 벌칙.. (1) / 답변1 첨부1
  + [7151] ntt=21672 (4397) 종교감면 문의 (1) / 답변1 첨부1
  + [7152] ntt=21670 (4396) YWCA연합회후원회가 청소년단체로 볼 수 있는.. (1) / 답변1 첨부1
  + [7153] ntt=21668 (4395) 법인지방소득세 가산세 적용 관련 (1) / 답변1
  + [7154] ntt=21659 (4394) 임대감면문의 (1) / 답변1 첨부1
[page 456 완료] 누적 신규 7154건  (이 게시판 저장 총 13,654건)
  + [7155] ntt=21654 (4393) 다자녀 자동차 취득세 감면질의 (1) / 답변1 첨부1
  + [7156] ntt=21652 (4392) 다자녀 대체취득 차량관련 질의 (1) / 답변1 첨부1
  + [7157] ntt=21648 (4391) 경매, 재산세,당해세 질문드립니다 (1) / 답변1
  + [7158] ntt=21640 (4390) 창업중소기업 감면여부 질의 (1) / 답변1
  + [7159] ntt=21634 (4389) 산업단지 감면 유예기간 이내에 적격합병에 따른.. (1) / 답변1 첨부1
  + [7160] ntt=21633 (4388) 한국폴리텍대학의 지방세특례제한법 제41조 감면.. (1) / 답변1 첨부1
  + [7161] ntt=21632 (4387) 3자간 명의신탁에서 명의신탁자가 사망한 경우 .. (1) / 답변1 첨부1
  + [7162] ntt=21630 (4386) 화해조서 조항인 소유권이전등기 말소 미이행시 .. (1) / 답변1 첨부1
  + [7163] ntt=21627 (4385) 관세전적부심사 기각 이후 90일 경과 이후에 .. (1) / 답변1 첨부1
  + [7164] ntt=21624 (4384) 투자목적 명목법인이 물류단지 내에서 물류시설을.. (1) / 답변1 첨부2
  + [7165] ntt=21623 (4383) 재산세 배율초과 부속토지 종합합산과세시 안분방.. (1) / 답변1 첨부1
  + [7166] ntt=21614 (4382) 주택건설사업토지 신탁시 분리과세 해당여부 (1) / 답변1
  + [7167] ntt=21606 (4381) 물류단지 내 물류사업을 직접하는려 자 해당여부 (1) / 답변1 첨부1
  + [7168] ntt=21605 (4380) 지방의회 감면 가능세목 문의 (1) / 답변1 첨부1
  + [7169] ntt=21603 (4379) 유류분 가액(현금) 반환에 따른 부동산취득세 .. (1) / 답변1 첨부1
  + [7170] ntt=21598 (4378) 법인의 지방 이전에 대한 감면 문의 (1) / 답변1 첨부1
  + [7171] ntt=21583 (4377) 2020.1.1. 시행 지방세특례제한법 제11.. (1) / 답변1 첨부1
  + [7172] ntt=21579 (4376) 공유토지 위의 주택부속토지 과세 관련 (1) / 답변1 첨부1
  + [7173] ntt=21578 (4375) 재산세 누락분을 추가과세한 수시분에 대해 이의.. (1) / 답변1 첨부1
  + [7174] ntt=21577 (4374) 사회복지법인 감면 추징 여부 (1) / 답변1 첨부1
  + [7175] ntt=21576 (4373) 대표자가 취득한 아파트, 종교시설의 재산세 감.. (1) / 답변1 첨부1
  + [7176] ntt=21570 (4372) 창업 여부 (1) / 답변1 첨부1
  + [7177] ntt=21569 (4371) 부동산 거래계약 해제로 인한 취득세 부과취소 .. (1) / 답변1 첨부1
  + [7178] ntt=21568 (4370) 농업법인이 현재 지목인 잡종지를 취득하여 영농.. (1) / 답변1 첨부1
  + [7179] ntt=21566 (4369) 지목변경에 의한 간주취득세 과세 가능 여부 (1) / 답변1 첨부1
  + [7180] ntt=21564 (4368) 건축물 시가표준액 용도지수 적용 문의입니다. (1) / 답변1 첨부1
  + [7181] ntt=21559 (4367) 과세정보 제공 가능 여부 (1) / 답변1 첨부1
  + [7182] ntt=21556 (4366) 등록면허세 부과 여부 (1) / 답변1
  + [7183] ntt=21554 (4365) 교회 증축 비과세감면 문의 (1) / 답변1 첨부1
  + [7184] ntt=21535 (4364) 지점 체납에 대한  본점 채권 압류 가능 여부 (1) / 답변1 첨부1
[page 457 완료] 누적 신규 7184건  (이 게시판 저장 총 13,684건)
  + [7185] ntt=21534 (4363) 위수탁계약해지 원인으로 한 차량 소유권 이전등.. (1) / 답변1 첨부1
  + [7186] ntt=21533 (4362) 사망자 자동차세 관련 질의입니다. (1) / 답변1 첨부1
  + [7187] ntt=21528 (4361) 지목변경에 의한 취득세의 자경농민 농지 등에 .. (1) / 답변1 첨부1
  + [7188] ntt=21525 (4360) 자동차세 독촉 이전에 납기만 지나도 압류설정 .. (1) / 답변1 첨부1
  + [7189] ntt=21515 (4359) 토지 취득시기 (1) / 답변1 첨부1
  + [7190] ntt=21513 (4358) 판결에 의한 취득세 (1) / 답변1 첨부1
  + [7191] ntt=21509 (4357) 주민세 재산분 과세대상 (1) / 답변1
  + [7192] ntt=21507 (4356) 지특법 제22조[사회복지법인 등에 대한 감면].. (1) / 답변1 첨부1
  + [7193] ntt=21506 (4355) 수익정산금 지급액이 건축물 신축 취득세 과표에.. (1) / 답변1 첨부1
  + [7194] ntt=21505 (4354) 주된 상속자 재산세 납세의무자 관련입니다 (1) / 답변1 첨부1
  + [7195] ntt=21504 (4353) 미등기  학교 건물 등록면허세 부과여부 (1) / 답변1
  + [7196] ntt=21501 (4352) 재건축조합 일반분양자 취득의 시기 문의(잔금1.. (1) / 답변1 첨부1
  + [7197] ntt=21497 (4351) 자경농민이  상속으로 농지취득후 1년이내 매각.. (1) / 답변1 첨부1
  + [7198] ntt=21496 (4350) 건물의 공유물 분할 질문입니다. (1) / 답변1 첨부2
  + [7199] ntt=21494 (4349) 농업회사법인 감면 문의드립니다. (1) / 답변1 첨부1
  + [7200] ntt=21493 (4348) 부재부동산 소유자 질의 (1) / 답변1 첨부1
  + [7201] ntt=21492 (4347) 한국토지주택공사 임대주택감면 후 추징대상 여부 (1) / 답변1 첨부1
  + [7202] ntt=21491 (4346) 토지수용 등으로 인한 취득세 감면 문의 (1) / 답변1 첨부1
  + [7203] ntt=21490 (4345) 한국산업단지공단 취득세 감면 문의 (2) / 답변2 첨부1
  + [7204] ntt=21488 (4344) 지방세이의신청 (1) / 답변1 첨부1
  + [7205] ntt=21485 (4343) 임대주택 감면 재산세 추징 문의 (1) / 답변1 첨부1
  + [7206] ntt=21472 (4342) 택지 상태의 토지에 국민주택규모(84㎡)아파트.. (1) / 답변1 첨부1
  + [7207] ntt=21470 (4341) 정리회사에 대한 비면책 채권(과태료) 신고를 .. (1) / 답변1 첨부1
  + [7208] ntt=21467 (4340) 법인의 2차 납세의무자 지정 관련 (2) / 답변2 첨부1
  + [7209] ntt=21462 (4339) 건물과 토지의 소유자가 다른 주택의 토지를 상.. (1) / 답변1 첨부1
  + [7210] ntt=21458 (4338) 국민권익위원회 고충민원 답변자료 검토 요청 (1) / 답변1 첨부1
  + [7211] ntt=21455 (4337) 법인 분할로 인한 취득세 감면 문의 (1) / 답변1 첨부1
  + [7212] ntt=21448 (4336) 가산세 감면 문의 (1) / 답변1 첨부1
  + [7213] ntt=21432 (4335) 건축물관리대장을 용도상 일반음식점을 변경하지 .. (1) / 답변1 첨부1
  + [7214] ntt=21427 (4334) 신혼부부 취득세 (추징요건중 임대 관련) (1) / 답변1
[page 458 완료] 누적 신규 7214건  (이 게시판 저장 총 13,714건)
  + [7215] ntt=21423 (4333) 폐자재를 활용하여 개인이 창고를 직접 신축한 .. (1) / 답변1 첨부1
  + [7216] ntt=21422 (4332) 미신고 상속 주택의 주택 수 포함 여부 (1) / 답변1 첨부1
  + [7217] ntt=21418 (4331) 계약변경 후 환급 등 가능 여부 (1) / 답변1 첨부1
  + [7218] ntt=21415 (4330) 재산세 누락분을 추가과세한 수시분에 대해 이의.. / 답변0 첨부1
  + [7219] ntt=21411 (4329) 환급가산일에 대한 문의 (至急) (1) / 답변1 첨부1
  + [7220] ntt=21407 (4328) 재산세 주택으로 부과 가능한지 여부 (1) / 답변1 첨부1
  + [7221] ntt=21403 (4327) 주민세 균등분 과세대상 여부 문의 (1) / 답변1 첨부1
  + [7222] ntt=21399 (4326) 토지수용 대체취득 부동산의 범위(지목변경 포함.. (1) / 답변1 첨부1
  + [7223] ntt=21393 (4325) 1세대 4주택 추가신고 관련 질의 (1) / 답변1 첨부1
  + [7224] ntt=21388 (4324) 법인의 과점주주의 과점주주에게 2차납세의무를 .. (1) / 답변1 첨부1
  + [7225] ntt=21381 (4323) 과점주주 간주취득세 납세의무 성립 관련 재질의 (1) / 답변1 첨부1
  + [7226] ntt=21380 (4322) 친환경 주택 감면 (1) / 답변1 첨부1
  + [7227] ntt=21374 (4321) 채권(공탁금) 압류 시 압류조서에 대해 (1) / 답변1
  + [7228] ntt=21372 (4320) 숙박시설 지역자원시설세 중과 문의 (1) / 답변1 첨부1
  + [7229] ntt=21370 (4319) 지방세기본법 제154조에 따른 지방세법 제9조.. (1) / 답변1 첨부1
  + [7230] ntt=21365 (4318) 부재부동산소유자 해당 여부 문의드립니다. (1) / 답변1 첨부1
  + [7231] ntt=21364 (4317) 취득세 중과세 관련 문의 (1) / 답변1 첨부1
  + [7232] ntt=21360 (4316) 취득세 감면 추징시 과세예고... (1) / 답변1 첨부1
  + [7233] ntt=21358 (4315) 농업법인 감면 후 신탁을 원인으로 소유권 이전.. (1) / 답변1 첨부1
  + [7234] ntt=21355 (4314) 골프회원권 입회기간  자동갱신 취득세 부과여부 (1) / 답변1
  + [7235] ntt=21354 (4313) 특별징수 퇴직소득 환급 관련하여 문의드립니다. (1) / 답변1
  + [7236] ntt=21353 (4312) 시효의 중단 사유 중 교부청구 기간 (1) / 답변1 첨부1
  + [7237] ntt=21351 (4311) 도시개발사업 구역 내 주택건설 재산세 납세의무.. (1) / 답변1 첨부1
  + [7238] ntt=21347 (4310) 대체취득감면조항에서 계약일의 의미 (1) / 답변1 첨부1
  + [7239] ntt=21345 (4309) 1가구 4주택 문의 (1) / 답변1 첨부2
  + [7240] ntt=21333 (4308) 휴폐업 중인 콘도미니엄 공매 요건 (1) / 답변1 첨부1
  + [7241] ntt=21332 (4307) 공부상 지목이 목장용지인 경우 현황에 따른 재.. (1) / 답변1 첨부1
  + [7242] ntt=21331 (4306) 창업중소기업 추징 문의드립니다. (1) / 답변1
  + [7243] ntt=21330 (4305) 자동차세 감면대상 차량 변경 가능여부 문의 (1) / 답변1 첨부1
  + [7244] ntt=21319 (4304) 체납에 따른 압류 이후 소유권이전등기 판결(무.. (1) / 답변1 첨부1
[page 459 완료] 누적 신규 7244건  (이 게시판 저장 총 13,744건)
  + [7245] ntt=21307 (4303) 농로로 사용시 자경농민 가면 추징 사유에 해당.. (1) / 답변1 첨부1
  + [7246] ntt=21305 (4302) 사업시행자가 신탁등 원인으로 변경된 경우 변경.. (1) / 답변1 첨부1
  + [7247] ntt=21301 (4301) 개인지방소득세 납세지 (1) / 답변1 첨부1
  + [7248] ntt=21297 (4300) 지특법 제57의2 제4항 현물출자에 의한 법인.. (1) / 답변1 첨부1
  + [7249] ntt=21292 (4299) 법인 합병 감면조항 사업용재산 관련 (1) / 답변1
  + [7250] ntt=21288 (4298) 지방소득세 종합소득분 납세지 문의 (1) / 답변1 첨부1
  + [7251] ntt=21287 (4297) 지방세 과세자료 제공 등 (1) / 답변1 첨부1
  + [7252] ntt=21286 (4296) 재산세 납세의무자인 사실상 소유자인지 여부 (1) / 답변1 첨부1
  + [7253] ntt=21284 (4295) 납기전 징수 사유에 해당여부 (1) / 답변1 첨부1
  + [7254] ntt=21283 (4294) 유언검인조서로 인한 취득세 신고·납부후 법원의.. (1) / 답변1 첨부1
  + [7255] ntt=21281 (4293) 취득을 원인으로 이루어지는 등록 제외 관련 (1) / 답변1 첨부1
  + [7256] ntt=21270 (4292) 1가구 4주택 적용 관련 문의 (1) / 답변1
  + [7257] ntt=21268 (4291) 1세대 4주택이상 세율 재문의(4279번과 관.. (1) / 답변1
  + [7258] ntt=21262 (4290) 국민건강보험법 제96조(자료의 제공) 관련 (1) / 답변1 첨부1
  + [7259] ntt=21257 (4289) 자경농민 감면 추징 사유 문의 (1) / 답변1 첨부1
  + [7260] ntt=21244 (4288) 자경농민 감면 추징 사유에 해당하는지 여부 (1) / 답변1 첨부1
  + [7261] ntt=21236 (4287) 간주취득세 특수관계인 해당 여부 (1) / 답변1 첨부1
  + [7262] ntt=21235 (4286) 청산법인에 대한 감면 지방세 추징 가능 여부 (5) / 답변5
  + [7263] ntt=21232 (4285) 창업 감면 후 건축물 옥상을 태양광발전시설 부.. (3) / 답변3 첨부1
  + [7264] ntt=21223 (4284) 임대사업자 등록 후 1개월내 등록취소시 기 납.. (1) / 답변1 첨부1
  + [7265] ntt=21213 (4283) 어린이집 취득후 1년안에 운영자를 변경시 감면.. (1) / 답변1 첨부1
  + [7266] ntt=21206 (4282) 차량 취득세 부과대상인지 등록세(변경)대상인지.. (1) / 답변1 첨부1
  + [7267] ntt=21201 (4281) 산업단지에 대한 재산세 감면 (1) / 답변1 첨부1
  + [7268] ntt=21198 (4280) 1세대 4주택이상 세율 문의 (1) / 답변1
  + [7269] ntt=21197 (4279) 건설기계와 관련한 등록면허세 과세여부 (1) / 답변1 첨부1
  + [7270] ntt=21195 (4278) 대물변제 관련 질의드립니다. (1) / 답변1 첨부1
  + [7271] ntt=21191 (4277) 지방세 이자상당가산액 적용 시점 문의 (1) / 답변1 첨부1
  + [7272] ntt=21187 (4276) 산업단지 입주기업 감면 후 매각 관련 문의드립.. (1) / 답변1 첨부1
  + [7273] ntt=21186 (4275) 재산세 감면분 추징 시 과세대상 구분 (1) / 답변1 첨부3
  + [7274] ntt=21184 (4274) 소유권말소등기와 관련한 재산세 부과 및 환급 .. (1) / 답변1 첨부1
[page 460 완료] 누적 신규 7274건  (이 게시판 저장 총 13,774건)
  + [7275] ntt=21178 (4273) 결손액에 대한 소멸시효 질의 (1) / 답변1 첨부1
  + [7276] ntt=21171 (4272) 사망자 체납액 징수와 관련하여 문의드립니다. (1) / 답변1
  + [7277] ntt=21169 (4271) 주민세 개인균등분 문의드립니다. (1) / 답변1 첨부1
  + [7278] ntt=21166 (4270) 등록면허세(등록) 감면 가능 여부 (1) / 답변1 첨부1
  + [7279] ntt=21155 (4269) 대체취득 취득세 감면 관련 (1) / 답변1
  + [7280] ntt=21150 (4268) 대물변제에 따른 과표산정 (1) / 답변1 첨부1
  + [7281] ntt=21147 (4267) 원인무효에 따른 취득세 환급 가능 여부 (1) / 답변1 첨부1
  + [7282] ntt=21141 (4266) 사원임대아파트 소유 법인의 임대주택 감면(20.. (1) / 답변1 첨부1
  + [7283] ntt=21134 (4265) 취득세 납부후 소유권 미이전 (1) / 답변1 첨부1
  + [7284] ntt=21120 (4264) 임야로 방치되고 있는 토지가 분리과세대상인 주.. (1) / 답변1 첨부1
  + [7285] ntt=21119 (4263) 계약해제 (1) / 답변1
  + [7286] ntt=21118 (4262) 도시개발사업 구역내 주택건설 재산세 질의 (1) / 답변1 첨부1
  + [7287] ntt=21117 (4261) 귀농 감면 조건에대해 문의합니다. (1) / 답변1 첨부1
  + [7288] ntt=21116 (4260) 환지예정지를 취득한 교회가 취득세 종교 감면(.. (1) / 답변1 첨부1
  + [7289] ntt=21113 (4259) 사망자 차량 공매. (1) / 답변1
  + [7290] ntt=21106 (4258) 개인간의 매매거래시 부가가치세 과표산입 여부 (1) / 답변1 첨부1
  + [7291] ntt=21105 (4257) 사망한 자의 부동산 압류의 가능 여부 (1) / 답변1
  + [7292] ntt=21098 (4256) 임대사업자로 등록되어 있지 않은 사원임대아파트.. (3) / 답변3 첨부1
  + [7293] ntt=21095 (4255) 토지수용으로 인한 대체취득 감면 문의드립니다. (1) / 답변1
  + [7294] ntt=21094 (4254) 외국인투자비율 50%인 기업이 최소납부세제에 .. (1) / 답변1 첨부1
  + [7295] ntt=21091 (4253) 축산업 등록자 자경농민 감면 여부 (1) / 답변1 첨부1
  + [7296] ntt=21090 (4252) 부동산 취득세 과세표준 적용 문의(사실상의 취.. (1) / 답변1 첨부1
  + [7297] ntt=21087 (4251) 농어촌 주택개량 재산세 감면  취득일 기준 문.. (2) / 답변2 첨부1
  + [7298] ntt=21086 (4250) (재질의) 재산세 납세의무자 질의 (1) / 답변1 첨부1
  + [7299] ntt=21085 (4249) 등록면허세 면허분 과세대상 (1) / 답변1
  + [7300] ntt=21076 (4248) 지방세 징수금 우선 순위 (1) / 답변1 첨부1
  + [7301] ntt=21068 (4247) 재산세 토지 납세의무자 관련 (2) / 답변2 첨부1
  + [7302] ntt=21059 (4246) 자경농민 면적한도 산정방법 질의 (1) / 답변1 첨부1
  + [7303] ntt=21045 (4245) 개발행위 준공으로 인한 사실상 지목변경 건에 .. (1) / 답변1 첨부1
  + [7304] ntt=21043 (4244) 「지방세특례제한법」 제74조 1항과 5항 3호.. (1) / 답변1 첨부1
[page 461 완료] 누적 신규 7304건  (이 게시판 저장 총 13,804건)
  + [7305] ntt=21042 (4243) 사망자의 압류자동차 압류해제 여부(상속인 상속.. (1) / 답변1 첨부1
  + [7306] ntt=21036 (4242) 지방세특례제한법 제84조 제1항에 따른 재산세.. (1) / 답변1 첨부1
  + [7307] ntt=21029 (4241) 이의신청 기산일에 관하여 재질의 드립니다. (1) / 답변1 첨부1
  + [7308] ntt=21020 (4240) 국유재산 도로점용 (1) / 답변1
  + [7309] ntt=21019 (4239) 직계존비속간 임대차계약 후 부담부증여 문의 (1) / 답변1 첨부1
  + [7310] ntt=21016 (4238) 이의신청 기산일에 관하여 질의 (1) / 답변1 첨부1
  + [7311] ntt=21013 (4237) 재산세 별도합산 가능여부 질의 (1) / 답변1 첨부1
  + [7312] ntt=21007 (4236) 감면조건 충족시 다자녀, 장애인 중복감면 받을.. (1) / 답변1 첨부1
  + [7313] ntt=20985 (4235) 콘도회원권 취득세 문의 (1) / 답변1 첨부1
  + [7314] ntt=20982 (4234) 오피스텔 주택으로 과세 (1) / 답변1
  + [7315] ntt=20981 (4233) 창업중소기업 감면 가능 여부 (1) / 답변1 첨부1
  + [7316] ntt=20980 (4232) 취득세 과세표준 질의 (1) / 답변1 첨부1
  + [7317] ntt=20976 (4231) 지방세 납세의무자 변동신고서 작성 시 신고자 .. (1) / 답변1
  + [7318] ntt=20971 (4230) 개인사업자 창업감면 문의 (1) / 답변1 첨부1
  + [7319] ntt=20969 (4229) 지방세이의신청결과에 불이익변경 금지의 원칙이 .. (1) / 답변1 첨부1
  + [7320] ntt=20966 (4228) 공매진행 중 공매 불가로 반환처리된 차량 자동.. (1) / 답변1 첨부1
  + [7321] ntt=20960 (4227) 도시개발사업 중 신탁된 부동산의 환지처분공고 .. (1) / 답변1 첨부1
  + [7322] ntt=20948 (4226) 서민주택 추징 지특법 33조3항 1호 정당한사.. (1) / 답변1
  + [7323] ntt=20947 (4225) 지적재조사 특별법에 따른 취득세 부과 및 공유.. (1) / 답변1 첨부1
  + [7324] ntt=20944 (4224) 부동산투자회사가 위탁한 물건을 수탁받은 납세의.. (1) / 답변1 첨부1
  + [7325] ntt=20943 (4223) RE: 첨부파일 재첨부) 보훈대상자 자동차세 .. (1) / 답변1 첨부1
  + [7326] ntt=20922 (4222) 신탁등기 후 증축으로 인한 사용승인이 날 경우.. (1) / 답변1 첨부1
  + [7327] ntt=20912 (4221) 등록면허세의 납세의무가 있는지 (2) / 답변2 첨부1
  + [7328] ntt=20911 (4220) 공공주택사업자(LH)가 오피스텔을 최초로 분양.. (1) / 답변1 첨부1
  + [7329] ntt=20908 (4219) 기존에 분리과세 대상이었던 토지의 기부채납 해.. (1) / 답변1
  + [7330] ntt=20897 (4218) 부동산을 가족간 거래시 세율 적용(매매? 증여.. (1) / 답변1 첨부1
  + [7331] ntt=20890 (4217) (오류수정)증자로 인한 외국인투자기업 감면 적.. (2) / 답변2 첨부1
  + [7332] ntt=20888 (4216) 차량 취득세 부과 여부 (1) / 답변1 첨부1
  + [7333] ntt=20885 (4215) 과세처분의 적법성 여부 (1) / 답변1 첨부1
  + [7334] ntt=20870 (4214) 가등기권자간의 매매 (1) / 답변1 첨부1
[page 462 완료] 누적 신규 7334건  (이 게시판 저장 총 13,834건)
  + [7335] ntt=20859 (4213) 대물변제에 해당하는지 질문입니다. (1) / 답변1 첨부1
  + [7336] ntt=20857 (4212) 지특법상 감면 대상인 농지 등의 교환,분합에 .. (1) / 답변1 첨부1
  + [7337] ntt=20851 (4211) 공유물 분할에 따른 부동산 압류 해제 요청 (1) / 답변1 첨부1
  + [7338] ntt=20850 (4210) 취득세에 부가되는 농어촌특별세 관련 질의 (1) / 답변1 첨부1
  + [7339] ntt=20849 (4209) 지방소득세 납세의무 성립일 문의 (폐업법인 출.. (1) / 답변1 첨부1
  + [7340] ntt=20843 (4208) 취득세 경정청구로 취득세 환급과 농어촌특별세 .. (1) / 답변1 첨부1
  + [7341] ntt=20836 (4207) 지방소득세 과세전적부심사 (1) / 답변1 첨부1
  + [7342] ntt=20832 (4206) 주택정비사업조합원의 부담부증여 문의 (1) / 답변1 첨부1
  + [7343] ntt=20828 (4205) 산업단지내 산업용 건축물에 산업용 가스 탱크가.. (1) / 답변1 첨부1
  + [7344] ntt=20827 (4204) 지특법 제33조 제2항 서민주택 상시거주 요건.. (1) / 답변1 첨부1
  + [7345] ntt=20825 (4203) 토지분 재산세 종합합산을 분리과세로 해줄수 있.. (1) / 답변1 첨부1
  + [7346] ntt=20824 (4202) ‘기타의 사유로 압류의 필요가 없게 된 때’에.. (1) / 답변1 첨부1
  + [7347] ntt=20818 (4201) [재산세]상가 가산 관련 시가표준액 산출 문의 (1) / 답변1 첨부1
  + [7348] ntt=20812 (4200) 재산세 감면 (1) / 답변1 첨부1
  + [7349] ntt=20802 (4199) 토지교환계약의 공유물분할특례 적용 가능 여부 .. (1) / 답변1 첨부1
  + [7350] ntt=20789 (4198) 창업중소기업  종전사업에 사용되던 자산 인수에.. (1) / 답변1 첨부1
  + [7351] ntt=20786 (4197) 창업벤처기업 중소기업 감면에  관한 질의 (1) / 답변1 첨부1
  + [7352] ntt=20780 (4196) 제2차납세의무자 재지정 관련 문의(주주명의신탁.. (1) / 답변1 첨부1
  + [7353] ntt=20775 (4195) 대위등기로 인한 이중신고 및 납부로 인한 환급.. (1) / 답변1 첨부1
  + [7354] ntt=20769 (4194) 취득세,자동차세 장애인 감면(공동소유자 관련) (1) / 답변1 첨부1
  + [7355] ntt=20767 (4193) 지목변경에 따른 취득세 부과 문의 드립니다. (1) / 답변1 첨부1
  + [7356] ntt=20766 (4192) 국세청 통보자료를 기초로 비정기 세무조사를 실.. (1) / 답변1 첨부1
  + [7357] ntt=20764 (4191) 지역 화폐를 통한 지방세 수납이 가능한지 여부 (1) / 답변1 첨부1
  + [7358] ntt=20763 (4190) 상속 취득세 미신고에 따라 균등 수시부과 후 .. (1) / 답변1 첨부1
  + [7359] ntt=20755 (4189) 한국철도공사 소유 사원아파트에 대한 재산세 감.. (1) / 답변1 첨부1
  + [7360] ntt=20752 (4188) 원인무효 판결(진정명의회복을 원인으로 한 소유.. (1) / 답변1 첨부1
  + [7361] ntt=20749 (4187) 부담부증여 시 승계채무금액의 임의조정 가능 여.. (1) / 답변1 첨부1
  + [7362] ntt=20747 (4186) 과점주주가 외국법인일 경우 취득세 부과 처분 .. (1) / 답변1 첨부1
  + [7363] ntt=20742 (4185) 파산선고이후의 중가산금 (1) / 답변1 첨부1
  + [7364] ntt=20734 (4184) 아파트 분양 취득세 부과시 완납증명서 표시 관.. (1) / 답변1 첨부1
[page 463 완료] 누적 신규 7364건  (이 게시판 저장 총 13,864건)
  + [7365] ntt=20723 (4183) 수직 증축으로 동, 호수가 변경된 경우 취득세.. (2) / 답변2 첨부1
  + [7366] ntt=20722 (4182) 창업중소기업 업종 감면 (1) / 답변1 첨부1
  + [7367] ntt=20710 (4181) 학교법인 소유 학교외에 위치한 소유건물 구내식.. (1) / 답변1 첨부1
  + [7368] ntt=20709 (4180) 자영어민 감면 관련한 문의입니다. (1) / 답변1 첨부1
  + [7369] ntt=20702 (4179) 산업단지 내 입주기업에 대한 취득세 유예기간 .. (1) / 답변1 첨부1
  + [7370] ntt=20696 (4178) 납의 원인이 된 상속재산이 아니 다른 재산의 .. (1) / 답변1 첨부1
  + [7371] ntt=20695 (4177) 상속포기 차량 공매 재문의 (1) / 답변1 첨부1
  + [7372] ntt=20694 (4176) 납세의무자 판단질의 (1) / 답변1 첨부1
  + [7373] ntt=20691 (4175) 현물출자 관련 감면 문의드립니다 (1) / 답변1 첨부1
  + [7374] ntt=20690 (4174) 등록면허세(등록) 사후 과세표준 정정에 따른 .. (1) / 답변1 첨부1
  + [7375] ntt=20689 (4173) 창업중소기업 취득 감면에 대한 문의입니다. (1) / 답변1 첨부1
  + [7376] ntt=20686 (4172) 과점주주 간주취득세 납세의무 성립 관련 문의 (1) / 답변1 첨부1
  + [7377] ntt=20672 (4171) 생계능력없는 30세 이상 미혼인 장애인 아들(.. (1) / 답변1 첨부1
  + [7378] ntt=20670 (4170) 법인지방소득세 과세문의 (1) / 답변1 첨부1
  + [7379] ntt=20669 (4169) 12월 양도분 수기수납 시 (1) / 답변1 첨부1
  + [7380] ntt=20667 (4168) 20년부터는 수기납부등록 시 (1) / 답변1 첨부1
  + [7381] ntt=20666 (4167) 과점주주 해당여부 (2) / 답변2 첨부1
  + [7382] ntt=20665 (4166) 지역자원시설세 3배 중과 문의 (1) / 답변1 첨부1
  + [7383] ntt=20657 (4165) 미등록 차량 농특세 부과 문의 (3) / 답변3 첨부1
  + [7384] ntt=20653 (4164) 자동차관련시설 재산세 부과 관련 문의 (3) / 답변3 첨부1
  + [7385] ntt=20649 (4163) 청소년단체 등에 대한 감면(취득이후 청소년수련.. (3) / 답변3 첨부1
  + [7386] ntt=20648 (4162) 산업단지 감면대상 공장부지에 대해 흡수합병한 .. (3) / 답변3 첨부1
  + [7387] ntt=20642 (4161) 어업회사법인 취득세 감면 해당 여부(지특법 1.. (3) / 답변3 첨부1
  + [7388] ntt=20640 (4160) 개인회생 개시 이후 발생한 체납에 의한 압류 .. (2) / 답변2 첨부1
  + [7389] ntt=20631 (4159) 산업단지 등에 대한 감면 및 중과세율 (1) / 답변1 첨부1
  + [7390] ntt=20630 (4158) 창고 용도상 현황부과 가능 여부 (2) / 답변2 첨부1
  + [7391] ntt=20618 (4157) 법인의 지방이전 감면시 초과액 산정 문제 (2) / 답변2 첨부1
  + [7392] ntt=20615 (4156) 이혼에 따른 재산분할 취득 (1) / 답변1
  + [7393] ntt=20614 (4155) 장애인 대체취득 감면 관련 60일이내에 미이전.. (3) / 답변3 첨부1
  + [7394] ntt=20600 (4154) 토지주택공사가 임대주택을 건축중인 경우 재산세.. (1) / 답변1 첨부1
[page 464 완료] 누적 신규 7394건  (이 게시판 저장 총 13,894건)
  + [7395] ntt=20598 (4153) 동종업종 폐업이력 있는 개인사업자와의 공동사업.. (1) / 답변1 첨부1
  + [7396] ntt=20590 (4152) 농지감면 추징(농지전용) 지방세특례제한법 제6.. (1) / 답변1 첨부1
  + [7397] ntt=20584 (4151) 개인균등분 주민세 질문있습니다. (1) / 답변1 첨부1
  + [7398] ntt=20580 (4150) 자경농민 의 농지등에 대한 감면 문의 (1) / 답변1 첨부1
  + [7399] ntt=20578 (4149) 법원의 제출명령 추가 질문 (1) / 답변1 첨부1
  + [7400] ntt=20577 (4148) 연대납세의무자 고지관련 (1) / 답변1
  + [7401] ntt=20575 (4147) 태양광 발전시설용지 분리과세대상 해당여부 (1) / 답변1 첨부1
  + [7402] ntt=20574 (4146) 학교법인 의과대학병원 부지로 사용하기 위하여 .. (1) / 답변1 첨부1
  + [7403] ntt=20571 (4145) 지특법 제75조의 2 제1항 제3호에서 "사업.. (1) / 답변1 첨부1
  + [7404] ntt=20567 (4144) 교환취득 신고 후 감정가액으로 수정신고  가능.. (1) / 답변1 첨부1
  + [7405] ntt=20559 (4143) 경비용역 위탁계약 법인 주민세 관련 (1) / 답변1 첨부3
  + [7406] ntt=20558 (4142) 차량취득세(장애인 감면) 추징여부 관련해 문의.. (1) / 답변1 첨부1
  + [7407] ntt=20556 (4141) 법원의 제출명령 (1) / 답변1 첨부1
  + [7408] ntt=20553 (4140) 구조변경 문의 (1) / 답변1
  + [7409] ntt=20551 (4139) 납세의무자 관련 문의 (1) / 답변1 첨부1
  + [7410] ntt=20549 (4138) 복지시설로 등록하지 않은 재가장기요양기관도 감.. (1) / 답변1 첨부1
  + [7411] ntt=20547 (4137) 재산세 감면 문의 드립니다. (1) / 답변1 첨부1
  + [7412] ntt=20536 (4136) 자경농민 감면 시 '거주요건' 및 임업후계자 .. (1) / 답변1 첨부1
  + [7413] ntt=20518 (4135) 영농조합법인 과점주주 간주취득세 문의 (413.. (1) / 답변1 첨부2
  + [7414] ntt=20516 (4134) 대도시 법인 중과세 및 감면, 선등기 가산세 (1) / 답변1 첨부1
  + [7415] ntt=20515 (4133) 영농조합법인 과점주주 간주취득세 문의 (1) / 답변1 첨부2
  + [7416] ntt=20514 (4132) 급여압류 (1) / 답변1
  + [7417] ntt=20512 (4131) 유언대용신탁 취득세 과세 질의 (2) / 답변2 첨부1
  + [7418] ntt=20511 (4130) 취득세 추징 시 부과 제척기간 관련 (1) / 답변1 첨부1
  + [7419] ntt=20508 (4129) 소유권이전청구권가등기 이후 본등기시 취득세 납.. (1) / 답변1 첨부1
  + [7420] ntt=20501 (4128) 납세증명서 발급 관련입니다. (1) / 답변1
  + [7421] ntt=20498 (4127) 노외주차장 등록 후 그 위에 철골조립식(자주식.. (1) / 답변1
  + [7422] ntt=20497 (4126) 건축물의 부속토지 (1) / 답변1 첨부1
  + [7423] ntt=20496 (4125) 중고주유기 이설 시 취득세 납세의무 여부 (1) / 답변1 첨부1
  + [7424] ntt=20493 (4124) 이의신청자 적격 (1) / 답변1
[page 465 완료] 누적 신규 7424건  (이 게시판 저장 총 13,924건)
  + [7425] ntt=20492 (4123) 상속포기차량 공매 (1) / 답변1 첨부1
  + [7426] ntt=20489 (4122) 법인 인적분할 시 취득세에 대한 문의입니다. (1) / 답변1 첨부1
  + [7427] ntt=20488 (4121) 과세자료를 요청할 수 있는지 여부 (1) / 답변1 첨부1
  + [7428] ntt=20485 (4120) 도시자연공원구역 임야의 분리과세 적용 (1) / 답변1 첨부1
  + [7429] ntt=20482 (4119) 창업중소기업 문의드립니다. (1) / 답변1 첨부1
  + [7430] ntt=20481 (4118) 회원제에서 대중제로 전환시 승인 받기 전에 대.. (1) / 답변1 첨부1
  + [7431] ntt=20469 (4117) 창업중소기업 감면 (1) / 답변1
  + [7432] ntt=20468 (4116) 지특법 제79조 법인의 지방이전에 대한 감면시.. (1) / 답변1
  + [7433] ntt=20467 (4115) 법 구문 해석 요청 (1) / 답변1 첨부1
  + [7434] ntt=20464 (4114) 부당행위계산부인 해당 여부 (1) / 답변1 첨부1
  + [7435] ntt=20463 (4113) 미등기토지에 대한 명의신탁해지 소유권보존시 취.. (1) / 답변1 첨부1
  + [7436] ntt=20462 (4112) 종합소득분 납세지 (1) / 답변1 첨부1
  + [7437] ntt=20461 (4111) 특별징수 가산세 (1) / 답변1 첨부1
  + [7438] ntt=20458 (4110) 중과세관련 질문드립니다. (1) / 답변1 첨부1
  + [7439] ntt=20457 (4109) 원인무효로 인한 자동차 저당권 (직권)말소 관.. (2) / 답변2 첨부1
  + [7440] ntt=20455 (4108) '부재부동산 소유자 여부' 에 관하여 (1) / 답변1 첨부1
  + [7441] ntt=20454 (4107) 조심 판례와 현황과세 해석 차이 (1) / 답변1 첨부1
  + [7442] ntt=20449 (4106) 농어촌 주택개량 감면(대상자 변경공문이 있는 .. (1) / 답변1 첨부1
  + [7443] ntt=20448 (4105) 가설건축물(주택)의 재산세 과세표준으로 개별주.. (1) / 답변1 첨부1
  + [7444] ntt=20447 (4104) 법원 경매에 따라 집행비용에 산입된 등록면허세.. (2) / 답변2 첨부1
  + [7445] ntt=20446 (4103) 부동산 다운계약서 작성 후 실제조사에 따른 금.. (1) / 답변1 첨부1
  + [7446] ntt=20443 (4102) 장애인용 자동차 대체취득 관련 상담 요청드립니.. (1) / 답변1 첨부1
  + [7447] ntt=20439 (4101) 철도부지 재산세 관련 고유목적 직접사용여부 (1) / 답변1 첨부1
  + [7448] ntt=20438 (4100) 준공예정인 주택의 부속토지 유상거래시 취득세율 (1) / 답변1 첨부1
  + [7449] ntt=20436 (4099) 재개발구역의 입주권 승계취득시 취득세납부대상 .. (1) / 답변1 첨부1
  + [7450] ntt=20434 (4098) 일반법인에서 농업회사법인으로 변경시 (1) / 답변1 첨부1
  + [7451] ntt=20433 (4097) 재개발사업 변경인가 고시된 경우 사업인정고시일.. (1) / 답변1 첨부1
  + [7452] ntt=20432 (4096) 토지의 현황과세 판단의 범위 (1) / 답변1 첨부1
  + [7453] ntt=20431 (4095) 법인균등분 주민세(비영리법인) 과세대상 문의 (1) / 답변1 첨부1
  + [7454] ntt=20430 (4094) 주민세(법인균등) 집합건물(빌딩 및 상가) 경.. (1) / 답변1 첨부2
[page 466 완료] 누적 신규 7454건  (이 게시판 저장 총 13,954건)
  + [7455] ntt=20428 (4093) 회원제 골프장과 대중제 골프장을 병설운영하는 .. (1) / 답변1 첨부1
  + [7456] ntt=20424 (4092) 상속으로 인한 1가구 1주택(부자지간 같은 주.. (1) / 답변1 첨부1
  + [7457] ntt=20422 (4091) 자경농민 농지의 범위 (2) / 답변2 첨부1
  + [7458] ntt=20419 (4090) 법인 무신고 수시부과시 과표 (1) / 답변1 첨부1
  + [7459] ntt=20409 (4089) 건축물의 현황과세 판단 (1) / 답변1 첨부1
  + [7460] ntt=20400 (4088) 단위농협이 취득한 부동산을 다른 용도로 사용 .. (1) / 답변1 첨부1
  + [7461] ntt=20399 (4087) 중과세관련 질문드립니다. (1) / 답변1 첨부1
  + [7462] ntt=20397 (4086) 중과세 관련 질문입니다. (1) / 답변1
  + [7463] ntt=20396 (4085) 질문번호 4060번 에너지저장장치(ESS)에 .. (1) / 답변1
  + [7464] ntt=20390 (4084) 지방세특례제한법 제78조 제4항에 따라 감면 .. (1) / 답변1 첨부1
  + [7465] ntt=20388 (4083) 사용승인 받지 않은 공동주택의 과세여부 (1) / 답변1 첨부1
  + [7466] ntt=20384 (4082) 법인 인적분할 시 취득세에 대한 문의입니다. (1) / 답변1 첨부1
  + [7467] ntt=20375 (4081) 교환취득 과세표준 문의? (1) / 답변1 첨부3
  + [7468] ntt=20372 (4080) 자동차정비공장(자동차공업사)에 대한 지역자원시.. (1) / 답변1 첨부1
  + [7469] ntt=20371 (4079) 다자녀 감면 부득이한사유 해외이민에 해당하는지.. (1) / 답변1 첨부1
  + [7470] ntt=20369 (4078) 신탁재산 재신탁 관련 납세의무자 문의 (1) / 답변1 첨부1
  + [7471] ntt=20367 (4077) 종합소득세 결정취소 (1) / 답변1 첨부1
  + [7472] ntt=20365 (4076) 4061 관련  추가 질문드립니다. (1) / 답변1 첨부1
  + [7473] ntt=20362 (4075) 경정청구 대상 범위 해석(결정 또는 경정이 있.. (1) / 답변1 첨부1
  + [7474] ntt=20357 (4074) 임대주택 감면 문의 (1) / 답변1
  + [7475] ntt=20352 (4073) 산지복구완료된 종중소유임야 분리과세 적용여부 .. (1) / 답변1 첨부2
  + [7476] ntt=20346 (4072) 법인 소유의 기숙사용  오피스텔을  '주거용 .. (1) / 답변1 첨부1
  + [7477] ntt=20345 (4071) 다자녀 감면 질의 (1) / 답변1 첨부1
  + [7478] ntt=20344 (4070) 개인지방소득세(퇴직소득) 환급지 문의드립니다. (1) / 답변1 첨부1
  + [7479] ntt=20343 (4069) 피부미용 의료기기 제조업체의 클린룸 과세 여부.. (1) / 답변1 첨부1
  + [7480] ntt=20340 (4068) 대지안의 공지를 재산세 비과세 할 수 있는지요.. (1) / 답변1
  + [7481] ntt=20339 (4067) 창업중소기업 취득세 감면 문의 (1) / 답변1 첨부1
  + [7482] ntt=20338 (4066) 주민세(법인균등분) 부과고지 대상 궁금합니다. (1) / 답변1 첨부1
  + [7483] ntt=20337 (4065) 지목변경 취득세에 대한 문의입니다. (1) / 답변1 첨부1
  + [7484] ntt=20334 (4064) 옥외오락시설의 범위 (1) / 답변1 첨부1
[page 467 완료] 누적 신규 7484건  (이 게시판 저장 총 13,984건)
  + [7485] ntt=20331 (4063) (취득세) 거래계약 해제에 따른 취득세 반환 .. (1) / 답변1
  + [7486] ntt=20322 (4062) 유류분 반환(확정)판결에  따른 과거(2018.. (1) / 답변1 첨부1
  + [7487] ntt=20320 (4061) 비영리법인차량 법인대표사망에 따른 상속인지정 (1) / 답변1 첨부1
  + [7488] ntt=20318 (4060) 지방세 은닉 탈루세원 여부 (1) / 답변1 첨부1
  + [7489] ntt=20316 (4059) 농어촌민박사업자 주택세율 적용 여부 (1) / 답변1 첨부1
  + [7490] ntt=20312 (4058) 취득가격의 범위에 대해 질의합니다 (1) / 답변1 첨부2
  + [7491] ntt=20311 (4057) 에너지저장시설(ESS)을 시설 또는 시설물로 .. (1) / 답변1 첨부1
  + [7492] ntt=20305 (4056) 부동산 압류해제 여부 (1) / 답변1 첨부1
  + [7493] ntt=20300 (4055) 법인번호로 변경등록할때 차량 취득세 등록면허세.. (1) / 답변1 첨부1
  + [7494] ntt=20299 (4054) 분양사무실 취득세 법인 지점 중과 문의 (1) / 답변1 첨부1
  + [7495] ntt=20296 (4053) 신탁회사의 교통유발부담금 공탁금 압류 (1) / 답변1 첨부1
  + [7496] ntt=20295 (4052) 어린이집차량 취득시 다자녀감면 혜택 적용가능 .. (1) / 답변1 첨부1
  + [7497] ntt=20291 (4051) 지특법 제79조 법인의 지방이전 감면 가능여부.. (1) / 답변1 첨부1
  + [7498] ntt=20286 (4050) 연구소 신축과 지점이전 등에 따른 중과세율 (2) / 답변2 첨부1
  + [7499] ntt=20283 (4049) 장학단체에 대한 감면 후 유예기간 2년 내 지.. (1) / 답변1 첨부1
  + [7500] ntt=20281 (4048) 지자체가 편압한 토지를 다시 되돌려주는 경우 .. (1) / 답변1 첨부1
  + [7501] ntt=20280 (4047) 공사중단의 정당한 사유 여부 (1) / 답변1 첨부1
  + [7502] ntt=20278 (4046) 압류금지 재산 여부 (1) / 답변1 첨부1
  + [7503] ntt=20277 (4045) 미준공건물 취등록세 관련 (1) / 답변1 첨부1
  + [7504] ntt=20276 (4044) 수증자가 소득이 없을 경우 부부간 부담부 증여.. (1) / 답변1 첨부2
  + [7505] ntt=20274 (4043) 운행정지 차량의 번호판 반환 여부 (1) / 답변1 첨부1
  + [7506] ntt=20273 (4042) 주민세 종업원분 중소기업 고용지원 관련 질의(.. (1) / 답변1 첨부1
  + [7507] ntt=20269 (4041) 경정청구 가능여부 문의드립니다. (2) / 답변2 첨부1
  + [7508] ntt=20266 (4040) 승계조합원의 부동산(토지분)취득금액 중 프리미.. (1) / 답변1 첨부1
  + [7509] ntt=20261 (4039) 장애인용 자동차에 대한 감면 (1) / 답변1 첨부1
  + [7510] ntt=20260 (4038) 공장의 지방이전에 대한 감면 (1) / 답변1 첨부1
  + [7511] ntt=20248 (4037) 지목변경비용을 증축 과세표준에 신고하여 경정청.. (1) / 답변1 첨부1
  + [7512] ntt=20246 (4036) 2019년 9월 토지분재산세가 경정청구 대상이.. (1) / 답변1
  + [7513] ntt=20244 (4035) 장애인 감면 관련 공동명의자 차량취득세 감면 .. (1) / 답변1 첨부1
  + [7514] ntt=20236 (4034) 회원제 골프장 내 골프연습장 (1) / 답변1 첨부1
[page 468 완료] 누적 신규 7514건  (이 게시판 저장 총 14,014건)
  + [7515] ntt=20227 (4033) 물류창고시설내 일부임차법인이 자동분류설비와 관.. (1) / 답변1 첨부1
  + [7516] ntt=20224 (4032) 창업중소기업감면 문의드립니다. (1) / 답변1
  + [7517] ntt=20210 (4031) 취득세 납세의무 성립 여부 (1) / 답변1 첨부1
  + [7518] ntt=20209 (4030) 지목변경 취득세(환지) 과세여부 (1) / 답변1 첨부1
  + [7519] ntt=20207 (4029) 재산세 산업단지 감면 적용시점 문의 (1) / 답변1 첨부1
  + [7520] ntt=20201 (4028) 직계간 거래 관련 입증서류 및 부과방법 문의 (1) / 답변1 첨부1
  + [7521] ntt=20200 (4027) 현황과세의 원칙에 따라 소유자가 다른 주차장 .. (1) / 답변1 첨부1
  + [7522] ntt=20198 (4026) 재산세 감면 관련 문의 드립니다. (1) / 답변1 첨부1
  + [7523] ntt=20197 (4025) 세입징수포상금 지급에 대하여 문의드립니다. (1) / 답변1 첨부3
  + [7524] ntt=20194 (4024) 산업단지내에 물류시설 및 유통용 토지로 해당 .. (1) / 답변1 첨부1
  + [7525] ntt=20192 (4023) 지방세법 제84조의5(중소기업 고용지원) 관련.. (1) / 답변1 첨부1
  + [7526] ntt=20190 (4022) 경영주외 농업인으로 등록되어 있는 배우자의 농.. (1) / 답변1 첨부1
  + [7527] ntt=20187 (4021) 과점주주 취득시기 및 과세표준 질의 (1) / 답변1 첨부1
  + [7528] ntt=20182 (4020) 계약변경으로 인한 수정신고시 취득시기 (1) / 답변1 첨부1
  + [7529] ntt=20181 (4019) 창업중소기업 감면 문의드립니다 (1) / 답변1 첨부1
  + [7530] ntt=20180 (4018) 잔금지급일이 특정되지 않은 매매계약의 연부취득.. (1) / 답변1 첨부1
  + [7531] ntt=20179 (4017) 택지개발 등 지목변경에 소요된 기반시설 공사비.. (1) / 답변1 첨부1
  + [7532] ntt=20176 (4016) 멸실 인정 차량과 새로이 취득한 차량의 장애인.. (1) / 답변1 첨부1
  + [7533] ntt=20172 (4015) 자경농민 감면 (1) / 답변1 첨부1
  + [7534] ntt=20169 (4014) 공장의 지방이전 감면 질의 (1) / 답변1 첨부1
  + [7535] ntt=20168 (4013) 창업중소기업감면 질의 (1) / 답변1 첨부1
  + [7536] ntt=20163 (4012) 지특법 제6조 자경농민의 농지 취득시 감면 주.. (1) / 답변1 첨부1
  + [7537] ntt=20160 (4011) 상속세로 물납하는 상속재산의 취득세 신고 및 .. (1) / 답변1 첨부1
  + [7538] ntt=20158 (4010) 신탁재산이 경매로 이전된 경우 발생한 체납관련.. (1) / 답변1 첨부1
  + [7539] ntt=20155 (4009) 직계존비속의 부동산과 무관한 일반금전채권이 연.. (1) / 답변1 첨부1
  + [7540] ntt=20154 (4008) (재산세비과세문의)산지관리법상 공익용산지 (1) / 답변1 첨부1
  + [7541] ntt=20153 (4007) 토지는 신탁되어 있고 준공난 건축물은 미등기 .. (1) / 답변1 첨부1
  + [7542] ntt=20148 (4006) 민간임대주택법으로 변경됨에 따라 임대의무기간이.. (1) / 답변1 첨부1
  + [7543] ntt=20147 (4005) 충주호리조트 법인소유회원권에 대한 최근 5년간.. (1) / 답변1 첨부1
  + [7544] ntt=20145 (4004) 창업중소기업 감면(자동차) (1) / 답변1 첨부1
[page 469 완료] 누적 신규 7544건  (이 게시판 저장 총 14,044건)
  + [7545] ntt=20138 (4003) 임대주택 감면 문의드립니다(신탁) (1) / 답변1 첨부1
  + [7546] ntt=20135 (4002) 지목변경 취득세 관련 (1) / 답변1
  + [7547] ntt=20128 (4001) 기신고한 가설건축물을 등기하고자할 때 취득세,.. (1) / 답변1 첨부1
  + [7548] ntt=20126 (4000) 지방세특례제한법 제31조의4 관련 재산세 감면.. (1) / 답변1 첨부1
  + [7549] ntt=20124 (3999) 냉난방 개수 취득세 부과 (1) / 답변1
  + [7550] ntt=20123 (3998) 국가등이 1년 이상 공용또는 공공용으로 사용하.. (1) / 답변1 첨부1
  + [7551] ntt=20122 (3997) 법정신고기한 내 감면대상이 아님을 확인 후 정.. (1) / 답변1 첨부1
  + [7552] ntt=20114 (3996) 특수목적법인(SPC)의 판매비와 일반관리비 건.. (1) / 답변1 첨부1
  + [7553] ntt=20112 (3995) 종교단체 감면 가능 여부 (1) / 답변1 첨부1
  + [7554] ntt=20102 (3994) 법인 지점 중과 문의 (1) / 답변1 첨부1
  + [7555] ntt=20100 (3993) 장애인과 공동등록 후 서로간의 지분이전시 취득.. (1) / 답변1 첨부1
  + [7556] ntt=20097 (3992) 학교용지 소유권유상이전 약정토지에 대한 재산세.. (1) / 답변1 첨부1
  + [7557] ntt=20094 (3991) 가설건축물 환급 (1) / 답변1 첨부1
  + [7558] ntt=20093 (3990) 농업회사법인의 주민세 관련 문의 (1) / 답변1 첨부1
  + [7559] ntt=20092 (3989) 은행에서 체납자 예금추심을 거절했습니다 (1) / 답변1
  + [7560] ntt=20088 (3988) 멸실인정일과 압류해제일, 말소일중 소멸시효 기.. (1) / 답변1 첨부1
  + [7561] ntt=20087 (3987) 장기 임대주택 감면 문의드립니다. (지특법 제.. (1) / 답변1 첨부1
  + [7562] ntt=20086 (3986) 민간건설법인의 서민주택 건설을 위한 토지의 농.. (1) / 답변1 첨부1
  + [7563] ntt=20083 (3985) 예탁한 공매 배분금을 상속인에게 예탁 통지 및.. (1) / 답변1 첨부1
  + [7564] ntt=20081 (3984) 취득한 산업단지개발용지가 착공이 안이루어진 경.. (1) / 답변1 첨부1
  + [7565] ntt=20077 (3983) 대도시 취득세 중과세율 적용 여부에 대하여 문.. (1) / 답변1 첨부1
  + [7566] ntt=20072 (3982) 법인 단순분할로 인한 차량과 건설기계 승계등록.. (1) / 답변1 첨부1
  + [7567] ntt=20069 (3981) 임대사업자 감면 적용 가능여부 문의 (1) / 답변1 첨부1
  + [7568] ntt=20068 (3980) IT프리랜서의 주민세(개인사업자균등분) 납세의.. (1) / 답변1
  + [7569] ntt=20066 (3979) 이행강제금 체납으로 자동차 공동명의자 중 99.. (1) / 답변1 첨부2
  + [7570] ntt=20065 (3978) 사용검사예정일로부터 3년이 지난 주택건설사업에.. (1) / 답변1 첨부1
  + [7571] ntt=20062 (3977) 조직변경 해산된 법인에 대한 주민세 법인균등분.. (1) / 답변1 첨부1
  + [7572] ntt=20056 (3976) 상속대상재산이 소송 중인 경우 가산세 부과 및.. (1) / 답변1 첨부1
  + [7573] ntt=20047 (3975) 취득일 문의 (1) / 답변1 첨부1
  + [7574] ntt=20041 (3974) 경정청구 요건 관련 질의 (1) / 답변1 첨부1
[page 470 완료] 누적 신규 7574건  (이 게시판 저장 총 14,074건)
  + [7575] ntt=20038 (3973) 고급주택의 부속토지 범위 (1) / 답변1 첨부2
  + [7576] ntt=20036 (3972) 장애인 감면 후 차량이 이전된 경우 추징문의 (1) / 답변1
  + [7577] ntt=20031 (3971) 임대주택 감면 재산세 추징관련 질의 (1) / 답변1
  + [7578] ntt=20029 (3970) 법인 과태료 체납처분 가능 여부 (1) / 답변1
  + [7579] ntt=20028 (3969) 합의된 할인액 분양금 과표에 반영 여부 질의 (1) / 답변1 첨부1
  + [7580] ntt=20020 (3968) 증여 취득세 신고 후 감정평가액으로 수정신고 .. (2) / 답변2 첨부1
  + [7581] ntt=20019 (3967) 단위농업협동조합의 소유 토지를 영농조합법인에 .. (1) / 답변1 첨부1
  + [7582] ntt=20017 (3966) 주민세 종업원분 과세대상 해당여부 문의 (1) / 답변1 첨부1
  + [7583] ntt=20011 (3965) 징수유예 납세 담보로 전세금도 가능한가요? (2) / 답변2 첨부1
  + [7584] ntt=20010 (3964) 간주취득세 문의드립니다 (1) / 답변1 첨부1
  + [7585] ntt=20002 (3963) (다시 글올립니다) 교환 취득세 관련 (1) / 답변1 첨부1
  + [7586] ntt=19996 (3962) 과점주주 취득세 과세대상으로 볼 수 있는지 여.. (1) / 답변1 첨부1
  + [7587] ntt=19989 (3961) 재산세 납세의무자 (1) / 답변1 첨부1
  + [7588] ntt=19986 (3960) 환지받은 토지에 대한 지목변경 취득세에 대하여 (1) / 답변1
  + [7589] ntt=19979 (3959) 소유권이전등기 말소 및 소유권이전등기회복 판결.. (1) / 답변1 첨부1
  + [7590] ntt=19978 (3958) 공시송달관련 질문입니다. (1) / 답변1
  + [7591] ntt=19977 (3957) 현물출자 감면 추징 유예기간 적용 방법 (지특.. (1) / 답변1 첨부1
  + [7592] ntt=19976 (3956) 불법 주차장으로쓰고 있는 부지 지목변경에 대해.. (1) / 답변1
  + [7593] ntt=19973 (3955) 창업감면 문의드립니다 (1) / 답변1 첨부1
  + [7594] ntt=19972 (3954) 교환계약서에 의거 교환되는 지분이 상이한 경우.. (1) / 답변1 첨부1
  + [7595] ntt=19971 (3953) 등록면허세(가처분) 과세표준 문의 (1) / 답변1 첨부1
  + [7596] ntt=19968 (3952) 장애인 공동생활가정의 주택 세율 적용 여부 (1) / 답변1 첨부1
  + [7597] ntt=19963 (3951) 소유권등기 말소 후, 재등기 시 취득세 부과대.. (1) / 답변1 첨부1
  + [7598] ntt=19961 (3950) 일주택 여부 확인할 수 있는 방법 문의 (1) / 답변1 첨부1
  + [7599] ntt=19954 (3949) 법인합병감면문의입니다(합병기일이 2012년 7.. (1) / 답변1 첨부1
  + [7600] ntt=19952 (3948) 둘 이상의 지자체에 걸쳐 있는 부동산의 취득세 (1) / 답변1 첨부1
  + [7601] ntt=19951 (3947) 취득세 징수유예 (2) / 답변2 첨부1
  + [7602] ntt=19948 (3946) 파산선고의 경우 재산세 부과처분 (1) / 답변1 첨부1
  + [7603] ntt=19947 (3945) 차량 취득세 및 자동차세 장애인 감면 문의드립.. (1) / 답변1 첨부1
  + [7604] ntt=19944 (3944) 자동차세 납세의무자 질의 (1) / 답변1 첨부1
[page 471 완료] 누적 신규 7604건  (이 게시판 저장 총 14,104건)
  + [7605] ntt=19942 (3943) 잔금납부 후 지급받기로한 판매장려금을 취득세 .. (1) / 답변1 첨부1
  + [7606] ntt=19928 (3942) 창업감면[162] 재질의 드립니다 (1) / 답변1 첨부1
  + [7607] ntt=19927 (3941) 차량 취득세) 장애인 감면 추징 관련 질문드립.. (1) / 답변1 첨부1
  + [7608] ntt=19921 (3940) 아파트를 전매로 매수 시 중도금이자 취득세 가.. (1) / 답변1
  + [7609] ntt=19920 (3939) 자경농민 감면에 대한 문의입니다. (1) / 답변1 첨부1
  + [7610] ntt=19908 (3938) 지식산업센터 감면 후 추징 사유관련 문의 (1) / 답변1 첨부1
  + [7611] ntt=19907 (3937) 콘도회원권 관련 (1) / 답변1 첨부1
  + [7612] ntt=19903 (3936) 하나의 사업을 여러 지자체로 안분하여 취득신고.. (1) / 답변1 첨부1
  + [7613] ntt=19902 (3935) 지방세법 제112조 재산세 도시지역분 과세대상.. (1) / 답변1 첨부1
  + [7614] ntt=19901 (3934) 징수유예와 납세담보 관련 문의 (1) / 답변1 첨부1
  + [7615] ntt=19899 (3933) 자동차관련시설 건축물 토지 과세구분 문의 (1) / 답변1 첨부1
  + [7616] ntt=19897 (3932) 임차인의 계약갱신요구에 의하여 유예기간내  직.. (1) / 답변1 첨부1
  + [7617] ntt=19891 (3931) 철거한 건물을 종교용으로 직접 사용한 것으로 .. (1) / 답변1 첨부1
  + [7618] ntt=19890 (3930) 당사자간 화해조서에 따른 소유권이전청구권가등기.. (1) / 답변1 첨부1
  + [7619] ntt=19887 (3929) 귀농인 감면 관련 질의 (1) / 답변1 첨부1
  + [7620] ntt=19884 (3928) 현물출자관련 감면 문의드립니다. (1) / 답변1 첨부1
  + [7621] ntt=19881 (3927) 창업중소기업감면 문의드립니다. (1) / 답변1 첨부1
  + [7622] ntt=19878 (3926) 3913 재질의 지방세특례제한법 제31조의3 .. (1) / 답변1 첨부1
  + [7623] ntt=19872 (3925) 열배관 감시시스템 취득세 과세대상 해당 여부 .. (1) / 답변1 첨부1
  + [7624] ntt=19871 (3924) 기타 채권 경매 배당절차에서 지연손해금을 배당.. (1) / 답변1 첨부1
  + [7625] ntt=19858 (3923) 자격상실한 조합원 사망시 상속에 대한 취득세 .. (1) / 답변1 첨부1
  + [7626] ntt=19852 (3922) 지하수 신고시 생활용수 신고 후 농업용수와 생.. (1) / 답변1 첨부1
  + [7627] ntt=19849 (3921) 기업합병에 따른 취득세 중과세율 및 감면 (1) / 답변1 첨부1
  + [7628] ntt=19848 (3920) 주택건설사업용으로 중과제외 취득세 신고후 신탁.. (1) / 답변1 첨부1
  + [7629] ntt=19847 (3919) 한국농어촌공사 농업생산기반시설용 토지 감면 관.. (1) / 답변1 첨부1
  + [7630] ntt=19846 (3918) 농업회사법인 감면 문의드립니다. (1) / 답변1 첨부1
  + [7631] ntt=19843 (3917) 상하수도원인자부담금 지목변경 취득세 과세표준 .. (1) / 답변1 첨부1
  + [7632] ntt=19842 (3916) 법인지방소득세 가산세 관련입니다 (1) / 답변1 첨부1
  + [7633] ntt=19840 (3915) 판결에 의한 차량 소유권이전등록시 취득세 관련.. (1) / 답변1 첨부2
  + [7634] ntt=19839 (3914) 법인 간 비적격 분할합병시 취득세 과세표준 및.. (1) / 답변1 첨부1
[page 472 완료] 누적 신규 7634건  (이 게시판 저장 총 14,134건)
  + [7635] ntt=19837 (3913) 지방세법 제 109조 제2항(국가 등이 공용 .. (1) / 답변1 첨부1
  + [7636] ntt=19834 (3912) 주민세(종업원분) 중소기업 고용지원 특례 질문 (1) / 답변1 첨부1
  + [7637] ntt=19831 (3911) 자경농민 요건을 갖춘 취득자의 농가주택 신축시.. (1) / 답변1 첨부1
  + [7638] ntt=19826 (3910) 지특법 제31조의3 [장기일반민간임대주택 등에.. (1) / 답변1 첨부1
  + [7639] ntt=19825 (3909) 위수탁계약 해지시 지입회사 내 소유권 이전에 .. (1) / 답변1 첨부1
  + [7640] ntt=19813 (3908) 한국토지주택공사의 임대용 공동주택에 대한 감면.. (1) / 답변1 첨부1
  + [7641] ntt=19812 (3907) 산업단지 조성을 위해 취득한 부동산에 해당하는.. (1) / 답변1 첨부1
  + [7642] ntt=19808 (3906) 과점주주 간주취득세 대상인 도시가스 공급설비 .. (1) / 답변1 첨부1
  + [7643] ntt=19807 (3905) 감면받은 취득세를 추징당하여도 재산세만 감면 .. (1) / 답변1 첨부1
  + [7644] ntt=19801 (3904) 지방세 과세내역도 보존기한이 있는지(과세내역 .. (1) / 답변1 첨부1
  + [7645] ntt=19799 (3903) 지방세기본법 제140조 해당여부 문의 (1) / 답변1 첨부1
  + [7646] ntt=19793 (3902) 취득세 감면차량 추징 관련 문의 (1) / 답변1 첨부1
  + [7647] ntt=19792 (3901) 산업단지 지목변경 추징 경정청구 관련 인용 여.. (1) / 답변1 첨부1
  + [7648] ntt=19790 (3900) 취득시기와 강제경매개시결정에 따른 소유권보존등.. (1) / 답변1 첨부1
  + [7649] ntt=19788 (3899) 종교단체가 운영중인 대안학교가 수익사업에 해당.. (2) / 답변2 첨부1
  + [7650] ntt=19787 (3898) 차량 공매 관련 문의 (1) / 답변1 첨부1
  + [7651] ntt=19785 (3897) 취득세 감면없는 재산세 창업중소기업 감면 여부 (1) / 답변1 첨부1
  + [7652] ntt=19784 (3896) 과점주주관련 질문입니다. (1) / 답변1 첨부1
  + [7653] ntt=19775 (3895) 의료원 감면 (1) / 답변1 첨부1
  + [7654] ntt=19771 (3894) 한국토지주택공사 임대주택 (60㎡이하)감면 (1) / 답변1 첨부1
  + [7655] ntt=19770 (3893) 3877 관련 추가 질의(지역주택조합 토지 과.. (1) / 답변1 첨부1
  + [7656] ntt=19764 (3892) 과점주주관련 질문입니다 (1) / 답변1 첨부1
  + [7657] ntt=19763 (3891) 과점주주관련 질문입니다. / 답변0
  + [7658] ntt=19762 (3890) 다자녀 감면 차량 취득세 추징 여부 질의 (1) / 답변1 첨부1
  + [7659] ntt=19757 (3889) 지역주택조합 조합원 승계(상속) 취득세 관련 .. (1) / 답변1 첨부1
  + [7660] ntt=19756 (3888) 시 보조금(지원금)이 취득세 과세표준에 포함 .. (1) / 답변1 첨부1
  + [7661] ntt=19755 (3887) 건축공사 현장의 하도급업체 근로자(상용·일용직.. (1) / 답변1 첨부1
  + [7662] ntt=19754 (3886) [등록면허세(면허)] 수건의 면허사항을 편의상.. (1) / 답변1 첨부2
  + [7663] ntt=19753 (3885) 이의신청 처리관련 문의 (1) / 답변1 첨부1
  + [7664] ntt=19745 (3884) 농지전용부담금의 취득세 과표산입 요령 (1) / 답변1
[page 473 완료] 누적 신규 7664건  (이 게시판 저장 총 14,164건)
  + [7665] ntt=19738 (3883) 창업감면 문의드립니다 (1) / 답변1 첨부1
  + [7666] ntt=19736 (3882) 아파트 구역내 개인소유 임야 재산세 부과관련 .. (1) / 답변1 첨부1
  + [7667] ntt=19734 (3881) 신탁재산을  위탁자명으로 임대사업자 등록 / .. (1) / 답변1
  + [7668] ntt=19733 (3880) 한국토지주택공사 행복주택 건축(원시취득)물 지.. (1) / 답변1 첨부1
  + [7669] ntt=19731 (3879) 정비사업구역 내의 토지, 세부담상한 적용 관련 (1) / 답변1 첨부1
  + [7670] ntt=19725 (3878) 환지방식 도시개발사업용 토지 관련 문의 (1) / 답변1 첨부1
  + [7671] ntt=19722 (3877) 장애인차량 감면 추징관련 질의합니다. (1) / 답변1 첨부1
  + [7672] ntt=19719 (3876) 이전등기 미완료 부동산 재산세 납세의무자 문의 (1) / 답변1 첨부1
  + [7673] ntt=19717 (3875) 자동차를 분실한 후 다시 회수하고 운행하는 경.. (1) / 답변1 첨부1
  + [7674] ntt=19714 (3874) 창업벤처중소기업에 대한 감면 문의입니다. (1) / 답변1 첨부1
  + [7675] ntt=19713 (3873) 지역주택조합 토지 취득세 과세방법 문의 (1) / 답변1 첨부1
  + [7676] ntt=19710 (3872) 법인지방소득세 이의신청 문의 (1) / 답변1 첨부1
  + [7677] ntt=19709 (3871) 창업중소기업 감면 여부 (1) / 답변1 첨부1
  + [7678] ntt=19704 (3870) 이주비 취득가격 포함 여부 (1) / 답변1
  + [7679] ntt=19695 (3869) 해산등기된 협동조합의 경우 지방세환급금지급 가.. (1) / 답변1 첨부1
  + [7680] ntt=19694 (3868) 자동차 공매시 송달 문의드립니다. (1) / 답변1
  + [7681] ntt=19692 (3867) 창업중소기업감면 문의드립니다 (1) / 답변1 첨부1
  + [7682] ntt=19689 (3866) 천재지변 대체취득 감면 관련 질의 드립니다. (1) / 답변1 첨부1
  + [7683] ntt=19688 (3865) 현물출자로 취득세 감면후 유예기간 2년내 지자.. (1) / 답변1 첨부1
  + [7684] ntt=19687 (3864) 상속 취득 시 1가구 1주택  세율특례 적용 .. (1) / 답변1 첨부1
  + [7685] ntt=19684 (3863) 종교단체 재산세 감면 질의 (1) / 답변1
  + [7686] ntt=19683 (3862) 종교단체 재산세 감면 질의 (1) / 답변1
  + [7687] ntt=19682 (3861) 유원지로 지형고시된 토지의 감면시 10년이상 .. (1) / 답변1 첨부1
  + [7688] ntt=19681 (3860) 주민세(재산분) 과세대상 사업소 해당 여부 (1) / 답변1 첨부1
  + [7689] ntt=19680 (3859) 종교단체 재산세 감면 질의 (1) / 답변1
  + [7690] ntt=19674 (3858) 어린이집 옥외놀이터 및 주차장 감면대상여부 (1) / 답변1 첨부1
  + [7691] ntt=19672 (3857) 지식산업센터 사업시설용 인정 여부 (1) / 답변1 첨부1
  + [7692] ntt=19671 (3856) 기존법인이 아닌 법인이 기존법인을 흡수합병하면.. (1) / 답변1 첨부1
  + [7693] ntt=19670 (3855) 창업 업종추가 관련 문의드립니다. (1) / 답변1 첨부1
  + [7694] ntt=19664 (3854) 영어조합법인의 직접사용여부 (1) / 답변1 첨부1
[page 474 완료] 누적 신규 7694건  (이 게시판 저장 총 14,194건)
  + [7695] ntt=19663 (3853) 부동산 경락 받고 미신고후 사망. 자녀가 매각.. (1) / 답변1 첨부1
  + [7696] ntt=19660 (3852) 등기부등본상 '지분파산'된 토지의 납세의무자 .. (1) / 답변1 첨부1
  + [7697] ntt=19659 (3851) 가설건축물 양성화에 따른 취득세 (1) / 답변1 첨부1
  + [7698] ntt=19657 (3850) 기업부설연구소 감면 추징대상 여부 질의 (1) / 답변1 첨부1
  + [7699] ntt=19652 (3849) 채권압류후 후속조치를 통한 체납처분 방법에 대.. (1) / 답변1 첨부1
  + [7700] ntt=19649 (3848) 영농조합법인 무허가 건축물(고유목적사업 사용).. (1) / 답변1 첨부1
  + [7701] ntt=19648 (3847) 유원지로 지형도면 고시된 토지의 감면여부 (1) / 답변1 첨부1
  + [7702] ntt=19641 (3846) 연구소 부속토지 면적 계산 질의 (1) / 답변1 첨부1
  + [7703] ntt=19640 (3845) 부담부증여 소득금액증명원 대체서류 인정범위 (1) / 답변1 첨부1
  + [7704] ntt=19636 (3844) 한센인 정착지역의 무허가 건축물에 대한 재산세.. (1) / 답변1 첨부1
  + [7705] ntt=19633 (3843) 과점주주 취득세 성립여부 판단 (1) / 답변1 첨부1
  + [7706] ntt=19628 (3842) 과세전적부심사 후 부과관련 (1) / 답변1 첨부1
  + [7707] ntt=19624 (3841) 가설건축물 임차하여 축조신고시 취득세 납세의무.. (1) / 답변1 첨부1
  + [7708] ntt=19619 (3840) 합유토지 관련 재산세 납세의무자 문의 (1) / 답변1 첨부1
  + [7709] ntt=19616 (3839) 부동산 취득에 관련되는 소송비용 과표 포함여부 (1) / 답변1 첨부1
  + [7710] ntt=19610 (3838) 기존법인이 아닌 법인이 기존법인을 흡수합병하면.. (1) / 답변1 첨부1
  + [7711] ntt=19608 (3837) 재건축 이전고시에 따른 토지 취득세 부과 문의 (1) / 답변1 첨부1
  + [7712] ntt=19603 (3836) 도난말소 등록 후 감액 및 환급가능 여부 (1) / 답변1 첨부1
  + [7713] ntt=19598 (3835) 지목변경 취득세 (전원마을 조성사업) 관련 질.. (1) / 답변1 첨부1
  + [7714] ntt=19594 (3834) 지방세특례제한법”의 중복감면 배제규정에 관한 .. (1) / 답변1 첨부1
  + [7715] ntt=19592 (3833) 한국토지주택공사의 지방세특례제한법 31조 3항.. (1) / 답변1 첨부1
  + [7716] ntt=19588 (3832) 창업중소기업 재산세 경감 (1) / 답변1 첨부1
  + [7717] ntt=19577 (3831) 생활환경정비사업 주택개량자 관련 (1) / 답변1 첨부1
  + [7718] ntt=19574 (3830) 가산세 감면 (1) / 답변1 첨부1
  + [7719] ntt=19565 (3829) 재산세 소급 감면 (1) / 답변1 첨부1
  + [7720] ntt=19564 (3828) 시장정비사업에 대한 감면(지특법제83조) (1) / 답변1 첨부1
  + [7721] ntt=19563 (3827) 등기부등본 상 2년 이내 매각이나 실제로는 2.. (1) / 답변1 첨부1
  + [7722] ntt=19551 (3826) 지방소득세(특별징수) 의 사채이자가 과표에 포.. (1) / 답변1 첨부1
  + [7723] ntt=19547 (3825) 창업중소기업 감면 문의드립니다 (1) / 답변1 첨부1
  + [7724] ntt=19536 (3824) 재산세가 경감되는 토지의 경감비율에 해당하는 .. (1) / 답변1 첨부2
[page 475 완료] 누적 신규 7724건  (이 게시판 저장 총 14,224건)
  + [7725] ntt=19535 (3823) 특약사항 대출금 승계 취득 시기?? (1) / 답변1 첨부1
  + [7726] ntt=19529 (3822) 공동 임대사업자 취득세 감면 (1) / 답변1 첨부1
  + [7727] ntt=19526 (3821) 과점주주 간주취득세 과세여부 (1) / 답변1 첨부1
  + [7728] ntt=19525 (3820) 국가유공자 대부금 으로 취득하는 주택에 대하여 (1) / 답변1
  + [7729] ntt=19521 (3819) 법인과 임원(감사)간의 과점주주 관련 특수관계.. (2) / 답변2 첨부1
  + [7730] ntt=19517 (3818) 파산법인의 제2차납세자에 대하여 문의 드립니다.. (1) / 답변1
  + [7731] ntt=19516 (3817) 토지수용에 따른 대체취득 감면 관련 문의드립니.. (1) / 답변1 첨부1
  + [7732] ntt=19515 (3816) 토지 지목변경 간주취득세 문의 (1) / 답변1 첨부1
  + [7733] ntt=19512 (3815) 과점주주 취득세 과세문의 (1) / 답변1 첨부1
  + [7734] ntt=19508 (3814) 해산등기된 법인의 경우 지방세환급금 지급가능 .. (1) / 답변1 첨부1
  + [7735] ntt=19502 (3813) 교회용도로 사용되고 있는 담당목사재산의 비과세.. (1) / 답변1 첨부1
  + [7736] ntt=19500 (3812) 장애 감면 차량 취득세 추징 기산일 질의합니다.. (1) / 답변1 첨부1
  + [7737] ntt=19499 (3811) 유증기 회수설비가 취득세 과세대상인 에너지공급.. (1) / 답변1 첨부2
  + [7738] ntt=19498 (3810) 산업단지개발사업 시행자가 산업단지를 조성한 후.. (1) / 답변1 첨부1
  + [7739] ntt=19496 (3809) 소유권이전청구권 가등기 처분금지 가처분 관련 (1) / 답변1
  + [7740] ntt=19491 (3808) 농업회사법인 분할 관련 문의드립니다. (1) / 답변1 첨부1
  + [7741] ntt=19489 (3807) 임차인이 설치한 에스컬레이터 취득세 납세의무자 (1) / 답변1 첨부1
  + [7742] ntt=19485 (3806) 휴면법인의 인수에 해당되는지 여부 (1) / 답변1 첨부1
  + [7743] ntt=19479 (3805) 학교법인 소유 수영장을 학생 외 일반인에게 공.. (1) / 답변1 첨부1
  + [7744] ntt=19478 (3804) 지식산업센타 설립승인후 정상적인 사업영위를 하.. (1) / 답변1
  + [7745] ntt=19476 (3803) 주민세 재산분, 여러 업체가 한 사업장을 공동.. / 답변0
  + [7746] ntt=19465 (3802) 상속재협의 시 대가를 지급한 경우 세율 적용 .. (1) / 답변1 첨부1
  + [7747] ntt=19464 (3801) 농지 위에 있는 불법 건축물 부속토지의 토지재.. (1) / 답변1 첨부1
  + [7748] ntt=19463 (3800) (재질의)곤충 사육장에 대한 지방세 감면 해당.. (1) / 답변1 첨부3
  + [7749] ntt=19460 (3799) 개발사업용토지 부과관련<재질의> (1) / 답변1 첨부1
  + [7750] ntt=19457 (3798) 11층이상 고층건물에 대한 지역자원시설세 판단.. (1) / 답변1 첨부1
  + [7751] ntt=19456 (3797) 과점주주 취득세 과세할수 있는건가요? (1) / 답변1
  + [7752] ntt=19451 (3796) 용도변경된 신축건물 과표 관련 질의 (1) / 답변1 첨부1
  + [7753] ntt=19447 (3795) 지장물 이전비용 취득세 과표 포함 여부 (1) / 답변1 첨부1
  + [7754] ntt=19444 (3794) 공유물 분할 법원 조정조서에 관해 문의드립니다.. (1) / 답변1 첨부1
[page 476 완료] 누적 신규 7754건  (이 게시판 저장 총 14,254건)
  + [7755] ntt=19438 (3793) 대체취득감면에서 말하는 사업인정고시일에 대한 .. (1) / 답변1 첨부2
  + [7756] ntt=19437 (3792) 기계장비의 납세지 (1) / 답변1
  + [7757] ntt=19426 (3791) 대지권 등기 전 압류 효력 및 재산세 부과 (1) / 답변1 첨부1
  + [7758] ntt=19420 (3790) 셀프 세차시설로 이용되고 있는 토지를 별도합산.. (1) / 답변1 첨부1
  + [7759] ntt=19413 (3789) 대형마트, 쇼핑센터네 용도지수 (2) / 답변2 첨부1
  + [7760] ntt=19411 (3788) 지적불부합 토지 재산세 감면여부 (1) / 답변1 첨부1
  + [7761] ntt=19409 (3787) 재건축 정비기반 취득세 비과세 여부 (1) / 답변1 첨부1
  + [7762] ntt=19408 (3786) 대도시내 법인 부동산 취득 중과 문의 (1) / 답변1 첨부1
  + [7763] ntt=19406 (3785) 취득세 추징으로 인한 납기전징수 가능 여부 (1) / 답변1 첨부1
  + [7764] ntt=19404 (3784) 도시개발사업용토지 관련 문의 (1) / 답변1 첨부1
  + [7765] ntt=19401 (3783) [취득세/등록면허세] 명의신탁 원인으로 하는 .. (1) / 답변1 첨부1
  + [7766] ntt=19400 (3782) 기업부설연구소 매각후 임대전환 시 추징여부 (1) / 답변1 첨부1
  + [7767] ntt=19398 (3781) 직접사용 범위에 대하여 (1) / 답변1 첨부1
  + [7768] ntt=19394 (3780) 과점주주 과세 (1) / 답변1 첨부1
  + [7769] ntt=19393 (3779) 곤충 사육장에대한 지방세 감면 해당 여부 및 .. (1) / 답변1 첨부1
  + [7770] ntt=19390 (3778) 재산세 감면 가능 여부 질부 (1) / 답변1 첨부1
  + [7771] ntt=19389 (3777) 물류단지용 토지관련 문의 (1) / 답변1 첨부1
  + [7772] ntt=19388 (3776) 농공단지 대체입주자에 대한 감면 질의 (1) / 답변1 첨부3
  + [7773] ntt=19386 (3775) 지역자원시설세 중과 관련 문의입니다. (1) / 답변1 첨부2
  + [7774] ntt=19384 (3774) 준공 전 임대용 공동주택을 건축중인 경우 재산.. (1) / 답변1 첨부1
  + [7775] ntt=19383 (3773) 재산세 노인복지시설 감면 관련 연평균 입소 인.. (1) / 답변1 첨부1
  + [7776] ntt=19375 (3772) 임대사업자 감면 여부 질의 합니다. (1) / 답변1 첨부1
  + [7777] ntt=19374 (3771) 지입 인정 여부 및 취득세 환급 여부 문의 (1) / 답변1 첨부1
  + [7778] ntt=19373 (3770) 판결문으로 납세의무자 사망 확인되는 제척기간 .. (1) / 답변1 첨부1
  + [7779] ntt=19372 (3769) 신축 건물 사용승인 후 등기 전 소유권 정정 .. (1) / 답변1 첨부1
  + [7780] ntt=19369 (3768) 철탑부지에 대한 재산세 과세 (1) / 답변1
  + [7781] ntt=19368 (3767) 화해권고결정에 대한 재산세 납세의무자 질의 (1) / 답변1 첨부1
  + [7782] ntt=19365 (3766) 종교단체 소유 토지의 재산세 과세 적정 여부 .. (1) / 답변1 첨부1
  + [7783] ntt=19364 (3765) 법인 조직변경(주식회사>유한회사)시  설립시기 (1) / 답변1 첨부1
  + [7784] ntt=19363 (3764) 연결법인의 미환류소득에 대한 법인지방소득세관련.. (1) / 답변1 첨부1
[page 477 완료] 누적 신규 7784건  (이 게시판 저장 총 14,284건)
  + [7785] ntt=19362 (3763) 생애최초 주택 구입 신혼부부 감면  주택여부 .. (1) / 답변1 첨부1
  + [7786] ntt=19359 (3762) 소유권 이전등기 말소에 따른 재산세 납세의무자 (1) / 답변1 첨부1
  + [7787] ntt=19357 (3761) 계약해제에 따른 재산세 납세의무자 (1) / 답변1 첨부1
  + [7788] ntt=19355 (3760) 지방세 전자송달 관련 상담요청 (1) / 답변1 첨부1
  + [7789] ntt=19352 (3759) 직접사용하지 않은 임대부분의 취득세 추징여부와.. (1) / 답변1 첨부1
  + [7790] ntt=19347 (3758) 조특법32조에 따른 사업양수도에 관한 질의(지.. (1) / 답변1 첨부1
  + [7791] ntt=19342 (3757) 사업장 균등할 주민세 부과처분에 대한 질의 (1) / 답변1
  + [7792] ntt=19339 (3756) 시장정비사업에 대한 감면(지특법제83조) (1) / 답변1 첨부1
  + [7793] ntt=19334 (3755) 이전공공기관 임직원 취득세 감면대상 여부 문의 (1) / 답변1 첨부1
  + [7794] ntt=19333 (3754) 지역자원시설세 중과 문의입니다. (1) / 답변1 첨부1
  + [7795] ntt=19321 (3753) 미공시 주택가격 결정 재산세 부과 (1) / 답변1 첨부1
  + [7796] ntt=19318 (3752) 대도시내 법인 부동산 취득 중과 여부 (1) / 답변1 첨부1
  + [7797] ntt=19317 (3751) 농업법인 유통.가공감면 조항에서 직접사용의 의.. (1) / 답변1 첨부1
  + [7798] ntt=19307 (3750) 창업중소기업감면 문의드립니다 (1) / 답변1 첨부1
  + [7799] ntt=19301 (3749) [3742] 답변관련 재질의 합니다. (1) / 답변1 첨부1
  + [7800] ntt=19298 (3748) 사망한 전남편의 토지를 전남편 사망이후 재혼한.. (1) / 답변1 첨부1
  + [7801] ntt=19295 (3747) 임야 지목변경 취득세 관련 (1) / 답변1 첨부2
  + [7802] ntt=19287 (3746) 시공참여자 관련 주민세(종업원분) 질문입니다. (1) / 답변1
  + [7803] ntt=19286 (3745) 차량 유공자감면 관련하여 문의드립니다. (1) / 답변1 첨부1
  + [7804] ntt=19285 (3744) 재산세 대장 등재 요청건 (1) / 답변1 첨부1
  + [7805] ntt=19282 (3743) 태양광발전시스템이 주민세 과세대상인 사업소에 .. (1) / 답변1 첨부1
  + [7806] ntt=19278 (3742) 창업 중소기업 감면에 대한 취득세 추징여부 (1) / 답변1 첨부1
  + [7807] ntt=19277 (3741) 건물소유권보존 시 자경농민 감면요건 사항이 되.. (1) / 답변1 첨부1
  + [7808] ntt=19273 (3740) 도시지역분 제외 가능여부(대지인지 농지로 볼수.. (1) / 답변1 첨부1
  + [7809] ntt=19270 (3739) [3736] 답변 관련 재질의 (1) / 답변1 첨부1
  + [7810] ntt=19264 (3738) 창업중소기업 추징 (1) / 답변1 첨부1
  + [7811] ntt=19261 (3737) 종교단체가  직접 사용하는 부동산의 의미 (1) / 답변1 첨부1
  + [7812] ntt=19258 (3736) 리스시설물의 재산세 부과 (1) / 답변1 첨부1
  + [7813] ntt=19252 (3735) 지식산업센터 사업시설용 건물  재산세 감면 가.. (1) / 답변1 첨부1
  + [7814] ntt=19243 (3734) 후발적 사유에 따른 경정청구 관련하여 (1) / 답변1 첨부1
[page 478 완료] 누적 신규 7814건  (이 게시판 저장 총 14,314건)
    [retry 1/3] ReadTimeout
  + [7815] ntt=19240 (3733) 가설건축물 실제 존속기간이 1년 미만인 경우 .. (1) / 답변1 첨부1
  + [7816] ntt=19235 (3732) 지특법 31조 1항 2호 임대사업자 감면 문의 (1) / 답변1 첨부1
  + [7817] ntt=19232 (3731) 사망자의 세목별 과세 증명서 발급 가능 여부 .. (1) / 답변1 첨부1
  + [7818] ntt=19231 (3730) 법인지방소득세 환급금 이자기산일 질의 (1) / 답변1 첨부1
  + [7819] ntt=19221 (3729) 과점주주 취득세 특수관계인 여부 문의 (1) / 답변1 첨부1
  + [7820] ntt=19218 (3728) 재산세 납세의무자 질의 (1) / 답변1
  + [7821] ntt=19214 (3727) 창업중소기업에 대한 지방세특례제한법 적용에 대.. (2) / 답변2
  + [7822] ntt=19213 (3726) 차령초과말소와 멸실 차이점 (1) / 답변1 첨부1
  + [7823] ntt=19210 (3725) 차량압류사실을 모르고 시효소멸 결손을 했을때 .. (1) / 답변1 첨부1
  + [7824] ntt=19209 (3724) 지방세특례제한법 제58조의3 창업중소기업 재산.. (1) / 답변1 첨부1
  + [7825] ntt=19207 (3723) 무허가 주택 취득세 적용과 관련하여  ‘주택’.. (1) / 답변1 첨부1
  + [7826] ntt=19205 (3722) 신탁체납에도 불구하고 신탁사의 납세증명서(체납.. (1) / 답변1 첨부1
  + [7827] ntt=19202 (3721) 지식산업센터 감면(지특법58조의2)대상 문의 (1) / 답변1 첨부1
  + [7828] ntt=19196 (3720) 사후감면시 감면분 농특세 부과 관련하여~ (1) / 답변1 첨부1
  + [7829] ntt=19195 (3719) 지방세에 관한 상계 금지가 동일세목에도 적용되.. (1) / 답변1 첨부1
  + [7830] ntt=19194 (3718) 산업단지개발사업 시행자가 취득한 토지의 과세방.. (1) / 답변1 첨부1
  + [7831] ntt=19192 (3717) 2016년 귀속 법인지방소득세 안분 미신고시 .. (1) / 답변1 첨부1
  + [7832] ntt=19189 (3716) 자동차 취득세 감면에 대한 문의 (1) / 답변1 첨부1
  + [7833] ntt=19185 (3715) 기업부설연구소 감면 문의 (1) / 답변1 첨부1
  + [7834] ntt=19184 (3714) 휴면법인 인수에 해당하는지 문의 (1) / 답변1 첨부1
  + [7835] ntt=19183 (3713) 사용승인이 나지 않은 건물을 경매낙찰 받아 사.. (1) / 답변1 첨부1
  + [7836] ntt=19179 (3712) 직계존비속 부담부증여시 취득세 과세표준액 질의 (1) / 답변1
  + [7837] ntt=19176 (3711) 부동산거래계약 신고금액 변경 취득세 부과 문의 (1) / 답변1 첨부1
  + [7838] ntt=19168 (3710) 신문,통신사업 등에 대한 감면 (1) / 답변1
  + [7839] ntt=19158 (3709) 태양광 시설의 대지부분에 농사를 짓는 경우 토.. (1) / 답변1 첨부1
  + [7840] ntt=19152 (3708) 법인과 개인간의 거래에서의 과세표준 질의입니다.. (1) / 답변1 첨부1
  + [7841] ntt=19150 (3707) 임대사업자의 추징제외 사유에 상속이전이 포함 .. (1) / 답변1
  + [7842] ntt=19149 (3706) 지방세 제증명 발급관련 문의 (1) / 답변1 첨부1
  + [7843] ntt=19143 (3705) 지방세 특례제한번(제129조 자경농민 양도소득.. (1) / 답변1 첨부1
  + [7844] ntt=19140 (3704) 1가구1주택 요건 문의 (1) / 답변1 첨부1
[page 479 완료] 누적 신규 7844건  (이 게시판 저장 총 14,344건)
  + [7845] ntt=19137 (3703) 위탁관리주차장내 무료주차면적의 주민세(재산분).. (1) / 답변1 첨부1
  + [7846] ntt=19135 (3702) 세부담 상한 적용가능여부 (1) / 답변1 첨부1
  + [7847] ntt=19134 (3701) 지특 제22조 1항의 '사회복지사업을 목적으로.. (1) / 답변1 첨부1
  + [7848] ntt=19131 (3700) 명의신탁 관련 취득세 문의 (1) / 답변1 첨부1
  + [7849] ntt=19130 (3699) 기업합병에 따른 취득・등록중과세 및 감면 (2) / 답변2 첨부1
  + [7850] ntt=19128 (3698) 법원 경매 관련 소유권 이전 말소시 당해세 배.. (1) / 답변1 첨부1
  + [7851] ntt=19124 (3697) 주민세 개인사업자균등분 '사업소' 문의 (1) / 답변1 첨부1
  + [7852] ntt=19122 (3696) 주민세 종업원분 관련 별도의 사업장 여부 (1) / 답변1
  + [7853] ntt=19121 (3695) 지방소득세 종합소득분 중간예납에 관련된 질문입.. (1) / 답변1
  + [7854] ntt=19115 (3694) 지방세, 세외수입 추심 임기제 운영하시는분 답.. (2) / 답변2
  + [7855] ntt=19100 (3693) 합병 관련 문의드립니다. (1) / 답변1 첨부1
  + [7856] ntt=19097 (3692) 창업벤처 감면의 창업여부 질의 (1) / 답변1 첨부1
  + [7857] ntt=19094 (3691) 시각장애 포함 종합장애 4급 장애인의 자동차세.. (1) / 답변1 첨부1
  + [7858] ntt=19089 (3690) 종교단체 감면 적용 가능 여부 (1) / 답변1
  + [7859] ntt=19088 (3689) 이혼에 따른 재산분할로 인한 취득세 세율 (1) / 답변1 첨부1
  + [7860] ntt=19087 (3688) 지방세특례제한법 제85조의2(지방공기업 등에 .. (1) / 답변1
  + [7861] ntt=19084 (3687) 공부상 소유자 사망 후 직권등재 대상자 질의 (1) / 답변1 첨부1
  + [7862] ntt=19083 (3686) 미등기 전매 여부 (1) / 답변1 첨부1
  + [7863] ntt=19082 (3685) 창업중소기업관련 재질의 드립니다. (1) / 답변1 첨부1
  + [7864] ntt=19081 (3684) [3673]관련 재질의 드립니다. (1) / 답변1 첨부1
  + [7865] ntt=19080 (3683) 1가구 1주택 상속 취득 세율특례 질의합니다. (1) / 답변1 첨부1
  + [7866] ntt=19075 (3682) 주민세(재산분) 부과 여부 문의 (1) / 답변1 첨부1
  + [7867] ntt=19074 (3681) 외국납부세액 공제 (1) / 답변1
  + [7868] ntt=19069 (3680) 현물출자에 대한 감면 문의드립니다.(법인->법.. (2) / 답변2 첨부1
  + [7869] ntt=19068 (3679) 일몰종료된 감면규정에 대한 적용 여부 (1) / 답변1 첨부1
  + [7870] ntt=19065 (3678) 재단채권 인정 기준 문의 (1) / 답변1 첨부1
  + [7871] ntt=19062 (3677) 신탁 부동산 신축후 미분양분 신탁해지시 중과 .. (1) / 답변1 첨부1
  + [7872] ntt=19060 (3676) 면허의 취소에 대한 질문입니다. (1) / 답변1 첨부1
  + [7873] ntt=19058 (3675) 재질의 드립니다[3657관련] (1) / 답변1 첨부1
  + [7874] ntt=19055 (3674) 장기폐업 중인 콘도미니엄의 공매요건 (1) / 답변1 첨부1
[page 480 완료] 누적 신규 7874건  (이 게시판 저장 총 14,374건)
  + [7875] ntt=19049 (3673) 창업중소기업 감면 취득세 추징여부 질의 (1) / 답변1 첨부1
  + [7876] ntt=19047 (3672) 화재로 인한 농지에 대한 감면 및 종합합산 여.. (1) / 답변1 첨부1
  + [7877] ntt=19044 (3671) 유권해석(지방세특례제도과-560) 추징후 새로.. (1) / 답변1 첨부1
  + [7878] ntt=19039 (3670) 대체취득감면해당여부 (1) / 답변1 첨부1
  + [7879] ntt=19034 (3669) 등록면허세(면허분) 비과세 대상 여부(폐업) .. (1) / 답변1 첨부1
  + [7880] ntt=19032 (3668) 회생절차 종결된 법인에게 주민세(재산분) 부과.. (1) / 답변1 첨부1
  + [7881] ntt=19031 (3667) 무허가 건물에 대한 재산세 납부현황 정보공개 .. (1) / 답변1 첨부1
  + [7882] ntt=19027 (3666) 농협의 고유목적 사업에 해당하는지 여부 (1) / 답변1 첨부1
  + [7883] ntt=19022 (3665) 취득세 추득가격의 범위에 대한 문의입니다. (1) / 답변1 첨부1
  + [7884] ntt=19018 (3664) 민사집행법시행령과 지방세징수법 시행령에서 각각.. (1) / 답변1 첨부2
  + [7885] ntt=19016 (3663) 과세기준일(6.1) 현재 농업용 비닐하우스에 .. (1) / 답변1 첨부1
  + [7886] ntt=19007 (3662) 취득세 감면 관련 문의 입니다. (1) / 답변1
  + [7887] ntt=19006 (3661) 국가유공자 공동명의 차량 취득세 추징 관련 (1) / 답변1 첨부1
  + [7888] ntt=19005 (3660) 국가유공자 차량 취득세, 자동차세 다른 차량 .. (1) / 답변1 첨부1
  + [7889] ntt=19003 (3659) 재산세(토지분) 과세시 공시지가 적용 문의 (1) / 답변1 첨부1
  + [7890] ntt=19000 (3658) 과세예고통지서 송달입증불가시 부과후 과세전적부.. (1) / 답변1 첨부1
  + [7891] ntt=18997 (3657) 개인회생 개시결정 이전 부동산 압류 해제 여부 (1) / 답변1 첨부1
  + [7892] ntt=18990 (3656) 법인 임원 중 한 명이 동종업종으로 개인사업자.. (1) / 답변1 첨부1
  + [7893] ntt=18987 (3655) 창업중소기업감면 문의드립니다 (1) / 답변1 첨부1
  + [7894] ntt=18985 (3654) 징수유예 담보물건 관련 문의 (1) / 답변1
  + [7895] ntt=18983 (3653) 재산세 토지 납세의무자 문의드립니다~ (1) / 답변1 첨부1
  + [7896] ntt=18982 (3652) 법인 설립 및 전입 중과에 대해서 질문드립니다.. (1) / 답변1 첨부2
  + [7897] ntt=18980 (3651) 체납처분비 관련 문의합니다. (1) / 답변1 첨부1
  + [7898] ntt=18976 (3650) 주택건물의 실제사용 용도에 따른 과세대장 변경.. (1) / 답변1 첨부1
  + [7899] ntt=18972 (3649) 종교단체가 취득하는 부동산의 감면 대상 여부 .. (1) / 답변1 첨부1
  + [7900] ntt=18970 (3648) 건축중 감면된 재산세(토지)에 대해 소급해서 .. (1) / 답변1 첨부1
  + [7901] ntt=18964 (3647) 사업자등록이 폐업된 영농조합법인 취득세 감면 .. (1) / 답변1 첨부1
  + [7902] ntt=18959 (3646) "(9월24일 번호3639)장애인 공동등록 감.. (1) / 답변1 첨부2
  + [7903] ntt=18955 (3645) 기부채납용 부동산 비과세 (1) / 답변1 첨부1
  + [7904] ntt=18945 (3644) 선등기 후수납 가산세 문의 (1) / 답변1 첨부1
[page 481 완료] 누적 신규 7904건  (이 게시판 저장 총 14,404건)
  + [7905] ntt=18938 (3643) 집합건물의 대지를 분리하여 한 압류 유효여부 (1) / 답변1 첨부1
  + [7906] ntt=18935 (3642) 직계존비속 간 거래 취득세 추징방법 질의 (1) / 답변1 첨부1
  + [7907] ntt=18933 (3641) 소유권이전등기 화해권고 결정 후 취득자 사망 .. (2) / 답변2 첨부1
  + [7908] ntt=18931 (3640) 의료재단법인이 출연으로 부동산 취득시 취득세율.. (1) / 답변1 첨부1
  + [7909] ntt=18924 (3639) 학교의 부속토지 (1) / 답변1 첨부1
  + [7910] ntt=18921 (3638) 신탁재산 월 임차료 체납처분관련 문의 (1) / 답변1 첨부1
  + [7911] ntt=18919 (3637) 이의신청 각하 여부 문의 (1) / 답변1 첨부1
  + [7912] ntt=18916 (3636) 장애인 공동등록 감면 차량 1년 이후 지분 이.. (1) / 답변1 첨부2
  + [7913] ntt=18913 (3635) 승계조합원의 토지분 취득세 과표산정 재질의 (1) / 답변1
  + [7914] ntt=18912 (3634) 재산조회 가능 여부 (1) / 답변1 첨부1
  + [7915] ntt=18907 (3633) 지방세특례제한법 제4조 4항 해당여부 질의 (1) / 답변1 첨부1
  + [7916] ntt=18905 (3632) 건물 외벽공사 취득세 과표 산입 여부 (1) / 답변1 첨부1
  + [7917] ntt=18903 (3631) 과점주주 특수관계 문의(질의문구 보완) (1) / 답변1 첨부1
  + [7918] ntt=18902 (3630) 유치원 직접사용 부동산 취득세 감면 문의드려요 (1) / 답변1 첨부1
  + [7919] ntt=18896 (3629) 재건축아파트 이전고시이전 기부채납(신 정비기반.. (1) / 답변1 첨부2
  + [7920] ntt=18889 (3628) 상속재협의 시 정산금을 지급한 경우 유상세율 .. (1) / 답변1 첨부1
  + [7921] ntt=18884 (3627) 기부채납 조건변경에 따른 취득부동산 비과세 감.. (1) / 답변1 첨부1
  + [7922] ntt=18881 (3626) 제102조(분리과세대상 토지의 범위) 제8항 .. (1) / 답변1 첨부1
  + [7923] ntt=18880 (3625) 산업단지 감면 제2항(임대부동산) 추징기준 (1) / 답변1 첨부1
  + [7924] ntt=18876 (3624) 중과 제외업종과 중과업종 겸업시 중과세 범위 (1) / 답변1 첨부1
  + [7925] ntt=18872 (3623) 대체취득 시 보상금의 범위 문의 (1) / 답변1 첨부1
  + [7926] ntt=18869 (3622) 사해행위 취소 (1) / 답변1 첨부1
  + [7927] ntt=18858 (3621) 명의 도용으로 주장함에 따라 부과 취소가 정당.. (1) / 답변1 첨부1
  + [7928] ntt=18855 (3620) 폐염전에 딸린 유지 분리과세 여부 (1) / 답변1 첨부1
  + [7929] ntt=18854 (3619) 상속 대위 등기 (1) / 답변1 첨부1
  + [7930] ntt=18851 (3618) 담보신탁 시 신탁법인이 직접 사용하는 것으로 .. (1) / 답변1 첨부1
  + [7931] ntt=18849 (3617) -지역주택조합 승계조합원의 토지 취득가액 산정.. (1) / 답변1
  + [7932] ntt=18847 (3616) 지점설치에따른 중과세적용관련 문의입니다. (1) / 답변1 첨부1
  + [7933] ntt=18845 (3615) 마을회와 경로당관련 (1) / 답변1 첨부1
  + [7934] ntt=18842 (3614) 차량취득세(장애인) 감면관련 적용기준 문의드립.. (1) / 답변1 첨부1
[page 482 완료] 누적 신규 7934건  (이 게시판 저장 총 14,434건)
  + [7935] ntt=18841 (3613) 차량 공매에서 저당권 이전등기를 하지 않은 채.. (1) / 답변1 첨부1
  + [7936] ntt=18834 (3612) 주민세(재산분) 과세대상 여부에 대해 문의 드.. (1) / 답변1 첨부1
  + [7937] ntt=18831 (3611) 대위변제 임대료를 체납액에 충당하는 방법 (1) / 답변1
  + [7938] ntt=18828 (3610) 창업중소기업감면 폐업후 동종업종 (1) / 답변1 첨부1
  + [7939] ntt=18825 (3609) 농업협동조합 고유업무 직접사용 취득 부동산 (1) / 답변1 첨부1
  + [7940] ntt=18824 (3608) 공장의 부속토지로 볼 수 있는지 여부에대한 문.. (1) / 답변1 첨부1
  + [7941] ntt=18823 (3607) 주택건설사업자의 분양목적 60㎡이하인 공동주택.. (1) / 답변1 첨부1
  + [7942] ntt=18822 (3606) 공유물 분할 취득세 신고이후 등기를 하지 아니.. (1) / 답변1 첨부1
  + [7943] ntt=18816 (3605) 상속 취득세 신고납부 후 미등기 재산에 대한 .. (1) / 답변1 첨부1
  + [7944] ntt=18813 (3604) 최소납부세액 납부관련 질의 (1) / 답변1 첨부1
  + [7945] ntt=18812 (3603) 체납처분의 범위 (1) / 답변1 첨부1
  + [7946] ntt=18802 (3602) 한전의 수급지점 변경에 따른 법인의 특고 인입.. (1) / 답변1 첨부1
  + [7947] ntt=18801 (3601) 연말정산환급 및 체납액 충당가능 여부 (1) / 답변1 첨부1
  + [7948] ntt=18800 (3600) 법인 파산선고 후 환급가능여부 (1) / 답변1
  + [7949] ntt=18795 (3599) 증여 관련한 취득세 문의입니다. (1) / 답변1
  + [7950] ntt=18793 (3598) 종중의 재산양도 시 양도소득세에서 법인세로 경.. (1) / 답변1 첨부1
  + [7951] ntt=18792 (3597) 법인 설립 시 과점주주가 지분추가 취득 시 취.. (1) / 답변1 첨부1
  + [7952] ntt=18784 (3596) 농업협동조합 법인균등분 과세대상여부 (1) / 답변1 첨부1
  + [7953] ntt=18782 (3595) 신탁회사에 위탁한 부동산 체납처분관련 문의 (1) / 답변1 첨부1
  + [7954] ntt=18781 (3594) 수용재결 부동산 취득 후 불복으로 보상금 증액.. (1) / 답변1 첨부1
  + [7955] ntt=18776 (3593) 농업법인 농지의 영농사용여부 및 추징시점 판단 (1) / 답변1 첨부1
  + [7956] ntt=18773 (3592) 과세 정보 제공 가능 여부 재질의 (1) / 답변1 첨부1
  + [7957] ntt=18766 (3591) 납세의무자 질의 (1) / 답변1 첨부1
  + [7958] ntt=18762 (3590) 창업중소기업감면 해당여부 질의 (1) / 답변1 첨부1
  + [7959] ntt=18761 (3589) 과세정보 제공 가능 여부 (1) / 답변1 첨부1
  + [7960] ntt=18757 (3588) 견본주택 임대사용시 취득세 과세가능 여부 (1) / 답변1 첨부1
  + [7961] ntt=18754 (3587) 가등기권자에게 재산세 부과 가능 여부 문의 (1) / 답변1 첨부1
  + [7962] ntt=18753 (3586) 직계존비속간 거래를 증여로 추징 시, 과세표준.. (1) / 답변1
  + [7963] ntt=18751 (3585) 환지 미지정(금전청산) 시 압류권자의 신청 동.. (1) / 답변1 첨부1
  + [7964] ntt=18745 (3584) 직권고지 부과에 대해 이의신청 가능여부 (1) / 답변1 첨부2
[page 483 완료] 누적 신규 7964건  (이 게시판 저장 총 14,464건)
  + [7965] ntt=18742 (3583) 직계존비속이 상속포기 판결을 받은 경우, 차량.. (1) / 답변1 첨부1
  + [7966] ntt=18741 (3582) 비영리법인 환급 (1) / 답변1 첨부1
  + [7967] ntt=18737 (3581) 재산세 기업부설연구소 감면 관련 문의 (1) / 답변1 첨부1
  + [7968] ntt=18731 (3580) 상속 취득세 가산세 감면 정당한 사유에 해당하.. (1) / 답변1 첨부1
  + [7969] ntt=18727 (3579) 토지 현황 농지 (1) / 답변1 첨부1
  + [7970] ntt=18722 (3578) 지특법 관련 재산세 감면신청 기간 및  시가표.. (1) / 답변1 첨부2
  + [7971] ntt=18720 (3577) 지구단위계획 결정 후 취득한 부동산에 대해 기.. (2) / 답변2 첨부1
  + [7972] ntt=18716 (3576) 공유물 분할로 인한 소유권 이전시 부동산 압류.. (1) / 답변1 첨부1
  + [7973] ntt=18712 (3575) 공매 배당금 산정 질의 (1) / 답변1 첨부1
  + [7974] ntt=18709 (3574) 체납처분비 질의 (1) / 답변1 첨부1
  + [7975] ntt=18706 (3573) 장애인감면 취득세 추징 문의 (1) / 답변1 첨부1
  + [7976] ntt=18703 (3572) 주민세(재산분)인적자원 문의 (1) / 답변1 첨부1
  + [7977] ntt=18699 (3571) 창업중소기업 감면 관련 질의 (1) / 답변1
  + [7978] ntt=18698 (3570) 수영장 과세에 대하여 (1) / 답변1 첨부1
  + [7979] ntt=18697 (3569) 장애감면 부득이한 사유에 해당되는지 여부 (1) / 답변1 첨부1
  + [7980] ntt=18696 (3568) 주된 납세의무자와 제2차 납세의무자의 소멸시효 (1) / 답변1 첨부1
  + [7981] ntt=18689 (3567) 회생채권 문의 (1) / 답변1
  + [7982] ntt=18686 (3566) 비밀 유지 의무 관련 (1) / 답변1 첨부1
  + [7983] ntt=18684 (3565) 1년 이상 공용 사용에 대한 질의 (1) / 답변1 첨부2
  + [7984] ntt=18680 (3564) 상속재산분할 및 기여분 결정에 따른 법원조정으.. (1) / 답변1 첨부1
  + [7985] ntt=18677 (3563) 비닐하우스 과세 문의 (1) / 답변1 첨부2
  + [7986] ntt=18674 (3562) 자동차 강제견인 처리절차 (1) / 답변1 첨부1
  + [7987] ntt=18672 (3561) 세차시설 과세표준 문의 (1) / 답변1
  + [7988] ntt=18670 (3560) 취득세 감면차량 추징 관련 문의 (1) / 답변1 첨부1
  + [7989] ntt=18668 (3559) 자경농민 감면 부동산 추징과 관련하여 질의드립.. (1) / 답변1 첨부1
  + [7990] ntt=18662 (3558) 1가구 1주택 상속 취득의 세율의 특례 적용 .. (1) / 답변1 첨부1
  + [7991] ntt=18661 (3557) 주민세 재산분 (인적자원판단) (1) / 답변1
  + [7992] ntt=18658 (3556) 법인의 2차납세의무 및 상속인의 연대납세의무 .. (1) / 답변1 첨부1
  + [7993] ntt=18645 (3555) 한국토지주택공사 재산세 임대 관련문의 (1) / 답변1 첨부1
  + [7994] ntt=18641 (3554) 지역주택조합 취득세 관련 (1) / 답변1
[page 484 완료] 누적 신규 7994건  (이 게시판 저장 총 14,494건)
  + [7995] ntt=18638 (3553) 연부취득중인 토지를 권리의무승계 계약시 취득세.. (1) / 답변1 첨부1
  + [7996] ntt=18634 (3552) 창업중소기업 감면 관련 질의 (1) / 답변1 첨부1
  + [7997] ntt=18633 (3551) 납부불성실 가산세 (1) / 답변1 첨부1
  + [7998] ntt=18632 (3550) 산업단지 추징 관련 문의드립니다. (1) / 답변1 첨부1
  + [7999] ntt=18620 (3549) 해외 체류자 체납의 소멸시효 정지 (1) / 답변1 첨부1
  + [8000] ntt=18619 (3548) 재산세 납세의무자 질문 (1) / 답변1 첨부1
  + [8001] ntt=18618 (3547) 부담부증여 금액 인정범위 문의드립니다. (1) / 답변1 첨부1
  + [8002] ntt=18616 (3546) 농협 하나로마트 신축부지 감면신청관련해서 (1) / 답변1 첨부1
  + [8003] ntt=18614 (3545) 체납액의 징수유예에서 체납액의 의미 (1) / 답변1 첨부1
  + [8004] ntt=18611 (3544) 채권자의 소유권보존등기에 따른 등록면허세 감면.. (1) / 답변1 첨부1
  + [8005] ntt=18609 (3543) 국외 거주자에 대한 주민세 부과 질의 (1) / 답변1 첨부1
  + [8006] ntt=18607 (3542) 소득세 감면분에 부과된 농특세가 지방소득세 과.. (1) / 답변1
  + [8007] ntt=18605 (3541) 생애최초 신혼부부 취득세 경감 추징 여부 (1) / 답변1 첨부1
  + [8008] ntt=18604 (3540) 추정력이 깨어진 보존등기에 기초한 소유권이전등.. (1) / 답변1 첨부1
  + [8009] ntt=18603 (3539) 명의신탁관련 취득세 문의 (1) / 답변1 첨부1
  + [8010] ntt=18600 (3538) 환급 발생 이후 체납세금 충당 관련 (1) / 답변1 첨부1
  + [8011] ntt=18598 (3537) 차량 사실상 취득 관련 (1) / 답변1 첨부1
  + [8012] ntt=18596 (3536) 취득세 과세대상이 아닌 회원권과 구분상가 교환.. (1) / 답변1 첨부1
  + [8013] ntt=18591 (3535) 질서위반행위규제법 제3조3항 법적용 문의 (1) / 답변1 첨부1
  + [8014] ntt=18587 (3534) 경정청구권자 적격성여부 (1) / 답변1 첨부1
  + [8015] ntt=18585 (3533) 종업원할 주민세 과세대상 범위 질의 (1) / 답변1 첨부1
  + [8016] ntt=18576 (3532) 구조변경 과세표준 문의 (1) / 답변1 첨부1
  + [8017] ntt=18575 (3531) 지자체간 지방소득세 환급문제에 대한 질의. (1) / 답변1 첨부1
  + [8018] ntt=18572 (3530) 상속재산 재분할 관련 (1) / 답변1 첨부1
  + [8019] ntt=18570 (3529) 학교용지부담금 과세표준 포함여부 (1) / 답변1 첨부1
  + [8020] ntt=18562 (3528) 청약 예금의 압류 및 추심 가능 여부 (1) / 답변1 첨부1
  + [8021] ntt=18558 (3527) 자치단체 간 공탁금 추심시 우선순위(압류일자 .. (1) / 답변1 첨부1
  + [8022] ntt=18556 (3526) 1가구1주택 상속 감면 후 상속재산 재분할시 .. (1) / 답변1 첨부1
  + [8023] ntt=18553 (3525) 펜션 재산세 부과관련 질의 드립니다. (1) / 답변1 첨부2
  + [8024] ntt=18551 (3524) 과세예고 통지 (1) / 답변1 첨부1
[page 485 완료] 누적 신규 8024건  (이 게시판 저장 총 14,524건)
  + [8025] ntt=18541 (3523) 직계존비속 주택 유상거래 관련 질문 (1) / 답변1 첨부1
  + [8026] ntt=18540 (3522) 체납자의 미준공 건축물을 대위등기하여 압류 할.. (1) / 답변1 첨부1
  + [8027] ntt=18539 (3521) 토지 수용 보상금 관련 채권 압류 순위 질의 (1) / 답변1 첨부1
  + [8028] ntt=18529 (3520) 임대주택 취득세 감면 후, 법인전환 현물출자에.. (1) / 답변1 첨부1
  + [8029] ntt=18526 (3519) 매매예약계약서 작성, 잔금지급사실로 취득으로 .. (2) / 답변2 첨부1
  + [8030] ntt=18524 (3518) 도정법에 의한 분리과세 적용과 지특 시장정비사.. (1) / 답변1 첨부1
  + [8031] ntt=18522 (3517) 재개발사업 시행자 감면 질의 (1) / 답변1 첨부1
  + [8032] ntt=18515 (3516) 직계존비속간 유상승계 취득으로 신고를 완료 후.. (1) / 답변1 첨부1
  + [8033] ntt=18514 (3515) 지식산업센터  신축 사업시설용 임대사업자 재산.. (1) / 답변1 첨부1
  + [8034] ntt=18513 (3514) 경매로 토지,건물등을 일괄취득시 취득세 과세표.. (1) / 답변1 첨부1
  + [8035] ntt=18512 (3513) 위탁자 지위 이전에 대한 취득세 납세의무 (1) / 답변1 첨부1
  + [8036] ntt=18505 (3512) 과점주주 경제적 연관관계에 의한 특수관계인에 .. (1) / 답변1 첨부1
  + [8037] ntt=18504 (3511) 지방세 분리과세 여부 질의 (1) / 답변1 첨부1
  + [8038] ntt=18498 (3510) 자동차 공매처분 가능여부에 대한 질의 (1) / 답변1 첨부1
  + [8039] ntt=18492 (3509) 낚시터 좌대에 대한 재질의(벽이 없는 것은 건.. (2) / 답변2
  + [8040] ntt=18488 (3508) 농어촌공사 토지 부과 관련 문의 드립니다. (1) / 답변1 첨부1
  + [8041] ntt=18481 (3507) 합병 이후  승계받은 사업의 폐지 여부 (1) / 답변1 첨부1
  + [8042] ntt=18477 (3506) 이전 공공기관의 지방이전 감면적용 문의 (1) / 답변1 첨부1
  + [8043] ntt=18476 (3505) 도시개발사업 감면 질의 (1) / 답변1 첨부1
  + [8044] ntt=18473 (3504) 법인장부가액이 시가표준액에 비해 현저한 낮은 .. (1) / 답변1 첨부1
  + [8045] ntt=18470 (3503) 분할법인의 취득세 납세 의무 (1) / 답변1 첨부1
  + [8046] ntt=18466 (3502) 재산세 분리과세 여부 질의 (1) / 답변1 첨부1
  + [8047] ntt=18460 (3501) 공장 입지기준 면적 내 미사용 토지에 대한 재.. (1) / 답변1 첨부1
  + [8048] ntt=18456 (3500) 자경농민 감면 문의드립니다. (1) / 답변1 첨부1
  + [8049] ntt=18455 (3499) 임차보증금 취득세 과세여부 (1) / 답변1 첨부1
  + [8050] ntt=18454 (3498) 지특법 제85조의2【지방공기업 등에 대한 감면.. (1) / 답변1 첨부1
  + [8051] ntt=18451 (3497) 국립대학교 및 산하 조직에 대한 주민세법인균등.. (1) / 답변1
  + [8052] ntt=18442 (3496) 가설건축물에 대한 건축물의 범위(낚시터 좌대) (1) / 답변1 첨부1
  + [8053] ntt=18438 (3495) 농촌주택개량 감면관련 질의 (1) / 답변1
  + [8054] ntt=18437 (3494) 직계존비속간에 공유물 분할에서 본인지분을 초과.. (1) / 답변1 첨부1
[page 486 완료] 누적 신규 8054건  (이 게시판 저장 총 14,554건)
  + [8055] ntt=18430 (3493) 상속에 따른 취득세 지분별 과세 가능 여부 (1) / 답변1 첨부1
  + [8056] ntt=18427 (3492) (재산세)공장부지 1필지 내 일부면적을 건축물.. (1) / 답변1 첨부1
  + [8057] ntt=18426 (3491) 법인 주소변경시 등록면허세(등록) 과세여부 (1) / 답변1 첨부3
  + [8058] ntt=18406 (3490) 건축공사비용 취득원인 구분(긴급이요~~^^;;.. (1) / 답변1 첨부1
  + [8059] ntt=18403 (3489) 2013년도 귀속 지방소득세(종합소득) 수정신.. (1) / 답변1 첨부1
  + [8060] ntt=18400 (3488) (재산세) 임대사업자의 임대물건을 신탁한 경우.. (1) / 답변1 첨부1
  + [8061] ntt=18399 (3487) 과점주주 과세전 납세의무자가 사망한 경우 납세.. (1) / 답변1 첨부1
  + [8062] ntt=18393 (3486) 건물 공유불분할 계약에 따른 취득세 문의 (1) / 답변1 첨부1
  + [8063] ntt=18392 (3485) 대도시외에서 대도시내로 형식상 본점이전 법인 .. (1) / 답변1 첨부1
  + [8064] ntt=18391 (3484) 지방세 중과세율 적용 배제 특례 질의드립니다. (2) / 답변2 첨부1
  + [8065] ntt=18390 (3483) 건설자금이자 기간계산 문의 (1) / 답변1 첨부1
  + [8066] ntt=18388 (3482) 임대사업자 감면 문의 (1) / 답변1 첨부1
  + [8067] ntt=18383 (3481) 자경농민 감면 유권해석 관련 문의 (1) / 답변1 첨부1
  + [8068] ntt=18381 (3480) 지역자원시설세(특자) 과세문의 (1) / 답변1 첨부1
  + [8069] ntt=18379 (3479) 환급가산금 계산 기산일 문의 (1) / 답변1 첨부1
  + [8070] ntt=18375 (3478) 산업단지내 경락 취득 후 멸실하여 신축한 경우.. (1) / 답변1 첨부1
  + [8071] ntt=18371 (3477) 재산세 감면 질의(3470번에 추가 질의) (1) / 답변1 첨부1
  + [8072] ntt=18370 (3476) 과밀억제권역 본점 신축 취득세 문의합니다 (1) / 답변1 첨부1
  + [8073] ntt=18368 (3475) 취득세 관련 상당드립니다. (1) / 답변1 첨부1
  + [8074] ntt=18364 (3474) 산림경영계획 인가 임야에 대한 세율적용 문의입.. (1) / 답변1 첨부1
  + [8075] ntt=18361 (3473) 신탁부동산 체납처분관련(공매의뢰관련) (1) / 답변1 첨부1
  + [8076] ntt=18350 (3472) 체납자와 연대납세의무자의 전산에 등록된 금액 .. (1) / 답변1
  + [8077] ntt=18347 (3471) 부동산 투자회사의 재산세 감면 여부 (1) / 답변1 첨부1
  + [8078] ntt=18344 (3470) 기업합병의 사업용 재산 범위(공동주택 가능여부.. (1) / 답변1 첨부1
  + [8079] ntt=18343 (3469) 지특법 일반적 경과조치 규정에 따른 취득세 감.. (1) / 답변1 첨부1
  + [8080] ntt=18338 (3468) 재산세 감면 질의 (1) / 답변1 첨부1
  + [8081] ntt=18337 (3467) 창업중소기업 감면(조금 급합니다) (1) / 답변1 첨부1
  + [8082] ntt=18336 (3466) 재건축아파트 멸실 시점 문의 (1) / 답변1 첨부1
  + [8083] ntt=18335 (3465) 공공시설 “항만”범위에 항만법 제2조 항만지원.. (1) / 답변1 첨부2
  + [8084] ntt=18334 (3464) 과점주주 간주취득세 문의 (1) / 답변1 첨부1
[page 487 완료] 누적 신규 8084건  (이 게시판 저장 총 14,584건)
  + [8085] ntt=18331 (3463) 농특세 비과세 적용관련 적용배율 조항 해석 문.. (1) / 답변1 첨부1
  + [8086] ntt=18322 (3462) 현물출자 감면 관련 다시 문의드립니다 (1) / 답변1 첨부1
  + [8087] ntt=18314 (3461) 개인회생 관련 문의입니다.. (1) / 답변1 첨부1
  + [8088] ntt=18308 (3460) 개인회생 신청자에게 환급금이 발생했을 경우, .. (1) / 답변1 첨부1
  + [8089] ntt=18305 (3459) 소규모 창업기업 기숙사 감면대상 여부 (1) / 답변1 첨부1
  + [8090] ntt=18298 (3458) 지식산업센터 사업시설용 직접사용  인정 여부 (1) / 답변1 첨부1
  + [8091] ntt=18297 (3457) 제조업 공장의 대도시내 지점 여부 문의 (1) / 답변1 첨부1
  + [8092] ntt=18293 (3456) 주민세(균등분) 납세의무 여부 질의 드립니다 (1) / 답변1 첨부1
  + [8093] ntt=18290 (3455) (재산세) 공부상 면적 정정으로 인한 기납부세.. (1) / 답변1 첨부1
  + [8094] ntt=18280 (3454) 직계존비속 유상거래 질의드립니다. (1) / 답변1 첨부1
  + [8095] ntt=18276 (3453) 매매용 자동차 추징제외 요건 문의 (1) / 답변1 첨부1
  + [8096] ntt=18272 (3452) 법인균등분 주민세 부과 관련(**파트너즈) (1) / 답변1 첨부2
  + [8097] ntt=18270 (3451) 법인의 합병 또는 과점주주 간주취득이 "유예기.. (1) / 답변1 첨부1
  + [8098] ntt=18266 (3450) (재산세)토지소유자가 사업시행자가 아닐 때 산.. (1) / 답변1 첨부1
  + [8099] ntt=18265 (3449) 법적 조치 방법은 (1) / 답변1
  + [8100] ntt=18258 (3448) 임대주택사업자 변경시 기 감면 취득세 추징여부 (1) / 답변1 첨부1
  + [8101] ntt=18257 (3447) 1가구 1주택 특례세율 적용 여부 (1) / 답변1 첨부1
  + [8102] ntt=18255 (3446) 토지 등기상 소유권이전(상속인부존재확확정)시 .. (1) / 답변1 첨부1
  + [8103] ntt=18251 (3445) 리프트가 옥외오락시설에 해당 여부 질의 (1) / 답변1 첨부1
  + [8104] ntt=18247 (3444) 취득세 경정청구에 따른 환급 후 환수 관련 질.. (1) / 답변1 첨부1
  + [8105] ntt=18244 (3443) 도시개발구역내 토지의 재산세 도시지역분 과세유.. (1) / 답변1 첨부1
  + [8106] ntt=18243 (3442) 대학부속 어린이집 주민세(균등분) 대상여부 (1) / 답변1 첨부1
  + [8107] ntt=18242 (3441) 과점주주 판단(50%초과로 판단해야 하는지) (1) / 답변1 첨부1
  + [8108] ntt=18240 (3440) 상속재산(한정승인)  체납처리 (1) / 답변1
  + [8109] ntt=18239 (3439) 개인회생과 관련하여 질의합니다. (1) / 답변1 첨부1
  + [8110] ntt=18238 (3438) 재산세 상속등기 미이행 재산의 신고 (1) / 답변1 첨부1
  + [8111] ntt=18237 (3437) 현물출자 감면 관련 문의드려요~ (1) / 답변1 첨부1
  + [8112] ntt=18236 (3436) 지역농협의 출장소의 주민세(법인균등) 관련 질.. (1) / 답변1 첨부1
  + [8113] ntt=18233 (3435) 산업단지 등에 대한 감면질의입니다 (1) / 답변1 첨부1
  + [8114] ntt=18232 (3434) 시효취득성립여부 문의드립니다 (1) / 답변1 첨부1
[page 488 완료] 누적 신규 8114건  (이 게시판 저장 총 14,614건)
  + [8115] ntt=18231 (3433) 상속 취득세 관련 납세의무 여부 문의(재협의) (1) / 답변1 첨부1
  + [8116] ntt=18227 (3432) 산업단지 감면 질의합니다. (1) / 답변1 첨부1
  + [8117] ntt=18226 (3431) 직계존비속간  주택 유상 거래 (1) / 답변1 첨부1
  + [8118] ntt=18225 (3430) 장애인 자동차 대체취득 성립여부 (1) / 답변1 첨부1
  + [8119] ntt=18220 (3429) 개인간 부동산매매거래의 잔금일에 잔금 부족으로.. (1) / 답변1 첨부1
  + [8120] ntt=18217 (3428) 감면조항 일몰 후 납세의무가 성립한 부동산에 .. (2) / 답변2 첨부1
  + [8121] ntt=18211 (3427) 법인개인지방소득세  일용직 종업원 (1) / 답변1 첨부1
  + [8122] ntt=18210 (3426) 도시개발사업 관련 재산세 문의 (1) / 답변1 첨부1
  + [8123] ntt=18207 (3425) 새마을금고 지점과 관련하여  법인균등분 주민세.. (1) / 답변1 첨부1
  + [8124] ntt=18206 (3424) 종교목적으로 직접사용 중인 건축물인지 여부 (1) / 답변1 첨부1
  + [8125] ntt=18204 (3423) 하나로마트 재산세 감면 질의 (1) / 답변1 첨부1
  + [8126] ntt=18197 (3422) 부동산 거래가격 자진신고에 따른 취득세 부과시.. (1) / 답변1 첨부1
  + [8127] ntt=18196 (3421) 주거지역 내 공장 중과와 지역자원시설세 공장 .. (1) / 답변1 첨부1
  + [8128] ntt=18194 (3420) 과점주주 자기자본 취득후 균등 유상증자시 취득.. (1) / 답변1 첨부1
  + [8129] ntt=18183 (3419) 사후 취득원인 정정시 취득세 부과에 관한 문의 (1) / 답변1 첨부1
  + [8130] ntt=18182 (3418) 수상레저기구 등록에 대한 등록먼혀세 부과 (1) / 답변1
  + [8131] ntt=18178 (3417) 개인회생 이후, 발생한 환급금에 대해 질의드립.. (1) / 답변1 첨부1
  + [8132] ntt=18172 (3416) 주택건설 사업용토지 도시지역분 적용 여부 (1) / 답변1 첨부1
  + [8133] ntt=18171 (3415) 중복감면 적용 시 (1) / 답변1 첨부1
  + [8134] ntt=18168 (3414) 굼뱅이 사육장도 자경농민 감면대상인지 ? (1) / 답변1 첨부2
  + [8135] ntt=18166 (3413) 귀농 감면 가능할까요 ? (1) / 답변1 첨부1
  + [8136] ntt=18165 (3412) 주민세 균등분 사업장의 부과기준일 질의 (1) / 답변1
  + [8137] ntt=18159 (3411) 이전공공기관 등 지방이전에대한 감면 (1) / 답변1 첨부1
  + [8138] ntt=18143 (3410) 고유목적사업 부동산 감면 관련 (1) / 답변1 첨부1
  + [8139] ntt=18142 (3409) 주민세(재산분) 오염물질 배출사업소 중과세 시.. (1) / 답변1 첨부1
  + [8140] ntt=18133 (3408) 태양광발전 지목변경 비용 적용 문의드립니다. (1) / 답변1 첨부1
  + [8141] ntt=18123 (3407) 등록면허세(면허)에 대한 부과 관련한 문의 (1) / 답변1 첨부1
  + [8142] ntt=18120 (3406) 취득세 감면차량 추징 관련 문의 (1) / 답변1 첨부1
  + [8143] ntt=18115 (3405) 주민세 (법인균등분) 각각 부과 가능한지 궁금.. (1) / 답변1 첨부1
  + [8144] ntt=18112 (3404) 임대사업자 감면 관련 문의 (1) / 답변1
[page 489 완료] 누적 신규 8144건  (이 게시판 저장 총 14,644건)
  + [8145] ntt=18108 (3403) 주택재개발 대체취득 감면 (1) / 답변1 첨부1
  + [8146] ntt=18107 (3402) 노인복지시설 감면 추징 관련 정당한 사유 해당.. (1) / 답변1 첨부3
  + [8147] ntt=18100 (3401) 자동차세 연대납세의무자 사망 후 부과고지의 적.. (2) / 답변2 첨부1
  + [8148] ntt=18095 (3400) 지방세법상 사무소등의 범위 (1) / 답변1 첨부1
  + [8149] ntt=18094 (3399) 자경농민감면(타지역 자경후 전입) (1) / 답변1 첨부1
  + [8150] ntt=18093 (3398) 등록분 등록면허세 관련 질의 (1) / 답변1 첨부1
  + [8151] ntt=18092 (3397) 가설건축물 취득세 신고여부 문의 (1) / 답변1 첨부1
  + [8152] ntt=18091 (3396) 공시송달 및 독촉고지서 미송달로 인한 압류 무.. (1) / 답변1 첨부1
  + [8153] ntt=18090 (3395) 사망자 소유의 차량 공매 관련 문의 (상속한정.. (1) / 답변1 첨부1
  + [8154] ntt=18086 (3394) 농업회사법인이 신축하는 곤충사육사 감면 가능 .. (1) / 답변1 첨부1
  + [8155] ntt=18084 (3393) 개인사업장분 주민세 문의드립니다. (1) / 답변1 첨부1
  + [8156] ntt=18078 (3392) 산업단지 입주자 재산세 감면 관련 질의 (1) / 답변1 첨부1
  + [8157] ntt=18076 (3391) 창업중소기업 감면, 추징여부 문의 (1) / 답변1
  + [8158] ntt=18073 (3390) 제2차납세의무지정 가능 여부 (1) / 답변1
  + [8159] ntt=18072 (3389) 물적분할에 따른 중과세여부 (1) / 답변1 첨부1
  + [8160] ntt=18063 (3388) [3388] 답변 관련하여 추가 문의 (1) / 답변1
  + [8161] ntt=18057 (3387) 가설건축물 사실상 사용자에게 부과할수 있는지의.. (1) / 답변1 첨부1
  + [8162] ntt=18050 (3386) 취득세 감면차량 추징 관련 문의 (1) / 답변1 첨부1
  + [8163] ntt=18040 (3385) 제3자의 범위에 해당 및 체납액을 납부할 수 .. (1) / 답변1 첨부1
  + [8164] ntt=18038 (3384) 주민세 종업원분 사업소 판단 문의 (1) / 답변1 첨부1
  + [8165] ntt=18036 (3383) [3360] 답변 관련하여~ (1) / 답변1
  + [8166] ntt=18032 (3382) 교회 소유 건축물 사용 용도가 요일에 따라 다.. (1) / 답변1 첨부1
  + [8167] ntt=18031 (3381) 종중 관련 재산세 납세의무자 질의 (1) / 답변1 첨부1
  + [8168] ntt=18029 (3380) 부동산 매매계약서 상 매매대금 오류를 사유로 .. (1) / 답변1
  + [8169] ntt=18028 (3379) 창업중소기업 감면가능여부 (1) / 답변1 첨부1
  + [8170] ntt=18026 (3378) 주민세(재산분)  감면여부 상담요청 (1) / 답변1 첨부1
  + [8171] ntt=18017 (3377) 3369번) 질의에 대한 추가상담요청 (1) / 답변1 첨부1
  + [8172] ntt=18012 (3376) 과점주주 취득세 부과 관련 문의 (1) / 답변1 첨부1
  + [8173] ntt=18005 (3375) 지방세법상 아파트 분양권을 주택으로 볼 수 있.. (1) / 답변1 첨부1
  + [8174] ntt=17996 (3374) 취득세 중과세 문의 (1) / 답변1 첨부1
[page 490 완료] 누적 신규 8174건  (이 게시판 저장 총 14,674건)
  + [8175] ntt=17992 (3373) 부동산 매매계약서 상 매매대금 오류를 사유로 .. (1) / 답변1 첨부1
  + [8176] ntt=17989 (3372) 농협 양곡창고 주민세 과새대상 여부 (1) / 답변1 첨부1
  + [8177] ntt=17983 (3371) 관허사업 제한 대상 여부 문의 (1) / 답변1 첨부1
  + [8178] ntt=17977 (3370) 장기일반민간임대주택 감면 문의 (1) / 답변1 첨부1
  + [8179] ntt=17975 (3369) 산업단지 재산세 감면 관련 개정된 법령 및 부.. (1) / 답변1 첨부1
  + [8180] ntt=17968 (3368) 사실상 취득여부(3355번 관련) (1) / 답변1 첨부1
  + [8181] ntt=17964 (3367) 수탁회사로도 산업단지 사업시행자 감면이 가능한.. (1) / 답변1 첨부1
  + [8182] ntt=17954 (3366) 지방세 범칙사건관련 질의 (1) / 답변1 첨부1
  + [8183] ntt=17953 (3365) 장애인 자동차 관련 감면 여부 (1) / 답변1
  + [8184] ntt=17946 (3364) 관허사업제한 요구 관련 질문드립니다. (1) / 답변1 첨부1
  + [8185] ntt=17938 (3363) 10년임대주택(민간)관련 (1) / 답변1 첨부1
  + [8186] ntt=17937 (3362) 당해세 외 체납으로 공동소유자 차량 1% 지분.. (1) / 답변1 첨부1
  + [8187] ntt=17935 (3361) 차량 취득세 추징판단 (1) / 답변1 첨부1
  + [8188] ntt=17934 (3360) 임대주택 최초분양 판단 도와주세요 (1) / 답변1 첨부1
  + [8189] ntt=17925 (3359) 법인 취득가액 경정 여부 문의 (1) / 답변1 첨부1
  + [8190] ntt=17924 (3358) 구.취등록세 감면대상을 현시점 등기할 경우 감.. (1) / 답변1 첨부1
  + [8191] ntt=17923 (3357) 등록면허세(면허)과세대장 및 증명서발급 제공에.. (1) / 답변1 첨부1
  + [8192] ntt=17920 (3356) 기부채납 공사비용 질의 (1) / 답변1 첨부1
  + [8193] ntt=17919 (3355) 이혼으로 인한 재산분할 취득으로 볼 수 있는지.. (1) / 답변1 첨부1
  + [8194] ntt=17918 (3354) 법인지방소득세 과세대상 여부 추가질의 (1) / 답변1 첨부1
  + [8195] ntt=17912 (3353) 사실상 취득여부 / 답변0
  + [8196] ntt=17909 (3352) 주민세(재산분) 신고면적 관련 문의입니다. (1) / 답변1 첨부1
  + [8197] ntt=17907 (3351) 추징 취득세 재단채권으로 인정여부 (1) / 답변1 첨부1
  + [8198] ntt=17905 (3350) 채권(공탁금) 압류 및 추심관련 (1) / 답변1 첨부1
  + [8199] ntt=17903 (3349) 기업인수목적회사(SPAC)와의 합병에 대한 감.. (1) / 답변1 첨부1
  + [8200] ntt=17896 (3348) 적격합병 사후관리 (1) / 답변1 첨부1
  + [8201] ntt=17889 (3347) 부담부 증여 인정범위 (1) / 답변1 첨부1
  + [8202] ntt=17886 (3346) 법인지방소득세 과세대상 여부 (1) / 답변1 첨부1
  + [8203] ntt=17884 (3345) 기부채납 비과세 여부 (1) / 답변1 첨부1
  + [8204] ntt=17881 (3344) 취득세 감면 추징 (2) / 답변2 첨부1
[page 491 완료] 누적 신규 8204건  (이 게시판 저장 총 14,704건)
  + [8205] ntt=17865 (3343) 신고가액의 인정범위 문의 (1) / 답변1 첨부1
  + [8206] ntt=17855 (3342) 예금 압류의 효력 및 소멸 시효 사유가 되는지.. (1) / 답변1 첨부1
  + [8207] ntt=17849 (3341) 2차납세의무 중가산금 (1) / 답변1 첨부1
  + [8208] ntt=17848 (3340) 건물 신축 취득가액 포함 여부 (1) / 답변1 첨부1
  + [8209] ntt=17843 (3339) 자경농민 해당 여부 (1) / 답변1 첨부1
  + [8210] ntt=17837 (3338) 직계존비속간 부동산 취득 관련 (1) / 답변1 첨부1
  + [8211] ntt=17832 (3337) 등록면허세(등록) 문의드립니다. (1) / 답변1 첨부1
  + [8212] ntt=17831 (3336) 과점주주 특수관계 여부 문의드립니다. (1) / 답변1 첨부1
  + [8213] ntt=17823 (3335) 유한회사에서 주식회사로 조직변경시 납부 기록상.. (1) / 답변1 첨부1
  + [8214] ntt=17821 (3334) 재산세 경정청구 관련 (1) / 답변1
  + [8215] ntt=17814 (3333) 합병에 따른 추징사유인 사업폐지 문의 (1) / 답변1 첨부1
  + [8216] ntt=17812 (3332) 징수유예 등 (1) / 답변1 첨부1
  + [8217] ntt=17811 (3331) 지방세특례제한법 제31조의4 부동산투자회사에 .. (1) / 답변1
  + [8218] ntt=17810 (3330) 주택유상승계 증여의제추징 과표적용 (1) / 답변1 첨부1
  + [8219] ntt=17807 (3329) 지방소득세 납세지 문의(당일 확정신고 후 전입.. (1) / 답변1 첨부1
  + [8220] ntt=17794 (3328) 재산세 주된상속자 질의 (1) / 답변1 첨부1
  + [8221] ntt=17788 (3327) 일반분양 대상세대의 아파트에 관하여 부대시설·.. (1) / 답변1
  + [8222] ntt=17786 (3326) 기술혁신형 중소기업 중과세 제외 (1) / 답변1 첨부1
  + [8223] ntt=17785 (3325) 기업부설연구소 감면 문의 (1) / 답변1 첨부1
  + [8224] ntt=17780 (3324) 주민세(재산분) 오물처리시설관련 (1) / 답변1 첨부1
  + [8225] ntt=17775 (3323) 부적격 승계조합원 환급여부 (1) / 답변1 첨부1
  + [8226] ntt=17763 (3322) 고지서를 팩스로 송달 가능한지 여부 (1) / 답변1 첨부1
  + [8227] ntt=17749 (3321) 지방소득세 납세지 또는 환급지 질문 (1) / 답변1
  + [8228] ntt=17740 (3320) 추가질의3303) 배우자(직계비속)간 유상취득.. (1) / 답변1 첨부1
  + [8229] ntt=17710 (3319) 취득세의 신고기한 문의 (1) / 답변1 첨부1
  + [8230] ntt=17707 (3318) 출자자 2차납세의무자 재지정 관련 (1) / 답변1 첨부1
  + [8231] ntt=17694 (3317) 부담부증여 과표액 인정 (1) / 답변1 첨부1
  + [8232] ntt=17689 (3316) 오염물질 배출 사업소 중과세 여부 판단 (1) / 답변1 첨부1
  + [8233] ntt=17688 (3315) 과점주주 성립여부 검토요청 (1) / 답변1 첨부1
  + [8234] ntt=17677 (3314) 징수유예 등 (1) / 답변1
[page 492 완료] 누적 신규 8234건  (이 게시판 저장 총 14,734건)
  + [8235] ntt=17665 (3313) 대기배출시설 설치 신고 면허세 관련 질문 (1) / 답변1
  + [8236] ntt=17662 (3312) 미상속토지(상속포기서제출) 대위등기후 임의경매.. (1) / 답변1 첨부1
  + [8237] ntt=17659 (3311) 직계존비속간 유상거래 질의 (1) / 답변1 첨부1
  + [8238] ntt=17658 (3310) 등록면허세 면허분(가스분사기, 가스발사총) 질.. (1) / 답변1 첨부2
  + [8239] ntt=17657 (3309) 산업단지 건축물에 대한 질의 (1) / 답변1 첨부1
  + [8240] ntt=17640 (3308) 납기전징수 및 교부청구 (1) / 답변1 첨부2
  + [8241] ntt=17638 (3307) 태양광발전시설의 취득세 과세대상 해당 여부 (1) / 답변1 첨부1
  + [8242] ntt=17635 (3306) 직계존비속간 유상거래 질의 (1) / 답변1 첨부1
  + [8243] ntt=17634 (3305) 과태료부과 (1) / 답변1
  + [8244] ntt=17630 (3304) (재산세) 직접사용 관련 문의 (1) / 답변1 첨부1
  + [8245] ntt=17629 (3303) 직계존비속간 유상취득세율 적용을 위한 대가지급.. (1) / 답변1 첨부1
  + [8246] ntt=17603 (3302) 급여압류의 요건 (1) / 답변1
  + [8247] ntt=17600 (3301) 법인 취득세 대도시 중과 대상인지 여부 문의 (1) / 답변1 첨부1
  + [8248] ntt=17594 (3300) 자동차매매장 지역자원시설세 중과 적용 문의 (1) / 답변1
  + [8249] ntt=17590 (3299) 골프장 관련 재산세 재질의 올립니다. (1) / 답변1 첨부1
  + [8250] ntt=17589 (3298) 아파트 분양 취득시 취득세 관련 (1) / 답변1 첨부1
  + [8251] ntt=17588 (3297) 농업법인 취득세 감면 추징여부 (2) / 답변2 첨부1
  + [8252] ntt=17587 (3296) 도로개설로 인한 수용으로 인해 신축으로 대체 .. (1) / 답변1 첨부1
  + [8253] ntt=17586 (3295) 협의 이혼시 위자료로 인한 소유권 이전 시 취.. (2) / 답변2 첨부1
  + [8254] ntt=17585 (3294) 상속미등기 재산 직권등재 관련 문의 (1) / 답변1 첨부1
  + [8255] ntt=17582 (3293) 주주의 이익배당청구에 대한 압류 효력 문의 (1) / 답변1
  + [8256] ntt=17581 (3292) 상속재산관리인의 납세의무 범위 (1) / 답변1 첨부1
  + [8257] ntt=17577 (3291) 다세대주택 재산세 부과관련문의 (1) / 답변1 첨부1
  + [8258] ntt=17573 (3290) [3282]창업여부 재질의(사업분리) (1) / 답변1
  + [8259] ntt=17570 (3289) 지방세법 제109조 재산세 비과세 여부 추가 .. (1) / 답변1 첨부1
  + [8260] ntt=17565 (3288) 지역자원시설세 중과문의(다중이용업소) (1) / 답변1 첨부1
  + [8261] ntt=17559 (3287) 농업회사법인 취득 부동산 감면에 대하여 (1) / 답변1 첨부1
  + [8262] ntt=17557 (3286) 폐업한 법인을 이전 사장의 아들이 인수하여 임.. (1) / 답변1 첨부1
  + [8263] ntt=17545 (3285) 창업중소기업 감면후 매각에 따른 추징 여부 (1) / 답변1 첨부1
  + [8264] ntt=17541 (3284) 지방소득세 가산금 문의~ (1) / 답변1 첨부1
[page 493 완료] 누적 신규 8264건  (이 게시판 저장 총 14,764건)
  + [8265] ntt=17540 (3283) 지방소득세(양도소득분)-2013년 귀속분 납세.. (1) / 답변1 첨부1
  + [8266] ntt=17534 (3282) 창업중소기업감면 창업여부(사업분리) (1) / 답변1 첨부1
  + [8267] ntt=17533 (3281) 1년 미만 가설건축물 재산세 100% 감면 관.. (1) / 답변1 첨부1
  + [8268] ntt=17529 (3280) 중앙시장 대형화재에 대한 재산세관련 질의 (1) / 답변1 첨부2
  + [8269] ntt=17524 (3279) 과세표준 금액 문의 (1) / 답변1 첨부1
  + [8270] ntt=17520 (3278) 창업중소기업 감면 적용 대상일지요 (1) / 답변1 첨부1
  + [8271] ntt=17519 (3277) 지방세법 제109조 재산세 비과세 여부 (1) / 답변1 첨부1
  + [8272] ntt=17515 (3276) 창업중소기업 업종에 관한 문의입니다. (1) / 답변1 첨부1
  + [8273] ntt=17511 (3275) 지역자원 시설세 중과 문의 입니다. (1) / 답변1 첨부1
  + [8274] ntt=17509 (3274) 공유자 연명중 납세자가 없을시 부과대상은 누가.. (1) / 답변1
  + [8275] ntt=17507 (3273) 재산세 도시지역분 문의 (1) / 답변1 첨부1
  + [8276] ntt=17499 (3272) 채권 추심 문의 (1) / 답변1 첨부1
  + [8277] ntt=17498 (3271) 취득세 납세의무자 관련 추가질의입니다 (1) / 답변1 첨부1
  + [8278] ntt=17494 (3270) 창업중소기업 취득세 감면 문의 (1) / 답변1 첨부1
  + [8279] ntt=17493 (3269) 비영리사업자의 토지분 재산세 과세구분 (1) / 답변1 첨부1
  + [8280] ntt=17490 (3268) 창업중소기업 감면에 해당되는지 궁금합니다. (1) / 답변1 첨부1
  + [8281] ntt=17487 (3267) 상속인의 상속포기 시 재산세 납세의무자 (1) / 답변1 첨부1
  + [8282] ntt=17481 (3266) 제2차납세의무자 주주명의신탁 (1) / 답변1 첨부1
  + [8283] ntt=17479 (3265) 다자녀로 취득세 감면받은 차량을 1년 이내 수.. (1) / 답변1 첨부1
  + [8284] ntt=17470 (3264) 산업단지 사업시행자 지목변경 취득세 문의 (1) / 답변1 첨부1
  + [8285] ntt=17466 (3263) 도시지역분 부과 관련 (1) / 답변1
  + [8286] ntt=17463 (3262) 종교시설안에 종교단체가 운영중이었던 어린이집 .. (1) / 답변1 첨부1
  + [8287] ntt=17462 (3261) 주민세(재산분) 문의 (1) / 답변1 첨부1
  + [8288] ntt=17461 (3260) 1가구 1주택 특례세율 문의 (1) / 답변1 첨부1
  + [8289] ntt=17452 (3259) 영농조합법인의 취득한 부동산에 대하여 추징요건.. (1) / 답변1 첨부1
  + [8290] ntt=17451 (3258) 법인 분할 후 추징 관련 추가 질문 (1) / 답변1 첨부1
  + [8291] ntt=17445 (3257) 신탁계약과 관련하여 재산세 소유자 질의 (1) / 답변1 첨부1
  + [8292] ntt=17442 (3256) 골프장관련 재산세 문의 질문 올립니다. (1) / 답변1 첨부1
  + [8293] ntt=17440 (3255) 법인지방소득세 감사원 심사청구와 관련하여  문.. (1) / 답변1 첨부1
  + [8294] ntt=17437 (3254) 취득세 납부대상자 적정성 및 증여 여부 질의드.. (1) / 답변1 첨부1
[page 494 완료] 누적 신규 8294건  (이 게시판 저장 총 14,794건)
  + [8295] ntt=17433 (3253) 한국농어촌공사의 농업기반시설부지 감면을 비과세.. (1) / 답변1 첨부1
  + [8296] ntt=17431 (3252) 영농조합법인 감면관련하여 문의 드립니다. (1) / 답변1 첨부1
  + [8297] ntt=17428 (3251) 국민건강보험법 제96조(자료의 제공)와 관련입.. (1) / 답변1 첨부2
  + [8298] ntt=17427 (3250) 1회성 면허 허가기간 연장변경에 따른 등록면허.. (1) / 답변1 첨부1
  + [8299] ntt=17424 (3249) 사업관리용역비가 건축물 신축과표에 포함되는지 .. (1) / 답변1 첨부1
  + [8300] ntt=17423 (3248) 신탁회사에 위탁한 부동산 당해세 범위 (1) / 답변1 첨부1
  + [8301] ntt=17420 (3247) 소액징수면제 관련 (1) / 답변1 첨부1
  + [8302] ntt=17418 (3246) 저당부동산 양수인(제3취득자) 당해세 배당여부 (1) / 답변1 첨부1
  + [8303] ntt=17416 (3245) 출자자의 제2차납세의무 관련 문의 (1) / 답변1 첨부1
  + [8304] ntt=17413 (3244) 징수유예 대상 여부 (1) / 답변1 첨부1
  + [8305] ntt=17406 (3243) 임업후계자 감면에 대하여 (1) / 답변1 첨부1
  + [8306] ntt=17403 (3242) 주민세(재산분) 관련 태양광발전시설 신고대상 .. (1) / 답변1 첨부2
  + [8307] ntt=17399 (3241) 주민세(재산분) 질문 (1) / 답변1 첨부1
  + [8308] ntt=17397 (3240) 상속포기 납세의무자 문의 (1) / 답변1 첨부1
  + [8309] ntt=17395 (3239) 종교단체가 유치원을 운영하기 위해 취득하는 부.. (1) / 답변1 첨부1
  + [8310] ntt=17394 (3238) 재산분 주민세 감면 대상 여부 (1) / 답변1 첨부1
  + [8311] ntt=17389 (3237) 차량 취득세 추징관련 질문드립니다 (1) / 답변1 첨부1
  + [8312] ntt=17382 (3236) 재산세 환급관련 (1) / 답변1
  + [8313] ntt=17377 (3235) 법인 분할 후 추징 관련 문의 (1) / 답변1 첨부1
  + [8314] ntt=17373 (3234) 국토교통부 사업으로 인한 보상금 지급을 소유권.. (1) / 답변1 첨부1
  + [8315] ntt=17362 (3233) 취득세(증여) 부과고지 (1) / 답변1 첨부1
  + [8316] ntt=17361 (3232) 자경농민 취득세 감면 연부취득자 취득세 추징시.. (1) / 답변1 첨부1
  + [8317] ntt=17354 (3231) 임대사업자 취득세감면후 신고질의 (1) / 답변1 첨부1
  + [8318] ntt=17350 (3230) 산업단지 사업시행자 취득세 감면 대상 여부 (1) / 답변1 첨부1
  + [8319] ntt=17348 (3229) 면허를 받은 자가 변경되는 경우에 해당되는 지.. (1) / 답변1 첨부1
  + [8320] ntt=17341 (3228) 지입차량 착오신고 관련 가산세 문의 (1) / 답변1 첨부1
  + [8321] ntt=17339 (3227) 과점주주 취득세 관련 특수관계인 해당 여부 (1) / 답변1 첨부1
  + [8322] ntt=17338 (3226) 단체에서 사단법인 전환에 따른 차량 이전하면 .. (1) / 답변1
  + [8323] ntt=17332 (3225) 학교법인 소유자산 압류해제 여부 상담 (1) / 답변1 첨부1
  + [8324] ntt=17321 (3224) 미등기 지역주택조합아파트 일반분양분 재산세 납.. (1) / 답변1 첨부1
[page 495 완료] 누적 신규 8324건  (이 게시판 저장 총 14,824건)
  + [8325] ntt=17320 (3223) 취득 당시 토지면적이 현재 시점에서 정정된 경.. (1) / 답변1 첨부1
  + [8326] ntt=17319 (3222) 기한 후 신고를 한 후 구제제도에 대한 문의 (1) / 답변1 첨부1
  + [8327] ntt=17317 (3221) 주민세 종업원분 사업소 범위 질문 (1) / 답변1
  + [8328] ntt=17316 (3220) 멸실인정 차량의 지방세, 세외수입 체납으로 인.. (1) / 답변1 첨부1
  + [8329] ntt=17314 (3219) 신탁부동산 최초분양여부 (1) / 답변1 첨부1
  + [8330] ntt=17313 (3218) 재산세 납세의무자관련 문의 (1) / 답변1 첨부1
  + [8331] ntt=17310 (3217) 부동산 공매 문의 드립니다 (1) / 답변1 첨부1
  + [8332] ntt=17301 (3216) 학교를 경영하는 자가 사업에 직접 사용하는 부.. (1) / 답변1 첨부1
  + [8333] ntt=17300 (3215) 특별징수 관련 (1) / 답변1 첨부2
  + [8334] ntt=17290 (3214) 농업인의 노후생활안정자금대상 농지에 대한 감면.. (1) / 답변1 첨부1
  + [8335] ntt=17287 (3213) 창업중소기업 관련 문의드립니다. (1) / 답변1 첨부2
  + [8336] ntt=17284 (3212) 조정조서 과세표준액 (1) / 답변1 첨부1
  + [8337] ntt=17281 (3211) 사회복지사업을 목적으로 하는 단체 여부 (1) / 답변1 첨부1
  + [8338] ntt=17280 (3210) 과오납환급금 관련 질의 (1) / 답변1 첨부1
  + [8339] ntt=17261 (3209) 지방소득세(종합소득) 결손금소급공제 환급지 결.. (1) / 답변1 첨부1
  + [8340] ntt=17260 (3208) 농업회사가 신축하는 곤충사육장 감면문의 (1) / 답변1 첨부1
  + [8341] ntt=17256 (3207) 주민세 재산분 질의 (1) / 답변1 첨부1
  + [8342] ntt=17254 (3206) 출자자의 제2차납세의무 관련 문의 (1) / 답변1 첨부1
  + [8343] ntt=17253 (3205) 신탁재산 동일위탁자의 여러물건에 대한 압류해제.. (1) / 답변1 첨부1
  + [8344] ntt=17251 (3204) 소유권 이전(상속) 후 경매 배당금 당해세 문.. (1) / 답변1 첨부1
  + [8345] ntt=17248 (3203) 지방소득세(특별징수) 연말정산 추가납부액 가산.. (1) / 답변1 첨부1
  + [8346] ntt=17245 (3202) 종교법인 소유의 건물에서 운영중인 지역아동센터.. (1) / 답변1 첨부1
  + [8347] ntt=17244 (3201) (3182) 추가 질문입니다 (1) / 답변1
  + [8348] ntt=17240 (3200) 산업단지 감면 특례규정(법률 제12955호 부.. (1) / 답변1 첨부1
  + [8349] ntt=17229 (3199) 납기전 징수 사유에 해당 여부 (1) / 답변1 첨부1
  + [8350] ntt=17227 (3198) 증여 취득세 관련 문의 (1) / 답변1 첨부1
  + [8351] ntt=17224 (3197) 상속포기재산 재산세 납세의무자 (1) / 답변1 첨부1
  + [8352] ntt=17221 (3196) 증여 취득세 관련 문의 (1) / 답변1 첨부1
  + [8353] ntt=17213 (3195) 농어촌주택개량대상자의 재산세(도시지역분) 감면.. (1) / 답변1
  + [8354] ntt=17207 (3194) 산업단지 감면문의드립니다.(재산세) (1) / 답변1
[page 496 완료] 누적 신규 8354건  (이 게시판 저장 총 14,854건)
  + [8355] ntt=17206 (3193) 주민세(재산분) 오염물질 배출사업소 중과세 시.. (1) / 답변1 첨부1
  + [8356] ntt=17201 (3192) 가산세 감면에 정당한  사유에 해당되는지요? (1) / 답변1 첨부1
  + [8357] ntt=17200 (3191) 여러 재산이 있을때 현저히 높은 재산을 압류한.. (1) / 답변1 첨부1
  + [8358] ntt=17195 (3190) 부동산 매매가액 위반 과대신고로 환급 여부 / 답변0
  + [8359] ntt=17185 (3189) PM용역비   취득세 과표 (1) / 답변1 첨부1
  + [8360] ntt=17184 (3188) 상속분할등기 후 소유권이전등기판결을 받은 경우.. (2) / 답변2 첨부1
  + [8361] ntt=17182 (3187) 소재파악이 안 되는 개인저당권자 공매 배분 관.. (1) / 답변1 첨부1
  + [8362] ntt=17181 (3186) 배당이의 소송에 따른 법적 논리 등 도움 요청.. (1) / 답변1 첨부1
  + [8363] ntt=17178 (3185) 취득세 경정 가능여부에 대한 질의입니다. (1) / 답변1 첨부2
  + [8364] ntt=17172 (3184) 장기임대주택 감면여부 문의-지특법 제31조 1.. (1) / 답변1 첨부1
  + [8365] ntt=17170 (3183) 대물변제 공사변경계약에 따라  합의한 매각금액.. (1) / 답변1 첨부1
  + [8366] ntt=17164 (3182) 귀농인 감면 관련(농업외 산업에 종사 여부) (1) / 답변1 첨부1
  + [8367] ntt=17149 (3181) (3178) 추가 질문입니다. (1) / 답변1 첨부1
  + [8368] ntt=17143 (3180) 특별징수관련 (2) / 답변2 첨부1
  + [8369] ntt=17136 (3179) 재차상속된 미등기토지일 경우, 재산세 납세의무.. (1) / 답변1 첨부1
  + [8370] ntt=17134 (3178) 국공유지 무상양여받은 토지에 대한 사실상 취득.. (1) / 답변1 첨부1
  + [8371] ntt=17129 (3177) 납기 전 징수에 대하여 (1) / 답변1
  + [8372] ntt=17126 (3176) 학교법인 관련돼서 문의드립니다. (1) / 답변1 첨부1
  + [8373] ntt=17124 (3175) 외국인이 상속으로 1주택을 취득하는 경우 취득.. (1) / 답변1 첨부1
  + [8374] ntt=17123 (3174) [3170]관련 추가질의드립니다.(긴급) (1) / 답변1
  + [8375] ntt=17119 (3173) 동일 건물내의 창고(서고)의 주민세 재산분 과.. (1) / 답변1
  + [8376] ntt=17114 (3172) (3167) 추가 질의입니다. (1) / 답변1 첨부1
  + [8377] ntt=17111 (3171) 지역아동센터 재산세 감면관련 (1) / 답변1 첨부1
  + [8378] ntt=17107 (3170) 창업중소기업 감면 문의드립니다 (1) / 답변1 첨부1
  + [8379] ntt=17104 (3169) 소유주가 다른 다필지 상의 1구내 2주택 불법.. (1) / 답변1 첨부1
  + [8380] ntt=17101 (3168) 신탁재산에 대한 위탁자 지위 이전 관련 문의드.. (1) / 답변1 첨부1
  + [8381] ntt=17092 (3167) 지역주택조합 관련 질의드립니다. (1) / 답변1 첨부1
  + [8382] ntt=17090 (3166) 변전소의 용도 구분(근생/공장) 관련 질의입니.. (1) / 답변1 첨부1
  + [8383] ntt=17086 (3165) 이륜자동차 시가표준액이 없다면(신규, 이전 포.. / 답변0
  + [8384] ntt=17079 (3164) 환급금 양도신청서 허위신청에 따른 환수방법 / 답변0
[page 497 완료] 누적 신규 8384건  (이 게시판 저장 총 14,884건)
  + [8385] ntt=17076 (3163) 지방세 기술혁신형 중소기업 취득 부동산 중과제.. (1) / 답변1 첨부1
  + [8386] ntt=17073 (3162) 조특법시행령 116조의 25 조문상 새로 설치.. (1) / 답변1 첨부1
  + [8387] ntt=17071 (3161) 할인받은 분양금액을 반영한 법인장부를 근거로 .. (1) / 답변1 첨부1
  + [8388] ntt=17070 (3160) 사용승인 받지 않은 직권 보존등기 건축물 취득.. (1) / 답변1 첨부1
  + [8389] ntt=17069 (3159) 신규 제작된 이륜차량의 과세표준 관련 문의 (1) / 답변1 첨부1
  + [8390] ntt=17066 (3158) 공장 중과 여부 질의 회신 (1) / 답변1 첨부1
  + [8391] ntt=17064 (3157) 자경농민 자격에 대한 질의 (1) / 답변1 첨부1
  + [8392] ntt=17062 (3156) 특별징수 확정신고 환급금 소멸시효 기산일 관련 / 답변0
  + [8393] ntt=17060 (3155) 취득행위의 무효로 인해 납부세금 환급가능한지 .. (1) / 답변1 첨부1
  + [8394] ntt=17058 (3154) (긴급)등록면허세  부당감면 받은 경우 가산세.. (1) / 답변1 첨부1
  + [8395] ntt=17050 (3153) 파산선고가 조세의 체납처분에 미치는 영향 (1) / 답변1 첨부1
  + [8396] ntt=17048 (3152) 교육용 사업에 직접 사용되는 부동산의 범위 (1) / 답변1 첨부1
  + [8397] ntt=17044 (3151) 양도소득분 지방소득세 납세지 질의 (1) / 답변1 첨부1
  + [8398] ntt=17042 (3150) 재산세 문화재에 대한 감면 및 시설물 지역자원.. (1) / 답변1 첨부1
  + [8399] ntt=17040 (3149) 5층 이상 의료기관(종합, 한방, 요양병원)의.. (1) / 답변1 첨부1
  + [8400] ntt=17031 (3148) 상속취득세 신고납부기한 문의 (1) / 답변1 첨부1
  + [8401] ntt=17026 (3147) 현물출자(업종의 동일성?) (1) / 답변1 첨부1
  + [8402] ntt=17018 (3146) 장애인차량 대체취득 요건 문의 (1) / 답변1 첨부1
  + [8403] ntt=17014 (3145) 기업부설연구소 감면 관련 문의 (1) / 답변1 첨부1
  + [8404] ntt=17013 (3144) 지식산업센터 감면부동산 신탁해지 시 감면세액 .. (1) / 답변1 첨부1
  + [8405] ntt=17008 (3143) 재산세 건축물 용도 관련 문의 (1) / 답변1 첨부1
  + [8406] ntt=17001 (3142) 공유물분할 문의드립니다. (1) / 답변1 첨부1
  + [8407] ntt=16999 (3141) 주택담보노후연금보증대상 주택감면 관련 재산세 .. (2) / 답변2 첨부1
  + [8408] ntt=16994 (3140) 연안어업, 근해어업 등 어선관련 등록면허세(면.. (1) / 답변1 첨부1
  + [8409] ntt=16992 (3139) 골프장회원권 취득세질의 (1) / 답변1 첨부1
  + [8410] ntt=16990 (3138) 노후연금보증 주택에 대한 감면 질의 (1) / 답변1 첨부1
  + [8411] ntt=16989 (3137) 지역자원시설세 공장 후생 복지시설 중과관련 문.. (1) / 답변1 첨부1
  + [8412] ntt=16982 (3136) 귀농인감면 문의(귀농일) (1) / 답변1 첨부1
  + [8413] ntt=16980 (3135) 한국농어촌공사가 판결에 의해 취득하는 토지의 .. (1) / 답변1 첨부1
  + [8414] ntt=16977 (3134) 재산세(토지분) 과세대상 토지형태는 별도합산?.. (2) / 답변2 첨부1
[page 498 완료] 누적 신규 8414건  (이 게시판 저장 총 14,914건)
  + [8415] ntt=16975 (3133) 주민세(재산분) 오염물질 배출사업소 중과여부 .. (1) / 답변1 첨부1
  + [8416] ntt=16971 (3132) 재경정청구 기한 문의 (1) / 답변1 첨부1
  + [8417] ntt=16967 (3131) 휴업중인 공장용지의 분리과세 여부 (1) / 답변1 첨부1
  + [8418] ntt=16962 (3130) 임차인이 임차물건을 경매취득 했을 시 임차보증.. (1) / 답변1 첨부1
  + [8419] ntt=16953 (3129) 지방소득세(종합소득) 납세지 관련 추가질의입니.. (1) / 답변1 첨부1
  + [8420] ntt=16951 (3128) 개인 신축 시 감정평가금액으로 과세표준 적용 .. (1) / 답변1 첨부1
  + [8421] ntt=16946 (3127) 휴면법인 인수관련 대도시내 중과세 해당여부 (1) / 답변1 첨부1
  + [8422] ntt=16943 (3126) 분양 공급가액 변경계약에 따른 경정청구 문의 (1) / 답변1 첨부1
  + [8423] ntt=16942 (3125) 1가구1주택의 상속취득 감면 문의 (1) / 답변1 첨부1
  + [8424] ntt=16934 (3124) 일반 군지역의 도시지역에 속하는 농지 과세 방.. (1) / 답변1 첨부1
  + [8425] ntt=16930 (3123) 진정명의 회복으로 인한 소유권 이전등기 취득세.. (2) / 답변2 첨부1
  + [8426] ntt=16927 (3122) 종교단체 취득세 감면가능여부 (1) / 답변1 첨부1
  + [8427] ntt=16924 (3121) 상속자 지위에 있는 체납자와 부동산 압류 (2) / 답변2 첨부1
  + [8428] ntt=16923 (3120) 임대사업자 최초분양 취득세 감면에 대한 질의 (1) / 답변1 첨부1
  + [8429] ntt=16921 (3119) 임대주택 감면(신탁, 최초분양) 관련 문의드립.. (2) / 답변2 첨부1
  + [8430] ntt=16918 (3118) 공장 지방이전의 감면요건 (1) / 답변1 첨부1
  + [8431] ntt=16913 (3117) 계약 해제 문의 (1) / 답변1 첨부1
  + [8432] ntt=16911 (3116) 개인지방소득세 납세지관련 문의입니다. (1) / 답변1 첨부1
  + [8433] ntt=16910 (3115) 주민세 재산분 문의드립니다. (1) / 답변1 첨부1
  + [8434] ntt=16907 (3114) 지방세환급금 소멸시효 관련 질의입니다. (1) / 답변1 첨부1
  + [8435] ntt=16906 (3113) 가산세 적용여부 질의 (1) / 답변1 첨부1
  + [8436] ntt=16902 (3112) 지특법 19조 유치원 재산세 감면 / 답변0
  + [8437] ntt=16898 (3111) 국세 체납조회 (1) / 답변1 첨부1
  + [8438] ntt=16888 (3110) 지특법 보칙 제178조[감면된 취득세의 추징].. (1) / 답변1
  + [8439] ntt=16883 (3109) 상속미협의시에 대한 취득세 1가구1주택 감면 .. (1) / 답변1 첨부1
  + [8440] ntt=16879 (3108) 현물출자 추가문의 (1) / 답변1 첨부1
  + [8441] ntt=16876 (3107) 협동화실천계획에 따른 재산세 감면 문의 (1) / 답변1 첨부1
  + [8442] ntt=16875 (3106) 상속등기가 이행되지 아니한 재산에 대한 납세의.. (1) / 답변1 첨부1
  + [8443] ntt=16863 (3105) 감면받은 부동산의 수정신고를 하기 위한 사유발.. (1) / 답변1 첨부1
  + [8444] ntt=16862 (3104) 법원의 차량소유권이전명령 판결문이 해당차량의 .. (1) / 답변1 첨부1
[page 499 완료] 누적 신규 8444건  (이 게시판 저장 총 14,944건)
  + [8445] ntt=16855 (3103) 채무 대위변제 후 우선 수익권 확보권에 대한 .. (2) / 답변2 첨부2
  + [8446] ntt=16844 (3102) 과점주주 간주 취득세 대상여부 (1) / 답변1 첨부1
  + [8447] ntt=16842 (3101) 재산세 임대물건 감면 관련 질의입니다. (1) / 답변1 첨부1
  + [8448] ntt=16840 (3100) 재산세 중과와 감면이 동시에 적용될 경우 세율.. (1) / 답변1 첨부1
  + [8449] ntt=16838 (3099) 자경농지(레드 크러버 파종) 해당여부 질의 드.. (2) / 답변2 첨부1
  + [8450] ntt=16834 (3098) 창업중소기업 문의(급합니다) (1) / 답변1 첨부1
  + [8451] ntt=16833 (3097) 신탁재산 특례 관련 해석 및 적용 문의 (1) / 답변1 첨부1
  + [8452] ntt=16831 (3096) 감면된 취득세 추징요건에 대한 질의 (1) / 답변1 첨부1
  + [8453] ntt=16830 (3095) 창업감면... (1) / 답변1 첨부1
  + [8454] ntt=16824 (3094) 합병에 따른 근저당권 이전 (1) / 답변1 첨부1
  + [8455] ntt=16815 (3093) 개인-법인간 연부취득시 재산세 납세의무자 관련.. (1) / 답변1 첨부1
  + [8456] ntt=16814 (3092) 종업원분 주민세 사업소 판단 문의 (1) / 답변1 첨부1
  + [8457] ntt=16803 (3091) 차량 취득세 관련 문의(명의 이전) / 답변0
  + [8458] ntt=16802 (3090) 마을회가 받은 농지전용허가 비과세 여부 (1) / 답변1 첨부2
  + [8459] ntt=16801 (3089) 과세대상 기계장비의 범위 및 취득세 과세대상 .. (1) / 답변1 첨부1
  + [8460] ntt=16793 (3088) 상속한정승인한 상속인에게 자동차세 부과는 어떻.. (1) / 답변1 첨부1
  + [8461] ntt=16792 (3087) 과세기준일 현재 공실인 임대물건에 대한 재산세.. (1) / 답변1 첨부2
  + [8462] ntt=16785 (3086) 감면된 취득세 추징시 '정당한 사유'에 해당하.. (1) / 답변1 첨부1
  + [8463] ntt=16781 (3085) 창업감면법인의 주주법인의 주주의 동종업 영위 (1) / 답변1 첨부1
  + [8464] ntt=16775 (3084) 입주권을 취득한 임대사업자의 임대주택 감면 여.. (1) / 답변1 첨부1
  + [8465] ntt=16772 (3083) 자동차세 과세에 대하여 검토 부탁드립니다. (1) / 답변1 첨부1
  + [8466] ntt=16771 (3082) 상속인의 상속한정승인 및 포기자에 대한 상속인.. (1) / 답변1 첨부1
  + [8467] ntt=16767 (3081) 농업법인 감면 추징 여부 (1) / 답변1 첨부1
  + [8468] ntt=16751 (3080) 생애최초 신혼부부 감면 추징여부 문의 (1) / 답변1 첨부1
  + [8469] ntt=16746 (3079) 과점주주 간 내부거래에 해당하는지 여부? (1) / 답변1 첨부1
  + [8470] ntt=16742 (3078) 벤처기업집적시설에 입주한 지식기반을 경영하는 .. (1) / 답변1 첨부1
  + [8471] ntt=16741 (3077) 주민세 종업원분 관련 문의 (1) / 답변1 첨부1
  + [8472] ntt=16740 (3076) 오피스텔 재산세 주택분 부과시 상한 문의(추가.. (1) / 답변1 첨부1
  + [8473] ntt=16738 (3075) 주택과 비주택의 부속토지 안분 산정에 관한 질.. (1) / 답변1 첨부1
  + [8474] ntt=16737 (3074) [재질의](3058번 2019.6.13.)재산.. (1) / 답변1
[page 500 완료] 누적 신규 8474건  (이 게시판 저장 총 14,974건)
  + [8475] ntt=16735 (3073) 합병 전 본점으로 사용하던 부동산을 합병 후 .. (1) / 답변1 첨부1
  + [8476] ntt=16734 (3072) 재산세토지 분리과세 중 공장용지 (1) / 답변1 첨부1
  + [8477] ntt=16733 (3071) 승합차 구조변경으로 인한 자동차세 문의 (1) / 답변1 첨부1
  + [8478] ntt=16731 (3070) [재질의] (120번 2019.6.5.) 창업.. (1) / 답변1 첨부1
  + [8479] ntt=16730 (3069) 현물출자에 의한 법인 전환시 과세표준과 취득시.. (1) / 답변1 첨부1
  + [8480] ntt=16729 (3068) 주된상속자 재산세 부과관련 (1) / 답변1 첨부1
  + [8481] ntt=16728 (3067) 장애인 차량의 자동차세 추징 재질의 (1) / 답변1 첨부1
  + [8482] ntt=16727 (3066) 미등록 기계장비 구조변경으로 인한 취득세 과세.. (1) / 답변1 첨부1
  + [8483] ntt=16724 (3065) 지방세 환급가산금 기산일 관련 (1) / 답변1 첨부1
  + [8484] ntt=16721 (3064) 상호합의절차 종결로 인한 (법인)지방소득세 환.. (1) / 답변1 첨부1
  + [8485] ntt=16717 (3063) 공시송달의 효력 (1) / 답변1
  + [8486] ntt=16714 (3062) 오피스텔 재산세 주택분 부과시 상한 문의 (1) / 답변1 첨부1
  + [8487] ntt=16713 (3061) 자동차세 공동명의자에게 이전시 감면 관련 문의.. (2) / 답변2
  + [8488] ntt=16711 (3060) 주민세(종업원분) 중소기업 고용지원 감면 적용.. (1) / 답변1 첨부1
  + [8489] ntt=16705 (3059) 종교단체 소유건물 중 교인들이 사용하는 체육단.. (1) / 답변1 첨부1
  + [8490] ntt=16701 (3058) 재산세 분리과세대상 토지 세율 적용과 관련하여 (2) / 답변2 첨부1
  + [8491] ntt=16696 (3057) 사망자 부동산 압류해제 관련 문의드립니다. (1) / 답변1 첨부1
  + [8492] ntt=16687 (3056) 법인 명의의 부동산을 이혼 시 재산분할 특례세.. (1) / 답변1 첨부1
  + [8493] ntt=16686 (3055) 비영리사업자 세율 적용  질의 (1) / 답변1 첨부1
  + [8494] ntt=16683 (3054) 잔금의 일부만 남기고 매매한 경우 (1) / 답변1 첨부1
  + [8495] ntt=16678 (3053) 과점주주 간주 취득세 과세대상 여부 (1) / 답변1 첨부1
  + [8496] ntt=16676 (3052) 취득세 과세대상 문의 (1) / 답변1 첨부1
  + [8497] ntt=16671 (3051) 토지수용감면(보상금수령전에 부동산 취득)에 대.. (1) / 답변1 첨부1
  + [8498] ntt=16670 (3050) 다운 보금자리 주택지구내 주택, 건축물 등 재.. (2) / 답변2 첨부1
  + [8499] ntt=16666 (3049) 지식산업센터 등에 대한 감면에 대하여 (1) / 답변1 첨부1
  + [8500] ntt=16664 (3048) 장애인 비과감면차량 추징 문의 (1) / 답변1 첨부1
  + [8501] ntt=16663 (3047) 감면물건의 공유물분할시 추징여부  등 (1) / 답변1
  + [8502] ntt=16659 (3046) 중과세 여부 문의? (1) / 답변1
  + [8503] ntt=16658 (3045) 3037번 관련 추가 질의입니다 (1) / 답변1 첨부1
  + [8504] ntt=16652 (3044) 건설자금이자 관련 문의 (1) / 답변1 첨부1
[page 501 완료] 누적 신규 8504건  (이 게시판 저장 총 15,004건)
  + [8505] ntt=16649 (3043) 국가유공자 대부금받아 주택취득시 공동명의 (1) / 답변1 첨부1
  + [8506] ntt=16641 (3042) 교환과 공유물분할의 취득세 문의 (1) / 답변1 첨부1
  + [8507] ntt=16624 (3041) 공무원 잘못으로 초과환급된 건에 대한 징수권 .. (2) / 답변2 첨부1
  + [8508] ntt=16620 (3040) 유예기간내 다른 법인에 매도시 중과세 여부? (1) / 답변1 첨부1
  + [8509] ntt=16618 (3039) 사망자에 대한 부동산 압류 (1) / 답변1 첨부1
  + [8510] ntt=16616 (3038) 현물출자 감면 (1) / 답변1 첨부1
  + [8511] ntt=16611 (3037) 주민세 경정청구 문의 (1) / 답변1 첨부1
  + [8512] ntt=16605 (3036) 아파트 보존등기가 신탁회사로 된 경우 재산세 .. (1) / 답변1 첨부1
  + [8513] ntt=16604 (3035) 주택건축 공사중에 매도된 경우 취득세·등록면허.. (1) / 답변1 첨부1
  + [8514] ntt=16599 (3034) 공유물분할을 위한 경매를 원인으로 취득, 경락.. (1) / 답변1 첨부1
  + [8515] ntt=16596 (3033) 자경농민 감면(면적) 기준 _ 법령 해석 (1) / 답변1 첨부1
  + [8516] ntt=16587 (3032) 새마을 금고의 직접사용 부동산으로 볼 수 있는.. (1) / 답변1 첨부1
  + [8517] ntt=16585 (3031) 지특법 제41조 7항의 추징규정 적용 (1) / 답변1 첨부1
  + [8518] ntt=16583 (3030) 유언대용신탁계약을 맺은 위탁자가 사망했을때 수.. (1) / 답변1 첨부1
  + [8519] ntt=16571 (3029) 벤처기업이 아니게 된 경우 벤처기업 집적시설에.. (1) / 답변1 첨부1
  + [8520] ntt=16566 (3028) 취득세 납부서 발행 (1) / 답변1
  + [8521] ntt=16563 (3027) 재산세 임대사업자 감면적용 질의 (1) / 답변1 첨부1
  + [8522] ntt=16562 (3026) 사망자 및 청산법인의 지방세외수입 불납결손에 .. (1) / 답변1
  + [8523] ntt=16560 (3025) 재산세 현황과세 (1) / 답변1 첨부1
  + [8524] ntt=16554 (3024) 의료법인 감면 질의 (1) / 답변1 첨부1
  + [8525] ntt=16550 (3023) 법원의 경매 매각허가결정 취소로 인한 취득세 .. (1) / 답변1
  + [8526] ntt=16549 (3022) 재산세현황부과(면적정정) (1) / 답변1
  + [8527] ntt=16544 (3021) 공시송달 납부기한 (1) / 답변1 첨부1
  + [8528] ntt=16543 (3020) 미술관에 직접 사용하는 부동산에 해당하는지 여.. (1) / 답변1 첨부1
  + [8529] ntt=16536 (3019) 공유물분할경매에 기존소유자 단독 경맥낙찰시 부.. (1) / 답변1 첨부1
  + [8530] ntt=16533 (3018) 연납된 자동차세 추징시 문의입니다 (1) / 답변1 첨부1
  + [8531] ntt=16522 (3017) 개별주택가격을 건물분과 토지분으로 안분하는 방.. (1) / 답변1 첨부1
  + [8532] ntt=16520 (3016) 신탁부동산 해지와 재산세 납기전징수 관련사항 (1) / 답변1 첨부1
  + [8533] ntt=16517 (3015) 폐기물 매립장용 토지 산업단지 감면 적용 여부 (1) / 답변1 첨부1
  + [8534] ntt=16515 (3014) 창업중소기업감면(창업계획변경) (1) / 답변1 첨부1
[page 502 완료] 누적 신규 8534건  (이 게시판 저장 총 15,034건)
  + [8535] ntt=16513 (3013) 무도유흥주점 중과세 대상에 해당하는지 여부 (1) / 답변1 첨부1
  + [8536] ntt=16509 (3012) 양봉을 하기 위해 취득하는 농지 자경농민 감면.. (1) / 답변1 첨부1
  + [8537] ntt=16501 (3011) 주거용 오피스텔 적용 및 임대주택 감면 문의 (1) / 답변1 첨부1
  + [8538] ntt=16496 (3010) 신탁부동산 해지 시, 납세 전 징수 대상 해당.. (1) / 답변1 첨부1
  + [8539] ntt=16493 (3009) 산업용건축물 신축 또는 증축하여 취득하는 부동.. (1) / 답변1 첨부1
  + [8540] ntt=16489 (3008) 주택건설용토지 재산세(토지)부과시 공시지가 적.. (1) / 답변1 첨부1
  + [8541] ntt=16486 (3007) 서민주택에 사용하기 위해 취득하는 토지의 농어.. (1) / 답변1 첨부1
  + [8542] ntt=16482 (3006) 주된 납세의무자 시효의 중단 (1) / 답변1 첨부1
  + [8543] ntt=16478 (3005) 임대사업자 임대의무기간 변경(5년 ->4년)에.. (1) / 답변1 첨부1
  + [8544] ntt=16466 (3004) 대체취득 감면대상 취득시기에 대하여 (1) / 답변1 첨부1
  + [8545] ntt=16465 (3003) 청년 창업 감면 가능 여부 (1) / 답변1 첨부1
  + [8546] ntt=16457 (3002) 잔금이후 선납할인액 정산으로 추가납부한 경우 .. (1) / 답변1 첨부2
  + [8547] ntt=16453 (3001) 주민세(종업원분) 면세점과, 종업원 총 급여총.. (1) / 답변1 첨부1
  + [8548] ntt=16439 (3000) 취득가격의 범위 등 (1) / 답변1
  + [8549] ntt=16438 (2999) 상속재산분할협의 후 결렬로 인한 취득세 신고납.. (1) / 답변1
  + [8550] ntt=16435 (2998) (재질의)주된 목적이 출장자 숙소인 휴양콘도미.. (1) / 답변1 첨부1
  + [8551] ntt=16432 (2997) 외국인 배우자를 둔 자의 신혼부부 취득세 감면.. (1) / 답변1 첨부1
  + [8552] ntt=16429 (2996) 대리인이 취득 신고 당시 감면율을 착오로 신고.. (1) / 답변1 첨부1
  + [8553] ntt=16428 (2995) 자동차세 상속인 지정 문의 드립니다. (1) / 답변1 첨부1
  + [8554] ntt=16426 (2994) 차량 취득세 감면 질문드립니다. (1) / 답변1 첨부1
  + [8555] ntt=16423 (2993) 주택개량감면 다락면적포함여부 추가질의 (1) / 답변1 첨부1
  + [8556] ntt=16422 (2992) 취득세 환급 가능 여부(체비지) (1) / 답변1 첨부1
  + [8557] ntt=16421 (2991) 지식산업센터 감면시 수탁자로 감면이 가능한지 .. (1) / 답변1 첨부1
  + [8558] ntt=16420 (2990) 자경농민 추징사유 (1) / 답변1 첨부1
  + [8559] ntt=16415 (2989) 골프장 조경공사 입목에 대한 취득세 (1) / 답변1 첨부1
  + [8560] ntt=16411 (2988) 다운보금자리지구 재산세 감면 질의 (1) / 답변1 첨부1
  + [8561] ntt=16410 (2987) 재산세 임대주택 감면 문의 (1) / 답변1 첨부1
  + [8562] ntt=16402 (2986) 차량 취득세 관련 문의드립니다. (1) / 답변1 첨부1
  + [8563] ntt=16401 (2985) 매매예약완결을 원인으로 한 부동산 취득시기 문.. (1) / 답변1 첨부1
  + [8564] ntt=16391 (2984) 적격합병시 회원권 감면 여부 (1) / 답변1 첨부1
[page 503 완료] 누적 신규 8564건  (이 게시판 저장 총 15,064건)
  + [8565] ntt=16390 (2983) 후발적 사유로 인한 경정청구가 가능한지  여부 (1) / 답변1 첨부1
  + [8566] ntt=16387 (2982) 주된 목적이 출장자 숙소인 휴양콘도미니엄의 별.. (2) / 답변2 첨부1
  + [8567] ntt=16386 (2981) 1가구 1주택 상속주택 취득세 세율특례 문의 (1) / 답변1 첨부1
  + [8568] ntt=16382 (2980) 국민주택규모의 농특세 감면시 공동주택 주거전용.. (1) / 답변1 첨부1
  + [8569] ntt=16380 (2979) 소유권보존말소등기 판결시 재산세 납세의무자 (1) / 답변1 첨부1
  + [8570] ntt=16377 (2978) 지방세 법인 중과세 세율 적용 요령 (1) / 답변1 첨부1
  + [8571] ntt=16375 (2977) 일반차입금 건설자금이자 과세표준 산입 여부 (1) / 답변1 첨부1
  + [8572] ntt=16373 (2976) 지식산업센터 취득세 감면액 추징 (급) (2) / 답변2 첨부1
  + [8573] ntt=16370 (2975) 농어촌 주택개량에 대한 감면 연면적에 다락면적.. (1) / 답변1 첨부1
  + [8574] ntt=16369 (2974) 창업벤처기업 취득세 감면 질의 / 답변0
  + [8575] ntt=16368 (2973) 보금자리 주택 공급용 토지 한국토지주택공사 재.. (1) / 답변1 첨부1
  + [8576] ntt=16364 (2972) 임대사업자 임대목적 공동주택 지목변경 감면에 .. (1) / 답변1 첨부1
  + [8577] ntt=16361 (2971) 질의합니다? (1) / 답변1 첨부1
  + [8578] ntt=16360 (2970) .지적재조사 관련 취득세 및 등록면허세 부과 .. (1) / 답변1 첨부1
  + [8579] ntt=16358 (2969) 최초 분양 상가 취득가액 범위(분양권 증여) (2) / 답변2 첨부1
  + [8580] ntt=16357 (2968) 공탁금 배분순위에  대하여 (1) / 답변1 첨부1
  + [8581] ntt=16356 (2967) 부동산 경락받고 미신고후 사망에 따른 취득세 .. (1) / 답변1 첨부1
  + [8582] ntt=16355 (2966) 창업벤처중소기업의 해당 사업 직접사용에 대한 .. (1) / 답변1 첨부1
  + [8583] ntt=16354 (2965) 지방공기업 관련 감면질의 (1) / 답변1 첨부1
  + [8584] ntt=16347 (2964) 주민세 종업원분 국외근무자 관련 질문 (1) / 답변1 첨부1
  + [8585] ntt=16346 (2963) 개인이 신축한 건물 취득가액 인정과 관련하여 (1) / 답변1 첨부1
  + [8586] ntt=16329 (2962) 종교단체 감면... (1) / 답변1 첨부1
  + [8587] ntt=16322 (2961) 공유물분할에 대하여 공유자 1인이 단독으로소유.. (1) / 답변1 첨부1
  + [8588] ntt=16318 (2960) 산지관리법상 공익용 산지에 대하여 (1) / 답변1 첨부1
  + [8589] ntt=16314 (2959) 취득세 납부 후 상속등기 안한 상태에서 재분할 (1) / 답변1 첨부1
  + [8590] ntt=16311 (2958) 등록면허세 면허분 신고서 작성의무 (1) / 답변1 첨부1
  + [8591] ntt=16309 (2957) 지방세기본법 제130조(과세자료의 수집에 관한.. (1) / 답변1 첨부1
  + [8592] ntt=16305 (2956) 사망자의 자동차세 환급금 피상속인(상속취득) .. / 답변0
    [retry 1/3] ReadTimeout
  + [8593] ntt=16304 (2955) 창업벤처중소기업의 해당 사업 직접사용에 대한 .. (1) / 답변1 첨부1
  + [8594] ntt=16302 (2954) 미상속 부동산의 취득세 부과시 사망자의 부동산.. (1) / 답변1 첨부1
[page 504 완료] 누적 신규 8594건  (이 게시판 저장 총 15,094건)
  + [8595] ntt=16301 (2953) 법인의 사실상의 취득으로보아 추징여부 (1) / 답변1 첨부1
  + [8596] ntt=16298 (2952) 시설 및 시설물의 경우 건물과 함께 취득시 과.. (1) / 답변1 첨부1
  + [8597] ntt=16293 (2951) 전기사업(태양광)양도시 1회성 등록면허세를 양.. (1) / 답변1 첨부1
  + [8598] ntt=16290 (2950) 부동산 취득세 중과세 제외 규정에 대한 업종 .. (1) / 답변1 첨부1
  + [8599] ntt=16285 (2949) 지방세특례제한법 제79조 1항 법인의 지방 이.. (1) / 답변1 첨부1
  + [8600] ntt=16284 (2948) 현물출자에 대한 감면 문의드립니다. (1) / 답변1 첨부1
  + [8601] ntt=16280 (2947) 판결에 의한 소유권이전 취득세 관련 문의 (1) / 답변1 첨부1
  + [8602] ntt=16276 (2946) 부동산투자이민제 대상지역 내 외국인이 취득한 .. (1) / 답변1 첨부2
  + [8603] ntt=16274 (2945) 주택세율을 적용할 수 있는지 여부 (1) / 답변1 첨부1
  + [8604] ntt=16267 (2944) 압류해제시 체납자에게 고지해야한다는 근거가 있.. (1) / 답변1 첨부1
  + [8605] ntt=16263 (2943) 사실상 폐업인 유흥주점 지역자원시설세 3배 중.. (1) / 답변1 첨부1
  + [8606] ntt=16259 (2942) 벤처기업에 사용하기 위한 시설 관련  취득세 .. (1) / 답변1 첨부1
  + [8607] ntt=16245 (2941) 공장용 건축물의 범위 관련 분리과세 (1) / 답변1 첨부1
  + [8608] ntt=16240 (2940) 분양보증수수료, 주택임대보증수수료 문의 / 답변0
  + [8609] ntt=16239 (2939) 지하수관정 재산세 (1) / 답변1 첨부1
  + [8610] ntt=16235 (2938) 재개발지역 부동산 증여에 의한 승계조합원의 취.. (1) / 답변1 첨부1
  + [8611] ntt=16232 (2937) 유흥주점 중과관련 (1) / 답변1 첨부1
  + [8612] ntt=16231 (2936) 주유소 차량자동세차시설에 대한 특정부동산 지역.. (1) / 답변1 첨부2
  + [8613] ntt=16230 (2935) 부모자식간 전세금을 유상거래시 포함 금액으로 .. (1) / 답변1 첨부1
  + [8614] ntt=16227 (2934) 특수관계집단 내의 과점주주 질의 (1) / 답변1 첨부1
  + [8615] ntt=16219 (2933) 장애인 차량 취득세 대체취득 감면 추징발생일 .. (1) / 답변1 첨부1
  + [8616] ntt=16208 (2932) 장애인 차량 상속 / 답변0
  + [8617] ntt=16207 (2931) 공동소유 차량 부과시 관할 문제 / 답변0
  + [8618] ntt=16206 (2930) 농업회사법인이 유한회사로 바뀐다고합니다 / 답변0
  + [8619] ntt=16205 (2929) 토지 지목변경 취득세 과세여부 (1) / 답변1 첨부1
  + [8620] ntt=16202 (2928) 원인무효 판결시 환급여부 / 답변0
  + [8621] ntt=16201 (2927) 창업 중소기업 감면 문의 (1) / 답변1 첨부1
  + [8622] ntt=16199 (2926) 고언 부탁드립니다 / 답변0
  + [8623] ntt=16198 (2925) 골프장 내 건축물(창고) 용도지수 적용방법 문.. (1) / 답변1 첨부1
  + [8624] ntt=16196 (2924) 재산세 과세대상 해당여부- 옥외저장시설 (1) / 답변1
[page 505 완료] 누적 신규 8624건  (이 게시판 저장 총 15,124건)
  + [8625] ntt=16186 (2923) 과점주주 관련 특수관계인 성립 여부 문의 (1) / 답변1 첨부1
  + [8626] ntt=16184 (2922) 개인사업자 법인전환 시 대표자로부터 차입한 부.. (1) / 답변1 첨부1
  + [8627] ntt=16182 (2921) 소유권이전 소송을 통한 원시취득 토지  압류해.. (1) / 답변1 첨부1
  + [8628] ntt=16179 (2920) 주민세(재산분) 별개의 독립된 사업소인지 여부.. (1) / 답변1 첨부1
  + [8629] ntt=16163 (2919) 다가구 임대사업자 감면요건 (1) / 답변1 첨부1
  + [8630] ntt=16161 (2918) 신탁재산의 위탁자 사망시 재산세 납세의무자 관.. (2) / 답변2 첨부1
  + [8631] ntt=16158 (2917) 휴업중인 사업소의 주민세균등분 납세의무 성립 .. (1) / 답변1 첨부1
  + [8632] ntt=16153 (2916) 부동산 취득세(대위등기>경매낙찰>사용승인) (1) / 답변1 첨부1
  + [8633] ntt=16150 (2915) (재질의)법인지방소득세 특별징수 정산관련 질문.. (1) / 답변1 첨부1
  + [8634] ntt=16144 (2914) 연대납세의무자 대위등기 관련 문의 (1) / 답변1 첨부1
  + [8635] ntt=16142 (2913) 귀농일 판단관련 문의드립니다. (1) / 답변1 첨부1
  + [8636] ntt=16140 (2912) 사회적 기업에 감면 문의(지방세특례제한법 제2.. (1) / 답변1 첨부1
  + [8637] ntt=16135 (2911) 창업중소기업 감면관련 추가질의(111번) (1) / 답변1 첨부1
  + [8638] ntt=16133 (2910) 지방세특례제한법 제79조(법인의 지방 이전에 .. (1) / 답변1
  + [8639] ntt=16129 (2909) 자경농 감면후 다른용도 사용에 따른 추징적용 .. (1) / 답변1 첨부1
  + [8640] ntt=16124 (2908) 재개발 관련 문의 (1) / 답변1 첨부1
  + [8641] ntt=16122 (2907) 비영리사업자의 도시개발사업지구내의 토지 (1) / 답변1 첨부1
  + [8642] ntt=16121 (2906) 창업중소기업 감면 관련 질의... (1) / 답변1 첨부1
  + [8643] ntt=16120 (2905) 법인의 농지 취득시 취득세율 문의 (1) / 답변1
  + [8644] ntt=16117 (2904) 귀농인 감면후 추징대상에따른 유예기간적용 문의 (1) / 답변1 첨부1
  + [8645] ntt=16107 (2903) 환매등기 병행 부동산 추징문의 (1) / 답변1 첨부1
  + [8646] ntt=16106 (2902) 창업중소기업감면(대표자의 사업이력) (1) / 답변1 첨부1
  + [8647] ntt=16103 (2901) 법인지방소득세 특별징수 정산관련 질문드립니다. (1) / 답변1 첨부1
  + [8648] ntt=16099 (2900) 농어촌 주택개량에 대한 감면 (1) / 답변1 첨부1
  + [8649] ntt=16094 (2899) 창업감면 가능여부(창업당시 임대법인의 하청업체.. (1) / 답변1 첨부1
  + [8650] ntt=16087 (2898) 교회 주차장으로 사용중인 인접 임야에 대한 재.. (1) / 답변1 첨부2
  + [8651] ntt=16082 (2897) 회사청산에 따른 잔여재산 분배시 취득세 관련 .. (1) / 답변1
  + [8652] ntt=16079 (2896) 귀농인 감면후 추징대상에따른 유예기간적용 / 답변0
  + [8653] ntt=16071 (2895) 미등기 건물 상속 및 무허가 주택 상속관련입니.. (1) / 답변1 첨부1
  + [8654] ntt=16058 (2894) 과점주주 취득세 관련하여 특수관계 성립여부 질.. (1) / 답변1 첨부1
[page 506 완료] 누적 신규 8654건  (이 게시판 저장 총 15,154건)
  + [8655] ntt=16057 (2893) 주택 건물만 매매 (1) / 답변1 첨부1
  + [8656] ntt=16049 (2892) 국유지 조건부 사용동의로 건립된 시설물에 대한.. (1) / 답변1 첨부1
  + [8657] ntt=16044 (2891) 지특법 제57조의2 제4항 사업양도양수에 따른.. (1) / 답변1
  + [8658] ntt=16041 (2890) 도시가스 이용자의 가스관 공사부담금의 취득세가.. (1) / 답변1 첨부1
  + [8659] ntt=16036 (2889) 산업단지 사업시행자 분리과세 적용 및 감면여부.. (1) / 답변1 첨부1
  + [8660] ntt=16031 (2888) 이전공공기관 등 지방이전에 대한 감면 (1) / 답변1 첨부1
  + [8661] ntt=16021 (2887) 수용으로 인한 대체취득 감면 관련 상담 (1) / 답변1 첨부1
  + [8662] ntt=16018 (2886) 현재 해산 후 실체 없는 법인, 과세요건 성립.. (1) / 답변1 첨부1
  + [8663] ntt=16011 (2885) 사권제한토지 재산세 감면 적용시, 미집행된 토.. (1) / 답변1 첨부1
  + [8664] ntt=16008 (2884) 자동차세 세대분리로 감면종료된 차량 대체취득 (1) / 답변1 첨부1
  + [8665] ntt=16002 (2883) 묘지가 포함된 부동산의 압류 해제요청 관련 (1) / 답변1 첨부1
  + [8666] ntt=15999 (2882) 법인의 지방이전에 대한 취득세 감면, 질의드립.. (1) / 답변1 첨부1
  + [8667] ntt=15996 (2881) 지식산업센터 수분양자 감면 문의 (1) / 답변1
  + [8668] ntt=15994 (2880) 종교용으로 감면받은 주택을 주택임대한 경우 추.. (1) / 답변1
  + [8669] ntt=15993 (2879) 주민세 종업원분 최근1년간 월평균급여지급액에 .. (1) / 답변1
  + [8670] ntt=15991 (2878) 어업권에 대한 취득세 및 등록면허세(등록,면허.. (1) / 답변1 첨부1
  + [8671] ntt=15989 (2877) 법인 부동산 취득세 중과세 관련 문의 (1) / 답변1 첨부1
  + [8672] ntt=15973 (2876) 대도시내 법인이 신탁해지로 인한 소유권 귀속시.. (1) / 답변1 첨부1
  + [8673] ntt=15969 (2875) 회원제 골프장 숙박시설  재산세 중과세 여부 (1) / 답변1 첨부1
  + [8674] ntt=15968 (2874) 2867 관허사업 제한(재질의) (1) / 답변1 첨부1
  + [8675] ntt=15955 (2873) 부동산 임대 사업자 취득세 감면분 추징 여부 (1) / 답변1 첨부1
  + [8676] ntt=15954 (2872) 제3채무자 압류채권 추심요구거부에 따른 조치 (1) / 답변1 첨부1
  + [8677] ntt=15949 (2871) 법원 배당 관련 (1) / 답변1 첨부1
  + [8678] ntt=15942 (2870) 법인의 본점 지방이전시 등록면허세 면제 여부 (1) / 답변1 첨부1
  + [8679] ntt=15941 (2869) 미준공 건축물 취득관련 (1) / 답변1 첨부1
  + [8680] ntt=15940 (2868) 채권배당 순위 (1) / 답변1 첨부1
  + [8681] ntt=15937 (2867) 현물출자 해제 시 취득세 성립 여부 (1) / 답변1 첨부1
  + [8682] ntt=15935 (2866) 지방세 관허사업 기준 (1) / 답변1 첨부1
  + [8683] ntt=15932 (2865) 부동산 취득세 지점중과세 여부 (1) / 답변1 첨부1
  + [8684] ntt=15930 (2864) 주민세 종업원분 과세대상 여부 질의 (1) / 답변1 첨부1
[page 507 완료] 누적 신규 8684건  (이 게시판 저장 총 15,184건)
  + [8685] ntt=15916 (2863) 과점주주 간주취득세 특수관계인의 범위 (1) / 답변1 첨부1
  + [8686] ntt=15905 (2862) 창업 임차 관련하여 문의드립니다. (1) / 답변1 첨부1
  + [8687] ntt=15904 (2861) 중소기업간 합병하고  종전 본점용 부동산에 지.. (2) / 답변2 첨부1
  + [8688] ntt=15902 (2860) 취득세 환급금 소멸시효 문의? (1) / 답변1
  + [8689] ntt=15888 (2859) (긴급)특별재난지역선포에 따른 지방소득세(종합.. (2) / 답변2
  + [8690] ntt=15886 (2858) 지방공기업등에 대한 감면 질의 (1) / 답변1 첨부1
  + [8691] ntt=15882 (2857) 법인지방소득세 안분여부 질의 (1) / 답변1 첨부1
  + [8692] ntt=15881 (2856) 기업부설연구소 감면 관련 (1) / 답변1 첨부1
  + [8693] ntt=15879 (2855) 상속 한정승인 후 파산신청 시 취득세 납세의무.. (1) / 답변1 첨부1
  + [8694] ntt=15877 (2854) 국공유지 무상귀속분과 무상양여분 질의 (1) / 답변1 첨부1
  + [8695] ntt=15870 (2853) 지방세특례제한법제20조[노인복지시설에 대한 감.. (1) / 답변1 첨부1
  + [8696] ntt=15868 (2852) 등록면허세 각하 (1) / 답변1 첨부1
  + [8697] ntt=15867 (2851) 임야에 대한 종교용 토지 판단 (1) / 답변1 첨부1
  + [8698] ntt=15866 (2850) 산업단지개발사업 시행자의 재산세 감면 적용시,.. (1) / 답변1 첨부1
  + [8699] ntt=15862 (2849) 등록면허세(면허) 숙박업 세율 기준 (1) / 답변1 첨부1
  + [8700] ntt=15855 (2848) 취득세 경정청구로 인한 환급가능여부 (1) / 답변1 첨부1
  + [8701] ntt=15851 (2847) 2825번에 대한 추가 질의입니다. (1) / 답변1 첨부1
  + [8702] ntt=15838 (2846) 취득세 납부 후 상속 미등기시 상속인을  변경.. (1) / 답변1 첨부1
  + [8703] ntt=15835 (2845) 법인격없는 비법인 노인복지센터가 취득한 재산을.. (1) / 답변1 첨부1
  + [8704] ntt=15834 (2844) 재산세 종교목적 직접사용 여부 문의 (1) / 답변1
  + [8705] ntt=15832 (2843) 법인부동산 취득 시 계약위약금이 취득세 과세표.. (1) / 답변1 첨부1
  + [8706] ntt=15821 (2842) 유흥주점 중과세 비율 문의 (1) / 답변1 첨부1
  + [8707] ntt=15816 (2841) 지입차량 취득세 관련 문의 (1) / 답변1 첨부1
  + [8708] ntt=15815 (2840) 신탁재산 경매시 신탁등기전 체납액에 대한 교부.. (2) / 답변2 첨부1
  + [8709] ntt=15808 (2839) 준공이후 주택재건축조합의 미분양상가에 대한 조.. (1) / 답변1 첨부1
  + [8710] ntt=15807 (2838) 부당행위계산 부인대상 여부 (1) / 답변1 첨부1
  + [8711] ntt=15806 (2837) 자동차 과태료 압류 가능 여부? (1) / 답변1 첨부1
  + [8712] ntt=15805 (2836) 창업중소기업  비영업용승용자동차 감면가능여부 .. (1) / 답변1 첨부1
  + [8713] ntt=15804 (2835) 주거환경개선사업지구 내 재산세 부과 및 토지형.. (2) / 답변2 첨부1
  + [8714] ntt=15803 (2834) 제2차 납세의무 지정 가능 여부 (1) / 답변1 첨부1
[page 508 완료] 누적 신규 8714건  (이 게시판 저장 총 15,214건)
  + [8715] ntt=15800 (2833) 지방세환급금 소멸시효 기산일 (1) / 답변1 첨부1
  + [8716] ntt=15798 (2832) 건축신고 취소시 기부과된 등록면허세(면허) 납.. (1) / 답변1 첨부1
  + [8717] ntt=15785 (2831) 골프장 야간개장(전기시설)취득세 과세대상여부 (1) / 답변1 첨부1
  + [8718] ntt=15784 (2830) 지역자원시설세 문의 (1) / 답변1 첨부1
  + [8719] ntt=15780 (2829) 토지구획정리사업에 제공하는 토지의 분리과세대상.. (1) / 답변1
  + [8720] ntt=15771 (2828) 상속에 따른 취득세 납세의무 발생 여부 (1) / 답변1 첨부1
  + [8721] ntt=15765 (2827) 1.1~6.1 신,증축, 토지합병에 따른 주택.. (2) / 답변2 첨부1
  + [8722] ntt=15761 (2826) 소유권이전등기 일부말소등기청구로 인한 취득세 .. (1) / 답변1 첨부1
  + [8723] ntt=15753 (2825) 지방세특례제한법 제76조 제1항 적용방법 (1) / 답변1 첨부1
  + [8724] ntt=15749 (2824) 상속으로 인한 자경농민 감면 추징건에 대하여 (1) / 답변1 첨부1
  + [8725] ntt=15743 (2823) 귀농인 감면 요건에 대해 질의합니다 (2) / 답변2 첨부1
  + [8726] ntt=15739 (2822) 과점주주 특수관계자 문의드립니다 (1) / 답변1 첨부1
  + [8727] ntt=15738 (2821) 과점주주 간주취득세 과세표준액 문의 드립니다... (1) / 답변1 첨부1
  + [8728] ntt=15733 (2820) 법인 대도시 중과 추징기산일 문의드립니다. (1) / 답변1 첨부1
  + [8729] ntt=15730 (2819) 상속지분 판결에 의한 재산세 납세의무자 문의 (1) / 답변1 첨부1
  + [8730] ntt=15726 (2818) 지분 상속 1가구1주택 세율특례 적용 문의 (1) / 답변1 첨부1
  + [8731] ntt=15720 (2817) 2814번글 답변 관련 추가 문의(이전 전문가.. (1) / 답변1 첨부2
  + [8732] ntt=15709 (2816) 창업중소기업 감면 가능 여부 (1) / 답변1 첨부1
  + [8733] ntt=15703 (2815) 과점주주 취득세 문의(재질의) (1) / 답변1 첨부1
  + [8734] ntt=15695 (2814) 차량 구조변경 취득세 감면적용여부 (1) / 답변1 첨부1
  + [8735] ntt=15690 (2813) 상속 대위등기 관련 문의입니다. (1) / 답변1 첨부1
  + [8736] ntt=15681 (2812) 지식산업센터 임대 관련 문의 (1) / 답변1 첨부1
  + [8737] ntt=15679 (2811) 권양기 취득세 과세대상 문의 등 (1) / 답변1 첨부1
  + [8738] ntt=15670 (2810) 소유권보존 등기가 된 미준공 건물에 대해 소유.. (1) / 답변1 첨부1
  + [8739] ntt=15667 (2809) 지식산업센터 지원시설용 부동산을 건축물 표시변.. (1) / 답변1 첨부1
  + [8740] ntt=15666 (2808) 부가가치세 과세표준 포함 여부 (1) / 답변1 첨부1
  + [8741] ntt=15664 (2807) 창업중소기업 감면 업종인 제조업에 해당하는지 .. (1) / 답변1 첨부1
  + [8742] ntt=15657 (2806) 공장구내 소방소 소화설비 등 취득금액 포함 문.. (1) / 답변1 첨부1
  + [8743] ntt=15653 (2805) 지입사변경 문의드립니다. (2) / 답변2 첨부1
  + [8744] ntt=15652 (2804) 발기인이면서 주주인 법인이 ’동일업종‘에 영위.. (1) / 답변1 첨부1
[page 509 완료] 누적 신규 8744건  (이 게시판 저장 총 15,244건)
  + [8745] ntt=15648 (2803) 지역자원시설세 문의 (1) / 답변1 첨부1
  + [8746] ntt=15646 (2802) 장기 임대 다가구 주택 감면 적용문의 (1) / 답변1 첨부1
  + [8747] ntt=15645 (2801) 무허가 건축물 질문드립니다. (1) / 답변1 첨부1
  + [8748] ntt=15634 (2800) 지역자원시설세문의 (1) / 답변1 첨부1
  + [8749] ntt=15633 (2799) 공동사업장에 대한 공동사업자 법인지방소득세 안.. (1) / 답변1 첨부1
  + [8750] ntt=15632 (2798) 노인복지시설 내 신축한 가설건축물 취득세 감면.. (1) / 답변1 첨부2
  + [8751] ntt=15627 (2797) 법인지방소득세 안분계산시 적용기준 문의 (1) / 답변1 첨부1
  + [8752] ntt=15615 (2796) 전유부변경에 대한 취득세 납세의무 여부에 대해.. (1) / 답변1 첨부1
  + [8753] ntt=15613 (2795) 지방소득세(법인세분) 가산세 전문가 상담질문드.. (1) / 답변1 첨부1
  + [8754] ntt=15612 (2794) 직계존비속간의 취득의 경우 취득세적용 문의드립.. (1) / 답변1 첨부1
  + [8755] ntt=15611 (2793) 비영리법인 원천징수 이자소득에 대한 지방소득세.. (1) / 답변1 첨부1
  + [8756] ntt=15602 (2792) 영농조합법인의 직불금 법인임원 수령시 감면 취.. (1) / 답변1 첨부1
  + [8757] ntt=15595 (2791) 법인지방소득세 납부불성실 가산세 문의드립니다. (1) / 답변1 첨부1
  + [8758] ntt=15594 (2790) 기업부설 연구소 신축 (1) / 답변1 첨부1
  + [8759] ntt=15579 (2789) 태양광 발전의 "창업중소기업등에 대한 감면" .. (1) / 답변1
  + [8760] ntt=15578 (2788) 취득세 납세의무자 (1) / 답변1 첨부1
  + [8761] ntt=15577 (2787) 지자체가 공용.공공용으로 사용하는 재산에 대한.. (1) / 답변1 첨부1
  + [8762] ntt=15573 (2786) 2773번 신혼부부 생애최초 주택구입에 대한 .. (1) / 답변1 첨부1
  + [8763] ntt=15570 (2785) 신축건물 취득세 신고시 건물에 설치된 정압기 .. (1) / 답변1 첨부1
  + [8764] ntt=15552 (2784) 법인이전감면여부 검토시 본점주사무소 범위인정 (1) / 답변1 첨부1
  + [8765] ntt=15549 (2783) 직권말소 된 건설기계 압류해제 문의 (1) / 답변1 첨부1
  + [8766] ntt=15548 (2782) 유흥주점 중과세 질의 (1) / 답변1 첨부1
  + [8767] ntt=15546 (2781) 법인지방소득세 문의입니다. (1) / 답변1 첨부1
  + [8768] ntt=15544 (2780) 지방세 과세정보 제공 대상 여부 (1) / 답변1 첨부1
  + [8769] ntt=15541 (2779) 자경농민으로 감면받은 토지가 공공용지로 수용될.. (1) / 답변1 첨부1
  + [8770] ntt=15535 (2778) 주민세 종업원분 과세표준 관련 (학습지회사 교.. (1) / 답변1 첨부1
  + [8771] ntt=15532 (2777) 미개설 도로사업비를 부담금으로 납부하고 준공허.. (1) / 답변1 첨부1
  + [8772] ntt=15531 (2776) 건물 공용부분(기계실)의 안분 방법 (1) / 답변1 첨부1
  + [8773] ntt=15530 (2775) 직권 등재 시 과거년도 추징가능 여부 상담신청 (1) / 답변1 첨부1
  + [8774] ntt=15529 (2774) 전문가 상담신청 - 주민세 종업원분 과세표준 .. (1) / 답변1 첨부1
[page 510 완료] 누적 신규 8774건  (이 게시판 저장 총 15,274건)
  + [8775] ntt=15527 (2773) 인적분할에 따른 과점주주 취득세 문의 (1) / 답변1 첨부1
  + [8776] ntt=15526 (2772) 생애최초 주택 구입 신혼부부에 대한 취득세 경.. (1) / 답변1 첨부1
  + [8777] ntt=15525 (2771) 지방세외수입(이행강제금)압류효력관련- 시효소멸.. (1) / 답변1 첨부1
  + [8778] ntt=15518 (2770) 자경농민 감면 관련 (1) / 답변1 첨부1
  + [8779] ntt=15516 (2769) 가설건축물 바닥포장공사 취득가액 (1) / 답변1 첨부1
  + [8780] ntt=15512 (2768) 건물신축하고 신탁 후 본점으로 사용하는 경우 .. (1) / 답변1 첨부1
  + [8781] ntt=15504 (2767) 귀농인 감면 문의드립니다. (1) / 답변1 첨부1
  + [8782] ntt=15503 (2766) 장애인감면차량 대체취득후 제3자에게 이전후 다.. / 답변0
  + [8783] ntt=15501 (2765) 영농조합법인 설립 시 현물출자한 ‘수목’에 대.. (1) / 답변1 첨부1
  + [8784] ntt=15488 (2764) 부담부증여 취득을 임대주택 감면 규정의 최초분.. (1) / 답변1 첨부1
  + [8785] ntt=15478 (2763) 영어조합법인이  취득하는 토지 (1) / 답변1 첨부1
  + [8786] ntt=15475 (2762) 대포차량 자동차세 과세 관련 (1) / 답변1 첨부1
  + [8787] ntt=15472 (2761) 과점주주 간주취득세 과세대상 부동산(도로) 과.. (1) / 답변1 첨부1
  + [8788] ntt=15469 (2760) 의제자백에 의한 소유권이전등기절차이행에 따른 .. (1) / 답변1 첨부1
  + [8789] ntt=15464 (2759) 2730번에 대한 추가질의(세외수입) (1) / 답변1 첨부1
  + [8790] ntt=15463 (2758) 과세표준 및 세액의 경정청구 문의 (1) / 답변1 첨부1
  + [8791] ntt=15457 (2757) 등록면허세 선등기 후수납 가산세 문의 (1) / 답변1 첨부1
  + [8792] ntt=15448 (2756) 주거환경개선사업지구내 토지소유자에 대한 재산세.. (1) / 답변1 첨부1
  + [8793] ntt=15446 (2755) 미등기, 건축물 대장 미존재 주택에 대한 재산.. (1) / 답변1 첨부1
  + [8794] ntt=15445 (2754) 국가 등에 귀속 또는 기부채납 조건 비과세 대.. (1) / 답변1 첨부2
  + [8795] ntt=15442 (2753) 재산세(토지) 과세구분건 질의드립니다-회원제골.. (1) / 답변1 첨부1
  + [8796] ntt=15441 (2752) 창업중소기업 해당여부 문의드립니다. (1) / 답변1 첨부1
  + [8797] ntt=15436 (2751) 농업회사법인 취득세 감면 해당 여부 문의 (1) / 답변1 첨부1
  + [8798] ntt=15424 (2750) 가스공급업이 주업인 법인의 가스관에 대한 지역.. (1) / 답변1 첨부1
  + [8799] ntt=15418 (2749) 지식산업센터 입주한 벤처기업 관련 문의 (1) / 답변1 첨부1
  + [8800] ntt=15414 (2748) 지방세기본법제86조에 대한 문의입니다. (1) / 답변1 첨부1
  + [8801] ntt=15404 (2747) 농업회사법인 취득세 추징 관련 질의 (1) / 답변1 첨부1
  + [8802] ntt=15401 (2746) 유흥주점 취득세 중과 관련 문의드립니다. (1) / 답변1
  + [8803] ntt=15394 (2745) 재산세 토지 과세구분 질의 (1) / 답변1 첨부1
  + [8804] ntt=15391 (2744) 자동차 기계장비 문의드립니다. (1) / 답변1 첨부1
[page 511 완료] 누적 신규 8804건  (이 게시판 저장 총 15,304건)
  + [8805] ntt=15390 (2743) 차량취득세추징관련 질의(장애인) (1) / 답변1 첨부1
  + [8806] ntt=15387 (2742) 재산세 지역자원시설세 중과 조항 질의 (1) / 답변1 첨부1
  + [8807] ntt=15386 (2741) 자백간주 판결에 의하여 소유권이전등기 말소 시.. (1) / 답변1 첨부1
  + [8808] ntt=15384 (2740) 임대사업자 등록 말소시 추징 요건 (1) / 답변1 첨부1
  + [8809] ntt=15383 (2739) 골프장용 부동산 중 조경지 판단 여부 (1) / 답변1 첨부1
  + [8810] ntt=15381 (2738) 상속분 취득세 부과대상 여부에 대한 질의 (1) / 답변1
  + [8811] ntt=15377 (2737) 지입차주 취득세 신고납부기한 문의 (1) / 답변1 첨부1
  + [8812] ntt=15375 (2736) 유치원 설립승인 제한된 유치원 부지에 대한 재.. (1) / 답변1 첨부1
  + [8813] ntt=15374 (2735) 공유물분할 판결 후 일부 번지만 공유물분할 등.. (1) / 답변1 첨부1
  + [8814] ntt=15372 (2734) 비료생산업 면허세 부과방법 (1) / 답변1 첨부1
  + [8815] ntt=15370 (2733) 산업단지 감면 취득세 추징 (1) / 답변1 첨부2
  + [8816] ntt=15364 (2732) 법인주주간 특수관계인 해당 여부에 대한 질의 (1) / 답변1 첨부1
  + [8817] ntt=15362 (2731) 20톤미만 어선 기관변경에 따른 등록면허세(등.. (2) / 답변2 첨부1
  + [8818] ntt=15361 (2730) 세외수입(이행강제금) 압류의 효력 및 소멸시효.. (1) / 답변1 첨부1
  + [8819] ntt=15354 (2729) 1가구1주택 상속감면문의 (1) / 답변1 첨부1
  + [8820] ntt=15349 (2728) 장애인 감면 차량 대체취득 후 기존차량 명의이.. (1) / 답변1 첨부1
  + [8821] ntt=15345 (2727) 지식산업센터 분양자 감면 후 합병이나 분할될 .. (2) / 답변2 첨부1
  + [8822] ntt=15344 (2726) 지방세특례제한법 제78조 제4항에 따라 취득세.. (1) / 답변1 첨부1
  + [8823] ntt=15343 (2725) 등기형 회원권(?) / 답변0
  + [8824] ntt=15340 (2724) 주민세 재산분 및 종업원분 상담요청 (1) / 답변1 첨부1
  + [8825] ntt=15338 (2723) 귀농인이 종사하는 농업의 범위(취득세 감면분 .. (1) / 답변1 첨부1
  + [8826] ntt=15326 (2722) 계약이행보증금 등 취득세 과세표준 포함여부 (1) / 답변1 첨부1
  + [8827] ntt=15323 (2721) 매매상사의 상품용차량을 개인용도로 명의이전시 (1) / 답변1 첨부1
  + [8828] ntt=15322 (2720) 묘지가 포함된 토지의 압류 가능 여부 (1) / 답변1 첨부1
  + [8829] ntt=15321 (2719) 담보신탁 부동산 채권확보 방안(추가질의) (1) / 답변1 첨부1
  + [8830] ntt=15310 (2718) 비밀유지조항 관련 (1) / 답변1 첨부1
  + [8831] ntt=15306 (2717) 도관시설인 가스관에 대한 지역자원시설세 중과에.. (1) / 답변1 첨부1
  + [8832] ntt=15303 (2716) 현물출자 법인전환 시 실질적 동일 사업자 범위 (1) / 답변1 첨부1
  + [8833] ntt=15298 (2715) 주민세 감면관련 문의드립니다. (1) / 답변1 첨부1
  + [8834] ntt=15288 (2714) 과점주주 취득세 문의 (1) / 답변1 첨부1
[page 512 완료] 누적 신규 8834건  (이 게시판 저장 총 15,334건)
  + [8835] ntt=15283 (2713) 신축건물의 공사비의 범위,  중과세 제외되는 .. (1) / 답변1 첨부1
  + [8836] ntt=15279 (2712) 2자간 명의신탁(양자간 명의신탁) 취득세 납세.. (1) / 답변1 첨부1
  + [8837] ntt=15278 (2711) 주택부속토지가 등기이후 상속재분할 되었을 때 .. (1) / 답변1 첨부1
  + [8838] ntt=15277 (2710) 다자녀 감면 차량의 취득세 감면 가능 여부 (1) / 답변1 첨부1
  + [8839] ntt=15273 (2709) 종합체육시설 이용회원권 취득세 납세의무 성립여.. (1) / 답변1 첨부1
  + [8840] ntt=15269 (2708) 주택건설사업자와 임대사업자가 동시에 해당될 경.. (1) / 답변1 첨부1
  + [8841] ntt=15268 (2707) 건물 용도가 공장과 공장 제외 둘 모두 해당될.. (1) / 답변1 첨부1
  + [8842] ntt=15266 (2706) 주민세 종업원분 중소기업 공제관련 문의드립니다.. (1) / 답변1 첨부1
  + [8843] ntt=15262 (2705) 재산세 평생교육시설 감면 범위 문의입니다. (1) / 답변1 첨부1
  + [8844] ntt=15259 (2704) 자경농민 인정여부 (1) / 답변1 첨부1
  + [8845] ntt=15254 (2703) 지방소득세(종합소득) 기납부세액 공제여부 문의 (1) / 답변1 첨부1
  + [8846] ntt=15244 (2702) 담보신탁 부동산 채권확보 방안 (2) / 답변2 첨부1
  + [8847] ntt=15241 (2701) 귀농인감면 질의드립니다. (2) / 답변2 첨부1
  + [8848] ntt=15238 (2700) 차량 취득세 감면 추징시 지특법 적용 문의 (1) / 답변1 첨부1
  + [8849] ntt=15235 (2699) 재산세 환급 질의 (2) / 답변2 첨부1
  + [8850] ntt=15232 (2698) 2695번에 대한 추가질의입니다. (1) / 답변1 첨부1
  + [8851] ntt=15223 (2697) 현물출자 감면 관련 질의 입니다. (1) / 답변1 첨부1
  + [8852] ntt=15216 (2696) [급]환매토지 취득세 감면관련 문의 (1) / 답변1 첨부1
  + [8853] ntt=15210 (2695) '취득 시기' 문의드립니다. (1) / 답변1 첨부1
  + [8854] ntt=15192 (2694) 지특법31조1항의 적용(한국토지주택공사) (1) / 답변1 첨부1
  + [8855] ntt=15191 (2693) 지분별 상속분할 협의시 1가구1주택 특례 대상.. (1) / 답변1 첨부1
  + [8856] ntt=15189 (2692) 재건축 조합의 과세표준 질의 (1) / 답변1 첨부1
  + [8857] ntt=15183 (2691) 현물출자 방식의 법인전환 (1) / 답변1 첨부1
  + [8858] ntt=15179 (2690) 종교단체 묘지 취득 감면 문의 (1) / 답변1 첨부2
  + [8859] ntt=15177 (2689) 골프장 재산세 환급 재질의(2679) (2) / 답변2
  + [8860] ntt=15172 (2688) 재경정 청구 가능여부 (1) / 답변1 첨부1
  + [8861] ntt=15171 (2687) 유류분 청구로 인한 취득세 관련 문의입니다. (1) / 답변1 첨부1
  + [8862] ntt=15166 (2686) 차량 구조변경 취득세의 경우 노후화로 인한 교.. (1) / 답변1 첨부1
  + [8863] ntt=15163 (2685) 취득세 토지수용에 대한 감면 문의(부재지주) (1) / 답변1 첨부1
  + [8864] ntt=15161 (2684) 교부청구시기 (1) / 답변1 첨부1
[page 513 완료] 누적 신규 8864건  (이 게시판 저장 총 15,364건)
  + [8865] ntt=15159 (2683) 정보공개 청구 관련 (1) / 답변1 첨부1
  + [8866] ntt=15150 (2682) 귀농인 감면 질의드립니다. (1) / 답변1 첨부1
  + [8867] ntt=15146 (2681) 회생절차 중인 법인에게 재산세 부과 가능 여부.. (1) / 답변1 첨부1
  + [8868] ntt=15141 (2680) 취득세 정보공개 청구관련 (1) / 답변1 첨부1
  + [8869] ntt=15140 (2679) 자동차세 장애인감면 대체취득시 감면일자 관련 .. (1) / 답변1 첨부1
  + [8870] ntt=15135 (2678) 골프장 재산세 환급 질의 (1) / 답변1 첨부1
  + [8871] ntt=15134 (2677) 공유물 분할 세율 적용 여부 (1) / 답변1 첨부1
  + [8872] ntt=15129 (2676) 2차 납세의무 지정 여부 (1) / 답변1 첨부1
  + [8873] ntt=15126 (2675) 자경농민 농지 감면 후 창교용지로 지목변경시 .. (1) / 답변1 첨부1
  + [8874] ntt=15124 (2674) 멸실인정자동차 압류해제 가능 여부 (1) / 답변1 첨부1
  + [8875] ntt=15118 (2673) 가설건축물 사용승인에 따른 지목변경 취득세 부.. (1) / 답변1 첨부1
  + [8876] ntt=15104 (2672) 소유권이전등기 말소 판결에 따른 재산세 납세의.. (1) / 답변1 첨부1
  + [8877] ntt=15100 (2671) 재산세 비과세와 감면 적용 차이(아직답변이없어.. (1) / 답변1 첨부1
  + [8878] ntt=15095 (2670) 대수선 관련 취득세 시가표준액 문의드립니다. (1) / 답변1 첨부1
  + [8879] ntt=15092 (2669) 과점주주 취득세 대상여부 (1) / 답변1 첨부1
  + [8880] ntt=15089 (2668) 과점주주 취득세 과표산정 질의(임의평가증의 경.. (1) / 답변1 첨부1
  + [8881] ntt=15087 (2667) 차량 구조변경 취득세의 경우 노후화로 인한 교.. / 답변0
  + [8882] ntt=15083 (2666) 주민세 종업원분 부과관련 문의입니다. (1) / 답변1 첨부1
  + [8883] ntt=15067 (2665) 취득세 경정청구 가능여부(답변이 없어 재등록합.. (1) / 답변1 첨부1
  + [8884] ntt=15063 (2664) 창업중소기업 감면 해당 여부 (1) / 답변1 첨부1
  + [8885] ntt=15054 (2663) 공공주택지구에 편입되는 존치부지에 대한 부동산.. (1) / 답변1 첨부1
  + [8886] ntt=15052 (2662) 백화점의 지하층 용도가 일반음식점(임대)인 경.. (1) / 답변1 첨부1
  + [8887] ntt=15050 (2661) 영농조합법인 취득 토지 감면 관련(지상의 타인.. (1) / 답변1 첨부1
  + [8888] ntt=15048 (2660) 자동차세 수시분 부과 관련 문의입니다. (1) / 답변1 첨부1
  + [8889] ntt=15046 (2659) 지특법 제22조 사회복지법인 재산세 감면 여부.. (1) / 답변1 첨부1
  + [8890] ntt=15045 (2658) 2607 기부채납용 부동산 감면관련 추가 질의.. (1) / 답변1 첨부1
  + [8891] ntt=15042 (2657) 국도비보조금 체납자 결손가능여부 (1) / 답변1 첨부1
  + [8892] ntt=15038 (2656) 면허 변경에 대한 등록면허세(면허) 부과 관련.. (1) / 답변1 첨부1
  + [8893] ntt=15032 (2655) 연부취득 여부 질의드립니다. (1) / 답변1 첨부1
  + [8894] ntt=15028 (2654) 노인복지시설 감면 취득세 추징 (1) / 답변1 첨부1
[page 514 완료] 누적 신규 8894건  (이 게시판 저장 총 15,394건)
  + [8895] ntt=15017 (2653) 채권자의 상속 대위등기 문의드립니다. (1) / 답변1 첨부1
  + [8896] ntt=15013 (2652) 개발제한구역 내 동식물관련시설에 대한 재산세 .. (1) / 답변1 첨부1
  + [8897] ntt=15012 (2651) 지특법 제50조 감면대상 종교단체 해당여부 (1) / 답변1 첨부1
  + [8898] ntt=15011 (2650) 지특법 제44조[평생교육시설에 대한 감면] 문.. (1) / 답변1 첨부1
  + [8899] ntt=15007 (2649) 세입징수포상금 지급 조례 해석 요청 (1) / 답변1 첨부3
  + [8900] ntt=15006 (2648) 의과대학 부속(요양)병원에 대한 취득세 감면관.. (1) / 답변1 첨부1
  + [8901] ntt=15005 (2647) 수용으로 인해 대체취득 시 취득세 감면에 대한.. (1) / 답변1 첨부1
  + [8902] ntt=14990 (2646) 가설 건축물 등 건축물 신축시 신고가액 인정 .. (1) / 답변1 첨부1
  + [8903] ntt=14985 (2645) 매매예약가등기(소유권이전청구가등기)의 매매예약.. (1) / 답변1 첨부1
  + [8904] ntt=14983 (2644) 2641번 재질의 (1) / 답변1 첨부1
  + [8905] ntt=14980 (2643) 세무조사 추징에 따른 농특세 환급 가산금 기산.. / 답변0 첨부1
  + [8906] ntt=14964 (2642) 사업소의 정의에서 계속의 의미에 대한 해석 및.. (1) / 답변1 첨부1
  + [8907] ntt=14959 (2641) 도시지역분 과세 문의 (1) / 답변1 첨부1
  + [8908] ntt=14954 (2640) 지역주택조합아파트 일반분양분 재산세 납세의무자.. (1) / 답변1 첨부1
  + [8909] ntt=14952 (2639) 미상속 차량에 대한 자동차세 납세의무자 관련 .. (1) / 답변1 첨부1
  + [8910] ntt=14950 (2638) 특별·광역시 내 의료법인의 취득부동산 개수 시.. (1) / 답변1 첨부1
  + [8911] ntt=14945 (2637) 공동소유자가 동일 주소에 세대를 달리하고 있는.. (1) / 답변1 첨부1
  + [8912] ntt=14944 (2636) 재산분 주민세 과세관련 문의 (1) / 답변1 첨부1
  + [8913] ntt=14942 (2635) 농어촌공사 배수장 과세표준 범위 문의 (1) / 답변1 첨부1
  + [8914] ntt=14939 (2634) 공유물 분할 (1) / 답변1 첨부1
  + [8915] ntt=14931 (2633) 재질의 종교단체가 유예기간 내 목적사업에 사용.. (1) / 답변1 첨부2
  + [8916] ntt=14920 (2632) 형제자매에게 대위등기되었을 때 재산세 납세의무.. (1) / 답변1 첨부1
  + [8917] ntt=14914 (2631) 도세감면조례 4조 및 취득세 기한후 신고경정청.. (1) / 답변1 첨부1
  + [8918] ntt=14913 (2630) 재산분 주민세 과세대상인지 문의드립니다. (1) / 답변1 첨부2
  + [8919] ntt=14912 (2629) 재개발사업  조합원의 재산세 납세의무 / 답변0
  + [8920] ntt=14903 (2628) 주택재개발구역내 종교시설 토지 재산세 감면 (1) / 답변1 첨부1
  + [8921] ntt=14889 (2627) 재산세 비과세와 감면 적용에 대해서 질의드립니.. / 답변0 첨부1
  + [8922] ntt=14887 (2626) 차량 취득세 매매용으로 취득시 감면 관련 질문.. / 답변0 첨부1
  + [8923] ntt=14885 (2625) 건축변경신고에 따른 등록면허세 및 납세자 판단.. / 답변0 첨부1
  + [8924] ntt=14883 (2624) 취득가액 변경이 가능한지 여부(경정청구 가능 .. / 답변0 첨부1
[page 515 완료] 누적 신규 8924건  (이 게시판 저장 총 15,424건)
  + [8925] ntt=14881 (2623) 차량 취득세 관련질문드립니다 / 답변0 첨부1
  + [8926] ntt=14871 (2622) 교통사고차량 수리불능확인이 지특법 상의 취득세.. / 답변0
  + [8927] ntt=14869 (2621) 신탁부동산 압류 & 해제 관련하여 질문드립니다.. (1) / 답변1 첨부1
  + [8928] ntt=14864 (2620) 상속개시일(사망일)과 잔금지급일(제3자의 취득.. (1) / 답변1 첨부1
  + [8929] ntt=14863 (2619) 이중계약(업계약) 후 취득세 경정청구 (1) / 답변1 첨부1
  + [8930] ntt=14862 (2618) 다중이용업소가 존재하는 숙박시설의 지역자원시설.. (1) / 답변1 첨부1
  + [8931] ntt=14857 (2617) 이의신청으로 환급세액 발생시 가산금기산일 적용 (1) / 답변1 첨부1
  + [8932] ntt=14855 (2616) 신혼부부감면문의 (2) / 답변2 첨부1
  + [8933] ntt=14848 (2615) 체비지취득세율문의 (1) / 답변1 첨부1
  + [8934] ntt=14846 (2614) 건물의 개수에 해당되어 간주취득세 부과대상인지.. (1) / 답변1 첨부1
  + [8935] ntt=14845 (2613) 재개발지역 조합원의 토지 증여시 이주비와 중도.. (1) / 답변1 첨부1
  + [8936] ntt=14843 (2612) 종교단체가 유예기간 내 직접사용하지 아니한 정.. (1) / 답변1
  + [8937] ntt=14842 (2611) 직장어린이집 감면 (쟁점 2가지) (1) / 답변1
  + [8938] ntt=14838 (2610) [재질의] 합유토지 재산세 납세의무자 문의 (1) / 답변1 첨부1
  + [8939] ntt=14837 (2609) 귀농인 감면 관련하여 문의드립니다. (1) / 답변1 첨부1
  + [8940] ntt=14836 (2608) 토지 대장 상 소유자가 다른 경우 직권등재 문.. (1) / 답변1 첨부1
  + [8941] ntt=14835 (2607) 기부채납용 부동산 감면 관련 질의합니다. (1) / 답변1 첨부1
  + [8942] ntt=14828 (2606) 건설지체상금을 취득가액에서 제외하여야 하는지 (1) / 답변1 첨부1
  + [8943] ntt=14824 (2605) 재건축조합원 현금청산의 경우 재산세 (1) / 답변1
  + [8944] ntt=14823 (2604) 신혼부부 생애최초 감면 소득기준 문의 (1) / 답변1 첨부1
  + [8945] ntt=14819 (2603) 명의신탁해지 과점주주 간주취득세 관련 (1) / 답변1 첨부1
  + [8946] ntt=14817 (2602) 미신고 상속취득세 부과시 연대납세의무자로 과세.. (1) / 답변1 첨부1
  + [8947] ntt=14815 (2601) 의견진술권을 과세관청에서 먼저 알려줘야할 의무.. (1) / 답변1 첨부1
    [retry 1/3] ReadTimeout
  + [8948] ntt=14807 (2600) 과점주주 지분 계산 시 특수관계인 여부 문의 (1) / 답변1 첨부1
  + [8949] ntt=14806 (2599) 합유토지 재산세 납세의무자 문의 (1) / 답변1 첨부1
  + [8950] ntt=14802 (2598) 공공시설용 토지 과세형태 문의 (1) / 답변1 첨부1
  + [8951] ntt=14799 (2597) [2596]질의 첨부추가 (1) / 답변1
  + [8952] ntt=14798 (2596) 창업벤처기업감면 질의 (1) / 답변1 첨부1
  + [8953] ntt=14797 (2595) 신용정보회사에 신용정보 제한 해당 여부 (1) / 답변1 첨부1
  + [8954] ntt=14791 (2594) 사회복지법인 등 감면여부 (1) / 답변1 첨부1
[page 516 완료] 누적 신규 8954건  (이 게시판 저장 총 15,454건)
  + [8955] ntt=14785 (2593) 취득세 납세의무 (1) / 답변1 첨부1
  + [8956] ntt=14779 (2592) 축협이 운영하는 한우식당 (1) / 답변1 첨부1
  + [8957] ntt=14775 (2591) 신탁해지 후 신탁상태에서 발생한 재산세에 대해.. (1) / 답변1 첨부1
  + [8958] ntt=14762 (2590) 2569번 재질의) 종교단체 취득세 감면 여부 (1) / 답변1 첨부1
  + [8959] ntt=14753 (2589) 상속개시일(사망일)과 매매 잔금지급일(제3자의.. / 답변0
  + [8960] ntt=14751 (2588) 지방소득세(특별징수분) 합산신고에 따른 주민세.. (1) / 답변1 첨부1
  + [8961] ntt=14747 (2587) 개인 소유의 종교용지 재산세 감면 문의 (1) / 답변1 첨부1
  + [8962] ntt=14736 (2586) 세무조사 사전통지 및 결과통지 예외 사유의 적.. (1) / 답변1 첨부1
  + [8963] ntt=14734 (2585) 건축주 사망에 따른 취득세 적용 (1) / 답변1 첨부1
  + [8964] ntt=14731 (2584) 취득세(차량)매매상사에서 현금영수증 관련입니다 (1) / 답변1 첨부1
  + [8965] ntt=14727 (2583) 주민세(법인균등) 과세대상 여부 (1) / 답변1 첨부1
  + [8966] ntt=14726 (2582) 상속인이 비과감면대상자(장애2급)일 경우 자동.. (1) / 답변1 첨부1
  + [8967] ntt=14720 (2581) 지역주택조합 조합원 지위승계에 따른 취득세 부.. (1) / 답변1 첨부1
  + [8968] ntt=14718 (2580) 미등기 지역주택조합아파트 일반분양분 재산세 납.. (1) / 답변1 첨부1
  + [8969] ntt=14716 (2579) 법원에서 현물출자 불허가시 취득세 취소 여부 (1) / 답변1 첨부1
  + [8970] ntt=14713 (2578) 본점 사업용 부동산 해당 여부 질의 (1) / 답변1 첨부1
  + [8971] ntt=14712 (2577) 장기임대 다가구주택 감면 적용 여부 (1) / 답변1 첨부1
  + [8972] ntt=14711 (2576) 지특법 제11조와 관련 '정당한 사유'에 해당.. (1) / 답변1 첨부1
  + [8973] ntt=14707 (2575) 지점중과 대상에 해당하는지 여부 (1) / 답변1 첨부1
  + [8974] ntt=14705 (2574) 민원인 제보에의해 불법건축물에 대해 이행강제금.. / 답변0
  + [8975] ntt=14702 (2573) 대통령령으로 정하는 체육진흥단체에 해당되는 지.. (1) / 답변1 첨부1
  + [8976] ntt=14700 (2572) 소사장제의 ‘직접 사용’ 규정 위반 취득세 추.. (1) / 답변1 첨부1
  + [8977] ntt=14699 (2571) 행정구일 경우 주민세 면세점 판단여부 (1) / 답변1 첨부1
  + [8978] ntt=14694 (2570) 창업중소기업 감면 (1) / 답변1 첨부1
  + [8979] ntt=14691 (2569) 2510번 재질의) 종교단체 및 어린이집 취득.. (1) / 답변1 첨부1
  + [8980] ntt=14689 (2568) 사회복지법인 취득세 감면 문의 (1) / 답변1 첨부1
  + [8981] ntt=14688 (2567) 2554번에 대해 추가질의) 기부채납 관련 (1) / 답변1 첨부2
  + [8982] ntt=14686 (2566) 장기임대 다가구주택 감면 관련해 문의드립니다! (1) / 답변1 첨부1
  + [8983] ntt=14683 (2565) 2539번 추가질의 (1) / 답변1 첨부1
  + [8984] ntt=14680 (2564) 화력발전 지역자원시설세 과세표준에 대한 근거? (1) / 답변1 첨부1
[page 517 완료] 누적 신규 8984건  (이 게시판 저장 총 15,484건)
  + [8985] ntt=14668 (2563) 토지수용 대체취득 부재부동산 적용 여부 질의입.. (1) / 답변1 첨부1
  + [8986] ntt=14665 (2562) 지방세 과세정보 제공 대상 여부 질의 (1) / 답변1 첨부1
  + [8987] ntt=14664 (2561) 당초 어린이집으로 감면을 받았던 것을 교회로 .. (1) / 답변1 첨부1
  + [8988] ntt=14660 (2560) 번호 2456번 관련 추가질의(회생 관련중가산.. (1) / 답변1 첨부1
  + [8989] ntt=14657 (2559) 신탁등기용 납세증명서 발급요건법해석좀 부탁드립.. (1) / 답변1 첨부1
  + [8990] ntt=14656 (2558) 2552 추가질문입니다 (1) / 답변1
  + [8991] ntt=14653 (2557) (번호2547에 대한 추가질의)창업감면 관련 (1) / 답변1 첨부1
  + [8992] ntt=14652 (2556) 공시송달관련 의견부탁드립니다. (1) / 답변1 첨부1
  + [8993] ntt=14651 (2555) 개인회생 법인의 부동산 압류 해제 여부 (1) / 답변1 첨부1
  + [8994] ntt=14648 (2554) 기부채납용 부동산 등에 대한 감면 관련 (1) / 답변1 첨부1
  + [8995] ntt=14643 (2553) 판결에의한 취득시기 (1) / 답변1 첨부1
  + [8996] ntt=14642 (2552) 미상속등기 주택소유자 판정 (1) / 답변1 첨부1
  + [8997] ntt=14639 (2551) 직권등재자 사망시 다시 직권등재할경우.. (1) / 답변1 첨부1
  + [8998] ntt=14629 (2550) 특수관계인간의 (우회)거래로 볼 수 있는지요 (1) / 답변1 첨부1
  + [8999] ntt=14628 (2549) 2차납세의무자 지정 가능 여부 등 (1) / 답변1 첨부1
  + [9000] ntt=14621 (2548) 농업회사법인 취득세 감면 관련 문의입니다. (1) / 답변1 첨부1
  + [9001] ntt=14615 (2547) 창업중소기업 창업 감면 적용 여부 (1) / 답변1 첨부1
  + [9002] ntt=14612 (2546) 공유물분할 초과지분 관련하여 (1) / 답변1 첨부1
  + [9003] ntt=14611 (2545) 취득세 신고납부기한 및 가산세 적용 (1) / 답변1 첨부1
  + [9004] ntt=14610 (2544) 공매진행 중 사망자에 대한 공매 처리를 어찌해.. (1) / 답변1 첨부1
  + [9005] ntt=14606 (2543) 재산세 도시지역분 질문 / 답변0
  + [9006] ntt=14604 (2542) 부과 제척기간 10년에 해당하는지 여부 (1) / 답변1 첨부1
  + [9007] ntt=14603 (2541) 삭제합니다 / 답변0
  + [9008] ntt=14602 (2540) 취득세(부동산) 추징 시 무신고 가산세와 과소.. (1) / 답변1 첨부1
  + [9009] ntt=14595 (2539) 학교법인이 부속병원 신축을 위해 연부취득한 토.. (1) / 답변1 첨부1
  + [9010] ntt=14592 (2538) 과세표준 및 세액의 경정청구 관련 문의 (1) / 답변1 첨부1
  + [9011] ntt=14591 (2537) 농어가창고 용도지수 적용에 관한 질의 (1) / 답변1
  + [9012] ntt=14586 (2536) 특수관계인간의 거래로 볼 수 있는지요 (1) / 답변1 첨부1
  + [9013] ntt=14585 (2535) 서민주택을 재산분할 시(이혼)  농특세 감면분.. (1) / 답변1
  + [9014] ntt=14580 (2534) 상속물건이 토지수용 되었을 때 대체취득 감면적.. (1) / 답변1 첨부1
[page 518 완료] 누적 신규 9014건  (이 게시판 저장 총 15,514건)
  + [9015] ntt=14575 (2533) 과점주주 간주취득 물건 과세표준 산정기준 문의 (1) / 답변1 첨부1
  + [9016] ntt=14572 (2532) 발전소 내부의 건축물과 분리되어 있는 연돌이 .. (1) / 답변1 첨부1
  + [9017] ntt=14571 (2531) 명의신탁해지를 원인으로한 소유권이전등기 (1) / 답변1 첨부1
  + [9018] ntt=14567 (2530) 법인 적격합병에 대한 감면 문의 입니다. (1) / 답변1 첨부1
  + [9019] ntt=14560 (2529) 공장입기 기준면적(규칙 제50조 관련) 문의드.. (1) / 답변1 첨부1
  + [9020] ntt=14556 (2528) 산업단지 조성중인 토지 재산세 감면여부 문의 (1) / 답변1 첨부1
  + [9021] ntt=14554 (2527) 감면의  단서인 추징규정에 대한 해석 질의 (1) / 답변1 첨부1
  + [9022] ntt=14547 (2526) 상속한정승인 후 재산세 납세의무자 (1) / 답변1 첨부1
  + [9023] ntt=14546 (2525) <재질의>지방소득세(양도소득분) 부과제척기간 (1) / 답변1 첨부1
  + [9024] ntt=14539 (2524) 지방세법 제28조 제4항의 채권의 목적이 된 .. (1) / 답변1 첨부1
  + [9025] ntt=14537 (2523) 유료로 운영중인 노인복지시설 취득 시 취득세 .. (1) / 답변1 첨부1
  + [9026] ntt=14534 (2522) 지방공사의 고유업무용 부동산으로 볼 수 있는지 (1) / 답변1 첨부1
  + [9027] ntt=14533 (2521) 증여로 종교단체 취득세 감면 추징 여부 (1) / 답변1 첨부1
  + [9028] ntt=14526 (2520) 여객지동차운송사업 차량증가로 상위종 변경시 면.. (1) / 답변1 첨부1
  + [9029] ntt=14525 (2519) 취득세 부동산 토지 취득 법인, 건물신축은 개.. (1) / 답변1 첨부1
  + [9030] ntt=14522 (2518) 지특법 제31조 임대사업자 감면 관련 (1) / 답변1 첨부1
  + [9031] ntt=14520 (2517) 주민세(재산분) '생활형 숙박시설' 과세대상 .. (1) / 답변1 첨부1
  + [9032] ntt=14518 (2516) 상속이 된 후 부과제척기간 이내 부분의 직권등.. (1) / 답변1 첨부1
  + [9033] ntt=14515 (2515) 재산세 과세대상 여부 (1) / 답변1 첨부1
  + [9034] ntt=14512 (2514) 지방세특례제한법 제31조 제1항 임대사업자 감.. (1) / 답변1 첨부2
  + [9035] ntt=14511 (2513) 합유자 중 일부 사망시 잔존합유자 취득세 과세.. (1) / 답변1 첨부1
  + [9036] ntt=14508 (2512) 주택개량사업 대상자로 취득세 감면후 대상자 자.. (1) / 답변1 첨부1
  + [9037] ntt=14506 (2511) 재산세 과세물건에 블럭 표기 문제 (1) / 답변1 첨부1
  + [9038] ntt=14503 (2510) 종교단체 및 어린이집 취득세, 재산세 감면 여.. (1) / 답변1 첨부1
  + [9039] ntt=14501 (2509) 부당행위 계산의 부인대상 여부(취득세) (1) / 답변1 첨부1
  + [9040] ntt=14497 (2508) 주민세(종업원)독립된 사업소 적용에 관한 질의.. (1) / 답변1 첨부1
  + [9041] ntt=14496 (2507) 차량 말소시 등록면허세 과세 여부를 알고싶습니.. (1) / 답변1 첨부1
  + [9042] ntt=14492 (2506) 과점주주 대상 여부 (1) / 답변1 첨부1
  + [9043] ntt=14490 (2505) 골프장 면적 (원형지, 시설지) 이의신청에 따.. (2) / 답변2 첨부1
  + [9044] ntt=14489 (2504) 지방소득세(양도소득분) 부과제척기간 문의 (1) / 답변1 첨부1
[page 519 완료] 누적 신규 9044건  (이 게시판 저장 총 15,544건)
  + [9045] ntt=14487 (2503) 합유자 전원사망시 상속권자의 취득세 문의 (1) / 답변1 첨부1
  + [9046] ntt=14486 (2502) 재산세 임대주택 감면과 관련하여 질문드립니다. (1) / 답변1 첨부1
  + [9047] ntt=14478 (2501) 파산재단 압류해제와 관련 보충문의드립니다. (1) / 답변1 첨부1
  + [9048] ntt=14473 (2500) 지역자원시설세 3배 중과여부 (1) / 답변1 첨부1
  + [9049] ntt=14466 (2499) 미등기 부동산 및 임대사업자 감면 질의 (1) / 답변1 첨부1
  + [9050] ntt=14463 (2498) 건축관계자 변경신고 시 등록면허세 면허분 과세.. (1) / 답변1 첨부1
  + [9051] ntt=14462 (2497) 자영어민 취득세 감면 문의드립니다. (1) / 답변1 첨부1
  + [9052] ntt=14461 (2496) 2012여수세계박람회 재산세 관련 문의드립니다.. (1) / 답변1 첨부1
  + [9053] ntt=14458 (2495) 5층 이상 의료기관(종합, 한방, 요양병원)의.. (1) / 답변1 첨부1
  + [9054] ntt=14456 (2494) [질문2480 추가] 다자녀 감면 감면여부 (1) / 답변1 첨부1
  + [9055] ntt=14454 (2493) 종교시설 내 카페의 수익사업 해당여부 (1) / 답변1 첨부1
  + [9056] ntt=14440 (2492) 사후 감면신청에 의한 경정청구에 따른 취득세 .. (1) / 답변1 첨부2
  + [9057] ntt=14435 (2491) 토지수용으로 인한 대체취득 감면 관련 재질의(.. (1) / 답변1
  + [9058] ntt=14434 (2490) 대습상속 관련 (1) / 답변1 첨부1
  + [9059] ntt=14432 (2489) 긴급)경정청구 철회시 (1) / 답변1 첨부1
  + [9060] ntt=14431 (2488) 대체취득의 감면관련 문의드립니다.(이주자택지) (1) / 답변1 첨부1
  + [9061] ntt=14430 (2487) 영농조합법인이 취득하는 부동산 감면 여부. (1) / 답변1 첨부1
  + [9062] ntt=14427 (2486) [661]번 관련 추가질의 드립니다. (1) / 답변1 첨부2
  + [9063] ntt=14424 (2485) 재산세(주택)납세자 관련 (2) / 답변2 첨부1
  + [9064] ntt=14422 (2484) 이전공공기관 법인의 지방이전에 대한 감면 적용.. (1) / 답변1 첨부1
  + [9065] ntt=14417 (2483) 노인복지시설 감면 질의(상담신청서 첨부) (1) / 답변1 첨부1
  + [9066] ntt=14414 (2482) 산업단지 감면 관련 문의드립니다. (1) / 답변1 첨부1
  + [9067] ntt=14413 (2481) 제3체무자가 요청한 금전 배분에 관하여 문의드.. (1) / 답변1 첨부1
  + [9068] ntt=14408 (2480) [2453 추가 질문] [다자녀 차량 취득세 .. (1) / 답변1 첨부1
  + [9069] ntt=14407 (2479) 파산 면책자 재산 압류와 관련해 질문드립니다. (1) / 답변1 첨부1
  + [9070] ntt=14405 (2478) 회생계획 인가결정된 법인의 변제기일 전 체납처.. (1) / 답변1 첨부1
  + [9071] ntt=14404 (2477) 재산세(토지) 개별공시지가 적용 관련 (1) / 답변1 첨부1
  + [9072] ntt=14401 (2476) 자경농민 감면 " 계속해서 2년동안 영농에 종.. (1) / 답변1 첨부1
  + [9073] ntt=14400 (2475) 차량 대체취득 관련 문의 드립니다. (1) / 답변1 첨부1
  + [9074] ntt=14399 (2474) 도시개발사업실시 관련 재산세(토지) 분리과세 .. (1) / 답변1 첨부1
[page 520 완료] 누적 신규 9074건  (이 게시판 저장 총 15,574건)
  + [9075] ntt=14397 (2473) 차량 취득세 장애인 감면 여부 문의 (1) / 답변1 첨부1
  + [9076] ntt=14395 (2472) 한국농어촌공사 감면 중 농업기반시설용 토지에 .. (1) / 답변1 첨부1
  + [9077] ntt=14388 (2471) 과점주주 취득세 문의 (1) / 답변1 첨부1
  + [9078] ntt=14382 (2470) 취득세(지목변경) 지목변경 후 산정된 공시지가.. (1) / 답변1 첨부1
  + [9079] ntt=14378 (2469) 지방세특례제한법 제74조관련 질의합니다 (1) / 답변1 첨부1
  + [9080] ntt=14377 (2468) 가축사육업을 2년이상 해온 자도 자경농민으로 .. (1) / 답변1 첨부1
  + [9081] ntt=14373 (2467) 산업단지 입주기업 임대 계약 문의 (1) / 답변1
  + [9082] ntt=14372 (2466) 토지수용 등으로 인한 대체취득에 대한 감면 대.. (1) / 답변1 첨부1
  + [9083] ntt=14369 (2465) 감면을 적용한 납부세액이 최초 신고한 납부세액.. (2) / 답변2 첨부2
  + [9084] ntt=14365 (2464) 토지수용으로 인한 대체취득 감면 관련 (1) / 답변1 첨부1
  + [9085] ntt=14357 (2463) '박물관' 감면 문의(부동산 취득자와 시설대표.. (1) / 답변1 첨부1
  + [9086] ntt=14353 (2462) 합병 후 추징 관련 추가 질의(2429번, 2.. (1) / 답변1 첨부1
  + [9087] ntt=14352 (2461) 취득세 물류시설 내 "랙"과세대상 여부 (1) / 답변1 첨부1
  + [9088] ntt=14349 (2460) 창업벤처감면 관련 추가질의[번호2445호(20.. (1) / 답변1 첨부1
  + [9089] ntt=14347 (2459) 골프장 법인 소유 임야의 사설임도 개설에 따른.. (1) / 답변1 첨부1
  + [9090] ntt=14344 (2458) 지특법45조(학술연구단체 및 장학단체에 대한 .. (1) / 답변1 첨부1
  + [9091] ntt=14341 (2457) 재산세 과세대장 소급 수정여부 (1) / 답변1 첨부1
  + [9092] ntt=14336 (2456) 법인 회생개시결정과 인가결정사이에 발생한 중가.. (1) / 답변1 첨부1
  + [9093] ntt=14335 (2455) 소유권보존등기말소 판결에 따른 취득세 감액 대.. (1) / 답변1 첨부1
  + [9094] ntt=14331 (2454) 등록면허세(면허) 정기분 관련 (1) / 답변1 첨부1
  + [9095] ntt=14329 (2453) 다자녀 차량 취득세 감면 대상 여부 (1) / 답변1 첨부1
  + [9096] ntt=14325 (2452) 토지분 재산세 분리과세 및 산업단지 감면 적용.. (1) / 답변1 첨부1
  + [9097] ntt=14324 (2451) 직계존비속간 유상 취득 세율 및 과표 (1) / 답변1 첨부1
  + [9098] ntt=14323 (2450) 상속재산 재분할 시 납부할 지방세 (1) / 답변1 첨부1
  + [9099] ntt=14317 (2449) 법인 농지취득 후 매매계약 해지 환급건 (1) / 답변1 첨부1
  + [9100] ntt=14316 (2448) 주유기 재산세 납세의무자 (1) / 답변1 첨부1
  + [9101] ntt=14308 (2447) 소재지변경에 대한 수시분 등록면허세(면허) 부.. (1) / 답변1 첨부1
  + [9102] ntt=14307 (2446) 긴급)경정청구 취소 관련 / 답변0
  + [9103] ntt=14305 (2445) 창업벤처 감면 여부 질의(사실상 감면업종 영위.. (2) / 답변2 첨부1
  + [9104] ntt=14304 (2444) 회생인가법인의 부동산 압류해제 관련 (1) / 답변1 첨부1
[page 521 완료] 누적 신규 9104건  (이 게시판 저장 총 15,604건)
  + [9105] ntt=14303 (2443) 창업벤처기업에 대한 감면 가능 여부 문의 (1) / 답변1 첨부1
  + [9106] ntt=14299 (2442) 상속포기한 상속인에게 부과된 자동차세 관련 질.. (1) / 답변1 첨부2
  + [9107] ntt=14298 (2441) 화해권고 결정에 의한 취득세 납부여부 문의 (1) / 답변1 첨부1
  + [9108] ntt=14297 (2440) 상속 개시 재산으로서, 상속등기가 이행되지 않.. (1) / 답변1 첨부1
  + [9109] ntt=14294 (2439) 신축 후 공동지분 소유권이전시 세율적용 (1) / 답변1 첨부1
  + [9110] ntt=14290 (2438) 상속 등기 후 재산분할 취득세 부과 여부 (1) / 답변1 첨부1
  + [9111] ntt=14285 (2437) 서민주택 취득세 감면 시 허용면적에 관한 질의.. (1) / 답변1 첨부1
  + [9112] ntt=14284 (2436) 임대사업자 취득세 감면 관련 문의 (1) / 답변1 첨부1
  + [9113] ntt=14282 (2435) 농지취득자격증명신청이 반려된 토지를 농지로 볼.. (1) / 답변1 첨부1
  + [9114] ntt=14281 (2434) 마을회가 취득하는 가설건축물 감면문의 (1) / 답변1 첨부1
  + [9115] ntt=14280 (2433) 사용승인일 이후 표시(소유자)변경 된 경우 납.. (1) / 답변1 첨부1
  + [9116] ntt=14279 (2432) 취득세 과다신고에 따른 환급요청 관련 문의? (1) / 답변1 첨부1
  + [9117] ntt=14276 (2431) 감면 토지분에 대한 추징의 사유발생일의 시기 (1) / 답변1 첨부1
  + [9118] ntt=14273 (2430) 환율적용 시기 문의 / 답변0
  + [9119] ntt=14269 (2429) 합병 후 자산 양도로 인한 취득세 추징 가능 .. (2) / 답변2 첨부1
  + [9120] ntt=14268 (2428) '부재부동산 소유자'해당 여부 (1) / 답변1 첨부1
  + [9121] ntt=14260 (2427) 지식산업센터 토지 과세형태 문의 (1) / 답변1 첨부1
  + [9122] ntt=14255 (2426) 부동산 취득세 경정청구 거부처분에 대한 재경정.. (1) / 답변1 첨부1
  + [9123] ntt=14252 (2425) 폐차장이 지방세법시행령 제26조 제1항 제11.. (1) / 답변1 첨부1
  + [9124] ntt=14245 (2424) 취득세 과다신고에 따른 환급요청 관련 문의? (1) / 답변1
  + [9125] ntt=14240 (2423) 상속을 원인으로 한 취득세 부과제척기간(10년.. (1) / 답변1 첨부1
  + [9126] ntt=14237 (2422) 원인무효에 의한 취득세납세의무 성립 여부 (1) / 답변1 첨부1
  + [9127] ntt=14236 (2421) 합의해제를 원인으로 피고 또는 제3자로 소유권.. (1) / 답변1 첨부1
  + [9128] ntt=14235 (2420) 취득세 납세의무 (1) / 답변1 첨부1
  + [9129] ntt=14232 (2419) 부속병원 주차장 재산세 감면 (1) / 답변1 첨부1
  + [9130] ntt=14230 (2418) 중복감면 배제 여부 (1) / 답변1 첨부1
  + [9131] ntt=14217 (2417) 선박 구조변경 관련 문의 (1) / 답변1 첨부1
  + [9132] ntt=14216 (2416) 취득세 중과세  지점  관련 대도시내 “모든 .. (1) / 답변1 첨부1
  + [9133] ntt=14215 (2415) 공유물 분할 관련 문의 (1) / 답변1 첨부1
  + [9134] ntt=14210 (2414) 공사현장용 가설건축물 축조 취득세 자신신고 대.. (1) / 답변1 첨부1
[page 522 완료] 누적 신규 9134건  (이 게시판 저장 총 15,634건)
  + [9135] ntt=14205 (2413) 새마을금고 취득세 감면분 추징에 대하여 문의드.. (1) / 답변1 첨부1
  + [9136] ntt=14203 (2412) 어린이집 감면 문의 (1) / 답변1 첨부1
  + [9137] ntt=14202 (2411) 산업단지 감면규정 해석여지에 따른 재산세 추징.. (1) / 답변1 첨부1
  + [9138] ntt=14201 (2410) 발전시설 관련 취득세 문의입니다. (1) / 답변1 첨부1
  + [9139] ntt=14199 (2409) 등록면허세 관련 문의 (1) / 답변1 첨부1
  + [9140] ntt=14198 (2408) 화재보수공사 취득세 관련 (1) / 답변1 첨부1
  + [9141] ntt=14195 (2407) 상속 등기 이전 재산세 부과에 대하여 질문드립.. (1) / 답변1 첨부1
  + [9142] ntt=14194 (2406) 임대사업자 등록면허세(면허) 부과 문의 (1) / 답변1 첨부1
  + [9143] ntt=14189 (2405) 취득세 과세면적 적용문의 (1) / 답변1 첨부1
  + [9144] ntt=14187 (2404) 1가구 1주택 세율특례 문의(용도변경) (1) / 답변1 첨부1
  + [9145] ntt=14184 (2403) 한국농어촌공사 농업기반시설용 토지에 대한 재산.. (1) / 답변1 첨부1
  + [9146] ntt=14182 (2402) 동일 지번 내 소유자가 다른 두 주택존재 상속.. (1) / 답변1 첨부1
  + [9147] ntt=14180 (2401) 1778 대한 추가 질의 사항입니다 (1) / 답변1 첨부1
  + [9148] ntt=14179 (2400) 종교단체 소속 유지재단 증여시 감면분 취득세 .. (1) / 답변1 첨부1
  + [9149] ntt=14176 (2399) 사망자 자동차세 문의 (1) / 답변1
  + [9150] ntt=14175 (2398) 지점설치에 따른 중과, 지점설치 이후 중과 문.. (1) / 답변1 첨부1
  + [9151] ntt=14174 (2397) 취득세 중과 (추가)문의? (1) / 답변1
  + [9152] ntt=14173 (2396) 지목변경 간주 취득세 문의 (1) / 답변1 첨부1
  + [9153] ntt=14172 (2395) 유흥주점 중과여부 판단이 되는 ‘영업장 전용면.. (1) / 답변1 첨부1
  + [9154] ntt=14170 (2394) 취득시기 관련 문의 / 답변0
  + [9155] ntt=14165 (2393) 자경농민 취득세 감면 문의 (1) / 답변1 첨부1
  + [9156] ntt=14164 (2392) 취득세 중과 문의? (1) / 답변1 첨부1
  + [9157] ntt=14163 (2391) 광업용 토지 관련 문의 (1) / 답변1 첨부1
  + [9158] ntt=14152 (2390) 재산세 납세의무자_취득신고 후 미등기 상태 1.. (1) / 답변1 첨부1
  + [9159] ntt=14148 (2389) 기장불성실가산세에 납부불성실가산세를 붙여서 부.. (1) / 답변1 첨부1
  + [9160] ntt=14146 (2388) 휴업처리한 등록면허세 부과 정당성 여부 (1) / 답변1 첨부1
  + [9161] ntt=14142 (2387) 장기(20년 이상)방치된 콘도미니엄 회원권(멤.. (1) / 답변1 첨부1
  + [9162] ntt=14141 (2386) 재산세 중복감면 해당여부 문의 (2) / 답변2
  + [9163] ntt=14139 (2385) 과세전적부심 기간연장과  재조사의 기간연장에 .. (1) / 답변1 첨부1
  + [9164] ntt=14136 (2384) 경정청구 미통지시 심판청구에 대한 기산일 질의 (1) / 답변1
[page 523 완료] 누적 신규 9164건  (이 게시판 저장 총 15,664건)
  + [9165] ntt=14134 (2383) 기업도시개발구역 내 창업기업 등에 대한 감면 .. (1) / 답변1 첨부1
  + [9166] ntt=14132 (2382) 도시형공장에 대한 부동산 취득세 중과세 제외기.. (1) / 답변1 첨부1
  + [9167] ntt=14130 (2381) 판결에 의한 원인무효 취·등록세 및 제척기간 .. (2) / 답변2 첨부1
  + [9168] ntt=14127 (2380) 취득세 중과세 관련 문의 (1) / 답변1 첨부1
  + [9169] ntt=14124 (2379) 임대주택 감면 분 추징에 대한 문의 (1) / 답변1 첨부1
  + [9170] ntt=14123 (2378) 취득세 법인 중과제외업종 중 유통산업발전법등 .. (1) / 답변1 첨부1
  + [9171] ntt=14119 (2377) 건축중의 범위 (1) / 답변1 첨부1
  + [9172] ntt=14118 (2376) 대체취득 관련 질의 (1) / 답변1 첨부1
  + [9173] ntt=14117 (2375) 개인회생 중인 체납자의 자동차 공매 가능여부 .. (1) / 답변1 첨부1
  + [9174] ntt=14115 (2374) 취득세 과세표준 (1) / 답변1 첨부1
  + [9175] ntt=14113 (2373) 가스저장탱크 납세의무자 (1) / 답변1 첨부1
  + [9176] ntt=14101 (2372) 지식산업센터 설립자 추징 여부 (1) / 답변1 첨부1
  + [9177] ntt=14098 (2371) 지역주택조합설립추진위원회 와 지역주택조합을 같.. (1) / 답변1 첨부1
  + [9178] ntt=14097 (2370) 3인  합유등기로 소유권이전 등기하면 재산세 .. / 답변0
  + [9179] ntt=14090 (2369) 가산세 계산을 어떻게 해야 하나요? (2) / 답변2 첨부1
  + [9180] ntt=14085 (2368) 자동차세 비과세대상 여부 질의 (1) / 답변1 첨부1
  + [9181] ntt=14082 (2367) 자동차세 장애인감면차량에 대한 대체취득 질의(.. (1) / 답변1 첨부1
  + [9182] ntt=14078 (2366) 메자닌 계약은 본건물 사용승인일 전에 했을 때.. (1) / 답변1 첨부1
  + [9183] ntt=14077 (2365) 상속포기 한정승인에 관한 문의 (1) / 답변1
  + [9184] ntt=14071 (2364) 산업단지 감면 추징대상 여부 (1) / 답변1 첨부1
  + [9185] ntt=14067 (2363) 등록면허세(면허분)유효기간이 1년미만인경우 (1) / 답변1
  + [9186] ntt=14057 (2362) 판결문 내용중에서 융자금이 취득가격에 포함되는.. (1) / 답변1 첨부1
  + [9187] ntt=14055 (2361) 지방공기업 등록면허세(등록) 감면 관련 문의 (1) / 답변1 첨부1
  + [9188] ntt=14052 (2360) 우편전달차량에 대한 비과세 (1) / 답변1 첨부1
  + [9189] ntt=14051 (2359) 도로법에 따라 지정된 접도구역 임야에 대한 질.. (1) / 답변1 첨부1
  + [9190] ntt=14047 (2358) 사망자 환급금 지급문의 (1) / 답변1 첨부1
  + [9191] ntt=14045 (2357) 가압류채권의 체납처분절차에 대한 문의 (1) / 답변1 첨부1
  + [9192] ntt=14043 (2356) 사회복지단체 재산세 감면 (1) / 답변1 첨부1
  + [9193] ntt=14041 (2355) 취득세 과세대상 범위 문의 (1) / 답변1 첨부1
  + [9194] ntt=14039 (2354) 주택 유상취득세율 적용 여부 (1) / 답변1 첨부1
[page 524 완료] 누적 신규 9194건  (이 게시판 저장 총 15,694건)
  + [9195] ntt=14038 (2353) 메자닌 이 취득세 과세대상인지요? (1) / 답변1 첨부1
  + [9196] ntt=14037 (2352) 주택임사업자 임대의무기간내 사망시 경매시 추징.. (1) / 답변1 첨부1
  + [9197] ntt=14036 (2351) 수용재결 부동산 취득 후 불복으로 보상금 증액.. (1) / 답변1 첨부1
  + [9198] ntt=14032 (2350) 건축물 용도지수 적용 방법, 골프장 회원제와 .. (1) / 답변1 첨부1
  + [9199] ntt=14029 (2349) 신탁재산 납세관리인 지정과 관련하여 궁금한것이.. (1) / 답변1
  + [9200] ntt=14025 (2348) 재산세 별도합산대상이 되는 차고용토지 여부 (1) / 답변1 첨부1
  + [9201] ntt=14024 (2347) 학교 등에 대한 감면 (1) / 답변1 첨부1
  + [9202] ntt=14019 (2346) 상속한정승인 관련 문의드립니다. (1) / 답변1 첨부1
  + [9203] ntt=14018 (2345) 소프트웨어 사업과 프로그램 개발 및 공급업 개.. (1) / 답변1 첨부1
  + [9204] ntt=14015 (2344) 무허가주택 과세대장 등재 질의 (1) / 답변1 첨부1
  + [9205] ntt=14012 (2343) 취득세 부동산 법인 중과제외업종 중 임대가 불.. (1) / 답변1 첨부1
  + [9206] ntt=14011 (2342) 종중 납세지 문의합니다. (1) / 답변1 첨부1
  + [9207] ntt=14008 (2341) 취득세 (부동산) 매립쓰레기 처리비용 취득세 .. (1) / 답변1 첨부1
  + [9208] ntt=14007 (2340) 공유물분할에 해당되는지 여부 (1) / 답변1 첨부1
  + [9209] ntt=14004 (2339) 창업관련 문의 / 답변0
  + [9210] ntt=14000 (2338) 취득세 (부동산) 중과관련 매매 취득시, 연구.. (1) / 답변1 첨부1
  + [9211] ntt=13997 (2337) 태양광 발전 관련 배터리 시설 취득세 신고납부.. (1) / 답변1 첨부1
  + [9212] ntt=13996 (2336) 도로공사를 위하여 사용중인 자동자의 자동차세 .. (1) / 답변1 첨부1
  + [9213] ntt=13986 (2335) 자동차세 부과  여부 (1) / 답변1 첨부3
  + [9214] ntt=13982 (2334) 직계존비속간 유상거래 입증 못했을 때 과표 (1) / 답변1
  + [9215] ntt=13981 (2333) 임대주택 감면 관련 (1) / 답변1 첨부1
  + [9216] ntt=13979 (2332) 법인의 지목변경 간주 취득세 문의 (1) / 답변1 첨부1
  + [9217] ntt=13976 (2331) "직접 사용" 규정에 의한 추징 관련 (1) / 답변1 첨부1
  + [9218] ntt=13974 (2330) 경기도 스마트고지서 서비스 전자송달 해당여부 (1) / 답변1 첨부1
  + [9219] ntt=13966 (2329) 무허가 건축물 취득세 부과여부 질의 (1) / 답변1 첨부1
  + [9220] ntt=13965 (2328) 입주자사전점검비와 준공청소비 취득세 과표산입 .. (1) / 답변1 첨부1
  + [9221] ntt=13961 (2327) 가등기와 소유권이전등기 완료 후 판결로 인한 .. (1) / 답변1 첨부1
  + [9222] ntt=13960 (2326) 재산세 환급금 환수여부 (1) / 답변1 첨부1
  + [9223] ntt=13944 (2325) 농업법인 추징관련 (1) / 답변1 첨부1
  + [9224] ntt=13941 (2324) 면허취득 이후 사업시행 시도 전무한 전기사업에.. (1) / 답변1 첨부1
[page 525 완료] 누적 신규 9224건  (이 게시판 저장 총 15,724건)
  + [9225] ntt=13931 (2323) 이중납부한 취득세 환급 가능 여부 (1) / 답변1 첨부1
  + [9226] ntt=13926 (2322) 같은 물건지에 대하여 매매후 다시 증여로 취득.. (1) / 답변1 첨부1
  + [9227] ntt=13925 (2321) 주민세(종업원분) 가산세 면제 문의 (1) / 답변1 첨부1
  + [9228] ntt=13922 (2320) (긴급)2차납세의무 여부 문의 (1) / 답변1 첨부1
  + [9229] ntt=13920 (2319) 개발행위허가 불허로 사업이 중단된 전기사업 면.. (1) / 답변1 첨부1
  + [9230] ntt=13917 (2318) 재산세감액.환급후 재추징해야하는 경우의 추징가.. (1) / 답변1 첨부1
  + [9231] ntt=13915 (2317) 지식산업센터 사업시설용 분양 취득세 감면(벤처.. (1) / 답변1 첨부1
  + [9232] ntt=13912 (2316) 물적분할시 취득세율적용 질의 (1) / 답변1 첨부1
  + [9233] ntt=13909 (2315) 연말정산환급지 문의 (1) / 답변1 첨부1
  + [9234] ntt=13908 (2314) 사업자 등록만 살아있고 영업을 하지 않은 경우.. (1) / 답변1 첨부1
  + [9235] ntt=13905 (2313) 재건축조합의 신축 공동주택 유상옵션 비용의 취.. (1) / 답변1 첨부1
  + [9236] ntt=13898 (2312) 상속취득시 1가구 1주택의 인정 여부 (1) / 답변1 첨부1
  + [9237] ntt=13895 (2311) 취득세 납세의무 성립여부건(교환계약) (1) / 답변1 첨부1
  + [9238] ntt=13890 (2310) 상속재산분할 심판에 의한 연대납세자 변경시 취.. (1) / 답변1 첨부1
  + [9239] ntt=13874 (2309) 농업용(저온저장고) 창고 신축시 토지 과세대상.. (1) / 답변1 첨부1
  + [9240] ntt=13871 (2308) 농업협동조합이 신축한 장례식장의 취득세 감면 .. (1) / 답변1 첨부1
  + [9241] ntt=13870 (2307) 등기완료후에 다운계약서 작성사실로 수정신고가능.. (1) / 답변1 첨부1
  + [9242] ntt=13866 (2306) 현물출자 감면 관련문의 (1) / 답변1 첨부1
  + [9243] ntt=13861 (2305) 택지개발이 준공된 토지에 건축한 아파트내 조형.. (2) / 답변2 첨부1
  + [9244] ntt=13858 (2304) 농업법인이 유통가공에 직접 사용하는 부동산 감.. (1) / 답변1 첨부1
  + [9245] ntt=13855 (2303) 지방소득세(종합소득) 납세지 문의 (1) / 답변1 첨부1
  + [9246] ntt=13850 (2302) 경정 등의 청구 법정신고기한 문의 (1) / 답변1 첨부1
  + [9247] ntt=13847 (2301) 주민세(종업원분) 비과세대상 문의 (1) / 답변1 첨부1
  + [9248] ntt=13841 (2300) 작성자:rudqud 답변관련[토지거래허가구역 .. (1) / 답변1 첨부1
  + [9249] ntt=13839 (2299) 공동저당권에 대한 근저당권부채권 압류효력 (1) / 답변1 첨부1
  + [9250] ntt=13836 (2298) 기업도시 감면관련? (1) / 답변1 첨부1
  + [9251] ntt=13835 (2297) 취득세 법인중과 관련, 공산품도소매가 중과제외.. (1) / 답변1 첨부1
  + [9252] ntt=13834 (2296) 지방세특례제한법 제79조 적용대상이 되는지 (1) / 답변1 첨부1
  + [9253] ntt=13827 (2295) 10여년전에 사실상 폐업법인 재산 취득시 과세.. (1) / 답변1
  + [9254] ntt=13825 (2294) 창업벤처기업 감면 관련 문의 (1) / 답변1 첨부1
[page 526 완료] 누적 신규 9254건  (이 게시판 저장 총 15,754건)
  + [9255] ntt=13820 (2293) 소멸시효된 결손액(경매부동산 교부 청구액) 부.. (1) / 답변1 첨부1
  + [9256] ntt=13813 (2292) 2013년귀속 법인세액의 이월공제에 따른 20.. (1) / 답변1
  + [9257] ntt=13809 (2291) 토지허가구역 지정으로 계약해제시 환급 가능 여.. (1) / 답변1 첨부1
  + [9258] ntt=13805 (2290) 산업용 건축물등을 건축하려는 자가 취득하는 부.. (2) / 답변2 첨부1
  + [9259] ntt=13803 (2289) 소액 예금 계좌를 압류했을 때 압류의 소멸시효.. (1) / 답변1 첨부1
  + [9260] ntt=13801 (2288) 주민세(종업원분) 면세점 산정 문의 (1) / 답변1
  + [9261] ntt=13795 (2287) 사채 상당액에 대해 부담부증여로 인정할 수 있.. (1) / 답변1 첨부1
  + [9262] ntt=13794 (2286) 신탁자산 소유자 확인 및 부동산집합투자기구 등.. (1) / 답변1 첨부1
  + [9263] ntt=13792 (2285) 수시분 재산세 분할납부 가능 여부 문의 (1) / 답변1 첨부1
  + [9264] ntt=13791 (2284) 진정명의회복 취득세 문의 (1) / 답변1 첨부1
  + [9265] ntt=13790 (2283) 감면 관련 문의드립니다. (1) / 답변1 첨부1
  + [9266] ntt=13778 (2282) 노인복지시설(요양원) 관련 부속토지 외의 토지.. (1) / 답변1 첨부1
  + [9267] ntt=13776 (2281) 토지거래허가구역 내 3자명의신탁에 따른 취득의.. (1) / 답변1 첨부1
  + [9268] ntt=13771 (2280) 개인회생 절차 중 처분청의 동의 없이 징수유예.. (1) / 답변1 첨부1
  + [9269] ntt=13769 (2279) 국가등에 귀속 또는 기부채납 조건으로 취득하는.. (1) / 답변1 첨부1
  + [9270] ntt=13767 (2278) 농어촌주택개량사업 감면 중 다락 면적 (1) / 답변1 첨부1
  + [9271] ntt=13766 (2277) 외국인투자기업의 재산세 감면 관련 (1) / 답변1
  + [9272] ntt=13756 (2276) 가설건축물 취득시기 문의입니다. (1) / 답변1 첨부1
  + [9273] ntt=13748 (2275) 무료노인복지시설 감면 문의드립니다. (1) / 답변1 첨부1
  + [9274] ntt=13746 (2274) 취득세 (부동산) 중과관련 가산세 문의 (1) / 답변1 첨부1
  + [9275] ntt=13741 (2273) 소유권이 없는 토지의 과세여부에 관한 상담요청 (1) / 답변1 첨부1
  + [9276] ntt=13738 (2272) 유권해석 자료를 구하고자 합니다. (1) / 답변1
  + [9277] ntt=13735 (2271) 이 글은 작성자에 의해서 삭제되었습니다. / 답변0
  + [9278] ntt=13731 (2270) 압류금지재산인 소액 예금 계좌를 압류했을 때 .. (1) / 답변1 첨부1
  + [9279] ntt=13730 (2269) 다가구주택 장기일반민간임대주택 재산세 감면 관.. (1) / 답변1
  + [9280] ntt=13726 (2268) 소유권이전등기 말소에 따른 취득세 환급 가능여.. (1) / 답변1 첨부2
  + [9281] ntt=13725 (2267) 지역주택조합  추징시 조합원들이 사망한 경우 .. (1) / 답변1 첨부1
  + [9282] ntt=13724 (2266) 상속으로 인한 1세대 1주택 관련 문의입니다. (1) / 답변1 첨부1
  + [9283] ntt=13722 (2265) 취득세 (부동산) 가산세 수정신고 또는 기한후.. (1) / 답변1 첨부1
  + [9284] ntt=13715 (2264) 사용승인전 잔금 완납시 취득세 납세의무 여부... (1) / 답변1
[page 527 완료] 누적 신규 9284건  (이 게시판 저장 총 15,784건)
  + [9285] ntt=13710 (2263) 창업중소기업 감면대상 여부 질의 (1) / 답변1 첨부1
  + [9286] ntt=13702 (2262) 어린이집 매매시 취득가액에 영업권이 포함된 경.. (1) / 답변1 첨부1
  + [9287] ntt=13701 (2261) 장애인용 자동차에 대한 사후 감면신청시 소급 .. (1) / 답변1 첨부1
  + [9288] ntt=13699 (2260) 취득세 추징 및 감면조항 변경 적용여부 질의 (1) / 답변1
  + [9289] ntt=13695 (2259) 증여 취득 원인무효 후 납부한 상속 취득세 가.. (1) / 답변1 첨부1
  + [9290] ntt=13694 (2258) 창업벤처기업 감면 요건 문의 (1) / 답변1 첨부1
  + [9291] ntt=13693 (2257) 다자녀 감면 차량 관련입니다 (1) / 답변1 첨부1
  + [9292] ntt=13692 (2256) 지징법 32조 독촉의 기간과 납부기한의 적용 .. (1) / 답변1 첨부1
  + [9293] ntt=13684 (2255) 귀농인 감면 관련 문의드립니다. (1) / 답변1 첨부1
  + [9294] ntt=13682 (2254) 정지조건부 계약이 무효가 된 경우 압류 효력 (1) / 답변1 첨부1
  + [9295] ntt=13681 (2253) 대도시내 법인 지점설치 등록면허세(등록) 중과.. (1) / 답변1 첨부1
  + [9296] ntt=13680 (2252) 사해행위 성립여부 (1) / 답변1 첨부1
  + [9297] ntt=13675 (2251) 상속재분할 협의시(등기안됨) 취득세환급문의 (1) / 답변1 첨부1
  + [9298] ntt=13673 (2250) 대도시 부동산 취득 법인 지점설치에 따른 중과.. (1) / 답변1 첨부1
  + [9299] ntt=13671 (2249) 법인 전환에 따른 감면 (1) / 답변1 첨부1
  + [9300] ntt=13670 (2248) 지방세법 제15조【세율의 특례】에 따른 1가구.. (1) / 답변1 첨부1
  + [9301] ntt=13669 (2247) 장애인용 자동차 취득세 감면 (1) / 답변1 첨부1
  + [9302] ntt=13667 (2246) 미등록 기계장비 납세의무자 관련하여 문의드립니.. (1) / 답변1 첨부1
  + [9303] ntt=13658 (2245) 체납처분유예에 대한 질의 (1) / 답변1 첨부1
  + [9304] ntt=13655 (2244) 법인지방소득세 과세기준일 문의 (1) / 답변1 첨부1
  + [9305] ntt=13652 (2243) 소하천 예정지 지방세법제109조비과세대상인지여.. (1) / 답변1
  + [9306] ntt=13651 (2242) 주민세(종업원분) 에서 중소기업공제 관련 문의 (1) / 답변1 첨부1
  + [9307] ntt=13649 (2241) (2240 재질의) 주차전용 건축물 주민세(재.. (1) / 답변1 첨부1
  + [9308] ntt=13647 (2240) 법원의 계약자 변경 결정에 따른 취득세 부과,.. (1) / 답변1 첨부1
  + [9309] ntt=13645 (2239) 주차전용 건축물(노외주차장)에 대한 주민세 재.. (1) / 답변1 첨부1
  + [9310] ntt=13643 (2238) 상속 대위등기 후, 보정 명령에 의한 취득세 .. (1) / 답변1 첨부1
  + [9311] ntt=13641 (2237) [2139 질문 추가] 영어조합법인 과점주주 .. (1) / 답변1 첨부1
  + [9312] ntt=13625 (2236) 공탁금 출급 이자 관련 (1) / 답변1 첨부1
  + [9313] ntt=13624 (2235) 폐차입고증 자동차세 (1) / 답변1 첨부1
  + [9314] ntt=13621 (2234) 취득세 중과관련 도시형공장 직접 사용여부(임대.. (1) / 답변1 첨부1
[page 528 완료] 누적 신규 9314건  (이 게시판 저장 총 15,814건)
  + [9315] ntt=13618 (2233) 연대납세자의 소멸시효 적용여부 (1) / 답변1 첨부1
  + [9316] ntt=13609 (2232) 법인의 본점 및 주사무소 이전하는 경우 감면 .. (1) / 답변1 첨부1
  + [9317] ntt=13606 (2231) 지방세법시행령 제20조 계약해제 관련 (1) / 답변1 첨부1
  + [9318] ntt=13605 (2230) 토지수용 대체취득시 부재 부동산 소유자 해당 .. (1) / 답변1 첨부1
  + [9319] ntt=13602 (2229) [2205]에 대한 추가 질의 입니다. (1) / 답변1
  + [9320] ntt=13597 (2228) 상속 취득세 납세의무 문의 (1) / 답변1 첨부1
  + [9321] ntt=13596 (2227) 상호합의절차?? (1) / 답변1 첨부2
  + [9322] ntt=13595 (2226) [2226] 추가질의입니다. (1) / 답변1 첨부1
  + [9323] ntt=13592 (2225) 법인전환(현물출자) 감면 관련 문의 (1) / 답변1 첨부1
  + [9324] ntt=13588 (2224) 휴먼법인의 의미 (1) / 답변1 첨부1
  + [9325] ntt=13587 (2223) 부동산실권리자명의 등기위반자(명의신탁) 취득세.. (1) / 답변1
  + [9326] ntt=13585 (2222) 상속 취득세 신고납부기한 (1) / 답변1 첨부1
  + [9327] ntt=13580 (2221) 종교단체가 무허가건축물을 종교용으로 사용할 때.. (1) / 답변1
  + [9328] ntt=13579 (2220) 별도합산 과세대상 부속토지 및 기준면적 적용 .. (1) / 답변1 첨부1
  + [9329] ntt=13576 (2219) 시가표준액이 시가보다 높은 건축물의 시가반영 .. (1) / 답변1 첨부1
  + [9330] ntt=13574 (2218) 이동식 탱크의 취득세 과세여부 (1) / 답변1 첨부1
  + [9331] ntt=13573 (2217) 별도합산대상인 철거, 멸실 건축물의 범위 (1) / 답변1 첨부1
  + [9332] ntt=13571 (2216) 대도시내 분할로 인한 증자 시 중과여부 질의 (1) / 답변1
  + [9333] ntt=13569 (2215) 부동산 취득세 감면분 추징 문의드립니다. (1) / 답변1 첨부2
  + [9334] ntt=13568 (2214) 주택부속토지관련 질의(첨부파일변경 재질의) (1) / 답변1 첨부2
  + [9335] ntt=13560 (2213) 국가유공자 부동산 취득감면 관련 질의합니다. (1) / 답변1 첨부1
  + [9336] ntt=13555 (2212) 농업법인 감면분 추징 관련 문의드립니다. (1) / 답변1 첨부1
  + [9337] ntt=13554 (2211) [2197] 질의에 대한 추가질의입니다. (1) / 답변1 첨부1
  + [9338] ntt=13551 (2210) 농어촌주택개량 재산세 감면 관련 (1) / 답변1 첨부1
  + [9339] ntt=13550 (2209) 지빙세중과세율 적용 배제 관련 질의(지특법 제.. (1) / 답변1 첨부1
  + [9340] ntt=13544 (2208) 부설주차장 기주면적 계산시 허가당시 시행령기준.. (1) / 답변1 첨부1
  + [9341] ntt=13541 (2207) 임대산단 산업단지 입주자에 대한 감면 여부 (1) / 답변1 첨부1
  + [9342] ntt=13537 (2206) 건축주로부터 최초로 분양받은 경우의 임대주택 .. (1) / 답변1 첨부1
  + [9343] ntt=13536 (2205) 경락후 소유권 미이전 물건의 재산세 납세의무자 (1) / 답변1 첨부1
  + [9344] ntt=13529 (2204) 공동소유 차량 일부 소유자 사망+상속포기 시 .. (2) / 답변2 첨부1
[page 529 완료] 누적 신규 9344건  (이 게시판 저장 총 15,844건)
  + [9345] ntt=13528 (2203) 사해행위취소 소송관련(수정) / 답변0 첨부1
  + [9346] ntt=13527 (2202) 특수관계인간의 거래로 볼 수 있는지 여부 문의.. (1) / 답변1 첨부1
  + [9347] ntt=13525 (2201) 자경농민 감면 추징대상 여부 (1) / 답변1 첨부1
  + [9348] ntt=13524 (2200) 지역주택조합  추징시 조합원 가산세여부 (1) / 답변1 첨부1
  + [9349] ntt=13523 (2199) 한정승인 상속인에게 자동차세 부과여부 (1) / 답변1 첨부1
  + [9350] ntt=13522 (2198) 공장의 지방 이전에 따른 감면 질의 (1) / 답변1 첨부1
  + [9351] ntt=13521 (2197) 원인무효판결의 소급효와 재산세 납세의무자 (1) / 답변1 첨부1
  + [9352] ntt=13520 (2196) 농공단지 대체입주 취득세 감면 추징 문의 (1) / 답변1 첨부1
  + [9353] ntt=13518 (2195) 해산법인이 작성한  법인장부 취득가액 인정여부 (1) / 답변1 첨부1
  + [9354] ntt=13507 (2194) (2815) 재질의 입니다 (1) / 답변1
  + [9355] ntt=13506 (2193) 지방세특례제한법 제17조 제2항에 따른 대체취.. (1) / 답변1 첨부1
  + [9356] ntt=13499 (2192) 기업부설연구소용 부동산에 대한 추징여부 (1) / 답변1 첨부1
  + [9357] ntt=13494 (2191) 한정상속 승인차량 경매건 (1) / 답변1 첨부1
  + [9358] ntt=13492 (2190) 대체취득 감면 관련입니다. (1) / 답변1 첨부1
  + [9359] ntt=13491 (2189) (2181) 재질의 입니다. (1) / 답변1
  + [9360] ntt=13490 (2188) 개인사업자 현물출자 법인전환 취득세 감면(지특.. (1) / 답변1 첨부1
  + [9361] ntt=13487 (2187) 주택건설 사업계획 승인에 따른 면허세 부과 여.. (1) / 답변1 첨부1
  + [9362] ntt=13481 (2186) 토지 연부취득 중 흡수합병 시 취득세 신고납부.. (1) / 답변1
  + [9363] ntt=13478 (2185) 취득세 과세표준 경정청구 대상인지 아닌지 판단 (1) / 답변1 첨부1
  + [9364] ntt=13475 (2184) 아파트 신축 시 발코니 확장 등 옵션 부분에 .. (1) / 답변1 첨부1
  + [9365] ntt=13471 (2183) (2180) 재질의 합니다 (1) / 답변1
  + [9366] ntt=13470 (2182) 연부취득 중과 환부 여부 (1) / 답변1
  + [9367] ntt=13466 (2181) 동물의료서비업이 지식산업센터 감면 가능업종에 .. (1) / 답변1 첨부1
  + [9368] ntt=13465 (2180) 공장 사무실동의 지역자원시설세 중과 해당여부 (1) / 답변1 첨부1
  + [9369] ntt=13464 (2179) 현물출자로 인한 법인전환 감면의 추징 규정 판.. (2) / 답변2 첨부1
  + [9370] ntt=13462 (2178) (2162번) 재질의 사항입니다 (1) / 답변1
  + [9371] ntt=13460 (2177) 2010년 이전 취득분 등기를 위한 세목 (1) / 답변1 첨부1
  + [9372] ntt=13458 (2176) 회생개시결정 전에 납세의무가 성립하였으나 회생.. (1) / 답변1 첨부1
  + [9373] ntt=13457 (2175) 위탁자의 체납이 존재함에도 수탁물건에 대한 압.. (1) / 답변1 첨부1
  + [9374] ntt=13454 (2174) 공부 상 농지로 되어 있는 토지에 대한 과세여.. (1) / 답변1 첨부1
[page 530 완료] 누적 신규 9374건  (이 게시판 저장 총 15,874건)
  + [9375] ntt=13453 (2173) 과점주주 취득세 세율관련하여 문의드립니다. / 답변0
  + [9376] ntt=13451 (2172) 취득세 자경농민 감면 관련 추징 / 답변0
  + [9377] ntt=13446 (2171) 주민세(법인균등) 과세대상 여부 문의 (1) / 답변1 첨부1
  + [9378] ntt=13440 (2170) 주택건설사업용(오피스텔,근린생활시설포함) 토지.. (1) / 답변1 첨부1
  + [9379] ntt=13437 (2169) 주민세(재산분) 질의 (1) / 답변1 첨부1
  + [9380] ntt=13434 (2168) 임대사업자 감면 문의 (1) / 답변1 첨부1
  + [9381] ntt=13433 (2167) 유동화전문회사가 취득하는 아파트의 취득세 문의 (1) / 답변1 첨부1
  + [9382] ntt=13431 (2166) 협의분할 및 대위등기의 재산세 납세의무자(21.. (1) / 답변1
  + [9383] ntt=13418 (2165) 지역농협의 고유업무용 부동산 취득세 감면 여부.. (1) / 답변1 첨부1
  + [9384] ntt=13417 (2164) 직계존비속간의 부동산 취득시 유상 혹은 무상 .. (1) / 답변1 첨부1
  + [9385] ntt=13415 (2163) 부설주차장 기준면적 이내의 토지에 관한 문의 (1) / 답변1 첨부1
  + [9386] ntt=13414 (2162) 가등기 이전에 대해 문의드립니다. (1) / 답변1 첨부1
  + [9387] ntt=13411 (2161) 별도 지분등기 되어 있는 집합건물의 공유부분에.. (1) / 답변1 첨부1
  + [9388] ntt=13409 (2160) 농업법인 취득세 추징관련 문의 (1) / 답변1 첨부1
  + [9389] ntt=13404 (2159) 협의분할 및 대위등기의 재산세 납세의무자 (1) / 답변1 첨부1
  + [9390] ntt=13403 (2158) 창업기업 법인전환으로 취득한 부동산 감면문제 (1) / 답변1 첨부1
  + [9391] ntt=13397 (2157) 문서번호 2131 관련 (2) / 답변2
  + [9392] ntt=13396 (2156) 자동차소유권이전등록 승소판결에 따라 해당자동차.. (1) / 답변1 첨부1
  + [9393] ntt=13395 (2155) 감면분에 대하여 안분의 기준은 어떤 기준으로 .. (1) / 답변1 첨부1
  + [9394] ntt=13393 (2154) 지방소득세( 양도소득) 가산세 관련 (1) / 답변1
  + [9395] ntt=13391 (2153) 사업계획승인전 지역주택조합의 승계조합원 취득세.. (1) / 답변1 첨부1
  + [9396] ntt=13390 (2152) 차량 취득세 장애인 부부 감면 여부 (1) / 답변1 첨부1
  + [9397] ntt=13380 (2151) 토지수용에 대한 취득세 감면 해당 여부 질의 (1) / 답변1 첨부1
  + [9398] ntt=13375 (2150) 법원 명의이전 판결로 인한 압류해제 (1) / 답변1 첨부1
  + [9399] ntt=13374 (2149) 준공 후 용도지역이 변경되었을 경우 별도합산 .. (1) / 답변1 첨부1
  + [9400] ntt=13370 (2148) 1983번과 관련하여 재상담 요청 (1) / 답변1 첨부1
  + [9401] ntt=13369 (2147) 문서번호 2131에 대한 재질의입니다. 빠른답.. (1) / 답변1 첨부1
  + [9402] ntt=13357 (2146) 주민세 종업원분 사업소의 범위 관련 질의 (1) / 답변1 첨부1
  + [9403] ntt=13356 (2145) 농어촌 주택개량에 대한 감면 중 부속토지 감면.. (1) / 답변1 첨부1
  + [9404] ntt=13354 (2144) 회생절차 진행 중에 있는 법인의 과점주주 취득.. (2) / 답변2
[page 531 완료] 누적 신규 9404건  (이 게시판 저장 총 15,904건)
  + [9405] ntt=13352 (2143) 학교법인 감면적용시 수익사업의 범위 (1) / 답변1 첨부1
  + [9406] ntt=13350 (2142) 공장용 건축물의 부속토지 분리과세 해당 여부 (1) / 답변1 첨부1
  + [9407] ntt=13347 (2141) 주민세(재산분)의 사업소연면적에 캐노피 포함여.. (1) / 답변1 첨부1
  + [9408] ntt=13346 (2140) 실거래신고 수정에 따른 취득세 부과 (1) / 답변1 첨부1
  + [9409] ntt=13340 (2139) 미준공 건축물 취득세, 등록면허세, 재산세 (1) / 답변1 첨부1
  + [9410] ntt=13336 (2138) 영어조합법인 과점주주 간주취득세 부과대상여부 (1) / 답변1 첨부1
  + [9411] ntt=13329 (2137) 창업중소기업의 법인전환 취득세 추징문제 (1) / 답변1 첨부1
  + [9412] ntt=13321 (2136) 취득세 과표 산입 여부 (1) / 답변1 첨부1
  + [9413] ntt=13320 (2135) 법인의 사실상 취득에 대한 취득세 성립 여부 (1) / 답변1 첨부1
  + [9414] ntt=13317 (2134) 취득신고 이후 정정된 개별공시지가로 산출한 취.. (1) / 답변1 첨부1
  + [9415] ntt=13313 (2133) 창업중소기업 감면 가능 여부 (1) / 답변1 첨부1
  + [9416] ntt=13312 (2132) 지방소득세(법인소득) 무신고 가산세 불복 상담.. (1) / 답변1 첨부1
  + [9417] ntt=13309 (2131) 지방세 전문가 상담신청(납세증명서 관련) (1) / 답변1 첨부1
  + [9418] ntt=13298 (2130) 결손처분의 취소없이 교부청구한 것이 위법한 교.. (1) / 답변1 첨부1
  + [9419] ntt=13297 (2129) 조합원 지위승계 관련한 취득세 질의 드립니다. (1) / 답변1 첨부1
  + [9420] ntt=13290 (2128) 지자체가 공공용으로 사용하는 재산 여부(지방세.. (1) / 답변1 첨부1
  + [9421] ntt=13286 (2127) 주민세 종업원분 신고 시 관내 여러개 사업소 .. (1) / 답변1 첨부1
  + [9422] ntt=13282 (2126) 건축중인 건축물의 부속토지가 과세기준일 현재 .. (1) / 답변1 첨부1
  + [9423] ntt=13280 (2125) 세무조사로 과세 대상인 법인에서 조기결정 신청.. (1) / 답변1 첨부1
  + [9424] ntt=13279 (2124) 근저당권부채권 압류해제 여부 (1) / 답변1 첨부1
  + [9425] ntt=13278 (2123) 도시계획시설 지형도면 고시된후 10년이상 장기.. (1) / 답변1 첨부1
  + [9426] ntt=13272 (2122) 농협의 구판사업에 직접 사용하는 토지 (1) / 답변1 첨부1
  + [9427] ntt=13271 (2121) "재질의"납세의무자는 누구인가 (1) / 답변1 첨부2
  + [9428] ntt=13270 (2120) 지특법 제8조 제3항 임업을 주업으로 하는 사.. (1) / 답변1 첨부2
  + [9429] ntt=13267 (2119) (구)등록세 과세표준 질의 (1) / 답변1 첨부1
  + [9430] ntt=13266 (2118) 창업중소기업관련 재질의 (1) / 답변1 첨부1
  + [9431] ntt=13265 (2117) 진정명의회복 원인으로 한 소유권이전등기에 대한.. (1) / 답변1 첨부1
  + [9432] ntt=13259 (2116) 법인지방소득세 가산세 적용 문의 (1) / 답변1 첨부1
  + [9433] ntt=13257 (2115) 법무법인의 분사무소 설치에 대한 등록면허세(면.. (1) / 답변1 첨부1
  + [9434] ntt=13254 (2114) 법인 합병시 압류 해제 (1) / 답변1 첨부1
[page 532 완료] 누적 신규 9434건  (이 게시판 저장 총 15,934건)
  + [9435] ntt=13248 (2113) 정보공개청구 문의 드립니다. (1) / 답변1 첨부1
  + [9436] ntt=13244 (2112) 공유물 분할 문의 (1) / 답변1 첨부1
  + [9437] ntt=13241 (2111) 매출채권 압류 후 사업장 폐업으로 인한 압류효.. (1) / 답변1 첨부1
  + [9438] ntt=13237 (2110) 지방세특례제한법 제78조 제4항 산업용건축물 .. (1) / 답변1 첨부1
  + [9439] ntt=13235 (2109) 장애인용 자동차에 대한 감면적용시 감면대상차량.. (1) / 답변1 첨부1
  + [9440] ntt=13229 (2108) 과수원 수용과 유실수 (1) / 답변1 첨부1
  + [9441] ntt=13223 (2107) 합병법인이 승계 받은 사업을 폐지하였다고 볼 .. (1) / 답변1 첨부1
  + [9442] ntt=13221 (2106) 부도·폐업법인 소유 콘도미니엄 집합건물의 일괄.. (1) / 답변1 첨부1
  + [9443] ntt=13220 (2105) 창업중소기업 관련 (1) / 답변1 첨부1
  + [9444] ntt=13219 (2104) 청산종결간주 법인에 대한 청산인 지정 방법에 .. (1) / 답변1 첨부1
  + [9445] ntt=13216 (2103) 특수건물 가감산 문의(높이) (1) / 답변1 첨부2
  + [9446] ntt=13215 (2102) 영치가능 여부 (1) / 답변1 첨부1
  + [9447] ntt=13213 (2101) 학교등 재산세 감면 관련 (1) / 답변1 첨부1
  + [9448] ntt=13210 (2100) 도시개발지역 환지토지에 대한 공유물분할 문의 (1) / 답변1 첨부1
  + [9449] ntt=13208 (2099) 사용승인 받지 않은 부설주차장에 대한 별도합산.. (1) / 답변1 첨부1
  + [9450] ntt=13202 (2098) 게시글 2080번 “재차상속시 상속지분에 대한.. (1) / 답변1
  + [9451] ntt=13191 (2097) 분할 및 용도지역 변경으로 재산세 토지분 부과.. (1) / 답변1 첨부1
  + [9452] ntt=13190 (2096) 미준공 건물의 채권보전을 위해 채권자에 의해 .. (1) / 답변1 첨부1
  + [9453] ntt=13188 (2095) 산업단지내 공장용 건축물을 연구소기업에 임대한.. (1) / 답변1 첨부1
  + [9454] ntt=13185 (2094) 과점주주 취득세의 과표 관련 문의 (장부에 기.. (1) / 답변1 첨부1
  + [9455] ntt=13182 (2093) 이미 등기한 취득세 환급관련 문의 (1) / 답변1 첨부1
  + [9456] ntt=13180 (2092) 유상취득후 법적분쟁으로 매매금액을 증액하고 합.. (1) / 답변1 첨부1
  + [9457] ntt=13178 (2091) 조정을 갈음하는 결정조서에  따른 취득시기 및.. (1) / 답변1 첨부1
  + [9458] ntt=13172 (2090) 비영리법인의 조직변경에 따른 등록면허세 세율 .. (1) / 답변1 첨부1
  + [9459] ntt=13166 (2089) 토지수용 등으로 인한 대체취득 감면기간 (1) / 답변1 첨부1
  + [9460] ntt=13162 (2088) 위수탁차량 취득세 부과 문의 (1) / 답변1 첨부1
  + [9461] ntt=13158 (2087) 제척기간 경과후 상속협의분할에 따른 취득세 납.. (1) / 답변1 첨부1
  + [9462] ntt=13157 (2086) 질문번호 2081번에   대한  추가 질의입니.. (1) / 답변1
  + [9463] ntt=13155 (2085) 상속재산파산선고후 재단채권 신고 누락 사유로 .. (2) / 답변2
  + [9464] ntt=13154 (2084) 지특법 31조 1항의 임대사업자가 임대할 목적.. (1) / 답변1
[page 533 완료] 누적 신규 9464건  (이 게시판 저장 총 15,964건)
  + [9465] ntt=13153 (2083) [재질의] 법인의 지방 이전에 대한 감면 관련.. (1) / 답변1 첨부1
  + [9466] ntt=13151 (2082) 장애인 감면 차량 취득세 추징 여부 문의 (1) / 답변1
  + [9467] ntt=13149 (2081) 채권신고(교부청구) 종기일 이후 저당권이전 등.. (1) / 답변1 첨부1
  + [9468] ntt=13147 (2080) 재개발조합의  구 (舊) 정비기반 시설 취득세.. (1) / 답변1 첨부1
  + [9469] ntt=13142 (2079) 지점설치중과건에 대한 질의 (2) / 답변2 첨부1
  + [9470] ntt=13140 (2078) 재차상속시 상속지분에 대한 문의 입니다. (1) / 답변1 첨부1
  + [9471] ntt=13138 (2077) 상속에 따른 납세의무 승계관련 (1) / 답변1 첨부1
  + [9472] ntt=13136 (2076) [재질의]법인이 소유한 항만부지 및 항만 배후.. (1) / 답변1 첨부1
  + [9473] ntt=13134 (2075) 증축 취득세 과세대상 여부와 과세대상이라면 계.. (1) / 답변1
  + [9474] ntt=13130 (2074) 외국인투자기업이 공장 구내에 위탁하여 운영하는.. (1) / 답변1 첨부1
  + [9475] ntt=13129 (2073) 지방세특례제한법 제79조(법인의 지방 이전에 .. (1) / 답변1 첨부1
  + [9476] ntt=13127 (2072) 법인이 소유한 항만부지 및 배후부지의 재산세 .. (1) / 답변1 첨부1
  + [9477] ntt=13120 (2071) 취득세 과세표준액의 적정여부 (1) / 답변1 첨부1
  + [9478] ntt=13118 (2070) 주민등록표에 기재된 재외국민거주자가 상속취득세.. (1) / 답변1 첨부1
  + [9479] ntt=13117 (2069) 주민세(재산분) 과세대상 여부 문의 (1) / 답변1 첨부1
  + [9480] ntt=13116 (2068) 미등기 재차상속의 취득세 납세의무 성립 여부 (2) / 답변2 첨부1
  + [9481] ntt=13115 (2067) 미등기 건물 상속취득세 문의드립니다 (1) / 답변1 첨부1
  + [9482] ntt=13113 (2066) 60일안에 증여계약을 해제하지 않은 건에 대한.. (1) / 답변1 첨부1
  + [9483] ntt=13109 (2065) 이혼가정의 다자녀 감면 차량취득세 관련 문의입.. (2) / 답변2 첨부1
  + [9484] ntt=13105 (2064) 지특법 시행령 제6조(공공시설물의 범위)에 대.. (1) / 답변1 첨부1
  + [9485] ntt=13103 (2063) 외국인투자기업의 감면 범위에 관한 질의 (1) / 답변1 첨부1
  + [9486] ntt=13102 (2062) 농업회사법인의 주민세재산분 과세여부 (1) / 답변1 첨부1
  + [9487] ntt=13095 (2061) 고지서 송달 여부 (1) / 답변1 첨부1
  + [9488] ntt=13094 (2060) 보금자리 주택 공급용 토지 한국토지주택공사 토.. (1) / 답변1 첨부1
  + [9489] ntt=13093 (2059) 경정 청구 결정으로 지급된 환급금 환수 가능 .. (1) / 답변1 첨부1
  + [9490] ntt=13091 (2058) 산업단지 건물신축 후 사후 토지매입 감면 대상.. (1) / 답변1 첨부1
  + [9491] ntt=13088 (2057) 마을회 감면 추징 관련 질의 (1) / 답변1 첨부1
  + [9492] ntt=13082 (2056) 창업중소기업 감면가능 업종 해당 여부 (1) / 답변1 첨부1
  + [9493] ntt=13081 (2055) 가산세 감면의 정당한 사유 (2) / 답변2 첨부1
  + [9494] ntt=13079 (2054) 등기신청 착오에 따른 지분변동 (1) / 답변1
[page 534 완료] 누적 신규 9494건  (이 게시판 저장 총 15,994건)
  + [9495] ntt=13078 (2053) 판결문의 판단내용을 소유권이전 원인무효 판결로.. (1) / 답변1 첨부1
  + [9496] ntt=13077 (2052) 감면된 취득세 추징 가능한지 답변 부탁드립니다.. (1) / 답변1 첨부1
  + [9497] ntt=13073 (2051) 종교단체 취득세 감면분 추징 문의드립니다. (2) / 답변2 첨부2
  + [9498] ntt=13072 (2050) 주민세(종업원분) 물적설비 기준 문의 (1) / 답변1 첨부1
  + [9499] ntt=13071 (2049) 취득세 대체취득 감면에 대한 문의(종중관련) (1) / 답변1 첨부1
  + [9500] ntt=13070 (2048) 2041번 질문에 대해 추가질문 드립니다. (1) / 답변1 첨부1
  + [9501] ntt=13069 (2047) 부동산의 무상사용 판단 여부 (1) / 답변1 첨부1
  + [9502] ntt=13066 (2046) 산업단지내 추징 예외사유 해당 유무 (1) / 답변1 첨부1
  + [9503] ntt=13065 (2045) 소유권이전청구권 가등기 후 본등기가 이루어진 .. (1) / 답변1 첨부1
  + [9504] ntt=13063 (2044) 법인의 자사골프장 법인회원권 분양 (1) / 답변1 첨부1
  + [9505] ntt=13059 (2043) 부과,징수에 공무직근로자들이 업무법위는? (1) / 답변1 첨부1
  + [9506] ntt=13058 (2042) 법인이 연부취득중이던 부동산을 권리의무 승계한.. (1) / 답변1 첨부1
  + [9507] ntt=13057 (2041) 법인분할에 관한 동일법인 여부 문의 (1) / 답변1 첨부1
  + [9508] ntt=13054 (2040) 차량 상속에 따른 취득세 문의 (1) / 답변1 첨부1
  + [9509] ntt=13053 (2039) 초과압류 금지에 관한 질문드립니다. (1) / 답변1 첨부1
  + [9510] ntt=13052 (2038) 연구소에서 벤처기업집적시설로 변경시 재산세 감.. (1) / 답변1 첨부1
  + [9511] ntt=13049 (2037) 납세의무자가 누구인가 (1) / 답변1 첨부2
  + [9512] ntt=13048 (2036) 취득세(지목변경) 및 재산세 문의 (1) / 답변1
  + [9513] ntt=13043 (2035) 특별징수분 환급지 문의 (1) / 답변1
  + [9514] ntt=13040 (2034) 담배소비세 가산세 질의 (1) / 답변1 첨부1
  + [9515] ntt=13039 (2033) 재개발 원조합원 승계조합원 구분시점과 관련하여.. (1) / 답변1 첨부1
  + [9516] ntt=13036 (2032) 밑에 2026번 질의 관련하여 다시 문의 드립.. (1) / 답변1 첨부1
  + [9517] ntt=13033 (2031) 1999번 추가질의(빠른 답변부탁드려요) (1) / 답변1 첨부1
  + [9518] ntt=13031 (2030) 등록번호 "2017"번과 관련하여 추가 질문을.. (1) / 답변1
  + [9519] ntt=13028 (2029) 개인회생 면책결정 후에도 , 채권 신고된 세금.. (1) / 답변1 첨부1
  + [9520] ntt=13026 (2028) 공매방법에 의한 취득세 과세표준 적용 문의 (1) / 답변1 첨부1
  + [9521] ntt=13024 (2027) 부담부증여 취득세 과세할 때, 예금잔액을 소득.. (1) / 답변1 첨부2
  + [9522] ntt=13020 (2026) 별도합산과세대상 토지 여부 (1) / 답변1 첨부1
  + [9523] ntt=13018 (2025) 곤충사육사 부지가 분리과세대상 토지에 해당하는.. (1) / 답변1 첨부1
  + [9524] ntt=13017 (2024) 건축물 대장 없이 등기부에만 존재하는 경우 주.. (1) / 답변1 첨부1
[page 535 완료] 누적 신규 9524건  (이 게시판 저장 총 16,024건)
  + [9525] ntt=13016 (2023) 지목변경 과세대상 여부 (1) / 답변1 첨부1
  + [9526] ntt=13015 (2022) 농업법인 감면 추징 문의 (1) / 답변1 첨부1
  + [9527] ntt=13014 (2021) 법인 지목변경 취득세 신고대상 여부 (1) / 답변1 첨부1
  + [9528] ntt=13010 (2020) 직계존비속 간 공동주택가격보다 낮은 가액으로 .. (1) / 답변1 첨부1
  + [9529] ntt=13008 (2019) 유통산업의 취득세 중과세 제외 요건 (1) / 답변1 첨부1
  + [9530] ntt=13006 (2018) 생산기지내 가스관 취득세 과세대상 여부 (2) / 답변2 첨부1
  + [9531] ntt=13004 (2017) 지특법 57조의2 제3항 제6호관련입니다. (1) / 답변1 첨부1
  + [9532] ntt=13003 (2016) 판결에 의한 소유권확인 세율 문의 (1) / 답변1 첨부1
  + [9533] ntt=12998 (2015) 모법인이 자법인의 주식 100% 취득한 경우 .. (2) / 답변2 첨부1
  + [9534] ntt=12996 (2014) 현황이 주택인 근린생활시설, 무허가건물의 농어.. (1) / 답변1 첨부1
  + [9535] ntt=12995 (2013) 자동차세 납세의무 성립시기 문의드립니다. (2) / 답변2 첨부1
  + [9536] ntt=12993 (2012) 취득세 토지감면분 추징시기 문의 (1) / 답변1 첨부1
  + [9537] ntt=12992 (2011) 2000번 추가질의 (1) / 답변1 첨부1
  + [9538] ntt=12991 (2010) 신탁재산 경매 완료 시 체납처분 관련 문의 (1) / 답변1 첨부1
  + [9539] ntt=12989 (2009) 2000번 관련 추가질의(빠른 답변부탁드립니다.. (1) / 답변1
  + [9540] ntt=12984 (2008) 73나5011 129응급환자이송단차량 (1) / 답변1
  + [9541] ntt=12981 (2007) 자동차세 납세지 오류 (1) / 답변1
  + [9542] ntt=12980 (2006) 구조변경 관련 질의합니다.. (2) / 답변2
  + [9543] ntt=12979 (2005) 공동명의 자동차 공매후 배분방법 (1) / 답변1 첨부1
  + [9544] ntt=12978 (2004) 신탁재산(부동산)의 경매사건에 대하여 당해세 .. (1) / 답변1 첨부1
  + [9545] ntt=12977 (2003) [1978] 답변 관련하여 추가 질의드립니다. (2) / 답변2
  + [9546] ntt=12971 (2002) 공동 명의자의 당해세 외 체납으로 인한 차량 .. (1) / 답변1
  + [9547] ntt=12967 (2001) 연부 취득으로 볼 수 있는지요 (1) / 답변1 첨부1
  + [9548] ntt=12964 (2000) 유예기간 내 직접사용하지 못한 정당한 사유 및.. (2) / 답변2 첨부2
  + [9549] ntt=12963 (1999) 지방세특례제한법 35조의 2 해석 (1) / 답변1 첨부1
  + [9550] ntt=12961 (1998) 담배소비세 문의(긴급) (1) / 답변1 첨부1
  + [9551] ntt=12960 (1997) 법인의 부동산 사실상 취득 여부 (1) / 답변1 첨부1
  + [9552] ntt=12955 (1996) 연대납세의무자에 대한 환급 (1) / 답변1
  + [9553] ntt=12954 (1995) 1959번 관련 입니다. (1) / 답변1
  + [9554] ntt=12952 (1994) 도시 첨단산업단지 재산세 감면 관련 상담입니다 (2) / 답변2 첨부1
[page 536 완료] 누적 신규 9554건  (이 게시판 저장 총 16,054건)
  + [9555] ntt=12951 (1993) 회생절차 진행 중에 있는 법인의 주식을 취득한.. (1) / 답변1 첨부1
  + [9556] ntt=12949 (1992) 제2차납세의무자 관련 질의 (1) / 답변1 첨부1
  + [9557] ntt=12946 (1991) 연대납세의무자 관련 과세정보 제공범위 (1) / 답변1 첨부1
  + [9558] ntt=12945 (1990) 지방소득세(양도소득분) 기납부세액의 감액결정 .. (1) / 답변1 첨부1
  + [9559] ntt=12943 (1989) 취득세 가산세 관련 질의 (1) / 답변1 첨부1
  + [9560] ntt=12939 (1988) 영유아보육시설용 부동산 해당 여부 (1) / 답변1 첨부1
  + [9561] ntt=12938 (1987) 건축물대장은 존재하나 미등기 건물의 재산세 납.. (1) / 답변1 첨부1
  + [9562] ntt=12936 (1986) 탱크로리 교체 취득세 관련 (1) / 답변1 첨부1
  + [9563] ntt=12933 (1985) 1840) 농업법인 추징 재질의 입니다 (1) / 답변1 첨부1
  + [9564] ntt=12932 (1984) 임대주택 관련하여 최초 분양에 해당하는 지 여.. (1) / 답변1 첨부1
  + [9565] ntt=12930 (1983) 이혼에 따른 재산분할로 취득세 납부 후 환급 .. (2) / 답변2 첨부1
  + [9566] ntt=12929 (1982) 지특법 제17조 감면대상 관련 문의 (1) / 답변1 첨부1
  + [9567] ntt=12928 (1981) 창업벤처기업감면 추징 여부 (1) / 답변1 첨부1
  + [9568] ntt=12925 (1980) 법원판결에 따라 소유권 원상회복 이전등록시 차.. (2) / 답변2 첨부1
  + [9569] ntt=12923 (1979) 열병합발전소의 토지 및 건축물에 대한 재산세 .. (1) / 답변1 첨부1
  + [9570] ntt=12920 (1978) 주민세 종업원분 초과신고납부분 환급 신청시 환.. (1) / 답변1 첨부1
  + [9571] ntt=12909 (1977) 과점주주 취득세 관련 법인주주간 특수관계성립여.. (1) / 답변1 첨부1
  + [9572] ntt=12906 (1976) 자경농민 농지 감면 관련 (2) / 답변2 첨부1
  + [9573] ntt=12897 (1975) 1960번 관련 추가질문(창업) (1) / 답변1 첨부2
  + [9574] ntt=12891 (1974) 산업단지개발사업의 시행자에 대한 감면,추징의 .. (1) / 답변1 첨부1
  + [9575] ntt=12889 (1973) 재산세 1구에 대한 문의 (1) / 답변1 첨부1
  + [9576] ntt=12886 (1972) 중소기업 합병에 대한 문의 (1) / 답변1 첨부1
  + [9577] ntt=12885 (1971) 창업중소기업 감면 및 추징 해당여부 (1) / 답변1 첨부1
  + [9578] ntt=12880 (1970) 상속 취득세 관련 문의 (1) / 답변1 첨부1
  + [9579] ntt=12879 (1969) 신축아파트 지목변경 농어촌특별세 비과세문의 (2) / 답변2 첨부1
  + [9580] ntt=12878 (1968) 창업중소기업이 해당 사업을 하기위하여 취득하는.. (1) / 답변1 첨부1
  + [9581] ntt=12875 (1967) 별장으로 신고 후, 별장으로 사용하지 않았다고.. / 답변0 첨부1
  + [9582] ntt=12873 (1966) 양봉하는 토지를 목장용지 또는 농지로 볼수 있.. (1) / 답변1 첨부1
  + [9583] ntt=12866 (1965) 재건축아파트  재건축조합 조합원이 민간건설임대.. (1) / 답변1
  + [9584] ntt=12861 (1964) 귀농인 농지취득감면 농업외의산업에 종사하는지 .. (1) / 답변1 첨부1
[page 537 완료] 누적 신규 9584건  (이 게시판 저장 총 16,084건)
  + [9585] ntt=12859 (1963) 재산세 도시지역분 과세 (1) / 답변1 첨부2
  + [9586] ntt=12852 (1962) 중간 판매상 취득세 부과 여부 (1) / 답변1 첨부1
  + [9587] ntt=12849 (1961) 입주권 취득세 (1) / 답변1 첨부1
  + [9588] ntt=12848 (1960) 등기 완료된 지분만큼 취득세 납부시 연대납세의.. (1) / 답변1 첨부1
  + [9589] ntt=12847 (1959) 지특법 제47조의4 대수선 취득세 감면의 범위 (1) / 답변1 첨부1
  + [9590] ntt=12845 (1958) 새로이 설립한 창업 중소기업으로 볼 수 있는지.. (3) / 답변3 첨부1
  + [9591] ntt=12844 (1957) 검토바랍니다. 감사합니다. (1) / 답변1 첨부1
  + [9592] ntt=12838 (1956) 청산종결간주 법인의 제2차 납세의무 지정 (1) / 답변1 첨부1
  + [9593] ntt=12836 (1955) 납골당 관련 문의 (1) / 답변1 첨부1
  + [9594] ntt=12834 (1954) 사원숙소용 오피스텔 임대사업자 취득세 중과제외.. (1) / 답변1 첨부1
  + [9595] ntt=12832 (1953) 재산세(토지) 과세대상의 구분 (1) / 답변1 첨부1
  + [9596] ntt=12829 (1952) 신탁계약 이전에 발생한 위탁자의 체납을 원인으.. (1) / 답변1 첨부1
  + [9597] ntt=12828 (1951) 창고시설 지역자원시설세 3배중과 여부 (1) / 답변1 첨부1
  + [9598] ntt=12827 (1950) 상속 취득세 연대납세의무에 관한 문의 (1) / 답변1 첨부1
    [retry 1/3] ReadTimeout
  + [9599] ntt=12823 (1949) 대중제골프장의 재산세 부과 문의 (1) / 답변1 첨부1
  + [9600] ntt=12820 (1948) 법인지방소득세 안분 대상 여부 (1) / 답변1 첨부1
  + [9601] ntt=12811 (1947) 환지청산금 관련 문의입니다. (1) / 답변1 첨부1
  + [9602] ntt=12809 (1946) 지방세기본법시행령  제61조 관계서류의 열람 .. (1) / 답변1 첨부1
  + [9603] ntt=12808 (1945) 창업중소기업 감면 문의드립니다.(추가 질문 1.. (1) / 답변1 첨부1
  + [9604] ntt=12807 (1944) 공장용지 1필지 내 나대지 부분 종합합산 적용.. (1) / 답변1 첨부2
  + [9605] ntt=12804 (1943) 폐수처리시설 중 펜톤조가 취득세 과세대상인지 .. (1) / 답변1 첨부1
  + [9606] ntt=12796 (1942) 준비서면 답변 문의 (5) / 답변5 첨부1
  + [9607] ntt=12793 (1941) 산업단지개발사업의 시행자가 지방공기업에 따라 .. (1) / 답변1 첨부1
  + [9608] ntt=12792 (1940) 과점주주 자기주식 취득 관련 (1) / 답변1 첨부1
  + [9609] ntt=12785 (1939) 직계존비속간 거래 관련 질의 드립니다. (1) / 답변1 첨부1
  + [9610] ntt=12781 (1938) 재산세 종합합산 과세여부 질의 (1) / 답변1
  + [9611] ntt=12780 (1937) 창업중소기업 감면 문의드립니다. (1) / 답변1 첨부1
  + [9612] ntt=12779 (1936) 지역자원시설세 부과 요령 (1) / 답변1
  + [9613] ntt=12775 (1935) 열병합발전소의 부속토지에 대한 분리과세 해당여.. (1) / 답변1 첨부1
  + [9614] ntt=12774 (1934) 산업단지 등에 대한 감면 문의(지특법제78조4.. (1) / 답변1 첨부1
[page 538 완료] 누적 신규 9614건  (이 게시판 저장 총 16,114건)
  + [9615] ntt=12770 (1933) 지식산업센터 감면 관련입니다.[지급] (1) / 답변1 첨부1
  + [9616] ntt=12767 (1932) 부인등기된 토지의 재산세 납세의무자 (1) / 답변1 첨부1
  + [9617] ntt=12765 (1931) 변전소건설공사에서 전기부분이 비과세에 해당하는.. (1) / 답변1 첨부2
  + [9618] ntt=12764 (1930) 합병감면 관련 문의 (1) / 답변1 첨부1
  + [9619] ntt=12759 (1929) 1899 답변관련 추가 문의 (1) / 답변1
  + [9620] ntt=12756 (1928) 대체취득 농지 감면후 추징 (2) / 답변2
  + [9621] ntt=12755 (1927) 창업중소기업 '업종'관련 감면대상 운수업에 해.. (1) / 답변1 첨부1
  + [9622] ntt=12753 (1926) 지역주택조합 토지 신탁에 대한 취득세 문의 (1) / 답변1 첨부1
  + [9623] ntt=12750 (1925) 지특법 제73조(토지수용 등으로 인한 대체취득.. (1) / 답변1 첨부1
  + [9624] ntt=12747 (1924) 지방세법 제115조 제2항과 관련하여 문의드립.. (1) / 답변1 첨부1
  + [9625] ntt=12746 (1923) 해산된 재건축정비사업조합에의 취득세 환급 (1) / 답변1 첨부1
  + [9626] ntt=12745 (1922) 도시개발사업내 비과세(도로) 적용 질의 (1) / 답변1 첨부1
  + [9627] ntt=12743 (1921) 임대목적 주택 일괄 취득시 최소납부제 적용 여.. (1) / 답변1 첨부1
  + [9628] ntt=12741 (1920) 종교감면 토지 문의 (1) / 답변1 첨부1
  + [9629] ntt=12729 (1919) 창업중소기업 감면 문의드립니다. (1) / 답변1 첨부1
  + [9630] ntt=12725 (1918) 연부취득으로 취득하고 중간에 신탁을 하였을 경.. (1) / 답변1 첨부1
  + [9631] ntt=12717 (1917) 종교단체 사업용 부동산 문의 (1) / 답변1 첨부1
  + [9632] ntt=12714 (1916) 주민세(균등분)관련 질의입니다. - 휴학, 취.. (1) / 답변1
  + [9633] ntt=12706 (1915) 신탁재산 압류해제 관련 (1) / 답변1 첨부1
  + [9634] ntt=12689 (1914) 서민주택 감면 대상 여부 (1) / 답변1 첨부1
  + [9635] ntt=12686 (1913) 납세의무 성립 후 사망시 취득세 부과 및 납부.. (1) / 답변1 첨부1
  + [9636] ntt=12685 (1912) 영구임대주택의 임대용 복리시설 재산세 과세적용.. (1) / 답변1 첨부1
  + [9637] ntt=12684 (1911) 외국인투자 토지재산세 감면대상 및 기산일 문의 (1) / 답변1 첨부1
  + [9638] ntt=12682 (1910) 공공기관 지방이전에 따른 감면 최소납부제 적용.. (1) / 답변1 첨부1
  + [9639] ntt=12679 (1909) 국민주택채권매입 과표산입여부 (3) / 답변3 첨부1
  + [9640] ntt=12675 (1908) 조상땅 찾기 부과 방법과 절차 (1) / 답변1 첨부1
  + [9641] ntt=12674 (1907) 등록면허세 과표 문의 (1) / 답변1 첨부1
  + [9642] ntt=12673 (1906) 1887번 관련하여 추가 질문 입니다. (1) / 답변1
  + [9643] ntt=12663 (1905) 주민세(재산분 및 종업원분) 감면 대상 여부 (1) / 답변1 첨부1
  + [9644] ntt=12661 (1904) 가설건축물 임대 사용시 취득세 과세표준 (1) / 답변1 첨부1
[page 539 완료] 누적 신규 9644건  (이 게시판 저장 총 16,144건)
  + [9645] ntt=12655 (1903) 취득세) 매수인 법인(매도인 개인) 매매계약 .. (1) / 답변1 첨부1
  + [9646] ntt=12653 (1902) 취득 건축물 '멸실' 후 신축 목적이라면 멸실.. (2) / 답변2 첨부1
  + [9647] ntt=12652 (1901) 사해행위 취소관련 등록면허세 (1) / 답변1 첨부1
  + [9648] ntt=12650 (1900) 외투기업 감면 (1) / 답변1
  + [9649] ntt=12644 (1899) 건설자금이자 등 문의 (2) / 답변2 첨부1
  + [9650] ntt=12643 (1898) 제2차 납세의무의 성립과 확정 등에 관한 질의 (1) / 답변1 첨부1
  + [9651] ntt=12641 (1897) 신탁재산 납세의무자 문의 (1) / 답변1 첨부1
    [retry 1/3] ReadTimeout
  + [9652] ntt=12639 (1896) 귀농인 감면 중 ‘농촌’지역의 기준 재검토 요.. (1) / 답변1 첨부2
  + [9653] ntt=12633 (1895) 토지분 재산세 분리과세 적용여부 질의 (2) / 답변2 첨부1
  + [9654] ntt=12630 (1894) 법인의 지방이전 감면에 대한 문의(지특법 제7.. (1) / 답변1 첨부1
  + [9655] ntt=12627 (1893) 분합합병계약에 따른 토지 취득세 감면 가능 여.. (1) / 답변1 첨부1
  + [9656] ntt=12625 (1892) 재산세 납세의무자 관련입니다 (1) / 답변1 첨부1
  + [9657] ntt=12620 (1891) 냉난방기 취득세 과세여부에 대한 질의 (2) / 답변2 첨부1
  + [9658] ntt=12615 (1890) 과점주주 간주취득세 특수관계 문의 (1) / 답변1 첨부1
  + [9659] ntt=12604 (1889) 지식산업센터 감면 관련 (1) / 답변1 첨부1
  + [9660] ntt=12603 (1888) 공공의료기관에 대한 감면, 서울대학교치과병원에.. (1) / 답변1 첨부1
  + [9661] ntt=12599 (1887) 등록사항 직권정정에 따른 간주 취득세 납세의무.. (1) / 답변1 첨부1
  + [9662] ntt=12596 (1886) 소유권 보존등기 된 미준공 주택 소유권 이전 .. (1) / 답변1 첨부1
  + [9663] ntt=12595 (1885) 재개발 관련 문의 (1) / 답변1 첨부1
  + [9664] ntt=12594 (1884) 지방소득세 특별징수분 환급시 사유가 원인무효일.. (1) / 답변1
  + [9665] ntt=12590 (1883) 귀농인 감면 중 ‘농촌’지역의 기준 (1) / 답변1 첨부1
  + [9666] ntt=12589 (1882) 과세기준일 현재 토지의 평탄작업 및 암반확인작.. (1) / 답변1 첨부1
  + [9667] ntt=12587 (1881) 수출용 중고선박 감면여부 질의 (1) / 답변1 첨부1
  + [9668] ntt=12586 (1880) 산업단지 감면 후 산업단지관리기관에 처분신청 .. (1) / 답변1 첨부1
  + [9669] ntt=12570 (1879) 재건축조합 사용승인 후 이전고시일 전 유상승계.. (1) / 답변1 첨부1
  + [9670] ntt=12569 (1878) 압류금지재산 해당 여부 (1) / 답변1 첨부1
  + [9671] ntt=12567 (1877) 창고시설 지역자원시설세 3배 중과적용 대상 여.. (2) / 답변2 첨부1
  + [9672] ntt=12564 (1876) 가설건축물(또는 건축물) 해당 여부 (1) / 답변1 첨부1
  + [9673] ntt=12557 (1875) 외국인투자기업에 대한 재산세 감면 관련 질의 (1) / 답변1 첨부1
  + [9674] ntt=12552 (1874) 상속 취득세 질의(상속인 중 한 명의 실종과 .. (2) / 답변2 첨부1
[page 540 완료] 누적 신규 9674건  (이 게시판 저장 총 16,174건)
  + [9675] ntt=12550 (1873) 상가건물 공유지분 취득감면 후 감면유예기간내 .. (1) / 답변1 첨부1
  + [9676] ntt=12548 (1872) 법인균등분주민세 납세의무자 해당 여부 (1) / 답변1
  + [9677] ntt=12546 (1871) 미공시 공동주택에 대한 재산세 부과 (1) / 답변1 첨부1
  + [9678] ntt=12543 (1870) 취득세 과세대상여부 판단 (1) / 답변1 첨부1
  + [9679] ntt=12542 (1869) 기업부설연구소감면에서 지식산업센터로 감면 변경.. (2) / 답변2 첨부1
  + [9680] ntt=12537 (1868) 기부채납 부동산에 해당 여부 질의 (1) / 답변1 첨부1
  + [9681] ntt=12535 (1867) 지역자원시설세 중과대상(3배) 이의신청 처리 .. (1) / 답변1 첨부1
  + [9682] ntt=12534 (1866) 취득세 추징 제외 사유로 볼 수 있는지 여부 .. (1) / 답변1 첨부1
  + [9683] ntt=12530 (1865) 부담부증여 인정여부 (1) / 답변1 첨부1
  + [9684] ntt=12529 (1864) 자경농민 농지상속 문의 드립니다 (1) / 답변1 첨부1
  + [9685] ntt=12528 (1863) 토지분 재산세 비과세 적용여부 (1) / 답변1
  + [9686] ntt=12525 (1862) 임대주택 등에 대한 감면 (2) / 답변2 첨부1
  + [9687] ntt=12524 (1861) 배당이의 청구 관련 질의합니다. (1) / 답변1 첨부1
  + [9688] ntt=12523 (1860) 종교단체 취득세 감면분 추징 문의 (1) / 답변1 첨부1
  + [9689] ntt=12522 (1859) 임대주택법 31조 2항 적용가능 여부 (1) / 답변1 첨부1
  + [9690] ntt=12520 (1858) 다자녀가구 주택에 대한 감면 문의 (1) / 답변1 첨부2
  + [9691] ntt=12516 (1857) 유원지의 옥외오락시설로서 과세대상 포함 여부 .. (1) / 답변1 첨부1
  + [9692] ntt=12513 (1856) 상속등기 후 공유물분할시 취득원인 (1) / 답변1 첨부1
  + [9693] ntt=12512 (1855) 목적사업에 사용 할 수 없는 정당한 사유 해당.. (1) / 답변1 첨부1
  + [9694] ntt=12509 (1854) 창업중소기업 감면 문의드립니다 (1) / 답변1 첨부2
  + [9695] ntt=12505 (1853) 국세 경정분(양도소득세) 징수유예 승인과 지방.. (1) / 답변1 첨부1
  + [9696] ntt=12504 (1852) 1840) 농업법인 추징 재문의 (1) / 답변1
  + [9697] ntt=12502 (1851) 연부 취득 중 선납할인금이 잔금에 해당하는지 (1) / 답변1 첨부1
  + [9698] ntt=12496 (1850) 동일한 장소 내 쟁점사업장을 하나의 사업소로 .. (1) / 답변1 첨부1
  + [9699] ntt=12493 (1849) 법인지방소득세 이월세액공제 관련 문의 (1) / 답변1 첨부1
  + [9700] ntt=12492 (1848) 지방세 징수금 징수 순위에 대한 문의 (1) / 답변1 첨부1
  + [9701] ntt=12489 (1847) 체당금 지연이자의 최우선 배당 여부 (1) / 답변1
  + [9702] ntt=12486 (1846) 종중 재산에 대한 고지서 송달 주소지 문의(수.. (2) / 답변2 첨부1
  + [9703] ntt=12483 (1845) 1844관련 현물출자 참고자료 (1) / 답변1
  + [9704] ntt=12482 (1844) 개인사업자 현물출자 법인전환 감면관련 지방세감.. (1) / 답변1 첨부1
[page 541 완료] 누적 신규 9704건  (이 게시판 저장 총 16,204건)
  + [9705] ntt=12481 (1843) 지목변경에 대한 취득세 부과 (1) / 답변1 첨부1
  + [9706] ntt=12479 (1842) 별도합산과세대상 여부 질의 (1) / 답변1 첨부1
  + [9707] ntt=12478 (1841) 신탁재산 감액 환급 (1) / 답변1 첨부1
  + [9708] ntt=12477 (1840) 농업법인 추징관련 문의 (1) / 답변1 첨부1
  + [9709] ntt=12476 (1839) 지방세특례제한법 제78조 산업단지등에대한 감면 (1) / 답변1 첨부1
  + [9710] ntt=12474 (1838) 창업중소기업 감면문의드립니다. (2) / 답변2 첨부1
  + [9711] ntt=12472 (1837) 외국인투자에대한 재산세감면에서 외투기업 증자의.. (1) / 답변1 첨부1
  + [9712] ntt=12471 (1836) 징수유예등 신청 관련입니다. (1) / 답변1 첨부1
  + [9713] ntt=12469 (1835) 숙박시설 지역자원시설세 3배 중과 (1) / 답변1 첨부2
  + [9714] ntt=12467 (1834) 주민세(종업원분) 인정상여처분이 해당월 과세표.. (1) / 답변1 첨부1
  + [9715] ntt=12466 (1833) 종중 고지서 송달 주소지 문의 (1) / 답변1 첨부1
  + [9716] ntt=12463 (1832) 법원의 보정명령에 따른 선등기 후수납 가산세부.. (2) / 답변2 첨부1
  + [9717] ntt=12460 (1831) 장학재단이 장학금지급을 목적으로 임대건축물을 .. (1) / 답변1 첨부1
  + [9718] ntt=12457 (1830) 임대사업자 감면의 분양해당여부에 대해 문의 (1) / 답변1 첨부1
  + [9719] ntt=12456 (1829) 별도합산과세 대상 차고용 토지 관련 질의입니다 (1) / 답변1 첨부1
  + [9720] ntt=12453 (1828) 공동사용한 클럽하우스 건축물에 대한 재산세 중.. (1) / 답변1 첨부1
  + [9721] ntt=12452 (1827) 지방세 제증명 발급 관련 질의 (1) / 답변1 첨부1
  + [9722] ntt=12449 (1826) 지역자원시설세 3배 중과 대상 (1) / 답변1 첨부1
  + [9723] ntt=12447 (1825) 1821번 답변관련 (1) / 답변1
  + [9724] ntt=12442 (1824) 미신고상속토지의 재산세 납세의무자? (1) / 답변1 첨부1
  + [9725] ntt=12439 (1823) [재질의] 판결에 따른 취득세 취득일 문의드립.. (1) / 답변1 첨부1
  + [9726] ntt=12433 (1822) 지역자원시설세 중과여부(화재위험 건축물 등) (1) / 답변1 첨부1
  + [9727] ntt=12432 (1821) 1810번 질문 재상신(전자고지 유선 철회관련.. (1) / 답변1
  + [9728] ntt=12427 (1820) 자동차매매사업장용 토지의 별도합산 적용기준에 .. (1) / 답변1 첨부3
  + [9729] ntt=12423 (1819) 발전용지에 대해 문의 드립니다. (1) / 답변1 첨부1
  + [9730] ntt=12420 (1818) 개인균등할주민세 과세여부 (1) / 답변1 첨부1
  + [9731] ntt=12419 (1817) 선박 구조변경에 대한 질문입니다 (1) / 답변1 첨부1
  + [9732] ntt=12417 (1816) 체납자 소유의 미불용지에 대하여 질의합니다. (1) / 답변1 첨부1
  + [9733] ntt=12415 (1815) 지목변경 취득세 문의 (1) / 답변1 첨부1
  + [9734] ntt=12414 (1814) 취득시기 문의 (1) / 답변1 첨부1
[page 542 완료] 누적 신규 9734건  (이 게시판 저장 총 16,234건)
  + [9735] ntt=12411 (1813) 자경농민감면관련입니다. (1) / 답변1 첨부1
  + [9736] ntt=12408 (1812) 매출액 등이 없이 사업자등록만 되어 있는 거주.. (1) / 답변1 첨부1
  + [9737] ntt=12404 (1811) 휴원한 어린이집 재산세 감면여부(9.29.올린.. (1) / 답변1 첨부1
  + [9738] ntt=12403 (1810) 전자고지 서면 신청 법적 근거와 예외 조항 적.. (1) / 답변1
  + [9739] ntt=12402 (1809) 취득세 환부 가능여부 (1) / 답변1 첨부1
  + [9740] ntt=12400 (1808) 전기사업자의 겸용 부속토지에 대한 분리과세 해.. (1) / 답변1 첨부1
  + [9741] ntt=12399 (1807) 휴원신고한 어린이집이 감면 여부 (1) / 답변1 첨부1
  + [9742] ntt=12398 (1806) 교회 경외에 위치한 청소년수련관의 취득세, 재.. (1) / 답변1 첨부2
  + [9743] ntt=12396 (1805) 상속재산에  대한  재산세 납세의무자 (1) / 답변1 첨부1
  + [9744] ntt=12395 (1804) 토지수용에 따른 대체취득 시기-공탁금 (1) / 답변1 첨부1
  + [9745] ntt=12394 (1803) 재산세 임대사업자(현황과세) 감면 문의 (1) / 답변1 첨부1
  + [9746] ntt=12388 (1802) 주유소 취득세 중과문의드립니다. (1) / 답변1 첨부1
  + [9747] ntt=12387 (1801) 협의 이혼으로 인한 부동산 재산분할 취득세 문.. (1) / 답변1 첨부1
  + [9748] ntt=12385 (1800) 농지 현물출자로 농업법인 설립시 사업용고정자산.. (1) / 답변1 첨부1
  + [9749] ntt=12382 (1799) 신탁재산 경매시 체납액 징수관련 문의 (1) / 답변1 첨부1
  + [9750] ntt=12379 (1798) 국세청 세무조사 결과 증여의제과세 결정에 따른.. (1) / 답변1 첨부1
  + [9751] ntt=12378 (1797) 지방세 심판청구 의견서 제출 관련 문의 (1) / 답변1 첨부1
  + [9752] ntt=12375 (1796) 판결에 따른 취득세 취득일 문의드립니다. (2) / 답변2 첨부1
  + [9753] ntt=12372 (1795) 종중토지의 양도소득세분 지방소득세 납세지 에 .. (2) / 답변2
  + [9754] ntt=12368 (1794) 피상속인 사망후 상속인 1인 사망시 취득세 (1) / 답변1 첨부1
  + [9755] ntt=12367 (1793) 개인사업자가 기존사업 유지한 채 동종업종의 창.. (1) / 답변1 첨부2
  + [9756] ntt=12349 (1792) 자동차 주차용 건축물의 지역자원시설세 중과관련.. (1) / 답변1 첨부1
  + [9757] ntt=12347 (1791) 구제제도에 대한 질의 (1) / 답변1 첨부1
  + [9758] ntt=12342 (1790) 중소기업 간 통합시 취득시기 (1) / 답변1 첨부1
  + [9759] ntt=12338 (1789) 1필지내 2개 주택의 부속토지를 현황상 울타리.. (1) / 답변1 첨부1
  + [9760] ntt=12332 (1788) 개수에 따른 취득세 과세여부 문의 (1) / 답변1 첨부1
  + [9761] ntt=12331 (1787) 사회복지법인의 사업용 부동산 문의 (1) / 답변1 첨부1
  + [9762] ntt=12329 (1786) 상속재산분할 심판결정에 의한 취득세 신고시 가.. (1) / 답변1 첨부1
  + [9763] ntt=12328 (1785) 현물출자 법인전환 사업용부동산 추징시 추징사유.. (2) / 답변2 첨부1
  + [9764] ntt=12324 (1784) 자경농민이 증축한 축사건물에 대한 감면여부 질.. (1) / 답변1 첨부1
[page 543 완료] 누적 신규 9764건  (이 게시판 저장 총 16,264건)
  + [9765] ntt=12323 (1783) 미등기 주택에 대한 재산세 납세의무자의 신고 (1) / 답변1 첨부1
  + [9766] ntt=12318 (1782) 어린이집 취득세 감면 (1) / 답변1 첨부1
  + [9767] ntt=12316 (1781) 서민주택감면 (지특법 33조2항) - 이혼 접.. (1) / 답변1 첨부1
  + [9768] ntt=12315 (1780) 전파법에 따른 지상정착물에 대하여 (1) / 답변1 첨부1
  + [9769] ntt=12311 (1779) 창업중소기업 감면대상 여부 질의 (1) / 답변1 첨부1
  + [9770] ntt=12309 (1778) 상속 취득세 수시부과 문의 (1) / 답변1 첨부1
  + [9771] ntt=12303 (1777) 재산세 납세의무자 판단여부 (1) / 답변1 첨부1
  + [9772] ntt=12301 (1776) 전자송달과련 문의 드립니다. (1) / 답변1 첨부1
  + [9773] ntt=12299 (1775) 임대주택(건물)소유자와 토지소유자가 다른 경우.. (1) / 답변1 첨부1
  + [9774] ntt=12298 (1774) 전 영농조합 직원 농지취득시 취득세 감면 여부 (1) / 답변1 첨부1
  + [9775] ntt=12296 (1773) 지방세법 시행령 제102조 제7항 제7호(주택.. (1) / 답변1 첨부1
  + [9776] ntt=12294 (1772) 취득세신고 시 팩스신고 가능 여부 (1) / 답변1 첨부1
  + [9777] ntt=12292 (1771) 법인균등분 주민세 납세의무 판단을 부탁드립니다 (1) / 답변1 첨부1
  + [9778] ntt=12287 (1770) 아파트의 대지권 일부가 세대별로 등기가 미이행.. (1) / 답변1 첨부1
  + [9779] ntt=12284 (1769) 체납처분 유예 관련 납세담보 요구시 납보제공자.. (1) / 답변1 첨부1
  + [9780] ntt=12283 (1768) 1989.12.31일 이전취득한 개발제한구역내.. (1) / 답변1 첨부1
  + [9781] ntt=12282 (1767) 취득세 중과세문의드립니다. (1) / 답변1 첨부1
  + [9782] ntt=12279 (1766) 주민세(종업원분) 면세점 판단 관련하여 상담 .. (1) / 답변1 첨부1
  + [9783] ntt=12278 (1765) 선박평형수처리장치 설치의 종료변경 포함여부 질.. (1) / 답변1 첨부1
  + [9784] ntt=12276 (1764) 현물출자 관련 여부 (1) / 답변1 첨부1
  + [9785] ntt=12273 (1763) 창업중소기업 감면 관련 문의드립니다. (1) / 답변1 첨부1
  + [9786] ntt=12271 (1762) 체납처분 및 번호판 영치 시 체납징수 공무직근.. (1) / 답변1 첨부1
  + [9787] ntt=12265 (1761) 문화예술단체 면제 여부 (1) / 답변1 첨부1
  + [9788] ntt=12254 (1760) 1753번관련 추가질문입니다. (1) / 답변1
  + [9789] ntt=12253 (1759) 상속승계로인한 체납처분 (1) / 답변1
  + [9790] ntt=12252 (1758) 1750번에 대해 추가 문의드립니다. (1) / 답변1
  + [9791] ntt=12250 (1757) 취득세 취소 가능 여부 질의 (1) / 답변1 첨부1
  + [9792] ntt=12248 (1756) 창업 감면 업종 중 제조업에 대하여 (1) / 답변1 첨부1
  + [9793] ntt=12247 (1755) 개인사업자의 현물출자를 통한 법인전환 관련 취.. (1) / 답변1 첨부1
  + [9794] ntt=12245 (1754) 1753번 답변관련 추가 문의 사항입니다. (1) / 답변1
[page 544 완료] 누적 신규 9794건  (이 게시판 저장 총 16,294건)
  + [9795] ntt=12232 (1753) 2000년 7월 31일 명의신탁 해지로 인한 .. (1) / 답변1 첨부1
  + [9796] ntt=12231 (1752) 전영농조합직원이 농지취득시 취득세 감면여부 (1) / 답변1 첨부1
  + [9797] ntt=12229 (1751) 영농조합법인 직원이었던 사람이 농지취득에 따른.. (1) / 답변1 첨부1
  + [9798] ntt=12224 (1750) (긴급) 재산세(토지) 상한적용 문의 (1) / 답변1 첨부1
  + [9799] ntt=12220 (1749) 지방세특례제한법 적용 문의 (2) / 답변2 첨부2
  + [9800] ntt=12215 (1748) 주택개량사업 감면 추징 (3) / 답변3 첨부1
  + [9801] ntt=12209 (1747) 화해권고결정에 의한 소유권이전등기 (1) / 답변1 첨부1
  + [9802] ntt=12205 (1746) 지방세 보험금(채권) 압류 해제 문의 (2) / 답변2 첨부1
  + [9803] ntt=12201 (1745) 명의신탁에 대한 상담입니다. (1) / 답변1 첨부1
  + [9804] ntt=12200 (1744) 부과제척기간 지난 후 취득신고 및 지방세감면신.. (1) / 답변1 첨부1
  + [9805] ntt=12199 (1743) 신탁재산 수익 청구권 및 택지 입주권 압류 가.. (1) / 답변1 첨부1
  + [9806] ntt=12196 (1742) 개발사업으로 인한 재산세의 토지 과세형태를 일.. (1) / 답변1 첨부1
  + [9807] ntt=12195 (1741) 아파트 부대시설(빌트인 가전제품) 비용의 취득.. (1) / 답변1 첨부2
  + [9808] ntt=12190 (1740) 한 사업장에 사업자등록이 되어 있는 개인, 법.. (1) / 답변1 첨부1
  + [9809] ntt=12188 (1739) 개인 사유지에 들어가 차량 번호판 영치가 가능.. (1) / 답변1 첨부1
  + [9810] ntt=12180 (1738) 지특법 제58조의2(지식산업센터 등에 대한 감.. (1) / 답변1 첨부1
  + [9811] ntt=12167 (1737) 미등기 상태인 토지 취득 시 세율적용 문의 (1) / 답변1 첨부1
  + [9812] ntt=12159 (1736) 아파트 브랜드사용료가 취득세 과세표준에 포함되.. (1) / 답변1 첨부1
  + [9813] ntt=12158 (1735) 지목변경에 대한 취득세 과세표준 문의(신고가액.. (1) / 답변1 첨부1
  + [9814] ntt=12157 (1734) 판결에 의한 취득시 부과취소 가능여부 (1) / 답변1 첨부1
  + [9815] ntt=12139 (1733) 과점주주 취득세에 대한질의 (1) / 답변1 첨부1
  + [9816] ntt=12138 (1732) 주민세 개인사업자균등분,법인균등분 이중부과 문.. (1) / 답변1 첨부1
  + [9817] ntt=12135 (1731) 지방소득세 확정신고 (1) / 답변1 첨부1
  + [9818] ntt=12129 (1730) 경매로 낙찰 받은 물건(소유이전등기 전)에 대.. (1) / 답변1 첨부1
  + [9819] ntt=12121 (1729) 지방세특례제한법 제31조 제1항 제2호 장기임.. (1) / 답변1 첨부1
  + [9820] ntt=12118 (1728) 건설기계 등록사항변경 관련 취득세문의 (1) / 답변1 첨부1
  + [9821] ntt=12116 (1727) 대지권 등기되고 남은 일부 토지지분에 대한 재.. (1) / 답변1 첨부1
  + [9822] ntt=12115 (1726) 재산세(토지) 부과 (1) / 답변1 첨부1
  + [9823] ntt=12114 (1725) 명의신탁 해지로 인한 과점주주 납세의무 (1) / 답변1 첨부1
  + [9824] ntt=12102 (1724) 채무상환으로 주식취득시 과점주주 해당여부 (1) / 답변1 첨부1
[page 545 완료] 누적 신규 9824건  (이 게시판 저장 총 16,324건)
  + [9825] ntt=12100 (1723) 지특법 제75조의2 제1항 제3호의 "사업장을.. (1) / 답변1 첨부2
  + [9826] ntt=12099 (1722) 신탁재산의 상속에 따른 취득세 납세의무자와 세.. (1) / 답변1 첨부1
  + [9827] ntt=12098 (1721) 임대주택 취득세 감면후 추징 관련 (1) / 답변1 첨부1
  + [9828] ntt=12097 (1720) 무허가 단독주택의 사실상소유자에 재산권 과세 .. (1) / 답변1 첨부1
  + [9829] ntt=12095 (1719) 기부채납 부분이 비과세에 해당하는지 여부 (1) / 답변1 첨부1
  + [9830] ntt=12094 (1718) 재산세 주된 상속인으로 과세 후 상속포기 결정.. (1) / 답변1 첨부1
  + [9831] ntt=12093 (1717) 종교단체 부동산 면제관련 질의 (1) / 답변1 첨부1
  + [9832] ntt=12092 (1716) 산업단지 감면분 추징과 관련하여 (1) / 답변1 첨부1
  + [9833] ntt=12090 (1715) 매입세액 부가가치세 과세표준 포함여부 (1) / 답변1 첨부1
  + [9834] ntt=12087 (1714) 주민세(재산분)환급가산금 기산일 (1) / 답변1 첨부1
  + [9835] ntt=12081 (1713) 신탁재산의 상속에 따른 취득세 납세의무자와 세.. (1) / 답변1 첨부1
  + [9836] ntt=12077 (1712) 차량취득세 부과 가능여부 (1) / 답변1 첨부1
  + [9837] ntt=12076 (1711) 축사신축위해 포장된 '답'의 농지세율 적용여부 (1) / 답변1 첨부1
  + [9838] ntt=12074 (1710) 체납처분비(공매집행비)와 압류해제 관계 및 체.. (1) / 답변1 첨부1
  + [9839] ntt=12065 (1709) 상속에 따른 취득세 문의 (2) / 답변2 첨부1
  + [9840] ntt=12062 (1708) 부동산거래신고 부적정자에 대한 과세여부 (1) / 답변1 첨부1
  + [9841] ntt=12060 (1707) 법인합병으로 인한 유상증자시 과점주주 취득세 .. (1) / 답변1 첨부1
  + [9842] ntt=12058 (1706) 지목변경 대상여부 (1) / 답변1 첨부1
  + [9843] ntt=12050 (1705) 한국환경공단 취득세 감면 적용 (1) / 답변1 첨부1
  + [9844] ntt=12047 (1704) 농업회사법인의 부동산 취득 감면여부 질의합니다 (1) / 답변1 첨부1
  + [9845] ntt=12045 (1703) 종교단체 감면 문의드립니다 (지특법 50조 2.. (1) / 답변1 첨부1
  + [9846] ntt=12039 (1702) 과세기준일 이후 불법 용도변경(유흥주점) 사업.. (1) / 답변1 첨부1
  + [9847] ntt=12028 (1701) 상속에 대한 취득세 연대납세의무자에 대한 문의.. (3) / 답변3 첨부1
  + [9848] ntt=12027 (1700) 주민세(재산분) 납세의무 (1) / 답변1 첨부1
  + [9849] ntt=12023 (1699) 과점주주 특수관계인 해당여부 문의 (1) / 답변1 첨부1
  + [9850] ntt=12021 (1698) 지방소득세 및 재산세 체납으로 자동차를 압류했.. (1) / 답변1 첨부1
  + [9851] ntt=12020 (1697) 사실상 지목변경 시점과 납세의무자 문의 (1) / 답변1 첨부1
  + [9852] ntt=12018 (1696) 연부취득 토지의 직접사용(착공) 기산일_재질의 (1) / 답변1 첨부1
  + [9853] ntt=12014 (1695) 법인 취득세 중과세 (1) / 답변1 첨부1
  + [9854] ntt=12003 (1694) 대중제 골프장 전환시 조경지 과세구문 문의 (1) / 답변1 첨부1
[page 546 완료] 누적 신규 9854건  (이 게시판 저장 총 16,354건)
  + [9855] ntt=12001 (1693) 지방소득세 법인소득분 의무불이행 가산세에 대한.. (1) / 답변1 첨부1
  + [9856] ntt=11991 (1692) 매매용 중고 자동차가 화재로 전손된 경우 취득.. (2) / 답변2 첨부1
  + [9857] ntt=11989 (1691) 상속포기된 재산이 법원에 의해 손주들에게 상속.. (1) / 답변1 첨부1
  + [9858] ntt=11986 (1690) 국가유공자 취득세 감면 문의 (2) / 답변2 첨부1
  + [9859] ntt=11983 (1689) 양도소득세 지방소득세분 분납이 가능한가요? (1) / 답변1 첨부1
  + [9860] ntt=11981 (1688) 창업중소기업 감면관련 (1) / 답변1 첨부1
  + [9861] ntt=11969 (1687) 자동차세 감면 대상 여부 (1) / 답변1 첨부1
  + [9862] ntt=11964 (1686) 대수선,증축 공사가 동시에 이루어 지고 일부 .. (1) / 답변1 첨부1
  + [9863] ntt=11956 (1685) 재건축 조합원 승계취득 관련 환급여부 문의 (1) / 답변1 첨부1
  + [9864] ntt=11953 (1684) 환지예정지 효력발생일 관련 (1) / 답변1 첨부1
  + [9865] ntt=11948 (1683) 지하수의 개발,이용에 관한 신고 후 효력상실 .. (1) / 답변1 첨부1
  + [9866] ntt=11947 (1682) 영어법인의 어업권 취득시 취득세 감면여부? (1) / 답변1 첨부1
  + [9867] ntt=11943 (1681) 부동산 압류등기 말소 거부 관련 입니다 (1) / 답변1 첨부1
  + [9868] ntt=11941 (1680) 1663번에 대한 추가질의2 (1) / 답변1 첨부1
  + [9869] ntt=11940 (1679) 건축물 용도지수 입력시 호텔이 직접 운영하고 .. (1) / 답변1 첨부1
  + [9870] ntt=11937 (1678) 제80조(공장의 지방 이전에 따른 감면)에서 .. (1) / 답변1 첨부1
  + [9871] ntt=11935 (1677) 주민세 개인사업자 균등분 관련 (1) / 답변1 첨부1
  + [9872] ntt=11931 (1676) 지분 변화가 없는 공유물 분할의 경우 취득세 .. (1) / 답변1 첨부1
  + [9873] ntt=11930 (1675) 구분등록 대상이 아닌 골프장 외의 집수정 보수.. (1) / 답변1 첨부1
  + [9874] ntt=11928 (1674) 취득세 과세대상 여부 (1) / 답변1 첨부1
  + [9875] ntt=11925 (1673) 농지 세율 적용 문의 (1) / 답변1 첨부1
  + [9876] ntt=11921 (1672) 주민세 법인균등분 자본금 확인방법 (1) / 답변1 첨부1
  + [9877] ntt=11917 (1671) 1663번에 대한 추가질의(징수유예에 따른 납.. (1) / 답변1 첨부1
  + [9878] ntt=11916 (1670) 1660에 대한 추가 질문(지점설치 등록면허세.. (1) / 답변1 첨부1
  + [9879] ntt=11912 (1669) 지방소득세(양도소득분) 징수유예 문의드립니다. (1) / 답변1 첨부1
  + [9880] ntt=11911 (1668) 멸실사실 인정서가 발급된 차량의 압류해제 여부 (2) / 답변2 첨부1
  + [9881] ntt=11910 (1667) 매매계약 시 착오로 누락된 부분에 대한 취득세.. (1) / 답변1 첨부1
  + [9882] ntt=11905 (1666) 재산세 감면 규정 개정시 일반적 경과조치 적용.. (1) / 답변1 첨부1
  + [9883] ntt=11903 (1665) 소유권이전등기 무효 확정판결에 따른 재산세 부.. (1) / 답변1 첨부1
  + [9884] ntt=11900 (1664) 임대용 공동주택 건축 중인 경우 재산세 감면 .. (1) / 답변1 첨부1
[page 547 완료] 누적 신규 9884건  (이 게시판 저장 총 16,384건)
  + [9885] ntt=11894 (1663) 징수유예에 따른 납세보증인에 대한 징수절차 (1) / 답변1 첨부1
  + [9886] ntt=11893 (1662) 창업중소기업 취득세 감면 문의 (1) / 답변1 첨부1
  + [9887] ntt=11891 (1661) 지방소득세 송달문의 관련 (1) / 답변1 첨부1
  + [9888] ntt=11890 (1660) 지점 설치 등록면허세 (1) / 답변1 첨부1
  + [9889] ntt=11884 (1659) 세 부담 상한액 문의 (1) / 답변1 첨부1
  + [9890] ntt=11872 (1658) 지방세 환급금 충당순위에 관한 질의 (4) / 답변4 첨부1
  + [9891] ntt=11865 (1657) 취득세 법정신고 기한 문의드립니다. (1) / 답변1 첨부1
  + [9892] ntt=11864 (1656) 법인이 보유한 사택(공동주택)의 소방시설 공사.. (1) / 답변1 첨부1
  + [9893] ntt=11863 (1655) 지특법제31조의3, 31조의4 질의 (1) / 답변1 첨부1
  + [9894] ntt=11862 (1654) 납세고지서의 송달 및 압류처분이 적법한지 여부 / 답변0 첨부1
  + [9895] ntt=11858 (1653) 산업단지 감면 문의드립니다. (1) / 답변1 첨부1
  + [9896] ntt=11857 (1652) 상속대위등기 후 법원명령에 따라 상속인 재지정.. (1) / 답변1 첨부1
  + [9897] ntt=11856 (1651) 농업법인 취득 부동산 감면 가능여부 (1) / 답변1 첨부1
  + [9898] ntt=11855 (1650) 국가유공자 자동차세 감면 차량의 재취득 (2) / 답변2 첨부1
  + [9899] ntt=11854 (1649) 자경농민 감면 취득세 추징여부 (1) / 답변1 첨부1
  + [9900] ntt=11849 (1648) 행위신고처리시 과세여부 (1) / 답변1 첨부1
  + [9901] ntt=11848 (1647) 상속한정승인 받은 상속인의 취득세 납세의무 (1) / 답변1 첨부1
  + [9902] ntt=11845 (1646) 전기사업자의 부속토지 분리과세 해당여부 (1) / 답변1 첨부1
  + [9903] ntt=11843 (1645) 산업단지 관련해서 감면문의 드립니다. (1) / 답변1 첨부2
  + [9904] ntt=11834 (1644) 영업이 중단된 회원제 골프장에 대한 재산세 중.. (1) / 답변1 첨부1
  + [9905] ntt=11831 (1643) 취득세 환급청구 관련 문의입니다. (1) / 답변1 첨부1
  + [9906] ntt=11829 (1642) 주민세 개인사업장분 과세대상 포함 여부 (1) / 답변1 첨부1
  + [9907] ntt=11828 (1641) 자경농민이 취득하는 농업용 시설의 부속토지에 .. (1) / 답변1 첨부1
  + [9908] ntt=11822 (1640) 압류된 부동산에 대한 말소등기 승낙의 의사표시 (1) / 답변1 첨부1
  + [9909] ntt=11818 (1639) 지방소득세(특별징수분) 환급 관련 문의 (1) / 답변1 첨부1
  + [9910] ntt=11817 (1638) 과밀억제권역 내에서 자동차정비공장 신축 시 중.. (1) / 답변1 첨부1
  + [9911] ntt=11812 (1637) 공부상 지목변경이 되지 않은 경우 토목공사비의.. (1) / 답변1 첨부1
  + [9912] ntt=11808 (1636) 농공단지 대체입주 감면 요건에 해당하는지 여부 (1) / 답변1 첨부1
  + [9913] ntt=11805 (1635) 조합원 지위 승계 시 승계조합원의 취득세 납세.. (1) / 답변1 첨부1
  + [9914] ntt=11804 (1634) 지방공사의 고유업무에 직접사용으로 볼 수 있는.. (1) / 답변1 첨부1
[page 548 완료] 누적 신규 9914건  (이 게시판 저장 총 16,414건)
  + [9915] ntt=11797 (1633) 조성 중인 토지 연부취득 시 사실상 취득일 (1) / 답변1 첨부1
  + [9916] ntt=11793 (1632) 부동산 취득세 후발적 사유로 인한 경정청구 기.. (1) / 답변1 첨부1
  + [9917] ntt=11786 (1631) 과세처분의 제척기간 기산일 계산 등 (1) / 답변1 첨부1
  + [9918] ntt=11783 (1630) 도세 조례로 세율특례(인하) 규정이 지방세특례.. (1) / 답변1 첨부1
  + [9919] ntt=11779 (1629) 파산선고 법인의 주식 및 주식배당금 압류 (1) / 답변1 첨부1
  + [9920] ntt=11775 (1628) 환지로 개발한 산업단지 문의 (1) / 답변1 첨부1
  + [9921] ntt=11772 (1627) 등록면허세 환급 가능 여부 (1) / 답변1 첨부1
  + [9922] ntt=11769 (1626) 임대사업자 감면(재산세) (1) / 답변1 첨부1
  + [9923] ntt=11768 (1625) 국민권익위원회 민원제기 및 재산세 환급청구에 .. (1) / 답변1 첨부1
  + [9924] ntt=11762 (1624) 중소기업간 통합시 사업의 동일성 유지되는지 여.. (1) / 답변1 첨부1
  + [9925] ntt=11760 (1623) 회원제 골프장 소송 관련입니다. (2) / 답변2 첨부1
  + [9926] ntt=11754 (1622) 토지의 형질변경허가(개발행위허가) 및 도로점용.. (1) / 답변1 첨부1
  + [9927] ntt=11753 (1621) 회생절차 종료 결정시 징수유예 및 체납처분에 .. (2) / 답변2 첨부1
  + [9928] ntt=11752 (1620) 지특법 제81조(이전공공기관 등 지방이전에 대.. (1) / 답변1 첨부1
  + [9929] ntt=11751 (1619) 농어촌특별세 비과세대상인 서민주택 판단기준 (1) / 답변1 첨부1
  + [9930] ntt=11749 (1618) 취득세 경정청구 관련 (1) / 답변1 첨부1
  + [9931] ntt=11747 (1617) 지방소득세 양도소득분 사망자에 대한 국세자료통.. (1) / 답변1 첨부1
  + [9932] ntt=11742 (1616) 1가구1주택 상속 세율특례 대상여부 질의 (1) / 답변1 첨부1
  + [9933] ntt=11741 (1615) 고급주택 일부용도변경시 취득세 등 환급여부 (2) / 답변2 첨부1
  + [9934] ntt=11738 (1614) 영농조합법인의 2차 납세의무 지정과 시점 문의 (1) / 답변1 첨부1
  + [9935] ntt=11733 (1613) 대수선 취득세 과표 적용 문의 (1) / 답변1 첨부1
  + [9936] ntt=11730 (1612) 주택건설사업에 제공되는 토지 분리과세 등 적용.. (1) / 답변1 첨부1
  + [9937] ntt=11729 (1611) 근저당이전에 대한 감면적용 가능여부 문의 (1) / 답변1 첨부1
  + [9938] ntt=11725 (1610) 자경농민 감면여부 상담신청 (1) / 답변1 첨부1
  + [9939] ntt=11712 (1609) 수용 부동산 사후감면 신청 문의 (1) / 답변1 첨부1
  + [9940] ntt=11711 (1608) 개인 건축물 법인시공 관련 질의 (1) / 답변1 첨부1
  + [9941] ntt=11705 (1607) 지방세특례제한법 제4조(조례에 따른 지방세 감.. (1) / 답변1 첨부1
  + [9942] ntt=11702 (1606) 화해권고 및 자백간주 판결문을 통한 압류해제 .. (2) / 답변2 첨부1
  + [9943] ntt=11698 (1605) 다자녀 양육자 감면 후 유예기간 기산 시점 (1) / 답변1 첨부1
  + [9944] ntt=11691 (1604) 지특법 제76조의2항에 대한 재산세 감면과 토.. (1) / 답변1 첨부2
[page 549 완료] 누적 신규 9944건  (이 게시판 저장 총 16,444건)
  + [9945] ntt=11688 (1603) 납세자의 사망으로 배우자에게 미상속토지에 대한.. / 답변0 첨부1
  + [9946] ntt=11687 (1602) 지방세법 제146조 제3항 제3호의 토지는 (1) / 답변1 첨부1
  + [9947] ntt=11678 (1601) 지방세법에 의한 면허취소요청 관련 질의 (2) / 답변2 첨부1
  + [9948] ntt=11670 (1600) 재산세 부과대상 해당 여부 (1) / 답변1 첨부1
  + [9949] ntt=11667 (1599) 임대주택 등에 대한 취득세 감면 대상 여부 확.. (1) / 답변1 첨부1
  + [9950] ntt=11666 (1598) 임대주택감면 관련 농특세 과세 여부 (1) / 답변1 첨부1
  + [9951] ntt=11665 (1597) 지역주택조합아파트를 취득할때 임대사업 감면여부 (1) / 답변1 첨부1
  + [9952] ntt=11664 (1596) 지목변경 취득일 (1) / 답변1 첨부1
  + [9953] ntt=11659 (1595) 신고납부세목 보통징수 시 과세예고 필수 여부 (1) / 답변1 첨부1
  + [9954] ntt=11657 (1594) 비과세 문의드립니다. (1) / 답변1 첨부1
  + [9955] ntt=11655 (1593) 무상임대 사찰림 감면여부 (1) / 답변1 첨부1
  + [9956] ntt=11654 (1592) 상속주택 감면시 1가구1주택 적용 기준(조세심.. (1) / 답변1 첨부3
  + [9957] ntt=11650 (1591) 농어촌주택개량 재산세 감면 관련 (1) / 답변1 첨부1
  + [9958] ntt=11648 (1590) 법인 건물신축 취득세 과표산정 문의입니다. (1) / 답변1 첨부1
  + [9959] ntt=11643 (1589) 재산세 분리과세 해당여부 질의(기부채납) (1) / 답변1 첨부1
  + [9960] ntt=11641 (1588) 각하사유에 해당되는지... (1) / 답변1 첨부1
  + [9961] ntt=11639 (1587) 취득세 납세의무 성립여부 문의(회원권) (1) / 답변1 첨부1
  + [9962] ntt=11638 (1586) 가산세 감면 적용 문의 (1) / 답변1 첨부1
  + [9963] ntt=11637 (1585) 건축법상 사용승인을 받지 않은 건물의 재산세 .. (1) / 답변1 첨부1
  + [9964] ntt=11636 (1584) 상속 관련 문의 (2) / 답변2 첨부1
  + [9965] ntt=11628 (1583) 차량 도난신고 후 공매 관련 부과취소여부 문의 (1) / 답변1 첨부1
  + [9966] ntt=11627 (1582) 시장정비사업시행자(시장조합)에 대한 취득세 감.. (1) / 답변1 첨부1
  + [9967] ntt=11623 (1581) 농업법인이 운영하는 관광농원이 지방세특례제한법.. (2) / 답변2 첨부1
  + [9968] ntt=11617 (1580) 질의번호 1576번에 관하여 추가 문의드립니다.. (1) / 답변1 첨부1
  + [9969] ntt=11614 (1579) 재산세 감면여부 (신학대학교 운동장) (1) / 답변1 첨부2
  + [9970] ntt=11613 (1578) 특정유증과 포괄유증 추가 질문입니다. (1) / 답변1 첨부1
  + [9971] ntt=11612 (1577) 과세기준일 이후 사망자에 대한 납세의무자? (2) / 답변2 첨부1
  + [9972] ntt=11611 (1576) 위수탁 차량 취득세 문의 (2) / 답변2 첨부1
  + [9973] ntt=11607 (1575) 등기부 소유자 사망 후 직권등재된 납세의무자가.. (1) / 답변1 첨부1
  + [9974] ntt=11601 (1574) 실종선고를 받지 않은 경우, 상속개시일을 언제.. (1) / 답변1 첨부1
[page 550 완료] 누적 신규 9974건  (이 게시판 저장 총 16,474건)
  + [9975] ntt=11599 (1573) 주민세 종업원분 납세의무자 판단 (1) / 답변1 첨부1
  + [9976] ntt=11592 (1572) 냉동창고 실외기 및 수중펌프 취득세 과세 여부.. (1) / 답변1 첨부1
  + [9977] ntt=11589 (1571) 숙박시설의 지역자원시설세 3배중과 범위에 대해.. (1) / 답변1 첨부1
  + [9978] ntt=11583 (1570) 지특법 다자녀감면 행안부 지침과 현행 법령의 .. (2) / 답변2 첨부1
  + [9979] ntt=11582 (1569) 망자(체납자)의 상속재산파산 사건이 폐지 될 .. (1) / 답변1 첨부1
  + [9980] ntt=11573 (1568) 창업중소기업 감면에 해당하는지 여부 문의 드립.. (1) / 답변1 첨부1
  + [9981] ntt=11571 (1567) 하도급 건설용역 개인사업자 균등분 과세 질의 (1) / 답변1 첨부1
  + [9982] ntt=11570 (1566) 부동산처분금지가처분 결정으로 인한 재산세 납세.. (1) / 답변1 첨부1
  + [9983] ntt=11569 (1565) 시장정비사업시행자(시장조합)에 대한 취득세 감.. (1) / 답변1 첨부1
  + [9984] ntt=11568 (1564) 지식산업센터 설립자 감면 관련 질의 (3) / 답변3 첨부1
  + [9985] ntt=11566 (1563) 소유권보존등기말소 청구 판결문 취득세 부과관련 (1) / 답변1 첨부1
  + [9986] ntt=11564 (1562) 공유물 분할 취득세 부과 관련 상담 (1) / 답변1 첨부1
  + [9987] ntt=11561 (1561) '종합체육시설이용회원권' 취득세 납세의무 성립.. (1) / 답변1 첨부1
  + [9988] ntt=11553 (1560) 창업 감면 후 설립일로부터  4년 내에 추가 .. (3) / 답변3 첨부1
  + [9989] ntt=11549 (1559) 한국토지주택공사 비과세/감면 여부 질의 (1) / 답변1 첨부1
  + [9990] ntt=11540 (1558) 종교 목적으로 직접 사용하지 아니함에 따른 취.. (1) / 답변1 첨부1
  + [9991] ntt=11531 (1557) 주택건설사업의 직접사용에 따른 중과제외 여부 (1) / 답변1 첨부1
  + [9992] ntt=11530 (1556) 지방소득세 양도소득분 분할 납부 관련 상담 (1) / 답변1 첨부1
  + [9993] ntt=11520 (1555) 연부취득 해당여부 질의 (1) / 답변1
  + [9994] ntt=11516 (1554) 골프장 조성 중인 토지의 재산세 과세 (1) / 답변1 첨부1
  + [9995] ntt=11511 (1553) 재산세 건축물시가표준액 관련 질의 (1) / 답변1 첨부1
  + [9996] ntt=11506 (1552) 취득세 납세의무 성립여부 질의 (1) / 답변1 첨부1
  + [9997] ntt=11505 (1551) 신탁 주택 임대 감면 적용 여부<재질의> (1) / 답변1 첨부1
  + [9998] ntt=11504 (1550) 종교시설 감면(재산세) (1) / 답변1 첨부1
  + [9999] ntt=11501 (1549) 지방소득세(양도소득)관련 문의 (1) / 답변1 첨부1
  + [10000] ntt=11499 (1548) 종교단체의 사업용 부동산 취득 감면 문의 (1) / 답변1 첨부1
  + [10001] ntt=11495 (1547) 사인증여에 의한 취득시기 판결에서 정당한 사유 (1) / 답변1 첨부1
  + [10002] ntt=11494 (1546) 녹색인증 건축물 감면 문의드립니다. (1) / 답변1 첨부1
  + [10003] ntt=11492 (1545) 한정상속으로 인한 상속재산 청산 후 잔여 체납.. (1) / 답변1 첨부1
  + [10004] ntt=11491 (1544) 농업법인 농지취득 감면 후 합의해제 시 (1) / 답변1 첨부1
[page 551 완료] 누적 신규 10004건  (이 게시판 저장 총 16,504건)
  + [10005] ntt=11483 (1543) 현물출자에 따른 법인설립후 자본금 유상감자 (1) / 답변1 첨부1
  + [10006] ntt=11482 (1542) 재산세 유흥주점 중과대상 여부 (1) / 답변1 첨부1
  + [10007] ntt=11479 (1541) 관광단지 사업시행자로부터 취득하는 사업용부동산.. (1) / 답변1 첨부1
  + [10008] ntt=11478 (1540) 아파트 신축에 대한 취득세 납부 시 별도 계약.. (1) / 답변1 첨부1
  + [10009] ntt=11473 (1539) 사권제한토지에 대한 토지분재산세 감면 여부 질.. (1) / 답변1 첨부1
  + [10010] ntt=11467 (1538) 급여 압류, 추심 관련하여 문의드립니다. (1) / 답변1 첨부1
  + [10011] ntt=11466 (1537) 미등기 건물 상속 취득 문의 (1) / 답변1 첨부1
  + [10012] ntt=11460 (1536) 긴급이요) 법정서식과 다른 과세예고 공문 내용.. (1) / 답변1 첨부1
  + [10013] ntt=11458 (1535) 오피스텔 재산세 문의 (1) / 답변1 첨부1
  + [10014] ntt=11454 (1534) 명의신탁 부동산 재산세 납세의무자 질의 (1) / 답변1 첨부1
  + [10015] ntt=11453 (1533) 투자진흥지구 감면 적용 여부 (1) / 답변1 첨부1
  + [10016] ntt=11449 (1532) 압류의 효력에 관한 질의 (1) / 답변1 첨부1
  + [10017] ntt=11446 (1531) 상속 취득세에 대한 채권자대위권 행사 질의 (4) / 답변4 첨부1
  + [10018] ntt=11442 (1530) 농업회사법인이 영농목적 부동산 취득으로 감면받.. (1) / 답변1 첨부1
  + [10019] ntt=11437 (1529) 임대사업자 신탁건에 대한 감면 (1) / 답변1 첨부1
  + [10020] ntt=11431 (1528) 소유권 이전등기가 완료된 후 매매금액 경정 (1) / 답변1 첨부1
  + [10021] ntt=11424 (1527) 징수포상금 지급관련 문의 드립니다. (1) / 답변1 첨부1
  + [10022] ntt=11419 (1526) 숲속야영장 지목변경 취득세 부과 여부 문의입니.. (1) / 답변1 첨부1
  + [10023] ntt=11418 (1525) 명의신탁해지에 대한 취득세 납세의무 해당여부 (1) / 답변1 첨부1
  + [10024] ntt=11417 (1524) 산업단지 감면 적용시 법령 해석 문의 (1) / 답변1 첨부2
  + [10025] ntt=11416 (1523) 주민세(재산분)부과시 은행 무인자동화기기 관련.. (1) / 답변1 첨부1
  + [10026] ntt=11415 (1522) 신탁재산처분에의한 신탁 재산세 납세의무자 문의 (1) / 답변1 첨부1
  + [10027] ntt=11414 (1521) 포괄유증에 대한 문의입니다. (1) / 답변1 첨부1
  + [10028] ntt=11413 (1520) 외투법인감면관련 문의드립니다. (1) / 답변1 첨부1
  + [10029] ntt=11411 (1519) 정보공개 청구 관련 문의 (1) / 답변1 첨부1
  + [10030] ntt=11410 (1518) 대위등기로 인한 취득세 및 재산세 관련 문의(.. (1) / 답변1 첨부1
  + [10031] ntt=11405 (1517) 쇄석기 취득세 과세대상 여부 질의 (1) / 답변1 첨부1
  + [10032] ntt=11404 (1516) 산업단지 부속토지 감면 질의 (1) / 답변1 첨부1
  + [10033] ntt=11403 (1515) 지방세특례제한법 제13조 2항 1의2호 적용가.. (1) / 답변1 첨부1
  + [10034] ntt=11401 (1514) 농지 분리과세 여부 (1) / 답변1 첨부1
[page 552 완료] 누적 신규 10034건  (이 게시판 저장 총 16,534건)
  + [10035] ntt=11394 (1513) 산업단지내 한센인자활 사업장 감면 문의 (1) / 답변1 첨부1
  + [10036] ntt=11385 (1512) 주민세 재산분 사회복지법인 감면문의 (1) / 답변1 첨부1
  + [10037] ntt=11384 (1511) 지방소득세 가산금 문의 (1) / 답변1 첨부1
  + [10038] ntt=11381 (1510) 귀농인이 법인등기부상 대표이사로 등재되어 있을.. (1) / 답변1 첨부1
  + [10039] ntt=11375 (1509) 건축물 취득전 대위등기시 적용세율 (1) / 답변1 첨부1
  + [10040] ntt=11373 (1508) 지방세징수법 제104조 ‘체납처분 중지’와 관.. (1) / 답변1 첨부1
  + [10041] ntt=11370 (1507) 파산 선고자에 대하여 기존에 한 관허사업제한 .. (1) / 답변1 첨부1
  + [10042] ntt=11369 (1506) 시군을 달리하는 교회의 담임목사 사택 감면적용.. (1) / 답변1 첨부1
  + [10043] ntt=11356 (1505) 지원자원시설세 중과여부 (1) / 답변1 첨부1
  + [10044] ntt=11354 (1504) 창업중소 기업 감면 대상으로 볼 수 있는지 여.. (1) / 답변1 첨부2
  + [10045] ntt=11344 (1503) 택지개발사업내 국유지 무상양여취득 과세표준 산.. (1) / 답변1 첨부1
  + [10046] ntt=11339 (1502) 법인지방소득세 무신고가산세 적용대한 문의 (1) / 답변1 첨부1
  + [10047] ntt=11334 (1501) 재산세(건축물) 납세의무자 여부 (1) / 답변1 첨부2
  + [10048] ntt=11332 (1500) 상속 취득세 관련 질의 (1) / 답변1 첨부1
  + [10049] ntt=11329 (1499) 증자로 현물출자시 취득의 시기 및 감면 여부 (1) / 답변1 첨부1
  + [10050] ntt=11325 (1498) 위반건축물을 양성화시키기 위해 철거 후 가설건.. (1) / 답변1 첨부1
  + [10051] ntt=11324 (1497) (수정)파산관재인이 작성한 파산법인의 법인장부.. (1) / 답변1 첨부1
  + [10052] ntt=11322 (1496) 구축물 및 코스의 취득세 과세대상 여부 (1) / 답변1 첨부1
  + [10053] ntt=11320 (1495) 학술연구단체인지 과학기술진흥단체인지 여부 (1) / 답변1 첨부1
  + [10054] ntt=11315 (1494) 상속재산 분할 결정에 따른 재산세 문의 (1) / 답변1 첨부1
  + [10055] ntt=11310 (1493) 쟁점기계장치의 취득세과세대상 여부 (1) / 답변1 첨부1
  + [10056] ntt=11307 (1492) 농촌주택개량사업대상자의 필로티 부분을 따로 과.. (1) / 답변1 첨부1
  + [10057] ntt=11299 (1491) 철골조 온실의 무벽입력여부 (1) / 답변1 첨부1
  + [10058] ntt=11298 (1490) 지방세법 시행령138조제2항2.마 공장면적 1.. (1) / 답변1 첨부1
  + [10059] ntt=11295 (1489) 11층 이상 고층건축물 지역자원시설세 3배 중.. (1) / 답변1 첨부1
  + [10060] ntt=11290 (1488) 파산관재인이 작성한 파산법인의 법인장부를 지방.. (2) / 답변2 첨부1
  + [10061] ntt=11289 (1487) 법인지방소득세 (토지 등 양도소득에 대한 과세.. (1) / 답변1 첨부1
  + [10062] ntt=11285 (1486) 중과 가능한지 문의 드립니다. (1) / 답변1 첨부1
  + [10063] ntt=11283 (1485) 대도시 중과문의 (1) / 답변1 첨부1
  + [10064] ntt=11281 (1484) 지목변경 착공시점 문의드립니다. (1) / 답변1 첨부1
[page 553 완료] 누적 신규 10064건  (이 게시판 저장 총 16,564건)
  + [10065] ntt=11279 (1483) 재산세 분할납부 법령 해석 관련 (1) / 답변1 첨부2
  + [10066] ntt=11266 (1482) 도시환경정비사업조합이 취득하는 부동산에 대한 .. (1) / 답변1 첨부3
  + [10067] ntt=11264 (1481) 상속한정승인에따른 체납처분 가능여부 (1) / 답변1 첨부1
  + [10068] ntt=11255 (1480) 회생채권 신고시 납기전 징수 가능여부 (1) / 답변1 첨부1
  + [10069] ntt=11246 (1479) 원고적격이 있는지 문의 드립니다. (1) / 답변1 첨부1
  + [10070] ntt=11244 (1478) (재산세) 종교용 건물에서 <작은도서관>운영하.. (1) / 답변1 첨부1
  + [10071] ntt=11231 (1477) 지목변경 감면 문의드립니다 (1) / 답변1 첨부1
  + [10072] ntt=11227 (1476) 보조금 등의 과표산입 여부 (1) / 답변1 첨부1
  + [10073] ntt=11223 (1475) 지방소득세 가산세 면제대상 여부 (1) / 답변1
  + [10074] ntt=11218 (1474) 기숙사 재산세 감면 (1) / 답변1 첨부2
  + [10075] ntt=11212 (1473) 부과제척기간이 경과한 물건의 등기 또는 등록 .. (1) / 답변1 첨부1
  + [10076] ntt=11206 (1472) 재산세 종교 감면 적용 가능 여부 (1) / 답변1 첨부1
  + [10077] ntt=11205 (1471) 증여로 무상승계취득한 자의 연부금에 대해 대체.. (1) / 답변1 첨부2
  + [10078] ntt=11202 (1470) 대도시 지점설치관련 문의드립니다. (1) / 답변1 첨부1
  + [10079] ntt=11198 (1469) 묘지 취득시 과세표준 문의 (1) / 답변1 첨부1
  + [10080] ntt=11196 (1468) 개인간 매매거래시 취득일자 판단 (1) / 답변1 첨부1
  + [10081] ntt=11194 (1467) 주민세(재산분) 오염배출사업소 적용대상 여부 .. (1) / 답변1 첨부2
  + [10082] ntt=11192 (1466) 지식산업센터, 녹색인증건축물 감면시 중복감면 .. (1) / 답변1 첨부1
  + [10083] ntt=11172 (1465) 유예기간내에 사용하지 못한 정당한 사유에 해당.. (1) / 답변1 첨부2
  + [10084] ntt=11170 (1464) 소유권이전등기 조정조서 취득시기 문의 (1) / 답변1 첨부1
  + [10085] ntt=11164 (1463) 산지전용관련 지목변경 취득세 질의 (1) / 답변1 첨부1
  + [10086] ntt=11158 (1462) 개량주택사업자에 대한 취득세 감면 (1) / 답변1 첨부1
  + [10087] ntt=11157 (1461) 무상승계취득(증여)자의 연부금 대체취득감면 적.. (1) / 답변1 첨부2
  + [10088] ntt=11151 (1460) 기부채납 투입비용에 대한 취득세 과세표준 적용.. (1) / 답변1 첨부1
  + [10089] ntt=11145 (1459) 연부취득에 대한 대체취득 감면 적용기간 질의 (1) / 답변1 첨부2
  + [10090] ntt=11141 (1458) 지식산업센터 감면 결정 후 4년 후에 창업 감.. (1) / 답변1
  + [10091] ntt=11140 (1457) 재산세 탄력세율 관련입니다. (1) / 답변1 첨부1
  + [10092] ntt=11134 (1456) 공매 미지급 배분금 처리관련 (1) / 답변1 첨부1
  + [10093] ntt=11118 (1455) 무허가건축물의 취득일과 1년이내 시정조치시 비.. (1) / 답변1 첨부1
  + [10094] ntt=11114 (1454) 재산세 과세 자료 요청 (1) / 답변1
[page 554 완료] 누적 신규 10094건  (이 게시판 저장 총 16,594건)
  + [10095] ntt=11112 (1453) 무허가 축사 자경농민 농업용 시설 취득세 감면.. (1) / 답변1 첨부1
  + [10096] ntt=11110 (1452) 의료연구개발기관의 범위에  개인사업자도 포함되.. (1) / 답변1 첨부1
  + [10097] ntt=11107 (1451) 국가유공자 감면 차량 유예요건 기산일 (1) / 답변1 첨부1
  + [10098] ntt=11105 (1450) 전통시장으로 지정된 구역안에 소규모 점포가 3.. (2) / 답변2 첨부1
  + [10099] ntt=11103 (1449) 부담부증여 채무인수액 인정 여부 관련 (1) / 답변1 첨부1
  + [10100] ntt=11100 (1448) 건축물 사용승인전 채권자 대위에 의한 보존등기.. (1) / 답변1 첨부1
  + [10101] ntt=11098 (1447) 버스 주차장 부지 취득 전 발생한 농지보전부담.. (1) / 답변1 첨부1
  + [10102] ntt=11097 (1446) 자경농민 (구)등록세 감면 문의입니다. (1) / 답변1 첨부2
  + [10103] ntt=11094 (1445) 과점주주 및 2차납세 지정여부 (1) / 답변1 첨부1
  + [10104] ntt=11092 (1444) 등기가 완료되었을 때 신고 및 납부기한에 대한.. (1) / 답변1 첨부1
  + [10105] ntt=11089 (1443) 분법전(2011년 이전)부터 연부취득시 구등록.. (1) / 답변1 첨부1
  + [10106] ntt=11087 (1442) 가등기의 본등기로 인한 압류등기말소와 별도의 .. (1) / 답변1 첨부1
  + [10107] ntt=11083 (1441) 상속 취득세 신고시 감정평가액으로 신고한 후 .. (1) / 답변1 첨부1
  + [10108] ntt=11076 (1440) 지방소득세(양도소득분) 납기연장에 대하여 문의.. (1) / 답변1 첨부1
  + [10109] ntt=11072 (1439) 지역자원시설세 중과여부 질의합니다. (1) / 답변1 첨부1
  + [10110] ntt=11070 (1438) 주민세(종업원분) 중소기업 고용지원 공제해당 .. (2) / 답변2 첨부1
  + [10111] ntt=11068 (1437) 창업벤처기업 추징 문의 드립니다 (1) / 답변1 첨부1
  + [10112] ntt=11061 (1436) 무상귀속 예정인 공공시설 용지에 대한 재산세 .. (1) / 답변1 첨부2
  + [10113] ntt=11057 (1435) 민자형 기숙사 재산세 감면문의 (1) / 답변1 첨부2
  + [10114] ntt=11056 (1434) 소송관련 과세자료 요청의 건 (1) / 답변1
  + [10115] ntt=11055 (1433) 이전공공기관 직원 지방이전에 관한 감면 질의 (1) / 답변1 첨부1
  + [10116] ntt=11049 (1432) 종교법인 감면 (1) / 답변1 첨부1
  + [10117] ntt=11043 (1431) 제2차벤처기업확인서에 따른 취득세 감면 여부 (1) / 답변1 첨부1
  + [10118] ntt=11042 (1430) 구 법인세분 소득세의 제척기간 (1) / 답변1 첨부1
  + [10119] ntt=11037 (1429) 산업단지 직접사용아니한 경우 (1) / 답변1 첨부1
  + [10120] ntt=11029 (1428) 주택재개발정비사업조합의 취득세 수정신고관련 문.. (1) / 답변1 첨부1
  + [10121] ntt=11025 (1427) 해상 케이블카 관련 용역 계약금액이 관련 부지.. (1) / 답변1 첨부1
  + [10122] ntt=11024 (1426) 과점주주 및 2차납세 지정여부 (1) / 답변1 첨부1
  + [10123] ntt=11014 (1425) 체납법인 파산선고 후 발생된 재산 체납처분 및.. (1) / 답변1 첨부2
  + [10124] ntt=11001 (1424) 자동차 명의이전이 원인무효인경우 (1) / 답변1 첨부1
[page 555 완료] 누적 신규 10124건  (이 게시판 저장 총 16,624건)
  + [10125] ntt=11000 (1423) 지방세감면(임대주택 최초분양) 대상 여부 (1) / 답변1
  + [10126] ntt=10995 (1422) 공공하수처리 위탁 사업장 주민세 재산분 과세대.. (1) / 답변1 첨부1
  + [10127] ntt=10994 (1421) 임의경매 진행중인 차량에 대한 자동차세 비과세.. (1) / 답변1 첨부1
  + [10128] ntt=10993 (1420) 지역자원시설세 환급요청 (화석연료와 바이오, .. (1) / 답변1 첨부1
  + [10129] ntt=10983 (1419) 과점주주 취득세 과세대상 여부 (1) / 답변1 첨부1
  + [10130] ntt=10980 (1418) 사업양수도(법인전환) 감면 요건 해당 여부 (1) / 답변1 첨부1
  + [10131] ntt=10972 (1417) 회생개시결정문 미수령으로 인한 회생채권 미신고.. (1) / 답변1 첨부1
  + [10132] ntt=10966 (1416) 지식산업감면시 업종 구분 없이 벤처확인서만으로.. (1) / 답변1 첨부1
  + [10133] ntt=10965 (1415) 환지처분 관련 전문가 상담 (1) / 답변1 첨부1
  + [10134] ntt=10964 (1414) 의료법인이 노인복지설을 운영하는 경우 감면대상.. (2) / 답변2 첨부1
  + [10135] ntt=10962 (1413) 부동산투자회사가 신탁하는 경우 재산세 감면 여.. (1) / 답변1 첨부1
  + [10136] ntt=10955 (1412) 법인분할시 취득세 감면여부 (1) / 답변1 첨부1
  + [10137] ntt=10944 (1411) 2차 납세의무 성립문의 (1) / 답변1 첨부1
  + [10138] ntt=10943 (1410) 상호출자제한기업집단 등에 대한 기업부설 연구소.. (1) / 답변1 첨부1
  + [10139] ntt=10937 (1409) 장애인 차량취득세 대체취득감면 관련 질의 (3) / 답변3 첨부1
  + [10140] ntt=10936 (1408) (취득세 관련)법정상속등기 후 유증으로 인한 .. (1) / 답변1 첨부1
  + [10141] ntt=10933 (1407) 환급가산금 적용일자에 대해 질의하려 합니다! (1) / 답변1 첨부1
  + [10142] ntt=10926 (1406) 관내 종교법인 소유의 경내지 판단 문의 (1) / 답변1 첨부1
  + [10143] ntt=10922 (1405) 양도담보 계약의 경우 과점주주 취득세 과세대상.. (1) / 답변1 첨부1
  + [10144] ntt=10920 (1404) 지방세환급금 소멸시효가 경과한 재산세 부과처분.. (1) / 답변1 첨부1
  + [10145] ntt=10919 (1403) 지역농협 소유 건축물을 고유목적 사업에 직접 .. (1) / 답변1 첨부1
  + [10146] ntt=10912 (1402) 농공단지 대체입주 감면 추징 (1) / 답변1 첨부1
  + [10147] ntt=10911 (1401) 환급가산금의 기산일이 언제인지 (1) / 답변1 첨부1
  + [10148] ntt=10910 (1400) 휴지차량에 대한 자동차세 과세여부 (2) / 답변2 첨부1
  + [10149] ntt=10906 (1399) 과점주주 취득세 헤당여부 판단 다시 요청드립니.. (1) / 답변1 첨부1
  + [10150] ntt=10903 (1398) 과점주주 취득세 해당 여부 판단 요청드립니다. (1) / 답변1 첨부1
  + [10151] ntt=10896 (1397) 상속인 사망 후 미신고, 미등기시 재차상속이 .. (1) / 답변1 첨부1
  + [10152] ntt=10892 (1396) 지방세법시행령 제1항3호 건축 중인 건축물의 .. (1) / 답변1 첨부1
  + [10153] ntt=10891 (1395) 지특법 제85조의 2 지자체 출연비율 계산 방.. (1) / 답변1 첨부1
  + [10154] ntt=10871 (1394) 지방세특례제한법 제178조 규정에 대한 질의 (1) / 답변1 첨부1
[page 556 완료] 누적 신규 10154건  (이 게시판 저장 총 16,654건)
  + [10155] ntt=10868 (1393) 경정청구에 따른 환급대상 여부 질의 (1) / 답변1 첨부1
  + [10156] ntt=10863 (1392) 배당이의 청구의 소 관련 질의 (2) / 답변2 첨부2
  + [10157] ntt=10862 (1391) 국가유공자 자동차세 감면에 대한 질의 (1) / 답변1 첨부1
  + [10158] ntt=10859 (1390) 1382번 지특법 제34조 2항 관련에 대한 .. (1) / 답변1 첨부1
  + [10159] ntt=10858 (1389) 지방소득세(특별징수) 징수유예(납기연장) (1) / 답변1 첨부1
  + [10160] ntt=10857 (1388) 1380 보충질문입니다. 조심에서는 다르게 판.. (1) / 답변1
  + [10161] ntt=10854 (1387) 조세심판원 재조사 결정에 따른 부과제척기간 내.. (1) / 답변1 첨부1
  + [10162] ntt=10853 (1386) 지목변경 취득세 과세표준 기준 문의 (1) / 답변1 첨부1
  + [10163] ntt=10852 (1385) 창업중소기업 소사장제 주민세(종업원분) 관련 .. (1) / 답변1 첨부1
  + [10164] ntt=10843 (1384) '신탁재산처분에의한 신탁'의 재산세 납세의무자.. (1) / 답변1 첨부1
  + [10165] ntt=10833 (1383) 개인 회생개시 이후 환급금 충당 관련 문의 (1) / 답변1 첨부1
  + [10166] ntt=10828 (1382) 지특법시행령 제34조 2항 관련 질의 (1) / 답변1 첨부1
  + [10167] ntt=10817 (1381) 과점주주 특수관계인 관련 문의드립니다.~ (1) / 답변1 첨부1
  + [10168] ntt=10815 (1380) 법인간 거래시 계약취소에 의한 취득세 납세의무.. (1) / 답변1 첨부1
  + [10169] ntt=10813 (1379) 부과제척기간 경과 건- 민사소송 판결로 취득세.. (2) / 답변2 첨부1
  + [10170] ntt=10809 (1378) 등록면허세(면허) 공장등록 부과시 연면적의 기.. (1) / 답변1 첨부2
  + [10171] ntt=10806 (1377) 임대주택 재산세 과세구분 (1) / 답변1 첨부1
  + [10172] ntt=10805 (1376) 지식산업센터 감면에 대한 질의 (1) / 답변1 첨부1
  + [10173] ntt=10804 (1375) 지방세특례제한법 제50조제3항 종교단체의 범위 (1) / 답변1 첨부1
  + [10174] ntt=10802 (1374) 개인 회생개시 이후 환급금 충당 관련 문의 (1) / 답변1
  + [10175] ntt=10792 (1373) 장애인차량 추징가능여부 (1) / 답변1 첨부1
  + [10176] ntt=10783 (1372) 재산세 부과제척기간 (2) / 답변2 첨부1
  + [10177] ntt=10777 (1371) 도시철도시설 무상귀속시 취득세 부과여부 문의 (1) / 답변1 첨부1
  + [10178] ntt=10776 (1370) 이주자택지 계약일 권리의무 승계자 대체취득 감.. (1) / 답변1 첨부1
  + [10179] ntt=10772 (1369) LH에서국가식품클러스터 산업단지를 조성하여 분.. (1) / 답변1 첨부1
  + [10180] ntt=10771 (1368) 재산세 납세의무자(미등기 집합건축물의 토지분 .. (1) / 답변1 첨부1
  + [10181] ntt=10766 (1367) 지방공사 감면관련 질의 (1) / 답변1 첨부1
  + [10182] ntt=10748 (1366) 명의신탁주식 화해·인낙조서 판결문 제출시의 효.. (1) / 답변1 첨부1
  + [10183] ntt=10747 (1365) 임대사업자의 임대주택 취득에 대한 취득세 감면 (1) / 답변1 첨부1
  + [10184] ntt=10738 (1364) 부부 일방에게 사업권 전부를 승계한 경우에 “.. (1) / 답변1 첨부2
[page 557 완료] 누적 신규 10184건  (이 게시판 저장 총 16,684건)
  + [10185] ntt=10737 (1363) (1356 추가상담)  소유권이전등기 말소 및.. (2) / 답변2 첨부1
  + [10186] ntt=10730 (1362) (자동차세)자동차등록원부에 개인주민번호인데, .. (1) / 답변1 첨부1
  + [10187] ntt=10729 (1361) 차량 취득세 관련하여 가산세 문의드립니다. (.. (2) / 답변2 첨부1
  + [10188] ntt=10728 (1360) 공실상태의 임대주택용 오피스텔의 재산세 과세구.. (1) / 답변1 첨부1
  + [10189] ntt=10727 (1359) 1358번 추가질의 (2) / 답변2 첨부1
  + [10190] ntt=10725 (1358) 평생교육단체 재산세 감면문의 (1) / 답변1 첨부1
  + [10191] ntt=10714 (1357) 임대주택 취득세 감면 대상 여부 (1) / 답변1 첨부1
  + [10192] ntt=10710 (1356) 판결에 의한 소유권이전등기 시 상속인의 취득세.. (1) / 답변1 첨부1
  + [10193] ntt=10702 (1355) 공동주택 1단지내 일부동 철거시 재산세 토지분.. (1) / 답변1 첨부1
  + [10194] ntt=10698 (1354) 납세의무 성립후 사망시 취득세 부과질의 (1) / 답변1 첨부1
  + [10195] ntt=10696 (1353) 공유물 분할 취득세 문의 (1) / 답변1 첨부1
  + [10196] ntt=10695 (1352) (1351번) 상속 취득세 추가 질문 (2) / 답변2
  + [10197] ntt=10689 (1351) 상속 취득세 관련 문의 (2) / 답변2 첨부1
  + [10198] ntt=10687 (1350) 상속 취득세 이중부과 문의 (4) / 답변4 첨부1
  + [10199] ntt=10682 (1349) (추가질의)1330번에 대한 추가 질의입니다 (1) / 답변1
  + [10200] ntt=10681 (1348) 임시용건축물 비과세 여부 (1) / 답변1 첨부1
  + [10201] ntt=10675 (1347) 사실상 사용일 (1) / 답변1 첨부1
  + [10202] ntt=10667 (1346) 소유권이전등기 판결 취득세 부과 및 취소 (4) / 답변4 첨부1
  + [10203] ntt=10661 (1345) 오피스텔(일반건축물) 임대 감면 적용 여부 (1) / 답변1 첨부1
  + [10204] ntt=10659 (1344) 별도합산과세대상과 분리과세대상이 중복되는 경우 (1) / 답변1 첨부1
  + [10205] ntt=10658 (1343) 재산세 등 과세처분 민사소송에서 취소사유에는 .. (1) / 답변1 첨부1
  + [10206] ntt=10647 (1342) 1325번호 연계 질문 입니다. (1) / 답변1
  + [10207] ntt=10646 (1341) 임대사업자 감면 및 추징대상 여부 (1) / 답변1 첨부1
  + [10208] ntt=10645 (1340) 경락취득을 원시취득으로 볼수 있는지요 (1) / 답변1 첨부1
  + [10209] ntt=10644 (1339) 납세자에게 불합리하게 조례가 개정된 경우  구.. (1) / 답변1 첨부2
  + [10210] ntt=10635 (1338) 2017년 재산세 중과세율로 변경 후 추징 가.. (1) / 답변1 첨부1
  + [10211] ntt=10632 (1337) 지특법 제76조의2항 감면적용에 대하여 문의 .. (1) / 답변1 첨부1
  + [10212] ntt=10622 (1336) 종중 지방소득세 관련 (1) / 답변1 첨부1
  + [10213] ntt=10619 (1335) 임대사업자 등록사항변경에 따른 등록면허세(면허.. (1) / 답변1 첨부1
  + [10214] ntt=10618 (1334) 다가구임대사업자 감면 (1) / 답변1 첨부1
[page 558 완료] 누적 신규 10214건  (이 게시판 저장 총 16,714건)
  + [10215] ntt=10616 (1333) 농어촌 주택개량 감면 적용 (1) / 답변1 첨부1
  + [10216] ntt=10613 (1332) 사실상 현황 지목에 따라 재산세가 과세중인 토.. (1) / 답변1 첨부1
  + [10217] ntt=10612 (1331) 분리과세 농지에 해당되는지 질의 드립니다. (1) / 답변1 첨부1
  + [10218] ntt=10609 (1330) 사업계획승인 전 지역주택조합의 재산세 분리과세.. (1) / 답변1 첨부2
  + [10219] ntt=10607 (1329) 대체물건 취득이 가능한 날 (1) / 답변1 첨부1
  + [10220] ntt=10605 (1328) 병원에서 지방세 감면후 회의실등을 대관하는 경.. (2) / 답변2 첨부1
  + [10221] ntt=10598 (1327) 지특법 제78조제4항 감면적용 등 문의 (1) / 답변1 첨부1
  + [10222] ntt=10595 (1326) 직계존비속간 유상 취득 시, 대가 지급 인정 .. (1) / 답변1 첨부1
  + [10223] ntt=10593 (1325) 지특법 제57조의2 제1항 감면규정 운영에 따.. (1) / 답변1 첨부1
  + [10224] ntt=10590 (1324) 오피스텔 재산세 과세 관련 (1) / 답변1 첨부1
  + [10225] ntt=10577 (1323) 지방세법 107조 2항 2호 관련 질의 입니다.. (1) / 답변1 첨부1
  + [10226] ntt=10576 (1322) 게시번호 1311번에 대한 종교용 부동산 관련.. (1) / 답변1 첨부1
  + [10227] ntt=10569 (1321) 불법건축물 구조지수 적용과 관련하여 (1) / 답변1 첨부2
  + [10228] ntt=10568 (1320) 취득세 감면 이후 타용도 사용에 따른 추징시 .. (1) / 답변1 첨부1
  + [10229] ntt=10565 (1319) 주식회사의 농지취득시 인정여부 및 취득시기? (1) / 답변1 첨부1
  + [10230] ntt=10564 (1318) 지방세특례제한법 제22조 제2항 문의 (1) / 답변1 첨부1
  + [10231] ntt=10563 (1317) 직계존비속간 유상 취득 시, 대가 지급 인정 .. (1) / 답변1 첨부1
  + [10232] ntt=10561 (1316) 2차 납세의무 성립일 문의 (1) / 답변1 첨부1
  + [10233] ntt=10560 (1315) 회생채권 변제금액에 대한 수납취소 및 환급 가.. (1) / 답변1 첨부1
  + [10234] ntt=10557 (1314) 지목변경 취득세 납세의무자 문의 (1) / 답변1 첨부1
  + [10235] ntt=10545 (1313) 임대사업자 감면과 관련하여 (1) / 답변1 첨부1
  + [10236] ntt=10541 (1312) 제척기간 경과된 등록세에 대하여 자경 농민 감.. (1) / 답변1 첨부1
  + [10237] ntt=10538 (1311) 종교용 부동산 관련 질의 올립니다. (1) / 답변1 첨부1
  + [10238] ntt=10536 (1310) 임대주택 재산세 감면 문의 (1) / 답변1 첨부1
  + [10239] ntt=10534 (1309) 주택건설사업 승인 받은 토지의 분리과세 (1) / 답변1 첨부1
  + [10240] ntt=10533 (1308) 6.1.현재 리모델링 중인 종교목적 부동산 감.. (1) / 답변1 첨부1
  + [10241] ntt=10525 (1307) 가등기 물건에 대한 압류의 효력 (1) / 답변1 첨부1
  + [10242] ntt=10520 (1306) 지목변경 취득세 문의 (1) / 답변1 첨부1
  + [10243] ntt=10512 (1305) 사업장 폐업 신고 후 과세기준일 현재 폐업정리.. (2) / 답변2 첨부1
  + [10244] ntt=10510 (1304) 이의신청 판단 및 지방세 환급이 가능한지 여부 (1) / 답변1 첨부1
[page 559 완료] 누적 신규 10244건  (이 게시판 저장 총 16,744건)
  + [10245] ntt=10509 (1303) 개인체납결손이 없는 2차납세의무자가 법률적 납.. (1) / 답변1 첨부1
  + [10246] ntt=10503 (1302) 재산세 관련문의 (1) / 답변1 첨부1
  + [10247] ntt=10501 (1301) 부가가치세 과표산입 여부 (1) / 답변1 첨부1
  + [10248] ntt=10492 (1300) 재질의( 1296, 2018.5.31) 환매취.. (1) / 답변1 첨부1
  + [10249] ntt=10490 (1299) 사전입주로 취득세를 기 납부한 주택의 관계자 .. (1) / 답변1 첨부1
  + [10250] ntt=10488 (1298) 지방세법 제109조에 따른 비과세 여부 (1) / 답변1 첨부1
  + [10251] ntt=10482 (1297) 물적분할(비적격)시 취득세 과세표준 적용방법 (1) / 답변1 첨부1
  + [10252] ntt=10480 (1296) 대위등기한 부동산에 대한 취득세 환급여부 (1) / 답변1 첨부1
  + [10253] ntt=10477 (1295) 환매취득토지 감면후 매각시 취득세 추징 여부 (1) / 답변1 첨부1
  + [10254] ntt=10475 (1294) 농업회사법인이 영농 목적으로 취득한 농지에 대.. (1) / 답변1 첨부1
  + [10255] ntt=10474 (1293) 한국토지주택공사 가 신축하여 공급하는 주택 취.. (1) / 답변1 첨부1
  + [10256] ntt=10471 (1292) 법인의 결손된 과세건에 대해 2차납세의무 지정.. (1) / 답변1 첨부1
  + [10257] ntt=10450 (1291) 위탁관리 부동산투자회사 감면 (1) / 답변1 첨부1
  + [10258] ntt=10446 (1290) 시설의 범위 문의 (1) / 답변1 첨부1
  + [10259] ntt=10441 (1289) 과점주주 명의신탁 관련 소명자료의 인정 범위 .. (1) / 답변1 첨부1
  + [10260] ntt=10432 (1288) 상속 취득신고 관련 가산세 감면 여부 (1) / 답변1 첨부1
  + [10261] ntt=10428 (1287) 주택임대사업자에 대한 취득세 감면 (1) / 답변1 첨부1
  + [10262] ntt=10427 (1286) 담보신탁을 한 신탁회사에서 공매로 처분시 임대.. (1) / 답변1 첨부1
  + [10263] ntt=10426 (1285) 체납독려시 본인 아닌 가족에 독려시 개인정보 .. (1) / 답변1 첨부1
  + [10264] ntt=10416 (1284) 주유기 취득세 부과 여부 (1) / 답변1 첨부1
  + [10265] ntt=10402 (1283) 창업벤처기업 감면 관련(1256관련 재질의) (1) / 답변1 첨부1
  + [10266] ntt=10399 (1282) 사해행위 취소에 의한 재산세 납세의무자? (1) / 답변1 첨부1
  + [10267] ntt=10398 (1281) 공공기록정보 등록 후 보관기간경과(7년)로 인.. (2) / 답변2 첨부1
  + [10268] ntt=10394 (1280) 계속 보유 자동차의 자동차세 장애인 감면 가능.. (2) / 답변2 첨부1
  + [10269] ntt=10389 (1279) 1269(5.24) 주택재개발정비사업조합  납.. (1) / 답변1
  + [10270] ntt=10386 (1278) 총포의 소지허가에 따른 등록면허세(면허)분 납.. (1) / 답변1 첨부1
  + [10271] ntt=10385 (1277) 주민세(종업원분) 사업장 이전관련 질의 (1) / 답변1 첨부2
  + [10272] ntt=10371 (1276) 자경농민 자격 문의 합니다 (1) / 답변1 첨부1
  + [10273] ntt=10361 (1275) 재산세 납세의무자 (1) / 답변1 첨부1
  + [10274] ntt=10360 (1274) 고급오락장 중과세 대상여부 (2) / 답변2 첨부1
[page 560 완료] 누적 신규 10274건  (이 게시판 저장 총 16,774건)
  + [10275] ntt=10359 (1273) 분양아파트 옵션금액 취득세 신고가액 포함 여부.. (1) / 답변1 첨부1
  + [10276] ntt=10358 (1272) 종교목적 재산세 감면 여부 (2) / 답변2 첨부1
  + [10277] ntt=10349 (1271) 유흥주점 영업허가 말소된 사업장에 대한 재산세.. (1) / 답변1 첨부1
  + [10278] ntt=10347 (1270) 창업벤처중소기업 인정여부 상담부탁드립니다. (1) / 답변1 첨부1
  + [10279] ntt=10345 (1269) 주택재개발정비사업조합에서 납부확인서 발급 요청.. (1) / 답변1 첨부2
  + [10280] ntt=10335 (1268) 사망자에 대한 채권(무기명채권)압류 적정여부 .. (1) / 답변1 첨부1
  + [10281] ntt=10333 (1267) 임대주택감면 조항에서 추징이 제외되는 조건 (2) / 답변2 첨부1
  + [10282] ntt=10331 (1266) (구)등록세 감면 적용 여부 문의 (1) / 답변1 첨부1
  + [10283] ntt=10325 (1265) 공시지가 보다 확연히 높은 매매가 취득 지목변.. (1) / 답변1
  + [10284] ntt=10316 (1264) 1253번(2018.5.21) 과점주주 특수관.. (1) / 답변1 첨부1
  + [10285] ntt=10313 (1263) 귀농인 농업외의 산업에 종사 감면여부 (1) / 답변1 첨부1
  + [10286] ntt=10312 (1262) 건물 등을 지어주는 대가로 군유지를 양여 받은.. (1) / 답변1 첨부1
  + [10287] ntt=10302 (1261) 중고자동차 매매업자가 수출업자에게 매각하여 수.. (1) / 답변1 첨부1
  + [10288] ntt=10301 (1260) 가설건축물의 납세의무 (1) / 답변1 첨부1
  + [10289] ntt=10299 (1259) 상속재산의 협의분할 이후 미등기 상태에서 상속.. (1) / 답변1 첨부1
  + [10290] ntt=10288 (1258) 손해배상 관련 문의드립니다. (2) / 답변2 첨부1
  + [10291] ntt=10280 (1257) 질의번호 1219 (2018.05.14.) 재.. (1) / 답변1 첨부1
  + [10292] ntt=10279 (1256) 창업벤처기업 감면에 해당하는지 여부 (1) / 답변1 첨부1
  + [10293] ntt=10276 (1255) 지특법 제74조 3항 관련 중복감면 및 재개발.. (2) / 답변2 첨부1
  + [10294] ntt=10275 (1254) 대지안 공지 보도에 대한 재산세 과세여부 (1) / 답변1 첨부1
  + [10295] ntt=10274 (1253) 과점주주 특수관계인여부 질의 (1) / 답변1 첨부1
  + [10296] ntt=10270 (1252) 대위등기후 화해권고결정에 따른 부동산 공매 및.. (1) / 답변1 첨부1
  + [10297] ntt=10268 (1251) 지역아동센터 감면 문의 (1) / 답변1 첨부1
  + [10298] ntt=10262 (1250) 법인지방소득세 환급 가산금 (1) / 답변1
  + [10299] ntt=10257 (1249) 법인의 과점주주 취득세 납세의무 성립대상에 관.. (1) / 답변1 첨부1
  + [10300] ntt=10252 (1248) 취득세 납세의무자 및 취득시기 (1) / 답변1 첨부1
  + [10301] ntt=10250 (1247) 소유권등록말소 관련 환급문의 (1) / 답변1 첨부1
  + [10302] ntt=10238 (1246) 신축 건축물 취득일(임시사용승인) 이후 발생된.. (1) / 답변1 첨부1
  + [10303] ntt=10236 (1245) 재산세 추징 관련 문의드립니다. (1) / 답변1
  + [10304] ntt=10233 (1244) 직계존비속간의 부동산취득시 세율 문의(친척에게.. (1) / 답변1 첨부1
[page 561 완료] 누적 신규 10304건  (이 게시판 저장 총 16,804건)
  + [10305] ntt=10230 (1243) 임대주택 신축 부속토지의 납부불성실 가산세 기.. (1) / 답변1
  + [10306] ntt=10223 (1242) 주택재개발사업의 재산세 납세의무자 (1) / 답변1 첨부1
  + [10307] ntt=10221 (1241) 등록면허세(면허) 분사기 소지허가 실사용자 변.. (1) / 답변1
  + [10308] ntt=10219 (1240) 등록면허세 등록분 비과세 대상여부 질의 (1) / 답변1 첨부1
  + [10309] ntt=10218 (1239) 생활형 숙박시설에 대한 재산세 주택으로 과세 .. (1) / 답변1 첨부1
  + [10310] ntt=10216 (1238) 채권(신탁수익권) 압류해제 여부 질의 (1) / 답변1 첨부2
  + [10311] ntt=10209 (1237) [긴급]임시사용승인된 공동주택(아파트)단지의 .. (1) / 답변1 첨부1
  + [10312] ntt=10204 (1236) 철거예정인 건축물에 대해 감면을 적용할 수 있.. (1) / 답변1 첨부1
  + [10313] ntt=10203 (1235) 학교법인 교비회계로 처리한 부당이득채권 가압류.. (1) / 답변1 첨부1
  + [10314] ntt=10198 (1234) 내진성능 확보 건축물 감면 대상 여부 (1) / 답변1 첨부1
  + [10315] ntt=10194 (1233) (변경)계약에 의한 연부취득에 해당되는 지 궁.. (1) / 답변1
  + [10316] ntt=10187 (1232) (1232) 재질의 입니다 (1) / 답변1
  + [10317] ntt=10174 (1231) 공유물 연대납세의무 관련 문의 (1) / 답변1 첨부1
  + [10318] ntt=10155 (1230) 임대용 공동주택을 공동명의로 건축하여 일부이전.. (1) / 답변1 첨부1
  + [10319] ntt=10154 (1229) 상속등기되지 않은 차량에 대한 압류 (1) / 답변1 첨부1
  + [10320] ntt=10153 (1228) 불법증축한 부분에 대해 감면을 적용할 수 있는.. (2) / 답변2 첨부1
  + [10321] ntt=10147 (1227) 사업계획승인 전 지역주택조합의 재산세 분리과세.. (1) / 답변1 첨부1
  + [10322] ntt=10145 (1226) 외국에 본점을 둔 법인의 과밀억제권역 내 부동.. (1) / 답변1 첨부1
  + [10323] ntt=10143 (1225) 지방세기본법 기본통칙 47-3 2호 내용에 대.. (1) / 답변1
  + [10324] ntt=10141 (1224) 공유물 분할에 따른 취득세 과새표준 질의 (1) / 답변1 첨부1
  + [10325] ntt=10138 (1223) 강제파산 직전의 영치 및 봉인된 차량을 공매할.. (2) / 답변2 첨부1
  + [10326] ntt=10136 (1222) 사업계획승인 전 지역주택조합의 분리과세 요건 (1) / 답변1 첨부1
  + [10327] ntt=10133 (1221) 지방세특례제한법 제41조1항2호에 대한 질의 (1) / 답변1
  + [10328] ntt=10132 (1220) 임대주택감면에 대한 질의 (1) / 답변1 첨부1
  + [10329] ntt=10129 (1219) 체납자가 보유 한 비상장 장외거래주식의 공매 .. (1) / 답변1 첨부1
  + [10330] ntt=10127 (1218) 이혼 및 재산분할 판결로 강제이전된 차량 자동.. (1) / 답변1 첨부1
  + [10331] ntt=10122 (1217) 신탁재산 압류 관련 문의합니다. (1) / 답변1 첨부1
  + [10332] ntt=10119 (1216) 과점주주 지분 변동에 따른 취득세 부과 관련 (1) / 답변1 첨부1
  + [10333] ntt=10092 (1215) 집합건축물의 지역자원시설세 3배 중과 여부 (1) / 답변1 첨부1
  + [10334] ntt=10081 (1214) 신고만 하고 납부하지 않아 수시부과했을 경우 .. (1) / 답변1 첨부1
[page 562 완료] 누적 신규 10334건  (이 게시판 저장 총 16,834건)
  + [10335] ntt=10076 (1213) 주민세 종업원분 중소기업 고용지원 관련 문의드.. (1) / 답변1 첨부1
  + [10336] ntt=10068 (1212) 지방공사의 고유목적용 부동산 감면 관련 문의드.. (1) / 답변1 첨부1
  + [10337] ntt=10059 (1211) 공유재산 취득에 따른 이자의 취득과표 포함여부 (1) / 답변1 첨부1
  + [10338] ntt=10052 (1210) 신용협동조합 감면된 취득세의 추징 문의 (1) / 답변1 첨부1
  + [10339] ntt=10049 (1209) 과점주주 취득세 신고납부 대상 여부 확인(상담.. (1) / 답변1 첨부1
  + [10340] ntt=10044 (1208) 농업회사법인 감면 추징 문의 (1) / 답변1 첨부1
  + [10341] ntt=10040 (1207) 법인지방소득세 납세지 문의 (1) / 답변1 첨부1
  + [10342] ntt=10030 (1206) 파산선고 전,후 재산세에 대한 재단채권 성립 .. (2) / 답변2 첨부1
  + [10343] ntt=10029 (1205) 기숙사 재산세 세율 적용 (1) / 답변1 첨부1
  + [10344] ntt=10018 (1204) 교환의 과세표준 (1) / 답변1 첨부1
  + [10345] ntt=10012 (1203) 사회복지법인 등 취득세 감면여부 (1) / 답변1 첨부1
  + [10346] ntt=10008 (1202) 1196 재질의 드립니다(미준공 건축물의 취득.. (2) / 답변2
  + [10347] ntt=10007 (1201) 소유권이전등기말소 확정판결에 따른 재산세 부과.. (1) / 답변1 첨부1
  + [10348] ntt=10004 (1200) 상속취득세 환급관련 문의 (1) / 답변1 첨부1
  + [10349] ntt=9983 (1199) 민원인의 제보로 재산세를 추징한 경우 포상금 .. (1) / 답변1 첨부1
  + [10350] ntt=9977 (1198) 분양대행수수료에 관한 문의 (1) / 답변1
  + [10351] ntt=9970 (1197) 체납차량 수의계약 관련 문의 (1) / 답변1 첨부1
  + [10352] ntt=9969 (1196) 판결문에 따른 대지권 지분소유권이전등기 (1) / 답변1 첨부1
  + [10353] ntt=9965 (1195) 주택유상거래세율 적용 대상 문의 (1) / 답변1 첨부1
  + [10354] ntt=9959 (1194) 지역자원시설세 3배중과 여부 (1) / 답변1 첨부1
  + [10355] ntt=9954 (1193) 환매특약부 매매계약으로 이전한 주택의 재산세 .. (1) / 답변1 첨부1
  + [10356] ntt=9936 (1192) 주택재개발조합 비조합원용 토지 취득세 문의 (1) / 답변1 첨부1
  + [10357] ntt=9932 (1191) 물류단지에 대한 토지분재산세 감면대상 해당여부 (1) / 답변1 첨부1
  + [10358] ntt=9925 (1190) 외국인 자경농민 자격을 갖춘 경우 감면을 해줄.. (1) / 답변1 첨부1
  + [10359] ntt=9923 (1189) 지식산업센터 설립자의 토지 경매취득에 대한 취.. (1) / 답변1 첨부1
  + [10360] ntt=9922 (1188) 주택건설사업에 제공되는 토지로 분리과세 대상에.. (1) / 답변1 첨부1
  + [10361] ntt=9917 (1187) 자경농민의 농지취득 감면 시 배우자의 주민등록.. (1) / 답변1 첨부1
  + [10362] ntt=9910 (1186) (1169번 관련)법인 부동산취득세 중과세 과.. (1) / 답변1 첨부1
  + [10363] ntt=9906 (1185) 지방세법시행령 제102조 제6항 제6호 규정에.. (1) / 답변1 첨부1
  + [10364] ntt=9905 (1184) 1181번 재질의합니다. (1) / 답변1 첨부1
[page 563 완료] 누적 신규 10364건  (이 게시판 저장 총 16,864건)
  + [10365] ntt=9901 (1183) 과점주주 판단시 특수관계인중 사용인의 정의 (1) / 답변1
  + [10366] ntt=9897 (1182) 건축물 용도 적용방법 문의 (1) / 답변1 첨부1
  + [10367] ntt=9895 (1181) 취득세 감면 후 유예기간 경과로 자진신고할 때.. (2) / 답변2 첨부1
  + [10368] ntt=9886 (1180) 명의신탁해지를 원인으로 하는 소유권이전등기시 .. (1) / 답변1 첨부1
  + [10369] ntt=9874 (1179) 시효중단사유 발생이후 일부납부한 체납자에 대한.. (1) / 답변1 첨부1
  + [10370] ntt=9864 (1178) 등록사항정정에 따른 토지면적 감소로 재산세 환.. (1) / 답변1
  + [10371] ntt=9858 (1177) 지식산업센터(아파트형공장)내 기숙사 에 대한 .. (1) / 답변1 첨부1
  + [10372] ntt=9854 (1176) 농공단지 대체입주자에 대한 감면 (1) / 답변1 첨부1
  + [10373] ntt=9847 (1175) 전체주택의 취득당시의 가액 산정 사례 (1) / 답변1 첨부2
  + [10374] ntt=9846 (1174) 적용법령(조례) 개정에 따른 감면유지 여부(재.. (1) / 답변1 첨부1
  + [10375] ntt=9844 (1173) 산업단지 감면 경감세율 특례 규정(법률 제12.. (2) / 답변2 첨부1
  + [10376] ntt=9830 (1172) 골프장의 재산세 용도지수 변경등 5년치 소급 .. (1) / 답변1 첨부1
  + [10377] ntt=9812 (1171) 1161번 추가질의드립니다.(현물출자로 취득하.. (1) / 답변1
  + [10378] ntt=9809 (1170) (1159번) 재질의 합니다(급) 과오납 환급.. (2) / 답변2
  + [10379] ntt=9805 (1169) 지방세법제112조 및 지특법 제84조제2항 관.. (1) / 답변1 첨부2
  + [10380] ntt=9798 (1168) 취득세 중과세 과세표준 질의(수정 추가질의) (1) / 답변1 첨부2
  + [10381] ntt=9795 (1167) 대도시내 본점전입(형식적)에 따른 취득세중과 .. (1) / 답변1 첨부1
  + [10382] ntt=9783 (1166) <재산세>재래시장으로 고시된 지역이지만, 현대.. (1) / 답변1 첨부1
  + [10383] ntt=9778 (1165) 농특세 관련 문의합니다 (1) / 답변1 첨부1
  + [10384] ntt=9777 (1164) 한국토지주택공사가 신축한 다가구주택에 대하여 .. (1) / 답변1 첨부1
  + [10385] ntt=9772 (1163) 거주자가 하던 사업을 폐업하지 않은 상태에서 .. (1) / 답변1 첨부1
  + [10386] ntt=9767 (1162) 취득세 과세대상 기계장비(쇄석기)에 해당하는지.. (1) / 답변1 첨부1
  + [10387] ntt=9759 (1161) 자경농민 상속 농지 감면분 추징시 농어촌특별세.. (1) / 답변1 첨부1
  + [10388] ntt=9753 (1160) 현물출자로 취득하는 사업용 고정자산에 대한 취.. (2) / 답변2 첨부2
  + [10389] ntt=9751 (1159) 부과처분취소건에 대하여 새로운 처분을 하는 경.. (1) / 답변1 첨부1
  + [10390] ntt=9745 (1158) 과오납 환급 가산금 기산일 문의 (1) / 답변1 첨부1
  + [10391] ntt=9743 (1157) 재개발 조합원 원조합원 및 승계조합원 소유권 .. (2) / 답변2 첨부1
  + [10392] ntt=9741 (1156) 과세자료 제공 관련 문의드립니다. (2) / 답변2 첨부1
  + [10393] ntt=9740 (1155) 주택재건축조합이 무상으로 양도받은 토지의 취득.. (1) / 답변1 첨부2
  + [10394] ntt=9739 (1154) 신탁재산의 임재사업자 재산세 감면여부 (1) / 답변1 첨부1
[page 564 완료] 누적 신규 10394건  (이 게시판 저장 총 16,894건)
  + [10395] ntt=9738 (1153) 종중소유 임야 재산세 분리과세 문의 (1) / 답변1 첨부1
  + [10396] ntt=9736 (1152) 토지지목변경에 따른 취득세 부과여부 (1) / 답변1 첨부1
  + [10397] ntt=9732 (1151) 무동의계약 보험에 대한 압류의 효력 (1) / 답변1 첨부1
  + [10398] ntt=9718 (1150) 정보공개 청구관련하여, (1) / 답변1 첨부1
  + [10399] ntt=9707 (1149) 부동산 취득 후 계약서상 잔금지급일 이전에 취.. (1) / 답변1 첨부1
  + [10400] ntt=9705 (1148) 취득세 과세대상 기계장비(쇄석기)에 해당하는지.. (1) / 답변1 첨부1
  + [10401] ntt=9691 (1147) 민간소유 토지를 무상임차하여 거주자우선주차장 .. (1) / 답변1 첨부1
  + [10402] ntt=9689 (1146) 지식산업센터(아파트형공장) 감면 문의 (1) / 답변1 첨부1
  + [10403] ntt=9686 (1145) 1구 또는 1동의 공장용건축물이 연면적 15,.. (1) / 답변1 첨부1
  + [10404] ntt=9684 (1144) 건축주 매입임대사업자등록 취득세 감면신청 (1) / 답변1 첨부1
  + [10405] ntt=9683 (1143) 등록면허세 납부불성실 가산세 부과여부 (2) / 답변2 첨부1
  + [10406] ntt=9664 (1142) 매매대금 반환(판결)에 따른 취득세 부과여부 .. (1) / 답변1
  + [10407] ntt=9657 (1141) [추가질문입니다]1135번(건축중인 건축물 관.. (1) / 답변1
  + [10408] ntt=9651 (1140) 상속에 따른 자경농민 감면 가능 여부 (1) / 답변1 첨부1
  + [10409] ntt=9650 (1139) 지특법 제31조 임대주택 취득세 및 재산세 감.. (1) / 답변1 첨부1
  + [10410] ntt=9648 (1138) 11번에 대한 추가 질문 입니다. (1) / 답변1
  + [10411] ntt=9646 (1137) 제2차납세의무자 지정에 관한 질의 (1) / 답변1 첨부1
  + [10412] ntt=9635 (1136) 즉석판매제조 가공업의 한시적 영업신고 수리 면.. (1) / 답변1 첨부1
  + [10413] ntt=9630 (1135) 창업중소기업 감면 임대부분 재산세 추징 문의 (1) / 답변1 첨부1
  + [10414] ntt=9623 (1134) 건축 중인 건축물 관련 문의입니다. (1) / 답변1 첨부1
  + [10415] ntt=9622 (1133) 신축 후 미분양된 주택의 상속1가구1주택 주택.. (1) / 답변1 첨부1
  + [10416] ntt=9619 (1132) 저장탱크 등 취득세 과세대상 시설 해당 여부 (1) / 답변1 첨부2
  + [10417] ntt=9609 (1131) 기업간 합병과정에서 인수 대가로 신주 발행 교.. (1) / 답변1 첨부1
  + [10418] ntt=9608 (1130) 수출말소 등록된 중고건설기계에 대한 취득세 감.. (1) / 답변1 첨부1
  + [10419] ntt=9603 (1129) 추후 직권정정된 토지 공시지가로 추징가능여부 (1) / 답변1 첨부1
  + [10420] ntt=9599 (1128) 재산세 건축물시가표준액계산시 재래시장 용도지수.. (1) / 답변1 첨부1
  + [10421] ntt=9582 (1127) 담임목사 소유 주택부분 감면 문의 (1) / 답변1 첨부1
  + [10422] ntt=9576 (1126) 지방세법 시행령 제102조 제5항 적용 방법 (1) / 답변1 첨부1
  + [10423] ntt=9570 (1125) 가처분 결정으로 소유권 말소 된 취득에 대한 .. (1) / 답변1 첨부1
  + [10424] ntt=9562 (1124) 감면유예기간 연장시 추징기산일 (1) / 답변1 첨부1
[page 565 완료] 누적 신규 10424건  (이 게시판 저장 총 16,924건)
  + [10425] ntt=9561 (1123) 세율특례 및 지특법에 따라 감면 받은 자경농민.. (1) / 답변1 첨부1
  + [10426] ntt=9549 (1122) 산업단지 감면 추징대상 여부 (1) / 답변1 첨부1
  + [10427] ntt=9548 (1121) 도시지역분 환급결정 관련 (1) / 답변1 첨부1
  + [10428] ntt=9545 (1120) 산업단지 등에 대한 감면 해당여부 (1) / 답변1 첨부1
  + [10429] ntt=9541 (1119) 포상금 지급대상 여부 (2) / 답변2 첨부1
  + [10430] ntt=9538 (1118) 학교법인의 수익사업 판단범위 (1) / 답변1 첨부1
  + [10431] ntt=9537 (1117) <수정>지역자원시설세 3배중과 적용범위 판단 (1) / 답변1 첨부1
  + [10432] ntt=9534 (1116) 주식 명의신탁 해지에 따른 과점주주 간주취득세.. (1) / 답변1 첨부1
  + [10433] ntt=9533 (1115) 지역자원시설세 3배중과 적용범위 판단 (1) / 답변1 첨부1
  + [10434] ntt=9532 (1114) 통정허위표시에 의한 무효판결에 따른 재산세 납.. (1) / 답변1 첨부1
  + [10435] ntt=9524 (1113) 자동차세 비과세 적용 가능 여부 상담 신청 (1) / 답변1
  + [10436] ntt=9513 (1112) 특별징수 불성실가산세 (1) / 답변1 첨부1
  + [10437] ntt=9511 (1111) 회생채권 변제계획 불이행에 따른 체납처분에 대.. (1) / 답변1 첨부1
  + [10438] ntt=9508 (1110) 재산압류 가능영부 (1) / 답변1 첨부1
  + [10439] ntt=9506 (1109) 농업법인 취득세 감면분에 대한 추징시 체납처분.. (1) / 답변1 첨부1
  + [10440] ntt=9503 (1108) 종교단체 감면 사후관리 문의 (1) / 답변1 첨부1
  + [10441] ntt=9499 (1107) 종교단체 취득세 추징시 부과제척기간 문의 (1) / 답변1 첨부1
  + [10442] ntt=9478 (1106) 지방세 체납분 중가산금 감액의 범위 (1) / 답변1 첨부1
  + [10443] ntt=9474 (1105) 종교단체 감면 대상 여부 (1) / 답변1 첨부1
  + [10444] ntt=9473 (1104) 취득 횟수 문의(판결) (1) / 답변1 첨부1
  + [10445] ntt=9469 (1103) 선박에 대한 납세지(수상레저기구, 항구가 없는.. (1) / 답변1 첨부1
  + [10446] ntt=9468 (1102) 행정자치부 비과세 회신 내용에 대한 조세심판원.. (1) / 답변1 첨부1
  + [10447] ntt=9454 (1101) 합병법인 중과관련 질의 (1) / 답변1 첨부1
  + [10448] ntt=9451 (1100) 2013년 수용으로 인한 부동산 취득시 취득세.. (1) / 답변1 첨부1
  + [10449] ntt=9446 (1099) 비상장 법인의 특수관계인 해당 여부 (1) / 답변1 첨부1
  + [10450] ntt=9439 (1098) 지방특례제한법 제58조의2  지식산업센터 등 .. (1) / 답변1 첨부1
  + [10451] ntt=9431 (1097) 취득세 경정 신청으로 환급가능 여부 문의 (1) / 답변1 첨부1
  + [10452] ntt=9429 (1096) 상속 1가구 1주택 주택수 범위 (1) / 답변1 첨부1
  + [10453] ntt=9427 (1095) 가산세 적용 문의 (1) / 답변1 첨부1
  + [10454] ntt=9420 (1094) 종업원분 주민세 납세의무관련 (독립된 "사업소.. (1) / 답변1 첨부1
[page 566 완료] 누적 신규 10454건  (이 게시판 저장 총 16,954건)
  + [10455] ntt=9418 (1093) 감면 부동산 취득 후 고유업무용 건축물 신축을.. (1) / 답변1 첨부1
  + [10456] ntt=9390 (1092) 후발적 경정청구 사유에 대한 문의 (1) / 답변1 첨부1
  + [10457] ntt=9386 (1091) 산업단지감면 관련 질의 (1) / 답변1 첨부1
  + [10458] ntt=9375 (1090) 보상금 지급완료된 토지의 소유권 이전 절차 (1) / 답변1 첨부1
  + [10459] ntt=9367 (1089) 일반산업단지 감면 여부 문의 (1) / 답변1 첨부1
  + [10460] ntt=9355 (1088) 회생관련 (1) / 답변1 첨부1
  + [10461] ntt=9347 (1087) 지역자원시설세 중과세 관련 (1) / 답변1 첨부2
  + [10462] ntt=9341 (1086) 직계존비속 매매시 거래내역 인정여부? (1) / 답변1 첨부1
  + [10463] ntt=9339 (1085) 기초자치단체에 귀속 또는 기부채납을 조건으로 .. (1) / 답변1 첨부1
  + [10464] ntt=9329 (1084) 법인지방소득세 환급가산금 기산일 문의 (1) / 답변1 첨부1
  + [10465] ntt=9324 (1083) 일부 납부 후에도 압류해제 유무 (1) / 답변1 첨부1
  + [10466] ntt=9321 (1082) 육교 와 연결된 상가공지를 도로처럼 사용에 대.. (1) / 답변1
  + [10467] ntt=9313 (1081) 지방소득세(특별징수) 납세지 문의 (1) / 답변1 첨부1
  + [10468] ntt=9304 (1080) 도시개발사업구역내 체비지 과세구분 (1) / 답변1 첨부1
  + [10469] ntt=9298 (1079) 감면후 감면 물건 말소시 추징 해당여부 (1) / 답변1 첨부1
  + [10470] ntt=9292 (1078) 기업부설연구소가 본점사무실에 해당되어 중과대상.. (1) / 답변1 첨부1
  + [10471] ntt=9290 (1077) 도시형공장을 경영하는 사업을 중과제외업종으로 .. (1) / 답변1 첨부1
  + [10472] ntt=9285 (1076) 다단계 판매회사의 지역별 교육센터가 사업소 또.. (1) / 답변1 첨부1
  + [10473] ntt=9282 (1075) 건축주 감면 추징시 신고불성실가산세 검토 요청 (1) / 답변1 첨부2
  + [10474] ntt=9281 (1074) 노인복지시설 추징요건 중 정당한 사유에 해당하.. (1) / 답변1 첨부1
  + [10475] ntt=9267 (1073) 기계장비 등록면허세 관련 상담 (2) / 답변2 첨부1
  + [10476] ntt=9254 (1072) 적격합병(스팩합병) 문의 (1) / 답변1 첨부1
  + [10477] ntt=9251 (1071) 종교단체가 취득한 감면 부동산에 대한 추징 관.. (1) / 답변1 첨부1
  + [10478] ntt=9247 (1070) 지방세법 제13조 제2항 및 동법시행령 제26.. (1) / 답변1 첨부1
  + [10479] ntt=9245 (1069) 노인복지시설 감면 관련 문의드립니다. (1) / 답변1 첨부1
  + [10480] ntt=9229 (1068) 법인 중과 관련 상담 드립니다 (1) / 답변1 첨부1
  + [10481] ntt=9228 (1067) 토지취득 간접비용 취득세 및 취득의 시기 (1) / 답변1 첨부1
  + [10482] ntt=9225 (1066) 압류된 차량의 차령초과 자진말소시 지방세징수권.. (2) / 답변2 첨부1
  + [10483] ntt=9213 (1065) 사실혼에 대한 세율특례 적용 관련 질의 (1) / 답변1 첨부1
  + [10484] ntt=9205 (1064) 사회복지법인이 운영하는 카페에 대한 취득세 면.. (1) / 답변1 첨부1
[page 567 완료] 누적 신규 10484건  (이 게시판 저장 총 16,984건)
  + [10485] ntt=9203 (1063) 특수관계인 여부 질문드립니다. (1) / 답변1 첨부1
  + [10486] ntt=9199 (1062) 창업중소기업 감면 관련 질의드립니다. (2) / 답변2 첨부1
  + [10487] ntt=9193 (1061) 증여후 지목변경 (1) / 답변1
  + [10488] ntt=9189 (1060) 주택 유상거래 시 세율적용에 대한 법 문구 해.. (1) / 답변1 첨부1
  + [10489] ntt=9188 (1059) 동일 자치단체 내 귀농감면 가능 여부 문의 (1) / 답변1 첨부1
  + [10490] ntt=9169 (1058) 본점 사무실의 범위 궁금합니다. (1) / 답변1 첨부1
  + [10491] ntt=9167 (1057) 지방세 특례제한법 제31조 제3항과 제32조 .. (1) / 답변1 첨부1
  + [10492] ntt=9165 (1056) 국고보조금이 포함된 차량운반구 과점주주 과세표.. (2) / 답변2 첨부1
  + [10493] ntt=9157 (1055) 신탁재산 취득세 환급관련 문의드립니다. (1) / 답변1 첨부1
  + [10494] ntt=9146 (1054) 회생인가결정일 이후 부과고지된 지방소득세 (1) / 답변1 첨부1
  + [10495] ntt=9144 (1053) 무허가주택 재산세 과세대장 등재 (1) / 답변1 첨부1
  + [10496] ntt=9143 (1052) 압류부동산 공매 추진관련 (1) / 답변1
  + [10497] ntt=9139 (1051) 건축신고사항변경에 따른 등록면허세(면허) 과세 (1) / 답변1 첨부1
  + [10498] ntt=9134 (1050) 공공기록 정보등록 관련 문의드립니다. (1) / 답변1 첨부1
  + [10499] ntt=9131 (1049) 공유물 분할 적용 문의 (2) / 답변2 첨부1
  + [10500] ntt=9127 (1048) 1035번과 관련 추가 질의입니다. (2) / 답변2
  + [10501] ntt=9124 (1047) 멸실인정된 비과세차량의 시효관련입니다. (1) / 답변1 첨부1
  + [10502] ntt=9121 (1046) 조성중인 산업단지내 잔금지급완료된 공장용지 유.. (1) / 답변1 첨부1
  + [10503] ntt=9114 (1045) 상속 취득세 문의드립니다. (1) / 답변1 첨부1
  + [10504] ntt=9111 (1044) 지입차주 위수탁계약명의변경에 따른 취득세 납부.. (1) / 답변1 첨부1
  + [10505] ntt=9103 (1043) 회생 신청한 골프장 회원권 상속 납세의무 (1) / 답변1 첨부1
  + [10506] ntt=9088 (1042) 조심 결정에 의한 재산세(토지) 소급 환급에 .. (1) / 답변1
  + [10507] ntt=9086 (1041) 주민세 종업원분 면세점 판단을 부탁드립니다 (2) / 답변2 첨부1
  + [10508] ntt=9084 (1040) 취득세 문의 (1) / 답변1 첨부1
  + [10509] ntt=9083 (1039) 소멸시효 중단 및 재시작 시점 문의입니다. (1) / 답변1 첨부1
  + [10510] ntt=9082 (1038) 법인 체납자에 대한 2차 납세의무자 지정 가능.. (1) / 답변1 첨부1
  + [10511] ntt=9059 (1037) 주민세 종업원분 공제 관련 (직전년도 종업원수.. (1) / 답변1 첨부1
  + [10512] ntt=9015 (1036) 행정기관의 잘못된 행정처분으로 인한 토지분 재.. (1) / 답변1 첨부1
  + [10513] ntt=9011 (1035) 조성중인 산업단지내 잔금지급완료된 공장용지 유.. (2) / 답변2 첨부1
[page 568 완료] 누적 신규 10513건  (이 게시판 저장 총 17,013건)
  + [10514] ntt=9010 (1034) 선박(고무보트) 취득세 부과요령 (1) / 답변1 첨부2
  + [10515] ntt=9009 (1033) 주택건설사업자가 분양할 목적으로 건축한 공동주.. (1) / 답변1 첨부1
  + [10516] ntt=9003 (1032) 지목변경 토지의 농특세 비과세 여부 (1) / 답변1 첨부1
  + [10517] ntt=8975 (1031) 위법한 부과처분에 대한 지방세환급금 소멸시효 (1) / 답변1 첨부1
  + [10518] ntt=8974 (1030) 학교목적사업 부동산 대상여부 (1) / 답변1 첨부1
  + [10519] ntt=8970 (1029) 학교용 부동산 감면분 추징관련 문의드립니다. (1) / 답변1 첨부1
  + [10520] ntt=8967 (1028) 기업부설연구소 감면 (1) / 답변1
  + [10521] ntt=8965 (1027) 귀농인 감면시 인접 시군구 농지도 가능한지요? (1) / 답변1
  + [10522] ntt=8958 (1026) 공탁금 출급청구권 확인(2018가합166) 관.. (1) / 답변1 첨부1
  + [10523] ntt=8957 (1025) 재축시 감면여부 (1) / 답변1 첨부1
  + [10524] ntt=8933 (1024) 행정청의 변경 승인 지연으로 인한 어린이집 감.. (2) / 답변2 첨부1
  + [10525] ntt=8929 (1023) 감면유예기한을 일정기간 동안 연장하는 내용의 .. (1) / 답변1 첨부1
  + [10526] ntt=8926 (1022) 법인지방소득세 가산세 부과 문의입니다. (1) / 답변1 첨부1
  + [10527] ntt=8901 (1021) ○○지방법원 2017가단10411* 소유권이전.. (1) / 답변1
  + [10528] ntt=8895 (1020) 재산세(토지분) 현황과세 여부 (1) / 답변1 첨부1
  + [10529] ntt=8889 (1019) 종교단체의 신도제공용 묘지취득이 종교행위인지 .. (1) / 답변1 첨부1
  + [10530] ntt=8885 (1018) 신축 건물 명의신탁 취득세 과세 여부 (1) / 답변1 첨부1
  + [10531] ntt=8883 (1017) 법인지방소득세 비영리법인 수익사업 부분 문의합.. (1) / 답변1
  + [10532] ntt=8882 (1016) 국세 선압류 관련 문의드립니다. (1) / 답변1 첨부1
  + [10533] ntt=8854 (1015) 배당이의 소송에 따른 법적 대응 논리 요청 (1) / 답변1 첨부1
  + [10534] ntt=8853 (1014) 겸용사업장 부동산에 대한 재산세 과세 방법 (1) / 답변1 첨부1
  + [10535] ntt=8849 (1013) 제2차납세의무자 지정관련 문의 (1) / 답변1 첨부1
  + [10536] ntt=8835 (1012) 공유수면 매립지 취득세 납세의무자, 과세표준,.. (2) / 답변2 첨부1
  + [10537] ntt=8834 (1011) 양도소득분 지방소득세(상속) 부과 및 독촉고지.. (1) / 답변1 첨부1
  + [10538] ntt=8831 (1010) 산업단지개발 사업시행자 직접 미사용 추징 관련 (1) / 답변1 첨부2
  + [10539] ntt=8828 (1009) 공매 처분시 우선 배분받을수 있는 당해세 인지.. (1) / 답변1 첨부1
  + [10540] ntt=8827 (1008) 다자녀 감면 차량의 취득세 감면 가능 여부 (2) / 답변2 첨부1
  + [10541] ntt=8825 (1007) 학교용 부동산 감면분 추징관련 문의드립니다. (1) / 답변1 첨부1
  + [10542] ntt=8814 (1006) 창업보육센터입주 기업에 대한 등록면허세 중과배.. (1) / 답변1 첨부1
  + [10543] ntt=8811 (1005) 과점주주 과세표준 면세점 적용여부 (1) / 답변1 첨부1
[page 569 완료] 누적 신규 10543건  (이 게시판 저장 총 17,043건)
  + [10544] ntt=8808 (1004) 귀농일 판단기준 (2) / 답변2 첨부1
  + [10545] ntt=8799 (1003) 지방세 환급 양도신청서 상에 신청인은 누구? (3) / 답변3 첨부1
  + [10546] ntt=8786 (1002) 건축물 부속토지 여부 (1) / 답변1 첨부1
  + [10547] ntt=8778 (1001) 회원제 골프장 '퍼팅연습장' 재산세 관련 문의 (1) / 답변1 첨부1
  + [10548] ntt=8763 (1000) 창업중소깅업 감면여부 질의합니다 (1) / 답변1 첨부1
  + [10549] ntt=8762 (999) 취득세 수시분 부과 관련 문의 드립니다. (1) / 답변1
  + [10550] ntt=8759 (998) 당해세가 전소유자의 근저당권보다 후순위인지, .. (1) / 답변1 첨부1
  + [10551] ntt=8756 (997) 재산세 체납도  공유자에게 연대납세의무를 지울.. (1) / 답변1 첨부1
  + [10552] ntt=8747 (996) 기업분할로 인한 재산세 감면 문의 (2) / 답변2 첨부1
  + [10553] ntt=8730 (995) 기부채납 되는 기반시설 설치 공사비용이 공동주.. (1) / 답변1 첨부1
  + [10554] ntt=8729 (994) 창업중소기업 감면 후 건물 일부 면적 철거시 .. (1) / 답변1 첨부1
  + [10555] ntt=8726 (993) 중과 제외 업종과 중과 업종이 겸용될 경우 중.. (1) / 답변1 첨부1
  + [10556] ntt=8722 (992) 지식산업센터 감면 후 기업부설연구소 경정청구 (1) / 답변1 첨부1
  + [10557] ntt=8719 (991) 차량취득세) 대체취득 후 기존차량 60일 이내.. (1) / 답변1 첨부1
  + [10558] ntt=8710 (990) 재산세) 골프장 클럽하우스 내 직원식당 및 기.. (1) / 답변1
  + [10559] ntt=8709 (989) 소유권이전 등기 후 증여계약해제로 인한 소유권.. (1) / 답변1 첨부1
  + [10560] ntt=8708 (988) 지특법 감면 인용 법조항이 삭제 될 경우, 감.. (1) / 답변1 첨부1
  + [10561] ntt=8707 (987) 지특법 제78조 제4항 적용에 대해 문의드립니.. (1) / 답변1 첨부1
  + [10562] ntt=8702 (986) 배우자 및 직계존비속 간 유상거래 문의 (1) / 답변1 첨부1
  + [10563] ntt=8698 (985) 파산관련 채권신고 미신고 시 결손관련 질의 (1) / 답변1 첨부1
  + [10564] ntt=8694 (984) 민원 제보에 따라 재산세를 추징하게 된 경우 .. (1) / 답변1 첨부1
  + [10565] ntt=8692 (983) 지식산업센터감면 받은후 벤처기업집적시설을 설치.. (1) / 답변1 첨부1
  + [10566] ntt=8691 (982) 개인 파산선고 결정에 따른 재산세 납세의무 (1) / 답변1
  + [10567] ntt=8681 (981) 산림경영계획인가 임야 분리과세 여부 (1) / 답변1 첨부1
  + [10568] ntt=8678 (980) 1가구 1주택 문의 (1) / 답변1 첨부1
  + [10569] ntt=8655 (979) 토지보상금 관련 체납처분 질의합니다. (1) / 답변1 첨부1
  + [10570] ntt=8654 (978) 종교단체가 사용하는 부동산 감면여부 (1) / 답변1 첨부1
  + [10571] ntt=8650 (977) 태양광발전시설 취득세 과세대상 여부 및 시가표.. (1) / 답변1 첨부1
  + [10572] ntt=8642 (976) 967번 관련 궁금한 사항입니다. (1) / 답변1
  + [10573] ntt=8641 (975) 압류부동산 공매처분 가능여부(심판청구 진행중).. (1) / 답변1 첨부1
[page 570 완료] 누적 신규 10573건  (이 게시판 저장 총 17,073건)
  + [10574] ntt=8638 (974) 969관련 재질의입니다 (1) / 답변1
  + [10575] ntt=8637 (973) 주민세 종업원분 면세점 판단 관련 (1) / 답변1 첨부1
  + [10576] ntt=8635 (972) 질의번호[968] 재질의 (1) / 답변1
  + [10577] ntt=8634 (971) 966번 관련 하나만 더 궁금합니다. (1) / 답변1
  + [10578] ntt=8630 (970) 산업단지 감면 후 분할·합병을 매각 및 증여로.. (1) / 답변1 첨부1
  + [10579] ntt=8628 (969) 노인복지시설 감면 관련 담보신탁 문의 (1) / 답변1 첨부1
  + [10580] ntt=8624 (968) 창업중소기업 해당여부에 대한 문의입니다 (1) / 답변1 첨부1
  + [10581] ntt=8621 (967) 취득세 과세대상 여부 (1) / 답변1 첨부1
  + [10582] ntt=8616 (966) 문의드립니다. (1) / 답변1 첨부1
  + [10583] ntt=8614 (965) 답변 부탁드립니다. (1) / 답변1 첨부1
  + [10584] ntt=8598 (964) 960번 추가질문드립니다.(지역주택조합 분리와.. (2) / 답변2 첨부1
  + [10585] ntt=8597 (963) 공공임시청사의 노외주차장 편의이용에 대한 재산.. (1) / 답변1 첨부1
  + [10586] ntt=8595 (962) 공공주택임대사업자 임대용 부동산 임대목적물 등.. (1) / 답변1 첨부1
  + [10587] ntt=8585 (961) 골프회원권 유상(매매)취득 미신고자 세무조사 .. (1) / 답변1 첨부1
  + [10588] ntt=8583 (960) 교회소유 10층건물의 일부층 부목사 사택 감면.. (2) / 답변2 첨부1
  + [10589] ntt=8578 (959) 지역주택조합 분리과 공유물 분할 (2) / 답변2 첨부1
  + [10590] ntt=8574 (958) 농지 불법전용하여 대지로 사용하는 경우 지목변.. (1) / 답변1 첨부1
  + [10591] ntt=8572 (957) 지특법 78조 2항 (1) / 답변1 첨부1
  + [10592] ntt=8571 (956) 제2차납세의무자(법인) 회생절차 종결이후 지정.. (2) / 답변2 첨부1
  + [10593] ntt=8563 (955) 도관시설(송유관) 취득세 과세여부 (1) / 답변1 첨부2
  + [10594] ntt=8557 (954) 재질의드립니다. 가등기소유권이전청구권 가처분등.. (1) / 답변1 첨부1
  + [10595] ntt=8553 (953) 지목변경 취득세(자연상승분) 부과여부 (1) / 답변1 첨부1
  + [10596] ntt=8552 (952) 종중재산을 기본재산으로 한 장학 재단법인의 재.. (1) / 답변1 첨부1
  + [10597] ntt=8551 (951) 곤충사육사도 자경농민이 취득하는 농업용시설로 .. (1) / 답변1 첨부1
  + [10598] ntt=8543 (950) 사해행위취소 판결에 의한 소유권 경정시 취득세.. (1) / 답변1 첨부1
  + [10599] ntt=8542 (949) 지형도면이 고시된 철도용지의 지상권에 대한 사.. (1) / 답변1 첨부1
  + [10600] ntt=8541 (948) 재산세 납세의무자 (1) / 답변1 첨부1
  + [10601] ntt=8517 (947) 재산분할로 인한 취득으로 볼 수 있는지 여부 (1) / 답변1 첨부1
  + [10602] ntt=8514 (946) 미등록한 신규차량 개조 후 이전하는 경우 취득.. (2) / 답변2 첨부1
  + [10603] ntt=8510 (945) 관광농원내 체험농장 및 작물재배지가 재산세 분.. (1) / 답변1 첨부1
[page 571 완료] 누적 신규 10603건  (이 게시판 저장 총 17,103건)
  + [10604] ntt=8508 (944) 가등기소유권이전청구권 가처분 등기시 등록면허세.. (1) / 답변1 첨부1
  + [10605] ntt=8498 (943) 1가구1주택 문의 (1) / 답변1 첨부1
  + [10606] ntt=8443 (942) 배분금전의 예탁문의 (2) / 답변2 첨부1
  + [10607] ntt=8441 (941) 신탁재산 압류 및 공매 후 배당금의 범위에 대.. (1) / 답변1 첨부2
  + [10608] ntt=8437 (940) 학교용지 매매로 인한 소유권이전 원인무효판결을.. (1) / 답변1 첨부1
  + [10609] ntt=8436 (939) 기부채납 해당여부(토지소유자와 사업주체가 다른.. (1) / 답변1 첨부1
  + [10610] ntt=8435 (938) 기계장비 취득세 과세대상 여부 문의 (1) / 답변1 첨부1
  + [10611] ntt=8434 (937) 특정 차량의 시가표준액을 민원인에게 알려줄 수.. (1) / 답변1 첨부1
  + [10612] ntt=8431 (936) 제증명 발급 시 신탁재산 수탁자의 위임장 관련.. (1) / 답변1 첨부2
  + [10613] ntt=8427 (935) 대위등기 가능여부 문의 (체납처분) (1) / 답변1 첨부1
  + [10614] ntt=8422 (934) 지특법 제31조(임대주택 등에 대한 감면) 적.. (1) / 답변1
  + [10615] ntt=8413 (933) [지방세징수법 제22조제1항에 따른 납기전 징.. (1) / 답변1 첨부1
  + [10616] ntt=8411 (932) 차량 등록시점 기준으로 다자녀 취득세 감면 적.. (2) / 답변2 첨부1
  + [10617] ntt=8410 (931) 과점주주취득세 질의(특수관계여부) (1) / 답변1 첨부1
  + [10618] ntt=8408 (930) 단독주택 일부 농어촌 민박 사용시 재산세 부과.. (1) / 답변1 첨부2
  + [10619] ntt=8406 (929) 금지사항 말소등기시 등기관의 직권으로 말소하는.. (1) / 답변1 첨부1
  + [10620] ntt=8404 (928) 회원제 골프장의 조경지에 관한 분리과세 여부 (1) / 답변1 첨부1
  + [10621] ntt=8401 (927) 명의신탁 취득세 관련 문의 (2) / 답변2 첨부1
  + [10622] ntt=8380 (926) 도시환경정비사업조합 취득세 질의 (1) / 답변1 첨부1
  + [10623] ntt=8379 (925) 연부취득에 해당하는 지 여부 (1) / 답변1 첨부1
  + [10624] ntt=8374 (924) 토지 지목변경 취득세 과세여부 (1) / 답변1 첨부1
  + [10625] ntt=8372 (923) 주택재건축사업 사용승인후 조합원지위양도시 취득.. (1) / 답변1 첨부1
  + [10626] ntt=8367 (922) 본점과 같은 지역에 지점 설치시 등록면허세 중.. (1) / 답변1 첨부1
  + [10627] ntt=8353 (921) 종중신탁 상속취득세 관련 문의 (2) / 답변2 첨부1
  + [10628] ntt=8352 (920) 부과의 제척기간이 경과되어 초과 환급된 재산세.. (1) / 답변1 첨부2
  + [10629] ntt=8339 (919) 문화재 재산세 감면 문의 (1) / 답변1 첨부1
  + [10630] ntt=8333 (918) 자동차세 상속인지정 과세관련 문의입니다. (1) / 답변1 첨부1
  + [10631] ntt=8332 (917) 지방소득세(법인소득) 세액공제 관련 (1) / 답변1 첨부2
  + [10632] ntt=8325 (916) 지방세 과세예고 통지 규정 (1) / 답변1
  + [10633] ntt=8323 (915) 국세환급금 압류 후 즉시 추심 및 충당에 대한.. (1) / 답변1 첨부1
[page 572 완료] 누적 신규 10633건  (이 게시판 저장 총 17,133건)
  + [10634] ntt=8318 (914) 차량취득세 사업양수도감면  해당여부 (1) / 답변1
  + [10635] ntt=8317 (913) 임대주택 감면시 전용면적 판단 기준 (1) / 답변1 첨부1
  + [10636] ntt=8309 (912) 지목변경 취득세 감면 문의 합니다. (1) / 답변1 첨부1
  + [10637] ntt=8306 (911) 체납자가 보유 한 비상장 장외거래주식의 체납처.. (1) / 답변1 첨부1
  + [10638] ntt=8304 (910) 원인무효 판결로 소유권이전등기말소시 재산세 납.. (1) / 답변1
  + [10639] ntt=8297 (909) 농업용 비닐하우스의 재산세.주민세(제산세분) .. (1) / 답변1 첨부1
  + [10640] ntt=8291 (908) 매도자 사망일과 매수자 취득일(잔금지급일)이 .. (1) / 답변1 첨부1
  + [10641] ntt=8271 (907) 납세보증인에 대한 체납처분 (1) / 답변1 첨부1
  + [10642] ntt=8269 (906) 소유권이전 조건 정기용선 계약 선박의 취득세 .. (1) / 답변1 첨부1
  + [10643] ntt=8267 (905) 과점주주취득세 부과여부(과점주주법인이 합병하였.. (2) / 답변2 첨부1
  + [10644] ntt=8265 (904) 법인의 장부가액 인정여부 (1) / 답변1 첨부1
  + [10645] ntt=8258 (903) 파산선고일 이전 압류부동산 압류해제 여부 문의 (1) / 답변1 첨부1
  + [10646] ntt=8257 (902) 개인 취득세 자진신고시 농지 판단 여부에 대한.. (1) / 답변1 첨부1
  + [10647] ntt=8248 (901) 산업단지 개발사업시행자 재산세 감면기간 (2) / 답변2 첨부1
  + [10648] ntt=8247 (900) 산업단지 감면조항에 대해(지특법 78조3항) (1) / 답변1 첨부1
  + [10649] ntt=8243 (899) 주택세율 적용 (1) / 답변1 첨부1
  + [10650] ntt=8241 (898) 기업부설연구소 지점 중과 문의 (1) / 답변1 첨부1
  + [10651] ntt=8224 (897) 취득세 과세표준 경정청구시 제출한 증빙서류의 .. (1) / 답변1 첨부1
  + [10652] ntt=8217 (896) [취득세] 분양이 아닌 일반 매매 거래에서 권.. (1) / 답변1 첨부1
  + [10653] ntt=8215 (895) 직계존비속 간의 유상거래 및 부담부 증여 관한.. (2) / 답변2 첨부2
  + [10654] ntt=8211 (894) 차량(기계장비) 할부이자 추징 가능 여부 문의 (1) / 답변1
  + [10655] ntt=8190 (893) 892번 관리형토지신탁 수수료 문의 관련 첨부.. (2) / 답변2
  + [10656] ntt=8189 (892) 관리형 토지신탁 수수료의 취득세 과세표준 포함.. (1) / 답변1 첨부1
  + [10657] ntt=8181 (891) 취득세 과세표준에 기부채납금액 포함 여부 (1) / 답변1 첨부1
  + [10658] ntt=8162 (890) 취득세 과세표준 관련 문의 (3) / 답변3 첨부2
  + [10659] ntt=8155 (889) 소액 임차보증금의 범위에 대해서.. (1) / 답변1 첨부1
  + [10660] ntt=8152 (888) 부과제척기간 경과 후 기 납부세액의 감액결정 .. (1) / 답변1
  + [10661] ntt=8138 (887) 공동구매 형식으로 빌트인 가전등을 설치할 경우.. (1) / 답변1 첨부1
  + [10662] ntt=8134 (886) 지특법 제14조2의 감면종료에 따른 농협경제지.. (1) / 답변1 첨부1
  + [10663] ntt=8124 (885) 상속등기 후 상속재산 재분할에 따른 취득세 환.. (1) / 답변1 첨부1
[page 573 완료] 누적 신규 10663건  (이 게시판 저장 총 17,163건)
  + [10664] ntt=8120 (884) 주택의 부속토지 연부취득 시 세율 적용 문의 (1) / 답변1 첨부1
  + [10665] ntt=8108 (883) 취득시효 완성전에 경료된 압류에 대한 압류해제.. (2) / 답변2 첨부1
  + [10666] ntt=8097 (882) 신규 분양 아파트 잔금 완납일과 증여일 같은 .. (1) / 답변1
  + [10667] ntt=8082 (881) 토지수용 에 따른 대체취득 취득세 감면 토지수.. (1) / 답변1 첨부1
  + [10668] ntt=8076 (880) 등록에 대한 등록면허세를 부과여부 ? (1) / 답변1 첨부1
  + [10669] ntt=8065 (879) 취득세 환부가능여부 질의합니다. (2) / 답변2 첨부1
  + [10670] ntt=8064 (878) 임대사업자 법인설립 등록면허세 중과세 여부 (1) / 답변1 첨부1
  + [10671] ntt=8063 (877) 재산세 납세의무자 변경 신청 처리 (3) / 답변3 첨부1
  + [10672] ntt=8046 (876) 차량의 압수 및 몰수 선고가 자동차세 비과세 .. (1) / 답변1 첨부1
  + [10673] ntt=8039 (875) 명의신탁해제 판결 종중 임야 재산세 적용 (3) / 답변3 첨부1
  + [10674] ntt=8033 (874) 산업단지 입주기업의 해당 용도 직접사용 해당 .. (1) / 답변1 첨부1
  + [10675] ntt=8030 (873) 벤처기업집적시설 외 지역으로 본점이전시는 중과.. (1) / 답변1 첨부1
  + [10676] ntt=8028 (872) 직계존비속간 매매 거래 인정 여부 (1) / 답변1 첨부1
  + [10677] ntt=8026 (871) 재산세 비과세 대상 여부 문의 (1) / 답변1 첨부1
  + [10678] ntt=8016 (870) 사업용토지 재산세 별도합산과세대상 여부 (1) / 답변1 첨부1
  + [10679] ntt=8015 (869) 공장신증설중과문의 (1) / 답변1
  + [10680] ntt=8013 (868) 한정승인 지방소득세 과세여부 (1) / 답변1 첨부1
  + [10681] ntt=8000 (867) 원인무효 소유권이전등기 말소 확정판결에 따른 .. (1) / 답변1 첨부1
  + [10682] ntt=7990 (866) 재산세 과세대상 해당여부 (1) / 답변1 첨부1
  + [10683] ntt=7987 (865) 연부취득 취득세율 문의 (1) / 답변1 첨부1
  + [10684] ntt=7981 (864) 토지면적정정에 따른 감소된 토지면적분 에 대한.. (1) / 답변1 첨부1
  + [10685] ntt=7980 (863) 폐업된 사업자번호로 자동차 의무보험가입시 강제.. (1) / 답변1 첨부1
  + [10686] ntt=7959 (862) 미신고 상속부동산 수시분 부과 후 상속신고 할.. (1) / 답변1 첨부1
  + [10687] ntt=7958 (861) 벤처기업집적시설 및 창업보육센타에 입주하는자에.. (1) / 답변1 첨부1
  + [10688] ntt=7956 (860) 창업중소기업 감면 문의 (1) / 답변1 첨부1
  + [10689] ntt=7955 (859) 압류부동산 공매처분 배분에 대한 이의제기 처리 (3) / 답변3
  + [10690] ntt=7950 (858) 농업법인 감면문의입니다 (1) / 답변1 첨부1
  + [10691] ntt=7949 (857) 경정청구 기각건 취득세 부과 취소 가능여부 (1) / 답변1 첨부1
  + [10692] ntt=7944 (856) 재산세 비과세 대상인 도로의 범위 질의드립니다.. (3) / 답변3 첨부1
  + [10693] ntt=7943 (855) 아파트 관리사무소 사업장의 주민세[종업원분] .. (1) / 답변1
[page 574 완료] 누적 신규 10693건  (이 게시판 저장 총 17,193건)
  + [10694] ntt=7942 (854) 청산 법인 채권 변제(우리시 체납액) 문의드립.. (1) / 답변1 첨부1
  + [10695] ntt=7939 (853) 법정지분 상속 등기 후 유증으로 단독등기시 취.. (1) / 답변1 첨부1
  + [10696] ntt=7934 (852) 취득세 부과대상 여부 (1) / 답변1 첨부1
  + [10697] ntt=7929 (851) 차령초과말소의 경우 폐차일 (1) / 답변1
  + [10698] ntt=7922 (850) 게시번호847 국가유공자 감면 관련 추가질문있.. (1) / 답변1 첨부1
  + [10699] ntt=7915 (849) 태양광 발전시설 법인지방소득세 안분대상 해당 .. (1) / 답변1 첨부1
  + [10700] ntt=7911 (848) 건축물대장상 제조업소인 건축물 지역자원시설세 .. (1) / 답변1 첨부1
  + [10701] ntt=7908 (847) 국가유공자 취득세 감면 관련 상담요청합니다 (1) / 답변1
  + [10702] ntt=7905 (846) 체납자료 제공 등의 적법성 여부 (1) / 답변1 첨부1
  + [10703] ntt=7904 (845) 건축신고 변경관련 등록면허세(면허) 과세 (1) / 답변1
  + [10704] ntt=7891 (844) 명의신탁해지를 원인으로 승소판결 후 소유권이전.. (1) / 답변1 첨부1
  + [10705] ntt=7879 (843) 하천점용 갱신시 등록면허세(면허) 과세 여부 (2) / 답변2 첨부1
  + [10706] ntt=7871 (842) 시설종목 미표기가 지역자원시설세 부과처분의 위.. (1) / 답변1 첨부1
  + [10707] ntt=7869 (841) 국가유공자 취득세 환급 가능여부 (1) / 답변1 첨부1
  + [10708] ntt=7867 (840) 도시형공장추가문의드립니다. (1) / 답변1
  + [10709] ntt=7865 (839) 임대용 주택 재산세 감면 문의 (1) / 답변1 첨부1
  + [10710] ntt=7863 (838) 도시형공장문의드립니다. (1) / 답변1
  + [10711] ntt=7861 (837) 직계존비속간의 매매시 유상과표를 어디까지 인정.. (2) / 답변2 첨부1
  + [10712] ntt=7860 (836) 유족연금 압류가능 여부 (1) / 답변1 첨부1
  + [10713] ntt=7854 (835) 등록면허세(면허) 면적 등 증가시 부과 여부 (1) / 답변1
  + [10714] ntt=7841 (834) 부동산 취득후 신탁처리. 그이후 지점설치시 중.. (1) / 답변1 첨부1
  + [10715] ntt=7827 (833) 자동차 공동명의자 소유지분 1% 체납자로 인해.. (2) / 답변2
  + [10716] ntt=7826 (832) 신탁해지시 당해세 해당 여부 질의 (1) / 답변1 첨부1
  + [10717] ntt=7820 (831) 건축물 부속토지에 대한 취득세 과세표준액 산정.. (1) / 답변1 첨부1
  + [10718] ntt=7818 (830) 채무액을 부동산으로 갈음하여 대물변제하는 취득.. (1) / 답변1
  + [10719] ntt=7816 (829) 공장용 건축물의  범위 (공장사무실도 해당되는.. (1) / 답변1 첨부1
  + [10720] ntt=7807 (828) 직계존비속 간의 매매시 소득인정 여부 (1) / 답변1 첨부1
  + [10721] ntt=7805 (827) 하차있는 처분 문의 (1) / 답변1
  + [10722] ntt=7803 (826) 임대주택 감면분 추징 관련 재질의(번호 : 8.. (1) / 답변1
  + [10723] ntt=7802 (825) 준공 후 건축물대장 변경시 취득세 부과 (1) / 답변1 첨부1
[page 575 완료] 누적 신규 10723건  (이 게시판 저장 총 17,223건)
  + [10724] ntt=7801 (824) 합의해제로 소유권 말소한 경우 경감된 취득세 .. (1) / 답변1 첨부1
  + [10725] ntt=7799 (823) 재산세 면제 대상 해당 여부 (청소년단체) (1) / 답변1 첨부1
  + [10726] ntt=7796 (822) 압류한 신탁재산의 신탁해지시 압류 효력 등 질.. (1) / 답변1 첨부1
  + [10727] ntt=7795 (821) 재질의(818) (1) / 답변1
  + [10728] ntt=7789 (820) 임대주택 감면분 추징 관련 (1) / 답변1 첨부1
  + [10729] ntt=7786 (819) 지목변경간주취득세문의드립니다. (1) / 답변1
  + [10730] ntt=7782 (818) 법인의 제2차납세의무자 관련 문의 (1) / 답변1 첨부1
  + [10731] ntt=7780 (817) 재질의(811) (1) / 답변1
  + [10732] ntt=7769 (816) 재산세 가감산특례관련질의 (1) / 답변1
  + [10733] ntt=7764 (815) 파산관재인이 법원의 임의매각 허가에 따라 부동.. (3) / 답변3 첨부1
  + [10734] ntt=7762 (814) 기계장비의 취득세 부과여부 상담 신청 (2) / 답변2 첨부1
  + [10735] ntt=7759 (813) 특수관계인, 과점주주 취득세 관련 (1) / 답변1 첨부1
  + [10736] ntt=7757 (812) 임대사업자 가설건축물 취득세 관련 문의 (1) / 답변1 첨부1
  + [10737] ntt=7755 (811) 취득관련... (1) / 답변1
  + [10738] ntt=7751 (810) 최소납부제 적용관련 문의 (1) / 답변1 첨부1
  + [10739] ntt=7750 (809) 자동차세 세대분리관련 문의드립니다. (1) / 답변1 첨부1
  + [10740] ntt=7746 (808) 805호 추가질문입니다. (1) / 답변1 첨부1
  + [10741] ntt=7744 (807) 불법가설건축물 취득세 부과 (2) / 답변2 첨부1
  + [10742] ntt=7743 (806) 귀농인 감면 후 3년내 매각 추징 관련 여부 (1) / 답변1 첨부1
  + [10743] ntt=7728 (805) 권리의무 승계시 최종 분양자의 취득금액 관련 .. (1) / 답변1 첨부1
  + [10744] ntt=7717 (804) 상담 요청 합니다. (1) / 답변1 첨부1
  + [10745] ntt=7716 (803) 개인명의 종교시설 취득세 감면관련? (2) / 답변2 첨부1
  + [10746] ntt=7715 (802) 취득세(상속)관련질문드립니다 (1) / 답변1
  + [10747] ntt=7708 (801) 지특법 제78조 산업단지 제산세 감면관련 문의.. (2) / 답변2 첨부1
  + [10748] ntt=7695 (800) 이혼으로 인한 재산분할 시 부담부증여 동시적용.. (1) / 답변1 첨부1
  + [10749] ntt=7685 (799) 명의신탁해지되어 복귀한 종중 소유토지 (1) / 답변1 첨부1
  + [10750] ntt=7676 (798) 유리온실 부속토지에 대한 재산세 토지분 과세대.. (1) / 답변1 첨부1
  + [10751] ntt=7672 (797) 시설물 존치 토지 (2) / 답변2 첨부1
  + [10752] ntt=7668 (796) 신탁된 산업단지에 대한 분리과세 가능여부 (2) / 답변2 첨부1
  + [10753] ntt=7659 (795) 분양아파트 보상금관련 취득세 환급가능여부 (1) / 답변1 첨부1
[page 576 완료] 누적 신규 10753건  (이 게시판 저장 총 17,253건)
  + [10754] ntt=7655 (794) 환지처분확정 후 취득세 신고납부관련 (1) / 답변1 첨부1
  + [10755] ntt=7651 (793) 압류부동산 공매처분 배분에 대한 이의제기 처리 (1) / 답변1 첨부1
  + [10756] ntt=7650 (792) 공사비 대가로 대물변제 받은 토지 취득세 과세.. (2) / 답변2 첨부1
  + [10757] ntt=7609 (791) 필로티 계산방법 및 무벽비율 적용 요령 질의 (1) / 답변1 첨부1
  + [10758] ntt=7606 (790) 공개공지를 재산세 감면 해주어야 하는지 (1) / 답변1 첨부1
  + [10759] ntt=7602 (789) 신고가액 과소신고의 이유로 수정신고가 가능한지.. (1) / 답변1 첨부1
  + [10760] ntt=7596 (788) 도시개발구역내 건축중인 토지의 재산세 과세 (1) / 답변1
  + [10761] ntt=7593 (787) 농지, 농업용시설 상속취득 (5) / 답변5 첨부1
  + [10762] ntt=7591 (786) 부담부증여시 채무 부담액 판단. (1) / 답변1 첨부1
  + [10763] ntt=7589 (785) 지점설치 중과 질의 (1) / 답변1 첨부1
  + [10764] ntt=7585 (784) 휴면법인 인수에 따른 중과 적용? (1) / 답변1 첨부1
  + [10765] ntt=7575 (783) 철거예정 공동주택의 시가표준액 계산 (1) / 답변1 첨부1
  + [10766] ntt=7568 (782) 법인의 인적분할 시 보유 면허의 지위승계 문의 (1) / 답변1 첨부1
  + [10767] ntt=7563 (781) 지특법시행령 제34조제2항의 '계약일'의 정의 (1) / 답변1 첨부1
  + [10768] ntt=7562 (780) 지적재조사 사업에 따른 납세의무 관련 질의 (1) / 답변1 첨부1
  + [10769] ntt=7561 (779) 노외주차장으로 중과제외 된 법인이 일부면적을 .. (2) / 답변2 첨부2
  + [10770] ntt=7560 (778) 등록면허세(등록분) 납부하여야 하는지 여부 (2) / 답변2 첨부1
  + [10771] ntt=7548 (777) 상속인이 없을 때의 자동차세 과세여부 질문드립.. (1) / 답변1 첨부1
  + [10772] ntt=7546 (776) 자경농민 추징건입니다. (1) / 답변1
  + [10773] ntt=7542 (775) 송전철탑 취득세 추징관련(과세표준액, 가산세) (1) / 답변1 첨부1
  + [10774] ntt=7536 (774) 미준공 건물 취득시기 (1) / 답변1 첨부1
  + [10775] ntt=7531 (773) 건설자금이자 관련 문의합니다... (1) / 답변1 첨부1
  + [10776] ntt=7528 (772) 종교단체에 대한 취득세 면제 한 후 추징사유에.. (1) / 답변1 첨부1
  + [10777] ntt=7525 (771) 신축 건물 과표 과소신고에 대한 제3자의 민원.. (1) / 답변1 첨부1
  + [10778] ntt=7522 (770) 일회성 등록면허세(건축신고) 관련 변경시 부과.. (1) / 답변1 첨부2
  + [10779] ntt=7520 (769) 연부계약 중 일부가 권리의무승계 되었을 시 취.. (1) / 답변1 첨부1
  + [10780] ntt=7512 (768) 사망자에 대한 부동산압류 효력 발생 및 상속인.. (1) / 답변1 첨부1
  + [10781] ntt=7511 (767) 지방세법 제106조 개정에의한 재산세 중과 여.. (1) / 답변1 첨부1
  + [10782] ntt=7507 (766) 지특법 제90조(마을회등에 의한 감면) (1) / 답변1 첨부1
  + [10783] ntt=7497 (765) 지역자원시설세 중과 대상 해당 여부 (1) / 답변1 첨부1
[page 577 완료] 누적 신규 10783건  (이 게시판 저장 총 17,283건)
  + [10784] ntt=7496 (764) 신탁 미등기 재산의 재산세 납세의무자(사실상의.. (1) / 답변1 첨부1
  + [10785] ntt=7492 (763) 법령상 장애사유가 종교목적에 직접사용하지 못한.. (1) / 답변1 첨부1
  + [10786] ntt=7482 (762) 지역자원시설세 중과 여부(재질의) (1) / 답변1 첨부1
  + [10787] ntt=7474 (761) 등록면허세(등록) 건수를 어떻게 보아야 하는지.. (1) / 답변1 첨부1
  + [10788] ntt=7462 (760) 주민세 재산분 과세대상 (1) / 답변1 첨부1
  + [10789] ntt=7450 (759) 공사비 변경시 경정청구 관련 (1) / 답변1 첨부1
  + [10790] ntt=7445 (758) 85㎡ 이하 국민주택 취득세 신고시 부가세 포.. (1) / 답변1 첨부1
  + [10791] ntt=7442 (757) 법인의 토지수용등으로 인한 대체취득 감면 (1) / 답변1 첨부1
  + [10792] ntt=7439 (756) 재산세 감면 여부 문의 (1) / 답변1 첨부1
  + [10793] ntt=7433 (755) 재산세 면제 대상 해당 여부 (1) / 답변1 첨부1
  + [10794] ntt=7428 (754) 전기자동차에 대한 지방세(자동차세) 감면 사항.. (1) / 답변1 첨부1
  + [10795] ntt=7425 (753) 과점주주 취득세 환급 가능 문의 (1) / 답변1 첨부1
  + [10796] ntt=7422 (752) 취득세과표포함여부 문의 (1) / 답변1 첨부1
  + [10797] ntt=7404 (751) 질의번호 746의 개인회생관련 징수유예에 대한.. (1) / 답변1 첨부2
  + [10798] ntt=7399 (750) 부과제척기간이 지난 상속취득세 과세요령 질의 (2) / 답변2 첨부1
  + [10799] ntt=7395 (749) 증여로 인한 취득세 신고시 신고가액에 대하여 .. (1) / 답변1 첨부1
  + [10800] ntt=7394 (748) 지목변경 취득일 문의 (1) / 답변1 첨부2
  + [10801] ntt=7389 (747) 과세자료 요청시 법조항 근거 문의 (1) / 답변1 첨부1
  + [10802] ntt=7385 (746) 개인회생관련 징수유예 및 면책, 징수권실권에 .. (1) / 답변1 첨부1
  + [10803] ntt=7377 (745) 재산세 납세의무자 질의 (1) / 답변1 첨부1
  + [10804] ntt=7375 (744) 과세요건 충족에 대한 질의 (1) / 답변1 첨부1
  + [10805] ntt=7373 (743) 자경농민 50% 감면받은 농지를 배우자가 증여.. (1) / 답변1 첨부1
  + [10806] ntt=7367 (742) 구,등록세 적용 관련 질의 (1) / 답변1 첨부1
  + [10807] ntt=7362 (741) 귀농인 감면 대상인지 여부 판단 요청 (1) / 답변1 첨부1
  + [10808] ntt=7361 (740) 과세자료 제공 가능 여부 (1) / 답변1 첨부1
  + [10809] ntt=7357 (739) 도시개발지구내 체비지인 학교용지의 재산세 과세.. (2) / 답변2
  + [10810] ntt=7350 (738) 등록면허세(등록)납세의무자 여부 (1) / 답변1 첨부1
  + [10811] ntt=7347 (737) 지역자원시설세 중과 여부 (1) / 답변1 첨부1
  + [10812] ntt=7341 (736) 도시개발지구내 체비지인 공동주택용지의 과세문의 (1) / 답변1 첨부1
  + [10813] ntt=7335 (735) 1건의 매매계약으로 공동주택 취득하면서 임대사.. (1) / 답변1 첨부2
[page 578 완료] 누적 신규 10813건  (이 게시판 저장 총 17,313건)
  + [10814] ntt=7334 (734) 증여취득시 감정평가서로 신고시에  인정여부가 .. (1) / 답변1 첨부2
  + [10815] ntt=7324 (733) 추가 질의:소유권보존등기 불가 임야 상속 취득.. (1) / 답변1 첨부2
  + [10816] ntt=7312 (732) 체납자의 임대보증금 추심에 관하여 (1) / 답변1 첨부1
  + [10817] ntt=7307 (731) 창업중소기업 감면 추징대상 여부(자동차제조업) (1) / 답변1 첨부1
  + [10818] ntt=7296 (730) 농협의 고유업무 미사용 추징 대상 (1) / 답변1 첨부1
  + [10819] ntt=7290 (729) 부동산 초과 압류에 해당 여부 (1) / 답변1 첨부1
  + [10820] ntt=7287 (728) 농어업인 융자 관련 등록면허세 감면 해당 여부.. (1) / 답변1 첨부1
  + [10821] ntt=7284 (727) 소유권보존등기를 할 수 없고 임야대장만 존재하.. (1) / 답변1 첨부1
  + [10822] ntt=7280 (726) 추가 세무조사 근거 및 대도시 중과 (1) / 답변1 첨부2
  + [10823] ntt=7275 (725) 미준공 건축물의 등기시 재산세 납세의무 성립여.. (1) / 답변1 첨부1
  + [10824] ntt=7272 (724) 농업법인의 취득세 감면 해당여부 (1) / 답변1 첨부1
  + [10825] ntt=7270 (723) 귀농인 감면으로 농지 취득후 2년안에 자치단체.. (1) / 답변1 첨부1
  + [10826] ntt=7265 (722) 시설물(저장시설)취득세 과세대상 여부 (1) / 답변1 첨부1
  + [10827] ntt=7257 (721) 부동산실거래 신고후 계약해제에 대한 취득세 재.. (1) / 답변1 첨부1
  + [10828] ntt=7254 (720) 부담부증여 과표? (1) / 답변1 첨부1
  + [10829] ntt=7248 (719) 한정승인상속의 경우 대포차량의 과세여부 (1) / 답변1 첨부1
  + [10830] ntt=7246 (718) 지특법 제73조 대체취득에 대한 감면 중 보상.. (1) / 답변1 첨부1
  + [10831] ntt=7239 (717) 창업중소기업감면 문의드립니다 (1) / 답변1 첨부1
  + [10832] ntt=7235 (716) 증여 후 매매로 계약내용을 바꾸는 경우 취득세.. (1) / 답변1 첨부1
  + [10833] ntt=7233 (715) 취득세 과세대상 문의(수정) (1) / 답변1 첨부1
  + [10834] ntt=7210 (714) 목사 개인명의로 등기한  건축물에 대한 재산세 (1) / 답변1 첨부1
  + [10835] ntt=7195 (713) 사용승인일 이후 발생한 학교용지부담금 취득과표.. (1) / 답변1 첨부1
  + [10836] ntt=7177 (712) 임시사용승인 공동주택을 분양받는 자의  취득세.. (1) / 답변1 첨부1
  + [10837] ntt=7176 (711) 판매시설의 지역자원시설세 중과 해당 여부 (1) / 답변1 첨부1
  + [10838] ntt=7175 (710) 종교단체의 종교목적으로 사용하지 못한 정당한 .. (1) / 답변1 첨부1
  + [10839] ntt=7173 (709) 지방세환급금 소멸시효 관련 (2) / 답변2 첨부1
  + [10840] ntt=7161 (708) 경정청구와 환급금청구 소멸시효의 예외 (1) / 답변1 첨부1
  + [10841] ntt=7145 (707) 상속 시 취득시기 관련 문의 (1) / 답변1 첨부2
  + [10842] ntt=7143 (706) 신탁재산에 대한 상속 취득 성립 여부 (1) / 답변1 첨부1
  + [10843] ntt=7114 (705) 청산종결간주 법인에 대한 채권자대위권 행사 및.. (2) / 답변2 첨부2
[page 579 완료] 누적 신규 10843건  (이 게시판 저장 총 17,343건)
  + [10844] ntt=7107 (704) 토지 취득과표 답변에 대한 재문의 드립니다 (1) / 답변1 첨부1
  + [10845] ntt=7104 (703) 취득세 과세대상 문의 (1) / 답변1 첨부1
  + [10846] ntt=7103 (702) 기업합병 및 법인분할 추징대상 여부 질의 (1) / 답변1 첨부1
  + [10847] ntt=7101 (701) 노인복지시설 감면 받은 후 2년 이내 건물 일.. (1) / 답변1 첨부1
  + [10848] ntt=7092 (700) 자동차세 환급관련 (2) / 답변2 첨부1
  + [10849] ntt=7070 (699) 농공단지내 대체입주자 감면 해당 여부 문의드립.. (1) / 답변1 첨부1
  + [10850] ntt=7069 (698) 조직변경에 따른 취득세 문의 드립니다 (1) / 답변1 첨부1
  + [10851] ntt=7064 (697) 토지 취득과표 재문의 (2) / 답변2 첨부1
  + [10852] ntt=7045 (696) 이행인수채권압류관련(2) (1) / 답변1 첨부1
  + [10853] ntt=7037 (695) 장애인 감면 차량 취득세 추징대상 여부 (2) / 답변2 첨부1
  + [10854] ntt=7033 (694) 토지 취득과표 문의 (1) / 답변1 첨부1
  + [10855] ntt=7019 (693) 종교단체가 유예기간내 소속재단으로 증여시 추징.. (1) / 답변1 첨부1
  + [10856] ntt=7016 (692) 기계장비(콘크리트뱃칭플랜트)의 취득에 따른 취.. (2) / 답변2 첨부1
  + [10857] ntt=7015 (691) 제주투자진흥지구 감면대상 관련 재문의 드립니다 (1) / 답변1 첨부1
  + [10858] ntt=7010 (690) 직계존비속의 부동산 취득 관련 질의 (1) / 답변1 첨부1
  + [10859] ntt=7009 (689) 임대주택건설사업자 취득세 감면후 근생부분 감면.. (1) / 답변1 첨부1
  + [10860] ntt=7001 (688) 재산세 관련 문의 (1) / 답변1 첨부1
  + [10861] ntt=6997 (687) 이행인수채권압류 및 민사소송제기에 대한 질의 (1) / 답변1 첨부1
  + [10862] ntt=6996 (686) 재산세 관련 문의 (2) / 답변2 첨부1
  + [10863] ntt=6994 (685) 농업법인의 영농 등 직접 사용하는 부동산의 범.. (1) / 답변1 첨부1
  + [10864] ntt=6991 (684) 조세심판원 심판결정에 의한 재산세(토지) 소급.. (2) / 답변2 첨부1
  + [10865] ntt=6990 (683) 상속재산분할청구소송으로 인한 상속재산 재분할협.. (1) / 답변1 첨부1
  + [10866] ntt=6989 (682) 상속재산 재분할에 따른 취득세 환급가능 여부 (2) / 답변2 첨부1
  + [10867] ntt=6966 (681) 장애인차량 공동명의 등록전환 후 1년이내 매각.. (2) / 답변2 첨부1
  + [10868] ntt=6964 (680) 무허가 주택의 1가구 1주택 주택수 포함 여부 (1) / 답변1 첨부1
  + [10869] ntt=6960 (679) 지방공사 고유업무 직접사용 부동산의 취득으로 .. (1) / 답변1 첨부1
  + [10870] ntt=6956 (678) 구)재산세대장의 소유권변동 이력을 취득으로 볼.. (1) / 답변1 첨부2
  + [10871] ntt=6949 (677) 공유물분할 판결 후 일부 번지만 공유물분할 등.. (1) / 답변1 첨부1
  + [10872] ntt=6948 (676) 유류분반환에 따른 취득세 부과방법 (2) / 답변2 첨부1
  + [10873] ntt=6946 (675) 667번과 관련하여 추가 질의 드립니다. (1) / 답변1 첨부1
[page 580 완료] 누적 신규 10873건  (이 게시판 저장 총 17,373건)
  + [10874] ntt=6941 (674) 구조변경 자동차세 과세 질문드립니다. (1) / 답변1 첨부1
  + [10875] ntt=6939 (673) 자경농민의 농지 등에 대한 감면 (1) / 답변1 첨부1
  + [10876] ntt=6938 (672) 제주투자진흥지구 입주기업이 신탁자산등기하는 경.. (1) / 답변1
  + [10877] ntt=6936 (671) 택지개발지구내 지목변경취득세 감면 질의 (1) / 답변1 첨부1
  + [10878] ntt=6935 (670) 문서보존기간이 지나 송달입증을 하지 못하는 경.. (2) / 답변2 첨부1
  + [10879] ntt=6921 (669) 미등기 건축물에 대한 취득세 및 재산세 납세의.. (1) / 답변1 첨부2
  + [10880] ntt=6916 (668) 665번 추가문의 드립니다. (1) / 답변1 첨부1
  + [10881] ntt=6915 (667) 저온저장고(가설건축물) 취득세 과세표준액 질의 (1) / 답변1 첨부1
  + [10882] ntt=6903 (666) 신탁의 종류에 따른 취득세 과세표준 포함여부 .. (1) / 답변1 첨부1
  + [10883] ntt=6902 (665) 차량공매 배분순위 관련 문의드립니다. (2) / 답변2 첨부1
  + [10884] ntt=6894 (664) 양도담보권 실행 및 채권.채무 상계시 취득세 .. (1) / 답변1 첨부1
  + [10885] ntt=6891 (663) 국가 등에 귀속 또는 기부채납을 조건으로 취득.. (1) / 답변1 첨부1
  + [10886] ntt=6888 (662) 659번 질의 관련 추가 질의드립니다. (1) / 답변1 첨부1
  + [10887] ntt=6882 (661) 사회복지법인에 대한 등록면허세(면허분)감면 문.. (1) / 답변1 첨부1
  + [10888] ntt=6878 (660) 지방소득세 특별징수분(근로소득분) 납세지 (1) / 답변1 첨부1
  + [10889] ntt=6866 (659) 박물관(수족관) 위반건축물 취득세 감면여부 질.. (1) / 답변1 첨부1
  + [10890] ntt=6863 (658) 재건축조합 사업부지 내 무상양여 토지 취득세 .. (1) / 답변1 첨부1
  + [10891] ntt=6860 (657) 전통종교인 무교신당에 대하여 주민세 균등분을 .. (1) / 답변1 첨부1
  + [10892] ntt=6847 (656) 어린이집 취득 후 2년 이내 유치원으로 인가 .. (1) / 답변1 첨부1
  + [10893] ntt=6837 (655) 법인주주간 특수관계인 해당 여부에 대한 질의 (1) / 답변1 첨부1
  + [10894] ntt=6834 (654) 신탁부동산 압류해제 문의 (1) / 답변1 첨부1
  + [10895] ntt=6830 (653) 환지등기 관련 질의합니다. (1) / 답변1 첨부1
  + [10896] ntt=6822 (652) 652번 질의 관련 첨부문서 더합니다. (1) / 답변1
  + [10897] ntt=6821 (651) 주식취득에 따른 간주취득세 취득일 문의 (1) / 답변1 첨부1
  + [10898] ntt=6814 (650) 부과처분 취소 가능여부 (1) / 답변1 첨부1
  + [10899] ntt=6806 (649) 폐업법인 주민세 환급 문의입니다. (1) / 답변1 첨부1
  + [10900] ntt=6802 (648) 종교시설 운영하는 유료 봉안당을 종교시설로 보.. (1) / 답변1 첨부1
  + [10901] ntt=6791 (647) 어린이집 공유물 분할시 감면여부 (1) / 답변1 첨부1
  + [10902] ntt=6788 (646) 개인사업자의 현물출자를 통한 법인전환 관련 취.. (1) / 답변1 첨부1
  + [10903] ntt=6786 (645) 중과세되는 골프장용 건축물에 해당되는지 여부 (1) / 답변1 첨부1
[page 581 완료] 누적 신규 10903건  (이 게시판 저장 총 17,403건)
  + [10904] ntt=6784 (644) 골프장의 골프카트 보관 장소로 사용하는 건축물.. (1) / 답변1 첨부1
  + [10905] ntt=6779 (643) 사권제한 감면 토지 해당여부 (1) / 답변1 첨부1
  + [10906] ntt=6778 (642) 골프장 시가표준액 조정기준 적용 관련 (1) / 답변1 첨부1
  + [10907] ntt=6775 (641) 사회복지법인 감면에 대한 질의 (3) / 답변3 첨부1
  + [10908] ntt=6773 (640) 수상레저기구의 재산세 납세지관련 질의 (1) / 답변1 첨부1
  + [10909] ntt=6764 (639) 창업중소기업 감면 추징문의 (1) / 답변1 첨부1
  + [10910] ntt=6763 (638) 제주투자진흥지구 운영지침 변경에 따른 지방세 .. (1) / 답변1
  + [10911] ntt=6755 (637) 종교단체에서 취득한 어린이집 취득세 감면 추징.. (1) / 답변1 첨부1
  + [10912] ntt=6730 (636) 재산분 주민세의 비과세대상 범위(공해방지시설,.. (1) / 답변1 첨부1
  + [10913] ntt=6724 (635) 장기방치 폐가를 취득 후 즉시 철거하고 건축허.. (2) / 답변2 첨부1
  + [10914] ntt=6723 (634) 2017.9.29 접수번호 622번 관련 재질.. (1) / 답변1 첨부1
  + [10915] ntt=6709 (633) 매수, 수용, 철거 확인서의 보상금 범위 건 (1) / 답변1 첨부1
  + [10916] ntt=6692 (632) 철거예정인 건물과 토지를 함께 취득 시 기존 .. (2) / 답변2 첨부1
  + [10917] ntt=6684 (631) 무상취득시 감정평가액으로 취득세를 재신고 납부.. (1) / 답변1 첨부1
  + [10918] ntt=6679 (630) 615에 대한 재질의 (1) / 답변1
  + [10919] ntt=6676 (629) 주민세 종업원분 감면대상 사업소 관련 문의 (1) / 답변1 첨부1
  + [10920] ntt=6645 (628) 기업부설연구소용 부동산 감면대상 해당여부 (1) / 답변1 첨부1
  + [10921] ntt=6640 (627) 주민세(개인사업장균등분) 부과기준에 대한 질의 (1) / 답변1 첨부1
  + [10922] ntt=6639 (626) 소프트웨어사업(중과제외 업종) 해당여부 (1) / 답변1 첨부1
  + [10923] ntt=6635 (625) 종교단체 등에 대한 취득세 감면여부 문의 (1) / 답변1 첨부1
  + [10924] ntt=6634 (624) 기한후 신고 관련 문의(지방소득세) (1) / 답변1 첨부1
  + [10925] ntt=6626 (623) 화재발생후 미철거된 상가빌딩 일부층에 대한 재.. (1) / 답변1 첨부1
  + [10926] ntt=6625 (622) 한정후견개시일에 피한정후견인의 부동산 증여계약.. (1) / 답변1 첨부1
  + [10927] ntt=6624 (621) 노인복지시설에 대한 감면 문의 (1) / 답변1 첨부1
  + [10928] ntt=6618 (620) 「지방세법」제107조 제 2항 재산세 납세의무.. (1) / 답변1 첨부1
  + [10929] ntt=6606 (619) 압류 재산을 압류해지전에 압류권자에 무상증여 .. (1) / 답변1 첨부1
  + [10930] ntt=6599 (618) 직계존비속간의 매매시 매매대금 입증 방법 (1) / 답변1 첨부1
  + [10931] ntt=6595 (617) 개발제한구역내 축사부속토지(목장용지) 재산세(.. (1) / 답변1 첨부1
  + [10932] ntt=6594 (616) 사실상 지점 해당 여부에 대해 문의 드립니다. (1) / 답변1 첨부1
  + [10933] ntt=6586 (615) 농협로컬푸드매장 취득세 감면? (1) / 답변1 첨부1
[page 582 완료] 누적 신규 10933건  (이 게시판 저장 총 17,433건)
  + [10934] ntt=6580 (614) 주택 임대사업자 등록면허세(면허) 관련 문의입.. (1) / 답변1 첨부1
  + [10935] ntt=6577 (613) 정당한사유에 해당여부 (1) / 답변1 첨부1
  + [10936] ntt=6576 (612) 2개의 사업장이 동일 장소에서 사업이 이루어지.. (1) / 답변1 첨부2
  + [10937] ntt=6573 (611) 종교단체 재산세 감면 질문드립니다 (1) / 답변1 첨부1
  + [10938] ntt=6565 (610) 취득세 신고대상 여부 및 과표 및 세율 적용 .. (1) / 답변1 첨부1
  + [10939] ntt=6556 (609) 창업중소기업 업종 해당여부 질의 (1) / 답변1 첨부1
  + [10940] ntt=6553 (608) 한국도로공사 지사사무실 등 건축물 비과세 여부 (1) / 답변1 첨부1
  + [10941] ntt=6551 (607) 주식 명의신탁 해지로 인한 과점주주 취득세 과.. (1) / 답변1 첨부1
  + [10942] ntt=6548 (606) 전업농어가창고 재산세(건축물) 부과시 용도코드.. (1) / 답변1 첨부1
  + [10943] ntt=6546 (605) “바이오중유” 의 지역자원시설세[화력분] 과세.. (1) / 답변1 첨부1
  + [10944] ntt=6545 (604) 사실상 지점으로 볼수 있는지에 대해 문의드립니.. (1) / 답변1 첨부1
  + [10945] ntt=6536 (603) 지방공사의 공급목적의 토지 분리과세 적용 여부 (1) / 답변1 첨부1
  + [10946] ntt=6521 (602) 재산세 부과대상 토지의 과세구분 질의 (1) / 답변1 첨부1
  + [10947] ntt=6520 (601) 「지방세법」제109조 국가기관이 공공용으로 사.. (1) / 답변1 첨부1
  + [10948] ntt=6517 (600) 정비구역내 현황 도로 비과세 적용 여부 (1) / 답변1 첨부1
  + [10949] ntt=6512 (599) 국세소송 승소로 인한 지방소득세 환급 발생 시.. (2) / 답변2 첨부1
  + [10950] ntt=6507 (598) 취득세 취득시기 문의 (1) / 답변1 첨부1
  + [10951] ntt=6499 (597) 서울주택도시공사(SH공사)의 간주취득세 경정청.. (1) / 답변1 첨부1
  + [10952] ntt=6498 (596) 대학교 통학로 개설을 위해 취득한 부동산에 대.. (1) / 답변1 첨부1
  + [10953] ntt=6491 (595) 위탁법인의 법인회생 채권신고시 수탁재산 의 체.. (2) / 답변2 첨부1
  + [10954] ntt=6489 (594) 사실상 멸실 차량 감액 기준일 질문드립니다. (1) / 답변1 첨부1
  + [10955] ntt=6486 (593) 취득세 납세의무자에 대한 문의 (1) / 답변1 첨부1
  + [10956] ntt=6485 (592) 유치원 부지 재산세 감면 여부 (1) / 답변1 첨부1
  + [10957] ntt=6483 (591) 토지분 재산세 분리과세 대상여부 (1) / 답변1 첨부1
  + [10958] ntt=6480 (590) 정부지원금 대물변제 취득세 과세표준 제외여부 (1) / 답변1 첨부1
  + [10959] ntt=6472 (589) 국립공원내 임야에 대한 과세 적법 여부 판단 (1) / 답변1 첨부1
  + [10960] ntt=6470 (588) 기업부설연구소용 토지 매매계약 체결후 관련 규.. (1) / 답변1 첨부1
  + [10961] ntt=6459 (587) 자치단체에 토지 매각후 부동산  취득시 감면 (1) / 답변1 첨부1
  + [10962] ntt=6458 (586) 지방소비세 안분 관련 (1) / 답변1 첨부2
  + [10963] ntt=6432 (585) 진정명의회복으로 인한 소유권이전등기 판결 관련 (1) / 답변1 첨부1
[page 583 완료] 누적 신규 10963건  (이 게시판 저장 총 17,463건)
  + [10964] ntt=6417 (584) 지방세법 시행령 제20조[취득의 시기 등]에 .. (1) / 답변1 첨부1
  + [10965] ntt=6404 (583) 미준공 건축물에 대한 가등기설정시 과세표준액 .. (1) / 답변1 첨부1
  + [10966] ntt=6403 (582) 가산세 감면의 정당한 사유 (1) / 답변1 첨부1
  + [10967] ntt=6389 (581) 기업합병시 중과제외업종인경우? (1) / 답변1
  + [10968] ntt=6383 (580) 기업 합병 문의 (1) / 답변1
  + [10969] ntt=6380 (579) 1차 상속개시 후 미등기상태에서 2차 상속개시.. (1) / 답변1 첨부1
  + [10970] ntt=6373 (578) 지방세법 제13조 제2항의 지점설치에 대한 질.. (2) / 답변2 첨부1
  + [10971] ntt=6370 (577) 신주인수권행사를 통한 유상증자 등록세 문의? (1) / 답변1 첨부1
  + [10972] ntt=6364 (576) 사해행위일 이후 발생된 조세채권 배당 적법여부 (2) / 답변2 첨부1
  + [10973] ntt=6320 (575) 변경계약에 따른 취득세 환부여부 (1) / 답변1 첨부1
  + [10974] ntt=6318 (574) 원인무효판결에 따라 소유권이 환원되었다면 기 .. (2) / 답변2 첨부1
  + [10975] ntt=6309 (573) 취득세 중과 제외대상 문의 (1) / 답변1 첨부1
  + [10976] ntt=6306 (572) 신탁재산으로서 자동차의 효력여부와 지방세법 비.. (1) / 답변1 첨부1
  + [10977] ntt=6296 (571) 제 2차 납세의무자(과점주주) 관련 질의 (1) / 답변1 첨부2
  + [10978] ntt=6292 (570) 지입회사간의 합병시 지입차량에 대한 감면 여부 (3) / 답변3 첨부1
  + [10979] ntt=6283 (569) 과점주주의 주식 취득에 따른 간주 취득세 관련.. (1) / 답변1 첨부1
  + [10980] ntt=6279 (568) 선박 취득세 시가표준액 적용 문의 (1) / 답변1 첨부1
  + [10981] ntt=6278 (567) 사망자 소유 예금으로 상속인 체납세 징수 가능.. (1) / 답변1 첨부1
  + [10982] ntt=6273 (566) 재산세 구거여부 판단 문의 (1) / 답변1 첨부1
  + [10983] ntt=6264 (565) 자동차 명의신탁 관련 질의 (1) / 답변1 첨부1
  + [10984] ntt=6263 (564) 징수유예 추가 연장 가능여부(3회이상) (1) / 답변1 첨부1
  + [10985] ntt=6257 (563) 유언검인조서의 취득시기 및 환불 (1) / 답변1 첨부1
  + [10986] ntt=6256 (562) 고급주택 취득 중과 관련 질문입니다. (1) / 답변1 첨부1
  + [10987] ntt=6249 (561) 가(중)산금 법정기일 (1) / 답변1 첨부1
  + [10988] ntt=6247 (560) 차량 취득세 다자녀감면 관련 해외파견을 부득이.. (1) / 답변1 첨부1
  + [10989] ntt=6239 (559) 주민세(법인균등)과세 여부 (1) / 답변1 첨부1
  + [10990] ntt=6228 (558) 지방세법 제10조 및 제13조 규정에 대한 질.. (3) / 답변3 첨부1
  + [10991] ntt=6224 (557) 사실상 취득 여부 (1) / 답변1 첨부1
  + [10992] ntt=6221 (556) 세외수입 관허사업제한 범위 (1) / 답변1 첨부1
  + [10993] ntt=6213 (555) 산업단지개발사업 시행자에 대한 재산세 감면적용.. (1) / 답변1 첨부2
[page 584 완료] 누적 신규 10993건  (이 게시판 저장 총 17,493건)
  + [10994] ntt=6204 (554) 직권감면시 취득세 감면분 농어촌특별세의 납부불.. (1) / 답변1 첨부1
  + [10995] ntt=6203 (553) 농어촌공사 농지외 토지 분리과세대상 여부 (1) / 답변1 첨부1
  + [10996] ntt=6200 (552) 신탁재산을 수익자 명의로 이전등록 시 취득세율.. (2) / 답변2 첨부2
  + [10997] ntt=6199 (551) 법인주주간 특수관계인 해당 여부에 대한 질의 (1) / 답변1 첨부3
  + [10998] ntt=6192 (550) 부동산압류해제요건 관련 (1) / 답변1 첨부1
  + [10999] ntt=6189 (549) 재산분 주민세 중과세 적용 대상 관련 질의 (2) / 답변2 첨부1
  + [11000] ntt=6155 (548) 취득세 등 부과처분 취소 건 (1) / 답변1 첨부1
  + [11001] ntt=6150 (547) 향교재산의 납세의무자 및 고지서 발송지 판단 (2) / 답변2 첨부1
  + [11002] ntt=6146 (546) 취득세 취득시기 판단 (2) / 답변2 첨부1
  + [11003] ntt=6139 (545) 창업중소기업 등에 대한 감면 (2) / 답변2 첨부1
  + [11004] ntt=6135 (544) 주민세(밥인균등)  에 대한 질의 (2) / 답변2 첨부1
  + [11005] ntt=6131 (543) 지방세환급금에 대한 가압류와 지방세 체납 충당 (1) / 답변1 첨부1
  + [11006] ntt=6126 (542) 기업부설연구소 이전시 취득세 감면여부 (1) / 답변1 첨부1
  + [11007] ntt=6124 (541) 주민세(법인균등분)수시분 부과 질문드립니다. (1) / 답변1 첨부1
  + [11008] ntt=6116 (540) 자동차 공매 후 배분시 당해세간 경합에 대한 .. (1) / 답변1 첨부1
  + [11009] ntt=6112 (539) 농업법인이 취득세 감면 받은 후 2년 이내 사.. (2) / 답변2 첨부1
  + [11010] ntt=6105 (538) 신탁 소유권 보존 등기 임대사업자 감면 적용 .. (1) / 답변1 첨부1
  + [11011] ntt=6089 (537) 지특법 33조 감면관련 질의 (1) / 답변1 첨부1
  + [11012] ntt=6086 (536) 주민세(개인사업장) 관련 문의드립니다 (1) / 답변1 첨부1
  + [11013] ntt=6083 (535) 지특법 제11조 감면 및 중과제외업종 문의 (1) / 답변1 첨부1
  + [11014] ntt=6082 (534) 주민세(개인균등분) 시설입소자 질문드립니다. (1) / 답변1 첨부1
  + [11015] ntt=6077 (533) 재산분 주민세 창고 (1) / 답변1 첨부1
  + [11016] ntt=6071 (532) 주민세(개인사업장) 질문드립니다. (1) / 답변1 첨부1
  + [11017] ntt=6061 (531) 지목변경 취득세 취득의 시기 및 납세의무자 판.. (2) / 답변2
  + [11018] ntt=6057 (530) 파산법인 추징 취득세 법정기일과 재단채권 여부 (1) / 답변1 첨부1
  + [11019] ntt=6054 (529) 임대사업자 감면 적용 가능 여부 질의 (1) / 답변1 첨부1
  + [11020] ntt=6048 (528) 기업형 임대주택을 건축 중인 경우 지특법 31.. (3) / 답변3 첨부1
  + [11021] ntt=6042 (527) 아파트 가정어린이집 취득 (2) / 답변2 첨부2
  + [11022] ntt=6041 (526) 주민세(균등분) 취업준비생(40대중반) 부과관.. (1) / 답변1 첨부1
  + [11023] ntt=6022 (525) 준공공임대주택에 대한 재산세 감면 질의 (1) / 답변1 첨부2
[page 585 완료] 누적 신규 11023건  (이 게시판 저장 총 17,523건)
  + [11024] ntt=6021 (524) 등록면허세 과세표준 (1) / 답변1 첨부1
  + [11025] ntt=6020 (523) 주민세(개인사업분) 관련 질의 (1) / 답변1 첨부1
  + [11026] ntt=6008 (522) 바퀴가 달려 이동이 가능한 컨테이너 휴게실 설.. (2) / 답변2 첨부1
  + [11027] ntt=6007 (521) 세무공무원 주민번호 처리 관련 (1) / 답변1 첨부1
  + [11028] ntt=6001 (520) 법인균등주민세 관련 사업소 문의 (1) / 답변1 첨부1
  + [11029] ntt=5998 (519) 지방세법 제13조 제2항의 지점설치에 대한 질.. (1) / 답변1 첨부2
  + [11030] ntt=5995 (518) 영농조합법인 직불금 법인 임원이 수령 시 감면.. (1) / 답변1 첨부2
  + [11031] ntt=5975 (517) 부당이득금 반환 청구권 소 제기 가능 유무 (1) / 답변1 첨부1
  + [11032] ntt=5973 (516) 재산세 어린이집 감면 적용 여부 (1) / 답변1 첨부1
  + [11033] ntt=5971 (515) 지방세 기본법의 후발적 경정청구와 지방세법의 .. (3) / 답변3 첨부1
  + [11034] ntt=5968 (514) 파산기업 경매배당금 수령자 문의 (1) / 답변1 첨부1
  + [11035] ntt=5967 (513) 법인간매매거래후 공사미이행금액관련 취득세환급여.. (1) / 답변1 첨부1
  + [11036] ntt=5965 (512) 신탁말소에 따른 소유권이전시 납기 전 징수 여.. (1) / 답변1 첨부1
  + [11037] ntt=5951 (511) 근저당권처분금지가처분 등록면허세(등록) 적용세.. (2) / 답변2 첨부2
  + [11038] ntt=5942 (510) 파산재단의 재산에 대한 압류해제? (1) / 답변1 첨부2
  + [11039] ntt=5941 (509) 기부채납 조건 취득 부동산 환부관련 (2) / 답변2 첨부2
  + [11040] ntt=5939 (508) 지목변경 취득세 취득의 시기 및 납세의무자 판.. (1) / 답변1
  + [11041] ntt=5931 (507) 건물 임시사용승인 후 건축주가 변경된 경우의 .. (1) / 답변1 첨부1
  + [11042] ntt=5920 (506) 위수탁운영에 따른 재산분 주민세 과세여부(보완.. (1) / 답변1 첨부1
  + [11043] ntt=5916 (505) 창업중소기업 감면 적용가능 여부 질의 (1) / 답변1 첨부2
  + [11044] ntt=5912 (504) 위수탁관계에서 주민세 재산분 납세의무자에 대해.. (1) / 답변1 첨부2
  + [11045] ntt=5908 (503) 2차 납세의무 지정 여부 문의 (1) / 답변1 첨부2
  + [11046] ntt=5906 (502) 종교단체의 템플스테이.. 취득세 감면여부 (2) / 답변2 첨부2
  + [11047] ntt=5902 (501) 골프장 배토기 취득세 (1) / 답변1 첨부1
  + [11048] ntt=5900 (500) 민간인 콜센터 위탁 과세안내의 비밀유지 위반여.. (2) / 답변2 첨부2
  + [11049] ntt=5898 (499) 건물 임시사용승인 후 건축주가 변경된 경우의 .. (1) / 답변1 첨부2
  + [11050] ntt=5895 (498) 항공기 취득세율의 적용에 대한 의견을 구합니다.. (1) / 답변1 첨부3
  + [11051] ntt=5887 (497) 지목변경 취득세 취득의 시기 및 납세의무자 판.. (1) / 답변1 첨부2
  + [11052] ntt=5883 (496) 재산분 주민세의 과세대상 범위(트랙부분) (2) / 답변2 첨부2
  + [11053] ntt=5879 (495) 부목사와 교역자들의 사무실을 종교목적에 직접사.. (1) / 답변1 첨부2
[page 586 완료] 누적 신규 11053건  (이 게시판 저장 총 17,553건)
  + [11054] ntt=5876 (494) 외국인투자기업 감면 적용 여부 및 사업개시일 .. (1) / 답변1 첨부2
  + [11055] ntt=5875 (493) 판결(화해조서)에 의해 소유권이전등기가 말소된.. (1) / 답변1 첨부2
  + [11056] ntt=5874 (492) 주민세 재산분 과세대상 여부 (1) / 답변1 첨부2
  + [11057] ntt=5860 (491) 지방세법 상 사업장으로 보는 범위 (2) / 답변2 첨부2
  + [11058] ntt=5856 (490) 재산세 최소납부제 관련문의 (1) / 답변1 첨부1
  + [11059] ntt=5852 (489) 지방세 중복감면 관련 질의 (1) / 답변1 첨부2
  + [11060] ntt=5848 (488) 개인사업자의 법인전환 관련 문의(사업양도양수방.. (2) / 답변2 첨부2
  + [11061] ntt=5840 (487) 금지사항 부기등기 되어있는 공동주택의 체납처분.. (2) / 답변2 첨부2
  + [11062] ntt=5838 (486) 등기후 판결(화해)로 취득금액 정정에 따른 환.. (1) / 답변1 첨부2
  + [11063] ntt=5824 (485) 신탁재산 지목변경 취득세의 납세자 판단 문의 (2) / 답변2 첨부1
  + [11064] ntt=5818 (484) 매매용 중고자동차 취득세 감면 후 추징관련 (2) / 답변2 첨부1
  + [11065] ntt=5817 (483) 「지방세특례제한법」제79조 법인의 지방이전 감.. (1) / 답변1 첨부1
  + [11066] ntt=5814 (482) 노인복지시설등의 설치운영자 문의? (1) / 답변1 첨부1
  + [11067] ntt=5800 (481) 환지처분에 따른 취득세 과표(재질의) (1) / 답변1 첨부2
  + [11068] ntt=5798 (480) 대도시내 등록면허세(등록) 중과 규정 검토 요.. (1) / 답변1 첨부2
  + [11069] ntt=5793 (479) 회생채권 문의 (1) / 답변1 첨부2
  + [11070] ntt=5776 (478) 산업단지 입주기업 등에 대한 경감세율 특례적용.. (1) / 답변1 첨부2
  + [11071] ntt=5754 (477) 체납처분(고발) 및 강제경매 가능 여부 (3) / 답변3 첨부3
  + [11072] ntt=5738 (476) 개발제한구역내 건축중인 건물 부속토지 도시지역.. (1) / 답변1 첨부2
  + [11073] ntt=5734 (475) 등록세 세율 적용 관련 문의입니다. (1) / 답변1 첨부2
  + [11074] ntt=5733 (474) 대위등기형식의 취득세 과세여부 (1) / 답변1
  + [11075] ntt=5732 (473) 파산선고와 동시 법인2차회생신청시 수탁재산 공.. (2) / 답변2 첨부2
  + [11076] ntt=5731 (472) 상담번호 472번 관련 재 질문입니다.^^ (1) / 답변1 첨부2
  + [11077] ntt=5730 (471) 오피스텔의 전용면적 기준에 대한 질의 (1) / 답변1 첨부2
  + [11078] ntt=5722 (470) 등록세 세율적용문의 및 조정조서로 취득세 신고.. (1) / 답변1 첨부2
  + [11079] ntt=5719 (469) 지방소득세(특별징수분) 부과제척, 시효소멸 등.. (1) / 답변1 첨부2
  + [11080] ntt=5712 (468) 과점주주관련 법원의 화해권고 결정이 확정판결 .. (1) / 답변1 첨부2
  + [11081] ntt=5707 (467) 기업회생 회생채권에 대한 문의 (2) / 답변2 첨부3
  + [11082] ntt=5698 (466) (추가질의)연부취득 중 경개계약 등에 의한 환.. (1) / 답변1 첨부1
  + [11083] ntt=5694 (465) 유흥접객원을 두지 않은 고급오락장의 취득세 중.. (1) / 답변1 첨부1
[page 587 완료] 누적 신규 11083건  (이 게시판 저장 총 17,583건)
  + [11084] ntt=5685 (464) 462,464번과 연계한 상담요청입니다. (1) / 답변1
  + [11085] ntt=5664 (463) 임차한 가설건축물에 대한 재산세 납세의무자 문.. (1) / 답변1 첨부1
  + [11086] ntt=5661 (462) 상담번호 462번과 관련 사항입니다 (1) / 답변1
  + [11087] ntt=5657 (461) 건축물4층을 옥탑으로 보아 층으로 산입하지 않.. (1) / 답변1 첨부2
  + [11088] ntt=5656 (460) 분할로 인하여 취득한 재산에 대하여, 취득이후.. (1) / 답변1 첨부2
  + [11089] ntt=5653 (459) 영농조합법인 출자조합원의 지위 (1) / 답변1 첨부2
  + [11090] ntt=5647 (458) 배당표에 대한 이의신청 가능? (1) / 답변1 첨부3
  + [11091] ntt=5635 (457) 영업용차량의 거래유형과 취득세여부 (1) / 답변1 첨부2
  + [11092] ntt=5632 (456) 농업협동조합의 고유업무에 직접 사용하기 위한 .. (1) / 답변1 첨부2
  + [11093] ntt=5631 (455) 한국토지주택공사 임대주택 감면 적용 관련 문의.. (1) / 답변1 첨부1
  + [11094] ntt=5628 (454) 취득시 산업단지 감면을 받은후, 전체면적이 도.. (1) / 답변1 첨부2
  + [11095] ntt=5622 (453) 회생사건 종결에 따른 징수유예 처리문제 (2) / 답변2 첨부3
  + [11096] ntt=5617 (452) 재건축아파트 준공 전 건축 중인 공무원연금관리.. (1) / 답변1 첨부2
  + [11097] ntt=5614 (451) 해당 부동산을 양도하여 과세객체가 없는 임대사.. (1) / 답변1 첨부2
  + [11098] ntt=5611 (450) 대체취득에 대한 감면 관련 질의 (2) / 답변2 첨부2
  + [11099] ntt=5610 (449) 신축에 포함된 임차인이 부담한 영화관 쇼핑몰 .. (2) / 답변2 첨부2
  + [11100] ntt=5608 (448) 영유아보육시설 감면 관련 (1) / 답변1 첨부2
  + [11101] ntt=5606 (447) 산업단지 미분양 토지 감면 대상 여부(2015.. (1) / 답변1 첨부2
  + [11102] ntt=5604 (446) 지특법 제73조 ...'도시개발법' 등에서 '.. (1) / 답변1 첨부2
  + [11103] ntt=5597 (445) 연부 취득 중 상속개시된 경우 상속인(피상속인.. (1) / 답변1 첨부2
  + [11104] ntt=5533 (444) 종교단체 재단법인의 사택 증여취득시 취득세 감.. (1) / 답변1 첨부2
  + [11105] ntt=5530 (443) 종교단체에서 운영하는 "지역아동센타" 재산세 .. (1) / 답변1 첨부2
  + [11106] ntt=5526 (442) 재건축아파트 준공 전 건축 중인 공무원연금관리.. (1) / 답변1 첨부2
  + [11107] ntt=5521 (441) 농지세율 적용여부 (1) / 답변1 첨부2
  + [11108] ntt=5509 (440) [재질의]  과점주주 관련 (1) / 답변1 첨부2
  + [11109] ntt=5498 (439) 농업법인의 설립 전 부동산 취득 가능여부 (1) / 답변1 첨부2
  + [11110] ntt=5493 (438) 조정조서결정 및 조정사항 불이행(공탁미수령)으.. (1) / 답변1 첨부1
  + [11111] ntt=5491 (437) 건축물 사용승인 전 채권자대위에 의한 보존등기.. (1) / 답변1 첨부2
  + [11112] ntt=5490 (436) 건축물 높이 증축 관련 (2) / 답변2 첨부1
  + [11113] ntt=5486 (435) 2차 납세의무 지정 여부 문의 (1) / 답변1 첨부3
[page 588 완료] 누적 신규 11113건  (이 게시판 저장 총 17,613건)
  + [11114] ntt=5485 (434) 노인복지시설 감면 관련 문의 (2) / 답변2
  + [11115] ntt=5478 (433) 창업중소기업에 해당하여 창업으로 볼 수 있는지.. (2) / 답변2 첨부2
  + [11116] ntt=5477 (432) 과점주주 특수관계인 해당여부 및 주식등 증가비.. (1) / 답변1 첨부2
  + [11117] ntt=5476 (431) 산업단지 사업시행자 미분양토지 재산세 감면대상.. (1) / 답변1 첨부2
  + [11118] ntt=5470 (430) 외부업체 파견근무 직원에 대한 종업원분 주민세.. (1) / 답변1 첨부2
  + [11119] ntt=5467 (429) 채권압류 가능여부 (1) / 답변1 첨부2
  + [11120] ntt=5439 (428) 환지에 따른 농업법인에 대한 감면분 추징 사유 (1) / 답변1 첨부1
  + [11121] ntt=5423 (427) 환지처분에 따른 취득세의 과세표준과 취득일 (3) / 답변3 첨부3
  + [11122] ntt=5402 (426) 토지 지급보증보험료 (1) / 답변1 첨부1
  + [11123] ntt=5395 (425) 개발행위 허가 받은 토지 유상취득시 적용세율 (1) / 답변1 첨부1
  + [11124] ntt=5391 (424) (전문가상담) 개인 창업중소기업의 창업일 적용.. (1) / 답변1
  + [11125] ntt=5390 (423) (전문가상담)과점주주에 대한 취득세 과표적용 .. / 답변0
  + [11126] ntt=5389 (422) (전문가상담)상속받은 자동차에 대한 취득세 납.. / 답변0
  + [11127] ntt=5383 (421) (전문가상담) 영농조합법인에 대한 취득세 감면.. / 답변0
  + [11128] ntt=5380 (420) (전문가상담)영농회사법인의 창업시 추징대상 범.. / 답변0
  + [11129] ntt=5379 (419) (전문가상담) 주민 민원제기 등 사유와 정당한.. / 답변0
  + [11130] ntt=5371 (418) 과점주주 간주취득 장부가액 문의 (1) / 답변1 첨부1
  + [11131] ntt=5365 (417) 창업중소기업 감면 문의 (1) / 답변1 첨부1
  + [11132] ntt=5340 (416) 상속인의 차량 말소등록 신청시 취득세 부과 (1) / 답변1 첨부1
  + [11133] ntt=5329 (415) 농업법인 감면 문의 (1) / 답변1 첨부1
  + [11134] ntt=5296 (414) (전문가상담) 압류처분에 대한 처분청의 입증책.. (1) / 답변1
  + [11135] ntt=5292 (413) 창업중소기업 취득세 감면에 대한 문의 (2) / 답변2 첨부1
  + [11136] ntt=5285 (412) (전문가상담) 자기소유 부동산의 경락취득시 납.. (1) / 답변1
  + [11137] ntt=5283 (411) 창업중소기업감면관련 문의드립니다. (1) / 답변1 첨부1
  + [11138] ntt=5281 (410) (전문가상담)기부채납 부동산에 대한 납세의무 .. / 답변0
  + [11139] ntt=5275 (409) 압류금지 재산에 대한 문의 드립니다. (1) / 답변1 첨부1
  + [11140] ntt=5269 (408) 취득세 납세의무 성립 및 과세표준 문의 (1) / 답변1 첨부1
  + [11141] ntt=5201 (407) (전문가상담) 창업중소기업의 창업배제대상 범위.. / 답변0
  + [11142] ntt=5195 (406) 창업중소기업 감면 추징대상인 업종추가 여부 (1) / 답변1 첨부1
  + [11143] ntt=5185 (405) (전문가상담)창업중소기업에 대한 감면 적용 대.. / 답변0
[page 589 완료] 누적 신규 11143건  (이 게시판 저장 총 17,643건)
  + [11144] ntt=5164 (404) 창업중소기업 감면 문의 (1) / 답변1 첨부1
  + [11145] ntt=5145 (403) (전문가상담) 사실상 지목변경에 따른 취득시기.. / 답변0
  + [11146] ntt=5142 (402) (전문가상담) 내항화물운송용선박에 대한 감면 .. / 답변0
  + [11147] ntt=5136 (401) (전문가상담) 창업중소기업에 대한 감면대상 제.. / 답변0
  + [11148] ntt=5127 (400) 지목변경 취득시기 판단 (1) / 답변1 첨부1
  + [11149] ntt=5114 (399) (전문가상담)매매계약해제에 따른 취득세 납세의.. (2) / 답변2
  + [11150] ntt=5113 (398) (전문가 상담) 창업감면 배제시 신고가산세 적.. / 답변0 첨부1
  + [11151] ntt=5099 (397) 내항화물운송업자가 취득한 내항화물운송용 선박을.. (1) / 답변1 첨부1
  + [11152] ntt=5091 (396) (전문가상담) 부동산 교환에 따른 취득시기와 .. (1) / 답변1
  + [11153] ntt=5085 (395) 창업중소기업 관련하여 질의 드립니다. (1) / 답변1 첨부1
  + [11154] ntt=5083 (394) 소유권이전등기후 법원조정에 의해 소유권말소등기.. (1) / 답변1 첨부1
  + [11155] ntt=5063 (393) (전문가상담) 창업중소기업에 대한 감면요건인 .. (1) / 답변1
  + [11156] ntt=5062 (392) 무허가 가설건축물 재산세 납세의무자 판단 / 답변0 첨부1
  + [11157] ntt=5047 (391) 교환의 취득시기 (1) / 답변1 첨부1
  + [11158] ntt=5037 (390) 창업감면 배제사유 해당 여부 (1) / 답변1 첨부1
  + [11159] ntt=5031 (389) (전문가상담) 산업단지내 산업용건축물의 감면대.. / 답변0
  + [11160] ntt=5002 (388) (전문가상담)외국인투자기업에 대한 지방세 감면.. / 답변0
  + [11161] ntt=4997 (387) 산업단지 건축물에 대한 지방세 감면대상 여부 (1) / 답변1 첨부1
  + [11162] ntt=4981 (386) (전문가상담) 사권제한토지중 미집행 토지의 범.. / 답변0
  + [11163] ntt=4974 (385) (전문가상담)과점주주의 특수관계 판단 / 답변0
  + [11164] ntt=4929 (384) 과점주주 취득세 특수관계인 판단 (1) / 답변1 첨부1
  + [11165] ntt=4928 (383) 사권제한 토지(미집행된 토지)의 감면 적용관련.. (1) / 답변1 첨부2
  + [11166] ntt=4925 (382) (전문가상담)회생계획인가전 과점주주의 제2차납.. (1) / 답변1
  + [11167] ntt=4919 (381) (전문가상담) 전통사찰 경내지 범위와 재산세 .. / 답변0
  + [11168] ntt=4895 (380) (전문가상담) 교회 경내 종사자 사택에 대한 .. (2) / 답변2
  + [11169] ntt=4894 (379) (전문가상담) 종중 명의신탁해지시 재산세 과세.. / 답변0
  + [11170] ntt=4892 (378) 외국인투자기업 지방세 감면 관련 질의 (1) / 답변1 첨부3
  + [11171] ntt=4890 (377) 회생진행중인 법인의 과점주주에 대하여 2차 납.. (1) / 답변1 첨부1
  + [11172] ntt=4886 (376) (전문가상담)주거지역내 공장용건축물에 대한 중.. (1) / 답변1
  + [11173] ntt=4885 (375) (전문가상담) 취득신고납부후 노인복지시설 설치.. (1) / 답변1
[page 590 완료] 누적 신규 11173건  (이 게시판 저장 총 17,673건)
  + [11174] ntt=4884 (374) (전문가상담) 종교단체 감면후 수용매각시 추징.. / 답변0 첨부1
  + [11175] ntt=4883 (373) (전문가상담) 현물출자 부동산에 대한 취득세납.. / 답변0 첨부1
  + [11176] ntt=4882 (372) 전통사찰이 소유하고 있는 토지세 대한 재산세 .. (1) / 답변1 첨부1
  + [11177] ntt=4855 (371) 교회 경내지내 관리직원 사택 재산세 감면 여부 (1) / 답변1 첨부1
  + [11178] ntt=4846 (370) 명의신탁해지로 종중에게 소유권이전한 농지,임야.. (1) / 답변1 첨부1
  + [11179] ntt=4844 (369) 외국인 투자기업 재산세 감면에 관한 질의 (1) / 답변1 첨부2
  + [11180] ntt=4831 (368) 산업단지내 공장용 건축물에 대한 재산세 중과여.. (1) / 답변1 첨부1
  + [11181] ntt=4812 (367) 지방세특례제한법 제20조의 사회복시설에 대한 .. (1) / 답변1 첨부1
  + [11182] ntt=4798 (366) 종교용지 취득후 수용된 토지의 취득세 추징 여.. (1) / 답변1 첨부1
  + [11183] ntt=4797 (365) 현물출자된 부동산 취득세 납세의무 (1) / 답변1 첨부1
  + [11184] ntt=4779 (364) (전문가상담)종교단체 소유부동산 증여시 감면대.. / 답변0
  + [11185] ntt=4777 (363) (전문가상담) 장기해외체류시 개인균등분 주민세.. / 답변0
  + [11186] ntt=4775 (362) (전문가상담)산업단지내 감면부동산의 추징대상판.. / 답변0
  + [11187] ntt=4770 (361) (전문가상담) 명의신탁 해지판결과 취득세 세율.. / 답변0
  + [11188] ntt=4766 (360) (전문가상담) 벤처창업중소기업의 감면기산일 범.. / 답변0
  + [11189] ntt=4764 (359) (전문가상담) 지방세법상 감면포기와 부과징수권.. / 답변0
  + [11190] ntt=4757 (358) (전문가상담) 1개 사업소 범위와 주민세면세점.. / 답변0
  + [11191] ntt=4756 (357) 종교단체의 종교용 부동산 취득 (1) / 답변1 첨부1
  + [11192] ntt=4755 (356) 직장발령으로 인한 해외 임시체류의 경우 개인균.. (1) / 답변1 첨부1
  + [11193] ntt=4754 (355) 산업단지 감면후 추징(재산세)  관련 질문입니.. (1) / 답변1 첨부2
  + [11194] ntt=4744 (354) 감면 토지에 대한 납세자가 부과요청시 해당 여.. (1) / 답변1 첨부1
  + [11195] ntt=4738 (353) 창업벤처중소기업감면 해당 여부 (1) / 답변1 첨부1
  + [11196] ntt=4732 (352) (전문가상담)과세정보의 비밀유지의무와 업무위임.. / 답변0
  + [11197] ntt=4729 (351) 고액체납자 징수를 위하여 타부서 징수담당제 실.. (1) / 답변1 첨부2
  + [11198] ntt=4726 (350) 주민세(종업원분) 과세대상 여부 (1) / 답변1 첨부1
  + [11199] ntt=4719 (349) (전문가상담)승강기에 대한 개수의 과세대상 범.. / 답변0
  + [11200] ntt=4697 (348) 승강기 수선에 따른 개수 해당여부 (1) / 답변1 첨부1
  + [11201] ntt=4689 (347) 과점주주에 해당하는지 여부 (2) / 답변2 첨부1
  + [11202] ntt=4678 (346) (전문가상담)무변론 판결에 의한 취득시 과세표.. / 답변0
  + [11203] ntt=4675 (345) 판결문(대물변제를 원인으로 하는 소유권이전등기.. (1) / 답변1 첨부1
[page 591 완료] 누적 신규 11203건  (이 게시판 저장 총 17,703건)
  + [11204] ntt=4669 (344) (전문가상담) 공익채권에 대한 체납처분 가능성.. / 답변0
  + [11205] ntt=4661 (343) 공익채권 체납처분 (1) / 답변1 첨부1
  + [11206] ntt=4657 (342) (전문가상담) 지방세 과세자료 제공기준과 범위.. (1) / 답변1
  + [11207] ntt=4646 (341) 납세자의 과세자료(재산조회) 제공 여부 (1) / 답변1 첨부1
  + [11208] ntt=4640 (340) (전문가상담) 산업단지조성 토지에 대한 지목변.. / 답변0
  + [11209] ntt=4638 (339) (전문가상담) 부속주차장에 대한 재산세 과세구.. / 답변0
  + [11210] ntt=4637 (338) (전문가상담) 부동산 거래형태와 취득세 세율적.. / 답변0
  + [11211] ntt=4632 (337) 산업단지조성 필지의 지목변경 취득일 (1) / 답변1 첨부1
  + [11212] ntt=4630 (336) 지방세외수입 (그외수입) 체납액  제2차납세의.. (1) / 답변1 첨부1
  + [11213] ntt=4627 (335) 고급오락장 안분대상토지 해당여부... (1) / 답변1 첨부1
  + [11214] ntt=4624 (334) 직계존속의 주택을 매매거래 방식으로 취득하는 .. (1) / 답변1 첨부1
  + [11215] ntt=4619 (333) (전문가상담) 도시개발사업시행지역내 토지분재산.. / 답변0
  + [11216] ntt=4600 (332) (전문가상담) 개수의 범위와 간주취득세 과세대.. (1) / 답변1
  + [11217] ntt=4586 (331) 대통령령으로 정한 시설물로서 취득세 과세대상에.. (1) / 답변1 첨부1
  + [11218] ntt=4579 (330) 도시개발사업에 제공하는 주택건설용 토지에 대한.. (1) / 답변1 첨부1
  + [11219] ntt=4033 (329) (전문가상담) 벤처창업중소기업에 대한 감면 추.. (1) / 답변1
  + [11220] ntt=4032 (328) (전문가상담) 판결에 의한 사유와 경정청구대상.. / 답변0
  + [11221] ntt=4024 (327) 경정청구대상인지 여부... (1) / 답변1 첨부1
  + [11222] ntt=3999 (326) 전문가 상담신청서)지방세특례제한법 제58조의3.. (1) / 답변1 첨부1
  + [11223] ntt=3998 (325) (전문가상담)간주취득세와 과점주주의 특수관계 .. / 답변0
  + [11224] ntt=3997 (324) (전문가상담) 귀농인의 농지취득에 대한 감면추.. / 답변0
  + [11225] ntt=3990 (323) 과점주주 간주취득세 납세의무 성립여부(특수관계.. (1) / 답변1 첨부1
  + [11226] ntt=3947 (322) 귀농인 감면 추징 대상에 해당되는지 궁금합니다.. (1) / 답변1 첨부1
  + [11227] ntt=3976 (321) (전문가상담) 상속후 협의분할시 취득세 가산세.. / 답변0
  + [11228] ntt=3975 (320) (전문가상담) 무허가 건물에 대한 재산세납세의.. / 답변0
  + [11229] ntt=5101 (319) (전문가상담)창업감면 배제시 신고가산세 적용방.. / 답변0 첨부1
  + [11230] ntt=3973 (318) 상속으로 인한 취득세 신고납부 후 협의분할하여.. (1) / 답변1 첨부1
  + [11231] ntt=3972 (317) 재산분할에의한 무허가건물 재산세 소유권 (1) / 답변1 첨부1
  + [11232] ntt=3968 (316) (전문가상담) 농업법인의 영농 등 직접사용 부.. / 답변0
  + [11233] ntt=3963 (315) 농업법인의 영농·유통·가공에 직접 사용여부 (2) / 답변2 첨부1
[page 592 완료] 누적 신규 11233건  (이 게시판 저장 총 17,733건)
  + [11234] ntt=3958 (314) (전문가상담)인텔리전트빌딩시스템의 건물가산율적.. / 답변0
  + [11235] ntt=3957 (313) (전문가상담) 프리미엄에 대한 취득세 과세표준.. / 답변0
  + [11236] ntt=3950 (312) 인텔리전트빌딩 해당여부 (1) / 답변1 첨부1
  + [11237] ntt=3932 (311) 취득세 프리미엄 포함여부 (1) / 답변1 첨부1
  + [11238] ntt=3907 (310) (전문가상담)지적공부정리에 따른 지방세 과세범.. (1) / 답변1
  + [11239] ntt=3906 (309) (전문가상담)대도시내 중과제외 업종의 적용범위 / 답변0
  + [11240] ntt=3900 (308) (전문가상담)공유물 일괄경락에 의한 취득시 과.. (3) / 답변3
  + [11241] ntt=3897 (307) 토지개발사업완료후 지적공부에 따른 등록면허세율 (2) / 답변2 첨부1
  + [11242] ntt=3893 (306) (전문가 상담)유통산업관련 부동산 취득 법인의.. (3) / 답변3 첨부1
  + [11243] ntt=3889 (305) 공유물분할을 위한 경매 (1) / 답변1 첨부1
  + [11244] ntt=3855 (304) (전문가상담) 종교단체 부동산에 대한 감면 추.. (1) / 답변1
  + [11245] ntt=3853 (303) (전문가상담)권리의무 포괄승계시 한국농어촌공사.. / 답변0
  + [11246] ntt=3848 (302) 한국농어촌 공사에 대한 판결 관련 취득세 과세.. (1) / 답변1 첨부1
  + [11247] ntt=3846 (301) (전문가상담)대지권 등기미이행시 재산세납세의무.. / 답변0
  + [11248] ntt=3840 (300) 대지권 미등기 신탁재산의 재산세 납세의무자 문.. (1) / 답변1 첨부1
  + [11249] ntt=3836 (299) (전문가상담)판결에 의한 소유권변경과 경정청구.. / 답변0
  + [11250] ntt=3831 (298) 전 소유자와의 임대차 계약기간이 남은 취득세 .. (1) / 답변1
  + [11251] ntt=3826 (297) <취득세 경정여부>판결에 의한 소유권 소급이전 (1) / 답변1
  + [11252] ntt=3819 (296) (전문가상담)간주취득세와 과점주주의 특수관계 .. / 답변0
  + [11253] ntt=3817 (295) 과점주주의 취득세 납세의무(특수관계인의 범위) (1) / 답변1 첨부1
  + [11254] ntt=3773 (294) (전문가상담) 차량 공유취득시 취득세 면세점 .. (1) / 답변1
  + [11255] ntt=3767 (293) (전문가 상담) 취득세 면세점 판단 문의 (1) / 답변1 첨부1
  + [11256] ntt=3754 (292) (전문가상담) 인격합일설과 산업단지감면추징요건 / 답변0
  + [11257] ntt=3748 (291) 산업단지 감면후 기업인수목적 법인과 흡수합병한.. (1) / 답변1 첨부1
  + [11258] ntt=3718 (290) (전문가상당) 일괄취득과 취득세과표안분적용기준 (1) / 답변1
  + [11259] ntt=3705 (289) 집합건물에도 지방세법시행령 제19조제2항 적용.. (2) / 답변2 첨부2
  + [11260] ntt=3684 (288) (전문가상담) 차용개념과 농어촌주택개량주택감면.. / 답변0
  + [11261] ntt=3647 (287) (전문가상담) 기한이익과 레저세 신고납부 적법.. / 답변0
  + [11262] ntt=3644 (286) 농어촌주택 개량사업 감면 범위 질의 (1) / 답변1 첨부1
  + [11263] ntt=3640 (285) 레저세 신고 납부 관련 질의 (1) / 답변1 첨부2
[page 593 완료] 누적 신규 11263건  (이 게시판 저장 총 17,763건)
  + [11264] ntt=3635 (284) (전문가상담)지방세법상 정당한 사유의 본질과 .. / 답변0
  + [11265] ntt=3633 (283) (전문가 상담) 정당한 사유의 해당 여부 (1) / 답변1
  + [11266] ntt=3632 (282) (전문가상담) 점유시효에 따른 취득시기 판단 (1) / 답변1
  + [11267] ntt=3628 (281) 점유취득의 취득시기 (1) / 답변1 첨부1
  + [11268] ntt=3624 (280) (전문가상담) 재산세 경정처분 가능성과 과세원.. / 답변0
  + [11269] ntt=3623 (279) 토지분 재산세 정정 가능여부 질의 (1) / 답변1 첨부1
  + [11270] ntt=3601 (278) (전문가상담)사권제한토지의 재산세감면 적격요건 / 답변0
  + [11271] ntt=3600 (277) (전문가상담) 주택재건축조합의 취득 의제법리 / 답변0
  + [11272] ntt=3599 (276) (전문가상담) 신탁임대주택의 취득세 감면적용 .. / 답변0
  + [11273] ntt=3598 (275) 사권제한토지등에 대한 재산세 감면 적용실무 상.. (1) / 답변1 첨부1
  + [11274] ntt=3592 (274) 주택재건축조합의 최초로 납세의무가 성립하는 분.. (2) / 답변2 첨부1
  + [11275] ntt=3591 (273) 공매 미지급 배분금 처리관련입니다(수정완료) (1) / 답변1 첨부1
  + [11276] ntt=3590 (272) 임대주택 감면 여부 / 답변0 첨부1
  + [11277] ntt=3562 (271) (전문가상담) 노인복지시설 지목변경 감면요건 / 답변0
  + [11278] ntt=3559 (270) 노인복지시설 지목변경 취득세 감면 관련하여 문.. (1) / 답변1 첨부1
  + [11279] ntt=3544 (269) (전문가상담) 주택조합 승계조합원의  납세의무.. (1) / 답변1
  + [11280] ntt=3540 (268) 지역주택조합 승계조합원의 토지분 취득세에 관한.. (1) / 답변1 첨부1
  + [11281] ntt=3461 (267) 농어촌주택개량사업 주택부속토지 지목변경 취득세.. (2) / 답변2
  + [11282] ntt=3460 (266) 취득세 법령해석 관련 적용기준 (3) / 답변3
  + [11283] ntt=3458 (265) 재산세 관련 문의 (2) / 답변2
  + [11284] ntt=3457 (264) 창업중소기업 감면관련 (1) / 답변1
  + [11285] ntt=3452 (263) 태양광 발전시설 설치에 따른 지방세 (5) / 답변5
  + [11286] ntt=3451 (262) 저온저장고 과세대상 여부 (1) / 답변1
  + [11287] ntt=3446 (261) 자동차세 비과세 대상여부(소방서 차량) (1) / 답변1
  + [11288] ntt=3441 (260) 축사내관리사 (1) / 답변1
  + [11289] ntt=3437 (259) 산업단지 민원관련 질의 (1) / 답변1
  + [11290] ntt=3433 (258) 등록면허세 과세대상인지 질의드립니다 (1) / 답변1
  + [11291] ntt=3430 (257) 255번 질의 관련입니다 (1) / 답변1
  + [11292] ntt=3428 (256) 등기력이 없는 건축물의 취득세관련입니다. (2) / 답변2
  + [11293] ntt=3421 (255) 과점주주 과세표준 및 부과대상 여부 (2) / 답변2
[page 594 완료] 누적 신규 11293건  (이 게시판 저장 총 17,793건)
  + [11294] ntt=3419 (254) 취득세 세율등 문의 (2) / 답변2
  + [11295] ntt=3417 (253) 재산세 관련 (1) / 답변1
  + [11296] ntt=3416 (252) 개인기업 법인전환 감면관련 소비성서비스업 해당.. (3) / 답변3 첨부1
  + [11297] ntt=3414 (251) 영농조합법인 및 농업회사법인 창업중소기업 감면.. (2) / 답변2
  + [11298] ntt=3413 (250) 대수선 취득세 과세 면적에 대하여 (2) / 답변2
  + [11299] ntt=3409 (249) 가압류등기촉탁으로 인한 보존 취득세 (3) / 답변3
  + [11300] ntt=3408 (248) 매매용 중고자동차 감면 관련 (4) / 답변4
  + [11301] ntt=3406 (247) 증여 뒤소유권이전등기 전 피상속인이 사망했다면 (1) / 답변1
  + [11302] ntt=3404 (246) 산업단지 입주기업등에 대한 경감세율 특례 질문 (1) / 답변1
  + [11303] ntt=3403 (245) 기업회생개시결정후 회생계획인가전에 지방세 환급.. (1) / 답변1
  + [11304] ntt=3400 (244) 지방세기본법 제44조 연대납세의무 관련 (2) / 답변2
  + [11305] ntt=3397 (243) 청산종결간주된 법인의 등록면허세 환급에 관하여.. (2) / 답변2
  + [11306] ntt=3395 (242) 창업대상 여부입니다. (2) / 답변2
  + [11307] ntt=3394 (241) 상속지분에 대한 취득세 관련 (1) / 답변1
  + [11308] ntt=3393 (240) 주택과 그 부속토지를 각각의 매도인에게서 매수.. (1) / 답변1
  + [11309] ntt=3389 (239) 구조변경 자동차세 문의 (1) / 답변1
  + [11310] ntt=3388 (238) 대체취득 감면에 대해서 (1) / 답변1
  + [11311] ntt=3386 (237) 지방세법시행령 제102조5항1호에 관한 사항입.. (2) / 답변2
  + [11312] ntt=3384 (236) 지방세특례제한법 제78조(산업단지) 관련 질의 (1) / 답변1
  + [11313] ntt=3383 (235) 고지서 송달 오류에 대한 제재방법 문의 (1) / 답변1
  + [11314] ntt=3382 (234) 다운계약에 따른 취득세 추징 (1) / 답변1
  + [11315] ntt=3381 (233) 근저당권 이전 관련 등록면허세(등록) 감면조항.. (2) / 답변2
  + [11316] ntt=3377 (232) 등록면허세(면허) 관련 (1) / 답변1
  + [11317] ntt=3370 (231) 합유자 사망시 취득세 신고기한 (6) / 답변6
  + [11318] ntt=3369 (230) 원인무효로 인한 임의경매 말소로 소유권 이전시.. (3) / 답변3
  + [11319] ntt=3366 (229) 상속포기 하였으나 채권자 대위등기시 재산세 납.. (2) / 답변2
  + [11320] ntt=3365 (228) 등록면허세(면허)문의합니다 (1) / 답변1
  + [11321] ntt=3364 (227) 직접사용관련 질의드립니다. (2) / 답변2
  + [11322] ntt=3363 (226) 지기법 제117조의2항 해석관련 상담드립니다. (2) / 답변2
  + [11323] ntt=3357 (225) 지방소득세(종합소득) 소득지가 2곳이며 주민등.. (1) / 답변1
[page 595 완료] 누적 신규 11323건  (이 게시판 저장 총 17,823건)
  + [11324] ntt=3354 (224) 물적 설비를 갖춘 사업소인지 아닌지 판단 여부 (1) / 답변1
  + [11325] ntt=3352 (223) 지주회사가 자회사 주식 취득시 감면 요건 성립.. (1) / 답변1
  + [11326] ntt=3351 (222) 재산세(토지) 납세의무자 판단 (4) / 답변4
  + [11327] ntt=3348 (221) 주택세율 적용 질의 (2) / 답변2
  + [11328] ntt=3345 (220) 대학병원의 고유업무용 부동산의 범위에 대해 문.. (1) / 답변1
  + [11329] ntt=3344 (219) 용도구분비과세(도로) (1) / 답변1
  + [11330] ntt=3343 (218) 재산세 분리과세대상 토지인 "농지"의 범위에 .. (2) / 답변2
  + [11331] ntt=3341 (217) 중소기업협동화실천계획승인감면 문의 (지특법 제.. (1) / 답변1
  + [11332] ntt=3337 (216) 차량 공동소유의 압류효력 (1) / 답변1
  + [11333] ntt=3335 (215) 지방세 특례제한법 제183조 2항 질의 (2) / 답변2
  + [11334] ntt=3334 (214) 취득의 시기 질의 (1) / 답변1
  + [11335] ntt=3332 (213) 위탁자의 신탁재산에 대한 임대사업물건 등록시 .. (1) / 답변1
  + [11336] ntt=3331 (212) 과점주주 취득세 감면조항 (1) / 답변1
  + [11337] ntt=3330 (211) 차량구조변경 문의 드립니다. (2) / 답변2
  + [11338] ntt=3329 (210) 대법원판결전 신고납부한 취득세 환급여부? (1) / 답변1
  + [11339] ntt=3327 (209) 임대사업자 감면 해당여부 (1) / 답변1
  + [11340] ntt=3325 (208) 지방세가 감면되는 사회복지사업을 목적으로 하는.. (2) / 답변2
  + [11341] ntt=3324 (207) 처분신탁 부동산에 대한 상속취득세 문의입니다. (2) / 답변2
  + [11342] ntt=3321 (206) 대체취득, 대수선 취득의 경우 감면해당 여부 .. (1) / 답변1
  + [11343] ntt=3318 (205) 산업단지 관련 재산세 감면 문의드립니다. (1) / 답변1
  + [11344] ntt=3316 (204) 토지수용 등으로 인한 대체취득 관련 질의입니다.. (1) / 답변1
  + [11345] ntt=3315 (203) 농업회사법인의 물적분할로 인한 소유권 이전 (1) / 답변1
  + [11346] ntt=3313 (202) 상속 취득세 감정평가액 신고시 경정 대상 여부.. (2) / 답변2
  + [11347] ntt=3311 (201) 미승인 건축물에 대한 취득세 부과 (3) / 답변3
  + [11348] ntt=3309 (200) 다가구주택의 재산세 과세(시행령112조 관련).. (2) / 답변2
  + [11349] ntt=3306 (199) 주택조합의 취득세 납세의무 성립여부 (1) / 답변1
  + [11350] ntt=3305 (198) 신탁재산의 압류효력에 대한 효력 (1) / 답변1
  + [11351] ntt=3296 (197) 체납차량에 대한 소유권 이전 (1) / 답변1
  + [11352] ntt=3293 (196) 명의신탁해지와 진정명의회복을 원인으로한 소유권.. (1) / 답변1
  + [11353] ntt=3291 (195) 취득세 부과관련 문의드립니다... (1) / 답변1
[page 596 완료] 누적 신규 11353건  (이 게시판 저장 총 17,853건)
  + [11354] ntt=3289 (194) 세외수입(공유재산 대부료) 체납액에 대한 급여.. (1) / 답변1
  + [11355] ntt=3286 (193) 등록면허세 폐업 인정 여부 (1) / 답변1
  + [11356] ntt=3284 (192) 재개발 사업시행자에 대한 전액 감면 여부 재 .. (1) / 답변1
  + [11357] ntt=3283 (191) 재개발 조합 취득세 감면조항 적용문제 (2) / 답변2
  + [11358] ntt=3282 (190) 국가등에 귀속하는 부동산 (2) / 답변2
  + [11359] ntt=3277 (189) 지역자원시설세(지하자원) (2) / 답변2
  + [11360] ntt=3275 (188) 연부로 대체취득하는 경우 문의 (1) / 답변1
  + [11361] ntt=3273 (187) 차량 취득세 관련 문의 (1) / 답변1
  + [11362] ntt=3270 (186) 재산세 경정 관련 질의 (2) / 답변2
  + [11363] ntt=3269 (185) 차량구조변경 취득세 문의 (1) / 답변1
  + [11364] ntt=3267 (184) 등록면허세(면허) 부과 (1) / 답변1
  + [11365] ntt=3264 (183) 수시분 납부후 경정청구 가능 여부 질의 (2) / 답변2
  + [11366] ntt=3263 (182) 창업중소기업 감면 후 담보신탁한 경우 (1) / 답변1
  + [11367] ntt=3256 (181) 자경농민이 취득하는 농지에 해당여부 (1) / 답변1
  + [11368] ntt=3255 (180) 주택임대사업자 변경 시 등록면허세 신고납부 여.. (1) / 답변1
  + [11369] ntt=3254 (179) 납세자의 요구에 대한 사례를 혹시... (1) / 답변1
  + [11370] ntt=3253 (178) 무허가건축물과 허가건축물이 혼재한 경우의 토지.. (1) / 답변1
  + [11371] ntt=3246 (177) 농업인(개인)  건축물 감면 (1) / 답변1
  + [11372] ntt=3244 (176) 일반건축물대장에 주용도가 공동주택 (1) / 답변1
  + [11373] ntt=3243 (175) 등기하지 않은 증여 취득세 환급관련입니다. (1) / 답변1
  + [11374] ntt=3242 (174) 법원판결에 따른 소유권 환원 질문입니다. (1) / 답변1
  + [11375] ntt=3240 (173) 항공기 정치장 변경 (1) / 답변1
  + [11376] ntt=3234 (172) 가산세에 대한 정당한 사유 여부 판단 (1) / 답변1
  + [11377] ntt=3232 (171) 농어촌주택개량 감면 관련(2) (2) / 답변2 첨부1
  + [11378] ntt=3231 (170) 취득세 환급 관련 (1) / 답변1
  + [11379] ntt=3230 (169) 취득가격 포함여부 (1) / 답변1
  + [11380] ntt=3228 (168) 유흥주점 영업장전용면적 중 객실면적 산입 기준 (1) / 답변1
  + [11381] ntt=3224 (167) 농어촌 주택개량에 대한 감면 관련 (1) / 답변1
  + [11382] ntt=3222 (166) 국가유공자 감면에 대하여 문의 드립니다. (1) / 답변1
  + [11383] ntt=3205 (165) 등록면허세(면허) (1) / 답변1
[page 597 완료] 누적 신규 11383건  (이 게시판 저장 총 17,883건)
  + [11384] ntt=3204 (164) 등기소의결정이 증여계약에 영향을 주는지 여부? (1) / 답변1
  + [11385] ntt=3203 (163) 주택조합아파트의 조합원이 임대사업 등록한 경우.. (1) / 답변1
  + [11386] ntt=3199 (162) 소유권 등기 이전에 법원 판결에 따라 A->B.. (2) / 답변2
  + [11387] ntt=3196 (161) 산업단지 감면에 대한 문의 (1) / 답변1
  + [11388] ntt=3195 (160) 창업벤처중소기업 차량취득세 감면 문의드립니다. (1) / 답변1
  + [11389] ntt=3192 (159) 주택을 상속에 따른 1가구 1주택 해당여부 (1) / 답변1
  + [11390] ntt=3191 (158) 법정기일 (4) / 답변4
  + [11391] ntt=3186 (157) 서민주택 취득세 감면 (2) / 답변2
  + [11392] ntt=3183 (156) 1가구1주택의 상속취득 (6) / 답변6
  + [11393] ntt=3181 (155) 도급 및 법인장부 가산세 질의 (1) / 답변1
  + [11394] ntt=3169 (154) 어린이집및유치원에 대한 감면 (1) / 답변1
  + [11395] ntt=3162 (153) 창업중소기업 설립 등록면허세 감면 (2) / 답변2
  + [11396] ntt=3149 (152) 도시 및 주거시설환경정비법에 따른 학교용지에 .. (1) / 답변1 첨부2
  + [11397] ntt=3148 (151) 주민세(재산분) 납세의무 여부 관련 질의 (1) / 답변1
  + [11398] ntt=3146 (150) 배우자와 동일장소에서 창업한 경우 창업중소기업.. (1) / 답변1
  + [11399] ntt=3142 (149) 골프회원권으로 채무변제시 취득세 부과 (2) / 답변2
  + [11400] ntt=3141 (148) 상속 취득세 (1) / 답변1
  + [11401] ntt=3140 (147) 천재지변에 의한 대체취득 감면 (1) / 답변1
  + [11402] ntt=3137 (146) 미신고 상속 지방소득세(양도소득) 문의 (1) / 답변1
  + [11403] ntt=3133 (145) 주민세(개인균등분)  비과세대상 문의 (1) / 답변1
  + [11404] ntt=3124 (144) 가설건축물 과표 선정 기준 (2) / 답변2
  + [11405] ntt=3123 (143) 재산세 별도합산과세 관련 문의 (2) / 답변2
  + [11406] ntt=3122 (142) 직계존비속 간의 유상취득 (1) / 답변1
  + [11407] ntt=3120 (141) 소유권이전 판결을 받고 등기를 할수 없는 경우.. (1) / 답변1
  + [11408] ntt=3117 (140) 미준공 건축물 취득세 관련 질의 (2) / 답변2 첨부1
  + [11409] ntt=3115 (139) 종교단체가 취득한 부동산 취득세 감면여부 (1) / 답변1
  + [11410] ntt=3114 (138) 지방소득세 종합소득세분 가산세 문의 (1) / 답변1
  + [11411] ntt=3106 (137) 등기 등록하는 취득세 관련 (1) / 답변1
  + [11412] ntt=3091 (136) 임대사업자 감면과 관련하여 문의드립니다. (1) / 답변1
  + [11413] ntt=3076 (135) 대위등기 질의 (2) / 답변2
[page 598 완료] 누적 신규 11413건  (이 게시판 저장 총 17,913건)
  + [11414] ntt=3072 (134) 지역자원시설세 특정부동산 3배중과세에 대하여 .. (1) / 답변1
  + [11415] ntt=3071 (133) 취득세 과세대상 "차량" 해당여부 (1) / 답변1
  + [11416] ntt=3069 (132) 지역자원시설세 특정부동산 3배중과세에 대하여 .. (2) / 답변2
  + [11417] ntt=3062 (131) 임대주택 감면분 추징관련 (1) / 답변1
  + [11418] ntt=3061 (130) 현물출자 사업양수도에 따른 취득감면에 대해 질.. (2) / 답변2
  + [11419] ntt=3058 (129) 기부채납관련  문의드립니다 (1) / 답변1
  + [11420] ntt=3056 (128) 폐레미콘 재생설비 슬러지탱크 수조 적용 여부 .. (1) / 답변1
  + [11421] ntt=3052 (127) 임대사업자가 부동산 취득 후 본점이전이나 지점.. (1) / 답변1
  + [11422] ntt=3050 (126) 무도유흥주점 대피소 (1) / 답변1
  + [11423] ntt=3049 (125) 자동차세 비과세 조항중 경비용 자동차의 범위 (1) / 답변1
  + [11424] ntt=3047 (124) 재산세 감액 및 환급관련 문의 (1) / 답변1
  + [11425] ntt=3045 (123) 지적재조사특별법에 따라 토지면적이 증가시 취득.. (1) / 답변1
  + [11426] ntt=3029 (122) 미상속재산에 대한 영유아 감면적용 여부 (2) / 답변2
  + [11427] ntt=3028 (121) 지목변경 과세여부 (1) / 답변1
  + [11428] ntt=3027 (120) 법인 합병시 등록면허세 감면 여부 (1) / 답변1
  + [11429] ntt=3025 (119) 건축물 구조지수 (1) / 답변1
  + [11430] ntt=3012 (118) 재산세 납세자를 사실살의 소유자로 인정할수 있.. (3) / 답변3
  + [11431] ntt=3011 (117) 주민세(종업원분) 중소기업공제 시 중소기업여부 (2) / 답변2
  + [11432] ntt=3008 (116) 소유권말소등기 판결에 따른 취득세 신고시 취득.. (3) / 답변3
  + [11433] ntt=2991 (115) 창업중소기업 감면 후 취득세(차량) 추징 여부 (4) / 답변4
  + [11434] ntt=2971 (114) 골프장 진입도로 등에 대한 재산세 (3) / 답변3
  + [11435] ntt=2967 (113) 부동산 펀드물건의 재산세토지분 과세구분 (3) / 답변3
  + [11436] ntt=2961 (112) 재개발 승계조합원 보존취득시 과세표준 (1) / 답변1
  + [11437] ntt=2960 (111) 사회기반시설 취득세 비과세 문의 (1) / 답변1
  + [11438] ntt=2959 (110) 무상취득 질의(최근 행자부지침 관련) (4) / 답변4
  + [11439] ntt=2956 (109) 임차권설정 등록면허세 과표 문의 (2) / 답변2
  + [11440] ntt=2955 (108) 축사의 취득세율 적용 (2) / 답변2
  + [11441] ntt=2932 (107) 부설주차장 별도합산 적용에 대하여 (1) / 답변1
  + [11442] ntt=2924 (106) 농업회사법인 궁금한 사항이 있어서 글 올립니다.. (3) / 답변3
  + [11443] ntt=2909 (105) 상속취득세 부과제척기간 관련입니다. (3) / 답변3
[page 599 완료] 누적 신규 11443건  (이 게시판 저장 총 17,943건)
  + [11444] ntt=2907 (104) 농어촌특별세 서민주택 비과세 판단 질의 (2) / 답변2
  + [11445] ntt=2878 (103) 101번 장애인 자동차 감면 재질의 (1) / 답변1
  + [11446] ntt=2877 (102) 소유권환원관련 취득세 질문 (4) / 답변4
  + [11447] ntt=2875 (101) 장애인 자동차 감면 질의(수정) (3) / 답변3
  + [11448] ntt=2873 (100) 계절음식점 과세대상 여부 상담 부탁드립니다. (2) / 답변2
  + [11449] ntt=2866 (99) 주택의 부속토지를 제외한 건물 취득시 주택세율.. (1) / 답변1
  + [11450] ntt=2855 (98) 기부채납 비과세 질의 (3) / 답변3
  + [11451] ntt=2835 (97) 임시사용승인과 사용승인의 건축주 변경시에 납세.. (3) / 답변3
  + [11452] ntt=2834 (96) 급여압류 추심 문의 (3) / 답변3
  + [11453] ntt=2832 (95) 창업중소기업 감면 해당여부 (2) / 답변2
  + [11454] ntt=2828 (94) 창업중소기업 감면대상인지 문의드립니다. (2) / 답변2
  + [11455] ntt=2826 (93) 원천징수의무자 사망에 따른 지방소득세(특별징수.. (1) / 답변1
  + [11456] ntt=2822 (92) 재산세 비과세 문의(임도) (2) / 답변2
  + [11457] ntt=2803 (91) 중과제외 업종 중 유통산업 질문 (1) / 답변1
  + [11458] ntt=2790 (90) 공장의 지방이전에 대한 감면적용방법 (2) / 답변2
  + [11459] ntt=2789 (89) 장애인 공동명의 차량 세대분리 관련 질의 (2) / 답변2
  + [11460] ntt=2783 (88) 교육용재산의 직접사용 범위 (2) / 답변2
  + [11461] ntt=2779 (87) 창업중소기업 감면 적용 여부 문의드립니다 (1) / 답변1
  + [11462] ntt=2778 (86) 중과제외 업종 추징에 대한 문의 (2) / 답변2
  + [11463] ntt=2775 (85) 미등기전매사건에 따른 법인장부가 인정여부 (1) / 답변1
  + [11464] ntt=2772 (84) 증빙서류 및 신고납부세목에 관련하여 질의드립니.. (2) / 답변2
  + [11465] ntt=2766 (83) 기업부설연구소 감면 (1) / 답변1
  + [11466] ntt=2745 (82) 창업감면후 사후 추징대상여부 (1) / 답변1
  + [11467] ntt=2742 (81) 직업능력개발 실습장으로 사용하는 토지에 대한 .. (2) / 답변2
  + [11468] ntt=2734 (80) 대체취득에 따른 지방세 감면에 대해서 (2) / 답변2
  + [11469] ntt=2728 (79) 창업중소기업이 취득한 주택도 사업용 재산에 해.. (1) / 답변1
  + [11470] ntt=2727 (78) 사망자의 지방소득세 양도소득세분 납세지 관련 .. (1) / 답변1
  + [11471] ntt=2726 (77) 비닐하우스 취득세 과세대상 여부 (1) / 답변1
  + [11472] ntt=2724 (76) 취득세 신고서 서식상 위임장 기재사항 문의 (1) / 답변1
  + [11473] ntt=2723 (75) 공유물 분할 판결 재산세 납세의무자 (2) / 답변2
[page 600 완료] 누적 신규 11473건  (이 게시판 저장 총 17,973건)
  + [11474] ntt=2700 (74) 다자녀 감면 경정청구 가능 유무 (4) / 답변4
  + [11475] ntt=2695 (73) 산업단지 감면 후 합병으로 소유권 이전 시 추.. (2) / 답변2 첨부1
  + [11476] ntt=2690 (72) 기부채납 취득세 비과세 대상여부 문의 (1) / 답변1
  + [11477] ntt=2689 (71) 폐차장 입고차량에 대한 압류가 유효한지? (1) / 답변1
  + [11478] ntt=2642 (70) 부동산실명법 위반 자산이 이혼에 따른 재산분할.. (2) / 답변2
  + [11479] ntt=2640 (69) 과징금에 대하여 지방세기본법의 납기전 징수를 .. (1) / 답변1
  + [11480] ntt=2639 (68) 서민주택(국민주택 규모)에 대한 농어촌특별세 .. (1) / 답변1
  + [11481] ntt=2635 (67) 산업단지 등에 대한 감면 질의 (1) / 답변1
  + [11482] ntt=2634 (66) 창업중소기업 감면 여부 (1) / 답변1
  + [11483] ntt=2633 (65) 군인은 균등분 주민세 과세대인가요, 비과세대상.. (1) / 답변1
  + [11484] ntt=2619 (64) 등록면허세 문의 (1) / 답변1
  + [11485] ntt=2576 (63) 창업중소기업 감면부동산의 신탁이전(담보신탁) .. (2) / 답변2
  + [11486] ntt=2520 (62) 회생절차개시결정을 받은 법인에 대한 과점주주 .. (1) / 답변1
  + [11487] ntt=2516 (61) 소유권 경정에 대하여 "원인무효를 원인으로 한.. (2) / 답변2
  + [11488] ntt=2477 (60) 재산세 문의 (1) / 답변1
  + [11489] ntt=2434 (59) 문자안내 서비스 관련 입니다 (3) / 답변3
  + [11490] ntt=2429 (58) 취득세 환급 관련 질의입니다. (3) / 답변3
  + [11491] ntt=2428 (57) 고급선박 중과세 판단 질의 (3) / 답변3
  + [11492] ntt=2427 (56) 태양광 발전소, 주민세(법인균등) 과세 관련 .. (2) / 답변2
  + [11493] ntt=2426 (55) 유류분 반환소송에 따른 취득세 문의 (1) / 답변1
  + [11494] ntt=2424 (54) 취득시효 완성에 따른 소유권이전시 취득세율 (2) / 답변2
  + [11495] ntt=2423 (53) 농어촌 주택개량에 대한 감면(전용면적 관련) (2) / 답변2 첨부1
  + [11496] ntt=2418 (52) 명의신탁 부동산의 상속 취득세 납세의무? (2) / 답변2
  + [11497] ntt=2415 (51) 주택 부속토지만 취득시의 세율 (3) / 답변3
  + [11498] ntt=2410 (50) 재산세 시설물 관련 문의 (1) / 답변1
  + [11499] ntt=2408 (49) 감면당시 법률과 추징사유발생 당시 법률이 다를.. (2) / 답변2
  + [11500] ntt=2402 (48) 인적분할 과세표준 질의 (2) / 답변2
  + [11501] ntt=2396 (47) 고급주택의 중과세(취득세) (1) / 답변1
  + [11502] ntt=2390 (46) 잔교 시설구조 적용 문의 (1) / 답변1
  + [11503] ntt=2389 (45) 자동차세 공동명의 차량에 대한 납세의무자 및 .. (2) / 답변2
[page 601 완료] 누적 신규 11503건  (이 게시판 저장 총 18,003건)
  + [11504] ntt=2383 (44) 무허가 건축물의 서민주택 감면 (1) / 답변1
  + [11505] ntt=2332 (43) 농업회사법인이 과점주주 주식취득에 따른 취득세.. (2) / 답변2
  + [11506] ntt=2329 (42) 가족관계증명서 열람 및 공용발급 근거.... (1) / 답변1
  + [11507] ntt=2301 (41) 자경농민 농지취득 감면 (1) / 답변1 첨부1
  + [11508] ntt=2300 (40) (재질의)등록면허세(등록)  부과여부 (3) / 답변3
  + [11509] ntt=2299 (39) 창업중소기업 등에 대한 감면대상에 해당여부 (1) / 답변1
  + [11510] ntt=2295 (38) 등록면허세(등록) 과세 여부 질의 (1) / 답변1
  + [11511] ntt=2171 (37) 재산세 감액 및 환급문의(공시지가 관련) (1) / 답변1
  + [11512] ntt=1405 (36) 컨베이어벨드 구조물 재산세 시설물(잔교) 여부.. (1) / 답변1
  + [11513] ntt=1399 (35) 지방특례제한법 제78조(산업단지 등에 대한 감.. (2) / 답변2
  + [11514] ntt=1398 (34) 주택개량 사업자가 증축을 할 경우 (1) / 답변1
  + [11515] ntt=1396 (33) 농업법인에 대한 감면대상에 해당되는지 여부 (2) / 답변2
  + [11516] ntt=1388 (32) 재산세 최소납부제 관련문의 (1) / 답변1
  + [11517] ntt=1386 (31) 공유물 분할 자기지분 과세여부 질문입니다.(최.. (2) / 답변2
  + [11518] ntt=1382 (30) 지방공기업 매각 관련 (1) / 답변1
  + [11519] ntt=1380 (29) 농공단지 대체취득에 따른 취득세 추징 여부 (1) / 답변1
  + [11520] ntt=1379 (28) 임대주택 감면대상자 여부(최초로 분양받은 경우.. (1) / 답변1
  + [11521] ntt=1378 (27) 자동차세 부과관련 문의드립니다 (1) / 답변1
  + [11522] ntt=1377 (26) 지방세특례제한법상 추징 규정에 대해 궁금합니다.. (1) / 답변1
  + [11523] ntt=1371 (25) 지하수 지역자원시설세 관련 (2) / 답변2
  + [11524] ntt=1369 (24) 재산분과 도시지역분 감면조항을 일치시켜야 할까.. (2) / 답변2
  + [11525] ntt=1366 (23) 지역농협 하나로마트 및 주유소 지방세 감면 관.. (1) / 답변1 첨부1
  + [11526] ntt=1364 (22) 연부취득 취득의 시기 관련 질의 (1) / 답변1
  + [11527] ntt=1359 (21) 주기장용 토지 별도합산 면적 질의 (1) / 답변1
  + [11528] ntt=1356 (20) 어린이집용도 임대주택 감면 (1) / 답변1
  + [11529] ntt=1355 (19) 주민세(재산분) 건축물 연면적 관련 질문입니다.. (1) / 답변1
  + [11530] ntt=1354 (18) 비거주자에 대한 소득에 대한 지방소득세 과세 .. (2) / 답변2
  + [11531] ntt=1349 (17) 임대주택 감면대상여부 (2) / 답변2
  + [11532] ntt=1342 (16) 산업단지 조성중인 토지 판단 (1) / 답변1
  + [11533] ntt=1338 (15) 토지 공유물 분할관련 취득세 부과 문의입니다. (1) / 답변1
[page 602 완료] 누적 신규 11533건  (이 게시판 저장 총 18,033건)
  + [11534] ntt=1163 (14) 무상취득(상속, 증여 등) 과세표준 (1) / 답변1
  + [11535] ntt=1141 (13) 공장용 건축물에 부수되는 시설물의 과세여부 (1) / 답변1
  + [11536] ntt=1110 (12) 취득세 납세의무 질의 (1) / 답변1 첨부1
  + [11537] ntt=1096 (11) 감액관련 부과의 제척기간 질의 (1) / 답변1 첨부1
  + [11538] ntt=1088 (10) 자경농민 감면 해당여부 질의 (1) / 답변1 첨부1
  + [11539] ntt=1087 (9) 과점주주 취득세 납세의무 성립여부 질의 (1) / 답변1
  + [11540] ntt=1069 (8) 비과세 감면 추징건에 대한 세율 질의 (1) / 답변1
  + [11541] ntt=1036 (7) 개인이 분양권 전매시 과세표준 판단 질의 (2) / 답변2 첨부1
  + [11542] ntt=1032 (6) 판결에 의한 국세 경정으로 법인지방소득세 환급 (3) / 답변3
  + [11543] ntt=1029 (5) 지방세환급금에 관한 권리의 소멸시효에 관한 질.. (1) / 답변1 첨부1
  + [11544] ntt=1016 (4) 주민세(종업원분) 사업소 판단에 대한 질의 (2) / 답변2 첨부1
  + [11545] ntt=988 (3) 재산세 외국인투자감면 문의 (3) / 답변3
  + [11546] ntt=932 (2) 체납자 압류 부동산이 제3자에게 매매된경우 (1) / 답변1
  + [11547] ntt=914 (1) 사실상 멸실 후 6개월이 경과하기전에 새로운 .. (2) / 답변2 첨부1
[page 603 완료] 누적 신규 11547건  (이 게시판 저장 총 18,047건)
[done] 마지막 페이지까지 완료.

[요약] 사유=마지막 페이지까지 완료 | 이번 신규 11547건 | 지방세상담 저장 18,047건 / 남은 26건  -> C:\todo_manual_dashboard\law_dashboard_work\data\olta_qa.db
[consult] 종료코드 0

[run_olta] 끝.
